,BehaviorTest,Animal #,Notes,TestCategory,Date,Time
0,Daily Observations,A0053632972,"7/31/2023 depressed, needs out!",Staff Observation,7/31/2023,12:00 PM
1,Daily Observations,A0053632972,8/1/2023 needs out!,Staff Observation,8/1/2023,02:00 PM
2,Daily Observations,A0053632972,8/2/2023 so sad!!,Staff Observation,8/2/2023,12:00 PM
3,Write Up,A0053636779,9/2/2023 Trying to retrieve another dog from the dog after leashing a co-housed dog Leigh bit my ankle (did not break skin) and began going into a frenzy shaking and biting at my boots and ankle.  Was able to grab koronda bed and wedge ib between and exit the kennel run.,Staff Observation,9/2/2023,11:33 AM
4,Write Up,A0053636779,"10/1/2023 When Ashley was pulling a dog out of Leigh's run, Leigh started biting at Ashley's ankles. Bite didn't puncture through her boot, but she was biting pretty roughly until Ashley was able to get out of the run.",Staff Observation,10/1/2023,04:43 PM
5,Daily Observations,A0053636779,10/5/2023 Awful kennel presence. Barking and lunging with wide eyes when people pass in front of her run. Redirecting on her runmates when people pass. Spinning and jumping high up on the run walls.,Staff Observation,10/5/2023,10:21 AM
6,Daily Observations,A0053636779,"10/11/2023 Charges kennel door with wide eyes and puckered lips, redirects on runmates when people pass infront of the run, spinning in circles and bouncing off of the walls when reactivity in the kennel is high. Significant kennel stress",Staff Observation,10/11/2023,08:25 AM
7,Write Up,A0054577049,10/21/2023 Loose and wiggly initially but when I went to open the door she started biting at the door and snarling. Was able to scan her for a chip but she bit at the wand repeatedly.,Staff Observation,10/21/2023,03:15 PM
8,Write Up,A0053634174,"10/29/2023 Ashley was leashing him to place him in a play yard for cleaning, when he slipped out of the leash and instantly went after Terrence. Ashley was right behind him so she was able to grab him before he could really get to Terrence. He did graze his arm but no blood was drawn. Seems to be deteriorating. ",Staff Observation,10/29/2023,09:52 AM
9,Write Up,A0054577049,11/4/2023 Very BR. She's finicky and will switch between loose and wiggly body language at the gate to lunging and snarling. Todd has been handling her alright but other barn staff still using catchpole for routine cleaning. ,Staff Observation,11/4/2023,12:27 PM
10,Write Up,A0053634174,11/5/2023 Jessica was able to leash outside and back in without any issues-    TS,Staff Observation,11/5/2023,01:35 PM
11,Write Up,A0054577049,11/5/2023 Jessica was able to leash outside and back in without any issues-    TS,Staff Observation,11/5/2023,01:43 PM
12,Write Up,A0054667066,11/6/2023 Growling at first but quickly warmed up to me. Gently took treats and was able to bathe her. Completed full intake with no issues. A.F.,Staff Observation,11/6/2023,06:26 PM
13,Daily Observations,A0054577049,"11/20/2023 Very good on leash, Very friendly but is a leash biter per Jessica P-   TS",Staff Observation,11/20/2023,01:08 PM
14,Daily Observations,A0054688624,11/30/2023 Brought her in my car to the new shelter. She hopped in no problem and loved every minute! When I pet her at red lights she showered me with kisses. She did try to climb out the open window a few times but settled pretty well without being harnessed in the car,In Shelter Volunteer Observation,11/30/2023,11:05 AM
15,Write Up,A0053911720,"12/10/2023 Kisha Brown:Potential adopter brought their dog for a meet and greet with Bocephus. Initially, Bocephus showed interest in the resident dog and approached her (both on leash) and sniffed. Bocephus became stiff and began barking. We separated the dogs, but Bocephus remained focused on the resident dog, lunging and barking. The adopters asked to end the meet and greet.",Staff Observation,12/10/2023,02:19 PM
16,Write Up,A0054577049,"12/16/2023 terrible kennel presence. barking, snarling and lunging at kennel door. Easily handled out as far as kennel staff are aware. needs priority out",Staff Observation,12/16/2023,11:34 AM
17,Daily Observations,A0054688624,12/17/2023 Low growling and barking with whale eyed in kennel during rounds on Saturday. Snarled and lunged when I walked away. Handled okay by kennel staff but some are concerned about handling her due to her behavior. ,Staff Observation,12/17/2023,04:28 PM
18,Write Up,A0054688624,"12/19/2023 Adopter went to meet her today: “... We met her but she was very reactive and uncomfortable. Baring her teeth and growling. We sat with her quietly for awhile, gave her kibble but didn’t help. None of the workers felt safe taking her out of her cage at that point and I agrees with them. We were also told she does not get along with other dogs.” ",In Shelter Volunteer Observation,12/19/2023,01:49 PM
19,Focus Group,A0054688624,"12/21/2023 Ashley came to say goodbye to Tango, so I came with her to meet her. She was eating a treat when we approached and she was standing crouched over it. She did not growl at Ashley, but when she saw me, low growled and whale eyed while she ate. Ashley got her attention away from the treat and easily leashed her. Tango had a relaxed loose wagging tail on leash and was easily walked out to the play yard. No reactivity seen. In the play yard, she immediately peed and pooped and was pretty aloof. Ashley approached her and put her face in Tango's face, and gave her some kisses, while her tail untucked. She briefly approached me for sniffs and made eyecontact with loose body language and then walked away to use the restroom again. She approached Ashley again for pets, and then came up to me to sniff and accept pets. She wagged her tail and jumped a bit when she saw Ashley pull out the slip lead. Easily rekenneled. Ashley noted she may have some barrier or resource guarding, she put her hand up to the gate while she was eating the treat she left behind and Tango bared her teeth, but that was all. ",Staff Observation,12/21/2023,02:55 PM
20,Daily Observations,A0054765121,12/28/2023 greeted us with a biiiig stretch! mid tail wag. great featured dog presentation! ,Staff Observation,12/28/2023,04:52 PM
21,Daily Observations,A0054577049,"12/30/2023 No walks in over 2 months. No kennel card to confirm it’s her. Sniffed Charlie tail wagging through fence until he barked at her and we walked away. She pulls some on leash but not bad. Got lots of sniffing in. Very friendly, met some people in the lobby, anxious pulling when I sat down with her, she was too curious about everything but she gave me some kisses. Got some Marie photos. She’s treat motivated but jumps instead of sits. ",In Shelter Volunteer Observation,12/30/2023,10:01 AM
22,Write Up,A0054688624,"1/17/2024 Takes treats gently through the gate. I opened the other side of her kennel to leash her outside and she was terrified, began trembling, the other dogs in 300 outside scared her. She went back in and I leashed her no problem. We continued to a quiet play yard where she sniffed around and went to the bathroom. Once she did her business she was  full of zoomies, accepted treats, and affectionate. Easily unleashed and re-kenneled. ",Staff Observation,1/17/2024,04:31 PM
23,Write Up,A0055111834,"1/18/2024 Noppy showed signs of stress. Noppy had tense body language, pinned ears and growled. Noppy eventually snarled and lunged at the kennel. ",In Shelter Volunteer Observation,1/18/2024,12:32 PM
24,Daily Observations,A0053626387,"1/19/2024 excessive salivating, non stop jumping, barking, calms for a second to chew on a toy and then starts again",Staff Observation,1/19/2024,09:43 AM
25,Write Up,A0053604168,"1/26/2024 Went to go meet Mr peabody and observed snarling and growing at kennel door. He was showing teeth and lunging. I grabbed my treat bag and he stopped growling and looked curious so i passed him a few treats. He calmed down enough to where i felt comfortable taking him out. When i pulled my leash out he wagged his tail and loosened up. Didn’t observe any BR. we went outside in a play yard where you couldn’t see any other dogs. He sniffed for about 5 minutes and then i tried petting him, his body stiffened so i stopped petting and decided to put him back. When we got back to his kennel he walked in and had his ears back so i was careful taking off the leash. ",Staff Observation,1/26/2024,09:51 AM
26,General Information,A0055170623,"1/27/2024 The person that took her out of the car let me put the leash on her & he put her down. She started flipping out & going around my legs in circles & choking herself with the leash. Had to pick her up for her to stop. Put her down again & she did the same thing, then picked her up again & had to carry her inside to the run. -JP",Staff Observation,1/27/2024,09:56 AM
27,Focus Group,A0053626387,"1/30/2024 Easily leashed, hackles rose when going through doorways. Once in the pasture, he quickly became very comfortable, leaning in for pets to several strangers and showing of his tricks, he knows sit and paw. He stayed very close to his people on a long leash.  He's very skinny, seems to have lost weight since intake, very stressed in his kennel, paws were soaking wet. Very sweet boy!",Staff Observation,1/30/2024,01:39 PM
28,Daily Observations,A0054577049,2/2/2024 Terrible kennel presence. Growling with hackles up and wide eyed in kennel. Very sweet outside of kennel. ,Staff Observation,2/2/2024,12:37 PM
29,Daily Observations,A0053626387,2/2/2024 Severe kennel stress and frustration. urgent ,Staff Observation,2/2/2024,01:55 PM
30,Write Up,A0055135794,"2/8/2024 Spanky was exhibiting extreme leash biting and jumping when trying to leash on Tuesday night and too difficult for me being L1 to leash. I believe Trish was going to address, but wanted to submit a report as well. He might need to be leveled up to L2. As a new volunteer, he was very difficult to get out of shoreline and leashed and released. Multiple kennel tech staff had to help and Trish had to use two leashes and try multiple times to get him releashed in the play yard to put back in his shoreline.  It did not appear to be aggression at all towards humans just biting at the leash and not wanting to be leashed. I know we’re overcrowded but his top shoreline is probably not helping him. Can he be on the list to be moved to a larger shoreline or kennel as soon as one becomes available? He barely fits in his current shoreline. He behaved fine in the play yards. I’m sure a lot of it is that he is not getting enough exercise or mental stimulation. Thanks for anything that can be done to help him! ",In Shelter Volunteer Observation,2/8/2024,06:22 PM
31,Daily Observations,A0055135794,2/10/2024 Took Spanky out for an interested foster. I had to lift him out; once his feet hit the ground he was jumpy and leash biting. I had a toy that I had to use a couple of times to trade out so I could get him to release.  The potential foster thought he had to much energy.  I was able to pick him up and put him back in his shoreline. He's definitely L2 OA/LB.,In Shelter Volunteer Observation,2/10/2024,10:13 PM
32,Write Up,A0053911720,2/11/2024 Might be a good candidate for a dog test. Happy tail wags and playful interest in other dogs through the fence in the play yard and while out for a walk. Good sniffs through the fence with 2 other dogs. ,In Shelter Volunteer Observation,2/11/2024,02:07 PM
33,Intake,A0055265231,2/13/2024 easily handled in intake kennel & during exam,Staff Observation,2/13/2024,12:57 PM
34,in Person Session,A0055062948,"2/15/2024 Met Mystic and foster in home.  Mystic stayed in crate initially. As we talked, we didn’t look at her.  She eventually came out.  I tossed some treats to her.  She sniffed, didn’t eat them.  Took a couple steps and eventually went back in crate. Foster reported that she may snarl a bit at resident dog if he went near her crate.  Suggested they try a leashed meeting outside in the evening.  They did leash resident dog and Mystic up in back yard.  Stayed about 30 feet apart.  Initially Mystic snarled. But then she stood there lip licking and yawning.  They kept the distance and ended on that note. Mystic needs a patient adopter or foster who can work with her but accepts it will be slow and you can’t push.  Foster didn’t have HW / flea preventives and will follow up with Pathways team on that and inquire about HW treatment.  I did ask Erica about rescue possibility. She felt would need to be treated for HW before a rescue might consider her.  Foster leaving town for a week at end of month and is exploring options while gone.  Also talking with husband on willingness to keep her longer through HW treatment ( or not). ",Trainer Notes,2/15/2024,03:48 PM
35,Intake,A0053635126,2/17/2024 easily handled in intake kennel & during exam,Staff Observation,2/17/2024,04:04 PM
36,Daily Observations,A0055135794,2/17/2024 Is there anyway Spanky can be next on the list to move to a kennel when space? He is in room 63 top shoreline which is all young nervous puppies and then him. He loud barks and jumps and shakes the entire shoreline whenever anyone walks into the room which terrifies all the young puppies in there. He is in too small of a shoreline for him and with his leash biting it’s difficult to be able to get him down from a top shoreline. Gave him a treat today to settle him so I could get posh back in shoreline next to him who was terrified by his reaction to us coming in.  He does listen when you say no and correct but poor guy is struggling in there and needs more attention and exercise,In Shelter Volunteer Observation,2/17/2024,10:14 PM
37,Focus Group,A0055170623,"2/20/2024 Unfamiliar with the leash, will dodge the lasso. We were able to leash her using treats. Scared to walk outside, go slow, she will get there. In the play yard we immediately dropped the leash. She was very submissive and affectionate, tail tucked, ears back, unsure of her surroundings. It didn't take long for her to realize she was safe. She accepted lots of treats and affection running back and forth between LR and SP leaning in for pets and giving kisses. SP and LR initiated play, she was a little startled and unsure for a split second, then realized it was play time! She has the cutest little zoomies and play bows. She enjoys running around with her people. Scared to walk on leash back inside, we went slow and she got there. Easily put a collar on her in hopes walking on leash will be less scary for her. Easily unleashed and re-kenneled. Very sweet!",Staff Observation,2/20/2024,09:26 AM
38,Write Up,A0054577049,"2/22/2024 JuicyJu was attempting to grab and play with a kennel specialist's leash, so adding LB to level. Also removing 'BR' based on observations recently of her no longer being barrier reactive.",Staff Observation,2/22/2024,03:56 PM
39,Intake,A0055406871,2/24/2024 easily handled during exam & in intake kennel,Staff Observation,2/24/2024,04:55 PM
40,Daily Observations,A0055135794,"2/24/2024 Spanky is a very sweet, smart boy who is just overaroused in that shoreline kennel. He bit at the leash as we walked and was jumpy once we got to the yard, but responded well to differential reinforcement - learned pretty quickly that “sit” and paws being on the ground meant getting treats, and the jumping and biting improved significantly! Once we went through some command training, he relaxed and loved being pet and having his belly rubbed, cutely falling onto his back. On the way back to the kennel, he continued to bite on the leash but we paused every few steps to practice “sit” + treat and, after several reps, he walked the rest of the way to the kennel without biting at the leash! He’s such a sweet and eager to please boy, who would benefit from extra attention and space. Put in a behavior report to see if he can be placed in a larger kennel and a med report for a nail trim.",In Shelter Volunteer Observation,2/24/2024,10:14 PM
41,Write Up,A0055135794,"2/25/2024 Poor guy really needs out of the shoreline he’s in and to be transferred to a bigger kennel. He’s OA and bites the leash when outside the kennel and, inside the kennel, appears very stressed (barking and shaking the shoreline). 6 month old puppy, Muffin, is in the shoreline under him (along with other puppies next to them) and appears frightened every time Spanky barks or shakes the shoreline. ",In Shelter Volunteer Observation,2/25/2024,10:05 AM
42,Daily Observations,A0055135794,"2/25/2024 Smart boy who knows sit and is very treat motivated. A little jumpy and exhibited some leash biting, but redirects easily with treats. Did much better during a walk when he knew treats were involved, but he did get a little jumpy a few times. Went back in his kennel easily and no body handling issues when picked up to put back in the top shoreline kennel.",In Shelter Volunteer Observation,2/25/2024,10:15 PM
43,Write Up,A0055135794,"2/26/2024 Mega leash biter !!! Cannot even walk him because it’s so bad, he will even accidentally get your hands trying to bite the leash. Just constantly on level 10!!!!!!  -Amber ",Staff Observation,2/26/2024,11:06 AM
44,Intake,A0055454653,"3/3/2024 growling, showing teeth in kennel. behavior during exam was had to use a catch pole for her shots but switched to a leash. very uncomfortable with handleing so stopped the exam she sat behind me on her own accord but didnt want to push it.",Staff Observation,3/3/2024,04:24 PM
45,Focus Group,A0055454653,"3/7/2024 First time out today she was nervous when leashing and retrieving. Timid walking through kennel to the play yard. In the play yard she mostly ignored us. Took the occasional treat and allowed for brief chin scratches. Easily unleashed and re-kenneled.We took her out a second time, she was very easily leashed and retrieved and had a loose body with tail wags. In the play yard she was more than happy to take treats and does so gently. Allowed for lots of pets leaning in for them and rolling on her back for belly rubs. Very sweet/shy girl. Easily unleashed and re-kenneled.  ",Staff Observation,3/7/2024,06:32 PM
46,Write Up,A0055454653,3/8/2024 Very wiggly and affectionate today.,Staff Observation,3/8/2024,06:58 PM
47,Daily Observations,A0055135794,"3/16/2024 3/16:  Sounds like Spanky had a tough few days, but seemed to be doing better today when Elizabeth and I took him out! Was easy to leash with a treat on the other side of the loop. Went a long route inside on our way out to the playyard and he started out biting and jumping at the leash pretty incessantly; stopped every few steps and asked him to “down” or “sit” and reinforced with a treat each time, and the rate of the biting and jumping decreased to off-and-on. Once in the playyard, he was easy to unleash and I wrapped our leashes around the top of the fence. He was excited and pretty jumpy. Continued command training - giving him a treat pretty much any time all four paws were on the ground or he was sitting - and again he caught on quickly! I was worried about him having too many treats and getting sick, so started intermittently using verbal praise and affection to reinforce and that seemed to work equally well by that point! Jumping decreased noticeably and he leaned against us for affection and belly rubs. By the end, he was able to approach me, while kneeling, a couple of times without jumping. Easy to releash with treat on the other side of the loop and, walking the same route back to his kennel, he jumped and bit at the leash only once - and let go immediately without any redirection!! The more he learns, the more of his sweet, smart, and eager to please self we get to see! Treats, praise, and affection go a long way with Spanky!",In Shelter Volunteer Observation,3/16/2024,10:39 PM
48,Intake,A0055538889,3/18/2024 FAIRLY CALM IN KENNEL SHOWS A LITTLE DOG REACTIVITYEASILY HANDLED THROUGHOUT INTAKE,Staff Observation,3/18/2024,11:55 PM
49,Daily Observations,A0055454653,"3/19/2024 I approached her in an outdoor kennel, she was barking. I offered her a treat through the fence and she sniffed it but didn't eat it, I tossed the treat next to her and she still didn't eat it. I then opened the kennel door and she began wagging her tail and sniffed my shoes. I got down low and she allowed me to leash her easily. She walked great on leash and seemed more comfortable the more she walked around. She sniffed many different dogs through the fence, had a high tail wag at first but got loose the more she sniffed. She allowed for lots of pets and even gave kisses on the face. I got on the floor with her and she went right between my legs and just wanted to be petted and gave more kisses.From: Lyndsey Davis",Staff Observation,3/19/2024,11:46 AM
50,Intake,A0055579826,3/23/2024 Easily handled ,Staff Observation,3/23/2024,11:48 AM
51,Intake,A0055529436,3/25/2024 Easily handled during intake and during exam.,Staff Observation,3/25/2024,12:36 PM
52,Intake,A0053603468,3/25/2024 no concerning behaviors in kenneleasily handled during intake,Staff Observation,3/25/2024,05:03 PM
53,Daily Observations,A0055265231,"3/26/2024 Extreme BR, lunged and growled this morning and Saturday morning during rounds. Easily handled out of kennel but presence is unsettling and forward",Staff Observation,3/26/2024,02:47 PM
54,Intake,A0053300757,3/28/2024 Calm in his kennel. Super sweet and easily handled during his intake exam.,Staff Observation,3/28/2024,12:08 PM
55,Daily Observations,A0055170623,"3/29/2024 Frantic barking and pacing/jumping, wide eyed and tapping her feet up and down in kennel. Written up for traz and added to priority ",Staff Observation,3/29/2024,10:06 AM
56,Intake,A0055612570,3/29/2024 easily handled in intake kennel & during exam,Staff Observation,3/29/2024,12:41 PM
57,Daily Observations,A0055170623,"4/2/2024 intense BR, pacing, wide eyed, salivating",Staff Observation,4/2/2024,01:24 PM
58,Intake,A0055649438,"4/4/2024 easily handled in intake kennel, barrier reactiveeasily handled during exam, but does not like to be vetted (go slow), startles easily, tense musclesheartworm test pending",Staff Observation,4/4/2024,03:02 PM
59,Daily Observations,A0055135794,"4/4/2024 4/04Yesterday, dropped off enrichment before taking him out. He fixated on the leash but managed to “sit” in his kennel and was easily leashed. Once out of the kennel, he tugged on it for a few minutes and then responded to redirection (“down” or “sit”) + treat + verbal praise! It only took a few reps for him to walk well on the leash the remainder of our time. Continued with intermittent reinforcement of good walking, adding in “find it” (dropping the treat on the floor) to keep it novel and fun.  In the play yard, we worked on “stay” (he’s a fast learner!) but he was mostly interested in affection. At one point when releashing him, he bit the leash but redirected immediately with “eh” + “sit” + treat and he didn’t bite it again. Walking on the trail, he was very easy on leash and enjoyed sniffing around.  I’ve detailed it in above notes but will list specific steps below and “pin” for easy reference. I spoke with his kennel tech, Benji, this past weekend and got an encouraging update yesterday that he’s been implementing and finding the techniques to be effective, which has made taking Spanky out much easier. Grateful for volunteer/staff collaboration and definitely seems to point to consistency being key!",In Shelter Volunteer Observation,4/4/2024,09:35 PM
60,Daily Observations,A0055135794,"4/4/2024 Spanky Training/Handling Tips:? Drop off enrichment to help him expend some mental energy if possible before taking him out. (Frozen enrichment can be found in the white freezer located in the back sally port)? Before opening the kennel, show him your treats and ask him to “sit” and then give him a treat when he sits. If he’s excited, it  may take a few asks before he responds. Then use the treat on the other side of the loop trick to get the leash on him.? Keep treats visible as you walk and throw them on the ground for him to “find it” until you get outside or he shifts his attention to his surroundings ? If he bites at the leash, continue walking while ignoring the behavior. If you are in a contained area, intersperse dropping the leash in response to any increase in tugging. As soon as there is a slight pause or decrease in intensity, redirect him with “down” and/or “sit” and then give him a treat with verbal praise. Repeat as needed.? Start walking again, a treat + praise or throwing treat for him to ""find it"" every few steps ? If he starts to bite again, correct him by saying “eh” and then reset his behavior with “down” or “sit” followed by treat + praise. Then resume walking ? Once biting stops, keep him engaged and reinforce good walking with intermittent treats thrown for him to find? When un/re-leashing, first ask him to “sit” first and then give him a treat.  ** If you try to pull the leash away from him, he will tug back. If you ignore, drop the leash (he's not a runner), and redirect him with a command, then he will drop the leash to fetch the treat! ** Continue asking him to ""find it"" until he is leading the walk and no longer looking at you. At this point, he'll be easy on leash ** Any time you need to adjust/tighten/handle the leash, ask him to do something and reward him right as you do it (this results in him focusing on what you want him to do vs. the leash you're adjusting)",In Shelter Volunteer Observation,4/4/2024,09:58 PM
61,Daily Observations,A0055135794,"4/5/2024 Spanky was in the courtyard when I arrived this morning so we skipped pre-enrichment. He was jumpy but sat and let me leash him, and redirected from leash biting quickly. He had fun throwing a toy around the play yard and then running after it. I kept the leash in my hand for most of play time and he did a great job ignoring it, needing redirection only once. He was more jumpy than usual, needing redirection with “down” throughout and treats whenever he kept his paws on the ground while approaching. Went to the staff room to find the pasture leash but decided against it d/t time. Went back into his kennel easily and was enjoying frozen enrichment as I left. I’m not sure if him seeming more OA has to do with him moving to ISO yesterday (d/t Malinois puppies arriving, nothing Spanky did) but was glad to hear that staff will continue to give him extra attention and enrichment.",In Shelter Volunteer Observation,4/5/2024,10:05 PM
62,Write Up,A0055170623,4/6/2024 written up for trazodone. frantic jumping and pacing at gate. kennel presence is awful. written up for trazodone,Staff Observation,4/6/2024,01:25 PM
63,Write Up,A0055265231,4/6/2024 terrible kennel presence still. lunging and growling at door and does not show well. needs help getting out. written up for traz,Staff Observation,4/6/2024,01:59 PM
64,Write Up,A0055265231,"4/6/2024 Revisited her with Katherine to evaluate her. She was tense with a tucked tail but we were able to get her out of the top shoreline without issue. I used a slip lead and clip leash on her just in case she got too nervous about being unleashed. In the play yard she was aloof at first and kept her tail tucked while she walked the perimeter of the yard, looking for an escape. After a few minutes of ignoring us and pacing the fence line I took her for a walk around the parking lot. She was anxious the whole time, kept tail tucked and ears alert. I squatted down beside her once we stopped close to the back door and she did come into my lap and allowed me to pet her while she sought comfort. She freaked out when I tried to take her back into the ISO area due to how loud the other dogs were. I traded another dog from an ISO kennel into her cage and gave her a larger space where she doesn't need to be picked up for retrieval. I happened to see the officer outside who brought her in and he said he was attempting to cite the owners.  Monitor for now. ",Staff Observation,4/6/2024,03:40 PM
65,Write Up,A0055265231,4/6/2024 De'Erica advised that she took him outside okay and used a toy as a trade for leash biting. She tried to get him out of the play yard but he went for the leash. She dropped the leash but then he went after her shoes and mouthed over her feet hard and leash biting. Booker had to come and assist her with retrieving. ,Staff Observation,4/6/2024,03:43 PM
66,Write Up,A0055649438,"4/6/2024 During rounds I passed by his kennel and he was stress panting. I put my hand near the door with a treat but he ran and charged the kennel door, startling me. I did a few more drive bys and offered treats a couple of times. Sometimes he growled other times he just hard stared. Staff advised they are able to get him out and walk him but he is described as ""weird"". ",Staff Observation,4/6/2024,03:52 PM
67,Write Up,A0055265231,4/7/2024 Took Primo out twice and walk by his kennel twice a week and he has not displayed any BR behavior what so ever. Easy to leash and handle. Gentle and playful in the play yard and walking. Maybe he can be leveled down so more vols can take him out. ,Staff Observation,4/7/2024,05:47 PM
68,Intake,A0055675268,4/8/2024 Easily handled. Go slow warms up quick.,Staff Observation,4/8/2024,01:07 PM
69,Write Up,A0055612570,"4/9/2024 On 4/5, Marsha was housed on the opposite side of Misha in 079. Stephanie let me know that she was biting and lifting the guillotine so much that her mouth was bleeding all over the guillotine. We switched both dogs' housing. Will level up to L2-BR and leave a memo on profile to specify she will go after guillotines for the dog behind her. ",Staff Observation,4/9/2024,04:44 PM
70,Focus Group,A0055265231,4/10/2024 Level down?,Staff Observation,4/10/2024,05:48 PM
71,Intake,A0055697364,4/11/2024 Easily handled in intake and during intake exam.,Staff Observation,4/11/2024,01:08 PM
72,Intake,A0055697269,4/11/2024 Easily handled in intake and during exam.,Staff Observation,4/11/2024,02:05 PM
73,Write Up,A0054884374,"4/12/2024 Stormi is very OA. She was a little hard to leash in her kennel and was jumpy. Once we got out to the yard, she was jumping relentlessly and biting at my shirt, apron, and hands. I tried to release her, but she would immediately bite the leash and tug on it. Throwing treats on the ground did not work. She also tore a whole in my shirt. Eventually, another volunteer came out with a stuffed toy and grabbed her for me.",In Shelter Volunteer Observation,4/12/2024,05:27 PM
74,Focus Group,A0055675268,"4/15/2024 Personality: Lorraine is a very sweet and shy girl who seems to be getting more confident every day. She is playful with other dogs and extremely cuddly with everyone once she gets to know them.Dog Test 1: Lorraine met Kramer and offered play bows, Kramer (Large unaltered male) seemed very nervous and Lorraine respected his boundaries and didn't try to get too in his face but remained very playful. allowed the dogs to get close, Lorraine had a very wiggly body. Kramer had a tail tuck and backed away.Dog Test 2:Medical: Hw-, Not RTG, was scheduled for surgery 4/16 but was too sick.How Do I Handle Stress? Lorraine cowers away a lot. I noticed anytime I lifted my hand to move my hair she would flinch and close her eyes. Any sudden movements of the hands seem to make her nervous.What Do I Need Help With Most? regaining confidence with people, at first she seems nervous to meet people but she warms up very well!The Most Memorable Thing About Me: Her eyes!Intake Info: Stray public drop offWhat is my strategic out? Medium energyOngoing care:Other notes: Lorraine while nervous at first has done well interacting with men and women. Please go slow with her if you're first meeting her. She can sometimes be pretty timid to new people.",Staff Observation,4/15/2024,12:19 PM
75,Daily Observations,A0055135794,"4/15/2024 Took Spanky out today with a metal lead. Easier to leash him than with cloth lead. Still some LB but not as severe and he stopped pretty quickly, and we went out to the field to walk around.  He got OA with the 50 ft leash in the field, so we had to leave it unraveled. ",In Shelter Volunteer Observation,4/15/2024,10:06 PM
76,Daily Observations,A0055135794,"4/15/2024 Took Spanky out yesterday as well - once in the morning and again in the late afternoon, and he did great both times. Followed the pinned tips - enrichment first and then had him sit in the kennel for a treat and again once out of the kennel (he doesnt run off so I leash him outside of the kennel to deemphasize leash), he listened both times and was very easy to leash! The first outing, he didn’t bite the leash until we were out in the hallway! The second time, he didn’t bite at all except for a brief (likely bored) moment as I spoke to people in the hallway on our way back in. Responded relatively quickly to redirection “down” or “sit” and didn’t bite it again.  He enjoyed playing with a plush toy in the multipurpose room interspersed with belly rub breaks.  Super proud of him and thinking he’ll be a great fit for the upcoming sports training - if he doesn’t get adopted first!",In Shelter Volunteer Observation,4/15/2024,10:07 PM
77,Daily Observations,A0055265231,"4/23/2024 awful BR, pacing , jumping and lunging at door.",Staff Observation,4/23/2024,10:40 AM
78,Daily Observations,A0055135794,"4/24/2024 4/24He got all the way to the hallway leading outside before any biting occurred! This followed  the usual frozen enrich + “sit” in kennel + “sit” outside of kennel + “find it” while walking. Was easily redirected in the hallway. Greeted a couple of dogs nose to nose through the fence with a wagging tail. Was mostly interested in affection in the play yard. At one point, there was a dog loose on the other side who I went to leash; Spanky started barking as I walked the other dog inside and then bit at the leash once I got back so I wonder if he got bored or frustrated. I ignored the behavior and gave him a treat when he dropped it and sat, and he walked well inside! He enjoyed playing with his toy and resting for belly rubs in the multipurpose room and self-entertained while I spoke with Hannah! Was excited when greeting Naomi and Daisy so still working on seated greetings, but was glad to hear from multiple staff that he’s been doing better! He’s such a love",In Shelter Volunteer Observation,4/24/2024,10:10 PM
79,Intake,A0055785509,"4/25/2024 Scared but easily handled. showed signs of fear, startles easily, tense muscles, frozen, trying to hide, not taking treats..",Staff Observation,4/25/2024,12:17 PM
80,Intake,A0055789122,4/25/2024 Easily handled ,Staff Observation,4/25/2024,03:45 PM
81,Write Up,A0055135794,"4/26/2024 Spanky was being taken out to be seen by an adopter when I helped adoptions worker Timya get him. He was leashed fine but then when we were trying to get him to stop jumping, he began his leash biting. Timya couldn't start moving him due to him jumping and thrashing with the leash, so I took over. Spanky continued to leash bite and I attempted to keep him short-leashed. I kept him short-leashed and walked into the hallway while he continued leash biting and thrashing, trying to turn his body towards me so he could try to play tug of war. When I was trying to keep him under control in the hallway, he continuously thrashed and tangled his legs into the leash all while still holding the leash in his mouth at some capacity. I told adoptions there wasn't a way to properly and calmly show him to an adopter without him showing out on leash. ",Staff Observation,4/26/2024,05:04 PM
82,Write Up,A0055265231,"4/27/2024 doing better in corner of ISO 153, whines a lot to come out; will show no BR unless you stand there for a second (seems to be more out of frustration than anything else)getting better with leashing (have experienced no instance of LB since being moved into ISO or when located in 400); likes to spend time outside*bx problems potentially the manifestation from built up frustration of not getting out enough*started to hump when over aroused in ISO courtyard, easily redirected and no problems Katie R",Staff Observation,4/27/2024,03:22 PM
83,Write Up,A0055135794,"4/27/2024 when taking out to pasture, had to place collar due to LB issueshad to choke (cut of blood flow) multiple times to get him to let go of leash (long & short); nearly broke flirt pole (playing with very roughly)will occasionally use person as catapult to grab higher on leash (can hear his teeth clap shut) when moving from ISO to 300, refused to let go; hot dog to nose did not work, hot dog tossed to the back of the kennel did not work, towel swats to nose did not work, kennel door between him and I did not work; 3 people & 7 minutes - had to be sprayed in the face with a hose to get him to let go - tried using techniques that volunteer Katie Callum uses, did not work for me Katie R",Staff Observation,4/27/2024,03:41 PM
84,Intake,A0055806684,4/29/2024 Easily handled ,Staff Observation,4/29/2024,04:49 PM
85,Daily Observations,A0055135794,"4/29/2024 4/21Elizabeth and I took Spanky out for DFAD yesterday and he did great! No pre-enrichment but had him “sit” for a treat before I opened his kennel and then again while leashing him - we made it outside without any leash biting! Peed as soon as outside. Needed a boost going in/out of the car but was very relaxed in the car, laying down or sitting to look out the window. Would recommend keeping windows mostly up or securing his harness with a seatbelt as he had an instinct to jump out when the car was still. When the door was opened, he waited for help. Benefitted from some activity and stimulation before being relax-on-the-patio-ready (so many exciting new smells and sights!) We walked around The Works and he would stop and sniff occasionally. He particularly enjoyed walking through tall sea-like grass, which must have felt good and was sweet to watch! Friendly and affectionate with everyone he met and, as time went on, did great at keeping his paws on the ground when greeting people - and even, with cuing, sitting for a treat or pet! There were a couple of instances when brief leash biting occurred (always following a 10-15 min stretch of time where he wasn’t otherwise engaged); ignored it, showed him the treat, and repeated “sit” and he dropped it and resumed walking. Engaging with him more regularly (via affection, commands, or having him find a thrown treat) prevented further leash biting. Was well-behaved in a pet store and sat nicely for a treat from the employee; picked out a squeaker toy (which he carried in his mouth the rest of the walk) and enjoyed a pup cup! Was pet by a man who was holding his young daughter in his other arm and Spanky ignored the child, enjoying attention from dad. It was fun being out with him and seeing him so much more at ease outside of the shelter! Observing his behavior out of the shelter has me even more confident that being in a home where he can decompress and has regular interaction and stimulation will do wonders at eliminating any OA and leash biting! He’s just a super smart pup who needs opportunities to use his brain!",In Shelter Volunteer Observation,4/29/2024,10:08 PM
86,Daily Observations,A0055135794,"4/29/2024 4/28Spanky boy did great yesterday! Since he moved to 300, walked through steps for taking him out of the kennel with tech Jennifer and he didn’t bite at the leash at all until we were already outside and Jennifer and I were busy talking (aka a bored Spanky) but he responded immediately to the leash being dropped and subsequent redirection (“sit” and then “find it” with treats). Went out to pee and for an easy walk around the parking lot before going inside for an hour or so of play and belly rubs. He alternated between brief bursts of play and rest or walking around the office curiously. He is so sweet and loved giving kisses to all! After more than an hour of indoor time, took him outside and he peed right away and for a while (again, suspect he is potty or easily trained) Given reports of him being difficult to handle, Erica and Lauren R took a video (posted above) to illustrate the step-by-step approach. As depicted, he was easy to leash and responsive to “sit,” “down,” “find it,” and dropping the leash/ignoring the pulling. We had Megan from adoptions join, practicing the same approach, and, with redirection repeated at the start and “find it” every few steps until in the main hallway, he was responsive and stopped biting! *If you try the pull the leash away from him, he will think you are playing and tug back harder. Instead, the leash can be dropped if in an enclosed area (he’s not a runner) or ignored while repeating commands until he responds. Spanky is so sweet, smart, and just a puppy! ",In Shelter Volunteer Observation,4/29/2024,10:13 PM
87,Focus Group,A0055785509,"5/2/2024 We visited Chocolate Chip inside her kennel.  She backed into the wall inside her kennel.  Tossed treats she accepted them from a distance as we sat on her bed and the floor.  She did come up and sniff me briefly and then added space between us.  So timid, would benefit from a volunteer advocate.",Staff Observation,5/2/2024,05:44 PM
88,Write Up,A0055111834,"5/4/2024 Noppy bit my hand when leash biting, she is very leash bitey when coming out of kennel, I had a toy for her since I knew she leash bites a little and that slightly helped her for a second but she didn’t care too much about the toy, I harnessed the slip lead but she was very anxious to get out of the 303 kennel room and she was being very leash bitey while I reached for the toy on the ground to take it on the walk which is when the bite happened, it was accidental and happened  just because she is flipping around so wildly and got my hand, another volunteer was there right after it happened and she was pretty out of control leash biting as I was waiting a minute to have the other volunteer grab the toy. Decided to put Noppy back in kennel instead of walking. Suggestion to not harness her initially and let her get her initial energy out and maybe also scatter a lot of treats to let her calm down as you initially walk, she has gotten significantly more leash bitey since I last walked her about 3 weeks ago. ",In Shelter Volunteer Observation,5/4/2024,09:35 AM
89,Intake,A0055857982,5/6/2024 Easily handled ,Staff Observation,5/6/2024,02:24 PM
90,Write Up,A0053603468,5/12/2024 Was biting at kennel staff member and leash when being taken out. ,Staff Observation,5/12/2024,12:32 PM
91,Intake,A0055905913,5/13/2024 Easily handled,Staff Observation,5/13/2024,12:11 PM
92,Intake,A0055909108,5/13/2024 Easily handled ,Staff Observation,5/13/2024,03:46 PM
93,Intake,A0055923266,5/15/2024 easily handled in intake kennel & during examcalm & sweet,Staff Observation,5/15/2024,05:33 PM
94,Intake,A0055941918,5/18/2024 easily handled in intake kennel & during exam,Staff Observation,5/18/2024,08:44 AM
95,Intake,A0055952142,5/19/2024 A little nervous in the kennel but was easy to get out. Easily handled during the exam.,Staff Observation,5/19/2024,07:59 AM
96,Intake,A0055954982,5/20/2024 Easily handled until the dappv shot then tried to bite so muzzled to give shot. doesn't like to be vetted ,Staff Observation,5/20/2024,05:57 PM
97,Daily Observations,A0055675268,"5/21/2024 pacing, salivating, wide eyes, panting",Staff Observation,5/21/2024,10:38 AM
98,Write Up,A0053603468,"5/24/2024 kennel tech De'Erica is reporting that she is trying to bite her. Leveling up to LB, will try to assess nature of behavior",Staff Observation,5/24/2024,05:57 PM
99,Write Up,A0055952142,"5/25/2024 Moved to L2-SF/A from L1. Was observed barking and growling in the kennel at Dennis C. Wide eyed, snarling, hackles up but also backing away from the gate when he walked by. I asked him to wait a moment and explained the dog was showing defensive aggression and not offensive. She was still snarling at the  door but I cracked it open and she jumped down and ran to the back with hackles still up. I crouched down and she slowly came and sniffed my hand then loosened up and solicited attention. Dennis was still standing in front of her kennel door but he was looming over her. She would side eye him and growl in-between soliciting attention from me. I asked him to crouch too and to not stare directly at her. She sniffed his hand briefly then ran back to me. Demonstrating some SF/A behaviors. Unclear if it's specific to men or if she was anxious and fearful in that moment with new people. Moved to L2-SF/A. GO SLOW. Made no attempts to actually bite despite fear. ",Staff Observation,5/25/2024,10:36 AM
100,General Information,A0055111834,"5/28/2024 She needs a formal dog test but vol notes in Asana from March & April: "" she is really good and also walked past dogs well in side yard and was wagging tail so I think she is a young friendly dog and would be dog friendly """"Happy tail wags when she saw other dogs. "" ",In Shelter Volunteer Observation,5/28/2024,09:44 AM
101,Intake,A0056025635,5/31/2024 easily handled,Staff Observation,5/31/2024,05:49 PM
102,Daily Observations,A0055111834,"6/1/2024 jumping, pacing, salivating, wide eyed. very stressed in kennel",Staff Observation,6/1/2024,04:20 PM
103,Intake,A0056039115,6/2/2024 Very BR but when he comes out is sweet. Was doing intake and went to scan him with the microchip scanner and he started showing his teeth and his hackles went up. I jumped back from him and he started lunging at me. He backed me into the wall  and was lunging so hard i thought he was going to break the leash had to call for help. Micky came in and catch poled him and put him back in the kennel.,Staff Observation,6/2/2024,05:51 PM
104,Intake,A0056039115,6/3/2024 Growling hard staring showing teeth barrier reactive,Staff Observation,6/3/2024,01:43 PM
105,Daily Observations,A0056025635,"6/5/2024 I took out Rick to go see how he behaved in a courtyard. He was leashed and taken out easily. He's pretty strong on a leash but he had no other issues. Once in the yard, he started marking and going to the bathroom first thing. He had very loose body language with a loose tail while he walked around, and also acknowledged me for butt rubs and leaning into me a few times. He did not seem bothered by dogs who were close by barking. I was still watching him and kennel tech Rafael walked by to say hello. Rick went to the fence and started barking, but still kept loose body language. Rafael placed his hand at the fence and Rick stopped barking, sniffed and became looser in body language. Overall he seems very loose and dog neutral so far.",Staff Observation,6/5/2024,02:44 PM
106,Focus Group,A0055905913,"6/6/2024 Personality: A bit aloof/to himself sometimes, but very sweet and funny once he engages with you. Got the zoomies with me multiple times, and would jump off of me in the midst of them. Loves butt scratches, pulls on leash but definitely manageable. Dog Test 1: was sick, did not testDog Test 2:Medical: HW negative, not fixed, 58 lbsHow Do I Handle Stress? The closest thing to stress i observed was him wanting to get out of the play yard/go explore more. He just whined but didn’t care after that. Is typically in a rush to get out of his kennel but doesn’t pay the other dogs barking at him any mind once he’s out.What Do I Need Help With Most? Continued walks/getting him out enough that he continues to not react with the other dogs. Regular enrichment.The Most Memorable Thing About Me: getting the zoomies and jumping off of meIntake Info: Stray pickup (roaming dog) by ACO on 5/12What is my strategic out? Not the most high energy, and very sweet once you get to know him.Ongoing care: getting him dog tested! he saw dogs through the fence and definitely seemed interested, but not fixated.Other notes:",Staff Observation,6/6/2024,09:29 AM
107,Write Up,A0056039115,6/8/2024 very food motivated. Started with low growling and baring teeth at the door. I offered a few treats and he loosened up completely. Allowed for brief pets on the head and ears. Would low growl again when door opened. Did not attempt to retrieve today but appears willing to interact with people. Re-check later. ,Staff Observation,6/8/2024,02:57 PM
108,Intake,A0056096120,6/10/2024 Easily handled but muzzled for precaution,Staff Observation,6/10/2024,04:34 PM
109,Write Up,A0056039115,6/11/2024 Still growling at gate. ,Staff Observation,6/11/2024,09:19 AM
110,Write Up,A0055785509,"6/12/2024 incessant barking, reacting at other dogs and stimuli by her kennel. if you approach her kennel, she cowers away. I think she may need to move to a quieter section. ",Staff Observation,6/12/2024,11:02 AM
111,Daily Observations,A0055649438,"6/13/2024 barking, jumping and wide eyed/salivating at kennel door. Observed similar behavior the past two days",Staff Observation,6/13/2024,11:20 AM
112,Daily Observations,A0055952142,"6/18/2024 HIGH STRESS! Growling and snarling at the gate, barking, pacing, salivating, wide eyed, jumping on the kennel door. Has shown some aggression towards staff before. I have been able to handle her out of kennel but poses a bite risk.",Staff Observation,6/18/2024,11:48 AM
113,Daily Observations,A0055612570,"6/19/2024 climbing the kennel walls when on the outside portion of her run. VERY reactive to dogs in neighboring play yards. Salivating, pacing, barking ",Staff Observation,6/19/2024,10:23 AM
114,Daily Observations,A0055952142,"6/19/2024 severe BR. Lunging and growling at the kennel door, attempting to bite behind bars. Very sweet and easily handled when out of kennel but presence is very unsettling. High FAS.",Staff Observation,6/19/2024,10:26 AM
115,Write Up,A0055952142,6/21/2024 Can Sara Helen please be dog tested? She does seem to excitement bark and whine and pulls towards other dogs when we walk by them. I never get close enough to really test it though to see if she is just wanting to play or not. Would be good to know! She’s a very good girl and easy to handle when she’s with me.,In Shelter Volunteer Observation,6/21/2024,12:59 PM
116,Intake,A0053618691,6/21/2024 easily handled in intake kennelvery sweet/well behaved. very obviously taken care of,Staff Observation,6/21/2024,02:59 PM
117,Write Up,A0055649438,"6/22/2024 Super chill guy, no BR, no SF behavior.  Easy to leash and easy to manage on least/to walk.  He enjoys neck and butt scratches.  He’s a little slow to warm up, but does get there.  Seem to ignore/non-reactive to other dogs. Can we level him down to L1",In Shelter Volunteer Observation,6/22/2024,12:44 PM
118,Write Up,A0055649438,"6/22/2024 Potentially can be re-assessed to lower Level. Kennel techs have now seen any SF/BR behavior today, and I also havent heard of any issues with him lately. Thanks!",Staff Observation,6/22/2024,12:45 PM
119,Intake,A0056223206,6/25/2024 easily handled,Staff Observation,6/25/2024,05:04 PM
120,Write Up,A0056096120,6/28/2024 Still hides under bed (comfort thing?) but is very outgoing during feeding or cleaning. Possible reassessment?,Staff Observation,6/28/2024,11:06 AM
121,Daily Observations,A0055952142,"6/28/2024 Struggling in the kennel, barking, side eyeing and showing all teeth during rounds.  Adding focus group",Staff Observation,6/28/2024,12:23 PM
122,Daily Observations,A0055649438,"6/28/2024 During rounds, Foxx began side eyeing and then barking and lunging at glass door. ",Staff Observation,6/28/2024,12:26 PM
123,Focus Group,A0055952142,nan,Staff Observation,6/29/2024,12:00 AM
124,Write Up,A0055785509,6/29/2024 I was moving Chocolate Chip from the flex to an indoor/outdoor and she was evasive of the leash at first. Gingerly walked out of the kennel then loosened up on the way to 500. Once the dogs started barking at her she pancaked and refused to go inside the new run. I was able to coax her in but she layed flat in the back of the kennel and would not move or pick her head up. ,Staff Observation,6/29/2024,02:37 PM
125,Write Up,A0055954982,6/29/2024 Fence fighting in play yards,Staff Observation,6/29/2024,03:34 PM
126,Intake,A0056261713,6/29/2024 extremely hyper in kenneleasily handled during exam,Staff Observation,6/29/2024,05:06 PM
127,Write Up,A0056096120,"6/30/2024 Submitting for level reevaluation - He’s hardly visible when you walk by his crate because he sleeps underneath the bed, but he jumps out from under it and greets me at the kennel door quite readily and energetically! Playful, friendly, and affectionate with me and staff we encountered. Did not observe any SF behaviors",In Shelter Volunteer Observation,6/30/2024,09:20 AM
128,Intake,A0056298384,7/7/2024 Easily handled ,Staff Observation,7/7/2024,02:03 PM
129,Intake,A0056311122,7/9/2024 easily handled,Staff Observation,7/9/2024,03:48 PM
130,Intake,A0056311130,7/10/2024 Easily handled in the kennel. Sweet and easily handled during the exam.,Staff Observation,7/10/2024,11:21 AM
131,Intake,A0056311125,7/10/2024 Easily handled both in the kennel and during the exam.,Staff Observation,7/10/2024,11:44 AM
132,Intake,A0056311133,7/10/2024 Easily handled both in the kennel and during the exam.,Staff Observation,7/10/2024,02:17 PM
133,Write Up,A0056096120,"7/10/2024 Sweet last couple of weeks, asks for affection. Switch to other to free indoor/outdoor (not a shoreline)",Staff Observation,7/10/2024,02:29 PM
134,Intake,A0056311137,7/10/2024 Easily handled both in the kennel and during the exam.,Staff Observation,7/10/2024,02:37 PM
135,Intake,A0056311140,7/10/2024 Easily handled both in the kennel and during the exam.,Staff Observation,7/10/2024,02:44 PM
136,Intake,A0056311146,"7/10/2024 Easily handled in the kennel. A little nervous but easily handled for his exam. Would randomly freeze and cower at times, but never showed any aggression.",Staff Observation,7/10/2024,02:49 PM
137,Intake,A0056311153,7/10/2024 Easily handled in intake and exam,Staff Observation,7/10/2024,04:05 PM
138,Write Up,A0056096120,"7/11/2024 Sweet last couple of weeks, asks for affection. Switch to other to free indoor/outdoor (not shoreline).",In Shelter Volunteer Observation,7/11/2024,04:46 PM
139,Write Up,A0056311125,7/12/2024 Technician on 07/11/2024 witnessed her lunge and snap when the attempt was made to move her for cleaning her run. Relocated today 07/12/2024 and was somewhat fearful with males around but later let Tristian give her a few pets before running to hide. ,Staff Observation,7/12/2024,12:11 PM
140,Intake,A0056329160,7/12/2024 easily handled in kennelmuzzled out of precaution during exam. could not complete heartworm test,Staff Observation,7/12/2024,05:35 PM
141,Intake,A0056354164,7/14/2024 Easily Handled in the kennel and during the intake exam. ,Staff Observation,7/14/2024,03:50 PM
142,Intake,A0053595877,7/18/2024 Easily handled ,Staff Observation,7/18/2024,06:04 PM
143,Intake,A0056378001,7/18/2024 Easily handled ,Staff Observation,7/18/2024,06:17 PM
144,Write Up,A0055905913,"7/19/2024 Reported by kennel for attempting to bite at Jaylon multiple times. I went and assessed. I could leash him easily, walked him around the kennel for a second and returned him to his room. When I unleashed him, he did try to grab my leash but it was avoidable by being speedy. Leveling up to L2 LB.",Staff Observation,7/19/2024,12:34 PM
145,Intake,A0053637006,7/20/2024 easily handled,Staff Observation,7/20/2024,01:44 PM
146,Intake,A0056388664,7/21/2024 Easily handled in intake and during exam,Staff Observation,7/21/2024,03:55 PM
147,Daily Observations,A0056329160,"7/23/2024 Charging the kennel door, BR",Staff Observation,7/23/2024,01:02 PM
148,Daily Observations,A0056311137,"7/23/2024 poop painting, needs to move to less high traffic area or a LEF",Staff Observation,7/23/2024,01:22 PM
149,Intake,A0056417577,7/23/2024 easily handled,Staff Observation,7/23/2024,01:30 PM
150,Intake,A0056408698,7/23/2024 easily handledvery hyper/energetic. muzzled for precaution,Staff Observation,7/23/2024,05:00 PM
151,Focus Group,A0056329160,"7/24/2024 A little BR, easily redirected with a treat. Knows sit. Easily leashed and retrieved. Walks well on leash. Very affectionate and loyal. Dog friendly. Two dog tests were done, one with Black, 70+lb male. Smudge had a loose, wiggly body, lots of tail wags, whined wanting to play through the fence. In the same play yard he sniffed with a loose body, picked up on Blake's cues and backed off giving him space. The second was with Sharlene, 35lb GSD mix female, both very wiggly, Smudge again whined through the fence wanting to play. In the same play yard, both dogs sniffed and engaged in play. Smudge picked up on Sharlene's cues and was very tolerant of her slightly rough play style. Leashes were dropped, they played for a moment and coexisted just fine. Smudge is such sweet dog!",Staff Observation,7/24/2024,10:38 AM
152,Write Up,A0056388664,"7/26/2024 very shy, low growls with tail tucked",Staff Observation,7/26/2024,09:44 AM
153,Intake,A0056432711,7/26/2024 easily handled,Staff Observation,7/26/2024,05:13 PM
154,Write Up,A0056311146,8/4/2024 poop painting ,Staff Observation,8/4/2024,04:42 PM
155,Intake,A0056500648,8/5/2024 Easily handled in the kennel and during the intake exam. Muzzled for precaution does not like shots!!!,Staff Observation,8/5/2024,02:38 PM
156,in Person Session,A0056388664,"8/6/2024  PG 8/6 stiff, gave corrections, diffused on her own, wasn't her favorite group of dogs so taken out.",Trainer Notes,8/6/2024,03:42 PM
157,Intake,A0056503718,8/6/2024 Easily handled  Muzzled out of precaution,Staff Observation,8/6/2024,04:37 PM
158,Intake,A0056507497,"8/7/2024 lunges & tries to bite through kennel door, but is leashed fine. very barrier reactive. friendly when he's out of his kennelmuzzled out of precaution for exam",Staff Observation,8/7/2024,03:45 PM
159,Intake,A0056513366,8/7/2024 easily handled. puppy energy,Staff Observation,8/7/2024,05:24 PM
160,Intake,A0056520035,8/8/2024 Easily handled ,Staff Observation,8/8/2024,04:13 PM
161,Write Up,A0053603468,"8/13/2024 Jessica P went to leash Zlata and she immediately tried to leash bite, nearly grabbing her hand. Once in the yard, she grabbed a tennis ball and Jessica got on the ground with her and Zlata dropped the tennis ball in front of her. When Jessica picked up, Zlata jumped up and kept biting at her other hand that was not holding the ball. Minor hackle raising near her shoulders. Jessica threw the tennis ball and she stopped trying to bite and went after the ball. When bringing her back in, Zlata kept the ball in her mouth but continued to jump up and nip/mouth at her arms. Easily unleashed in kennel. From the incident description, it sounds like some JM/OA and toy enthusiasm. Reported to pathways for assessment. ",Staff Observation,8/13/2024,03:23 PM
162,Intake,A0056545695,8/13/2024 easily handled,Staff Observation,8/13/2024,03:28 PM
163,Intake,A0056551335,8/13/2024 easily handled,Staff Observation,8/13/2024,04:34 PM
164,Intake,A0056593214,8/20/2024 Easily handled,Staff Observation,8/20/2024,02:27 PM
165,in Person Session,A0056388664,"8/21/2024 8/6 playgroup - stiff, gave corrections, diffused on her own, wasn't her favorite group of dogs so taken out.",Trainer Notes,8/21/2024,03:23 PM
166,Intake,A0056598333,8/21/2024 Easily handled in intake and exam,Staff Observation,8/21/2024,04:20 PM
167,Write Up,A0056598333,8/22/2024 spinning,Staff Observation,8/22/2024,04:27 PM
168,General Information,A0056388664,8/24/2024 Levelling down from L2-SF to L1 based on assessment,Staff Observation,8/24/2024,03:44 PM
169,Intake,A0056629500,8/24/2024 easily handled. can be shy so go slow,Staff Observation,8/24/2024,04:03 PM
170,Write Up,A0056298384,8/25/2024 Animal Care specialist Kaily stated that she is an escape artist and will try to burst passed you if you open her kennel door. She's extremely OA and was trying to nip/bite at the leash and Kaily's lanyard to get free. ,Staff Observation,8/25/2024,11:59 AM
171,Intake,A0056628457,8/25/2024 IN intake was scared go slowduring exam was muzzles out of precaution,Staff Observation,8/25/2024,03:19 PM
172,Write Up,A0056261713,"8/26/2024 On 8/25, while Amber was taking Miranda outside for cleaning, she started fence fighting with another dog (unsure of who). When Amber tried to get her away from the fence, Miranda whipped around and tried to bite Ambers leg (Amber states she felt the tooth hit her leg but there was no bite). She was able to then place her in another play yard without another incident.",Staff Observation,8/26/2024,08:59 AM
173,General Information,A0056629500,8/26/2024 approached at front of kennel; ears back and slow tail wag. when i offered my hand she licked her lips and sniffed my hand. as i stood back and observed her she retracted into herself and had pinned ears. dogs in kennels on either side of her were energetic and barking. -gillian flebbe,Staff Observation,8/26/2024,04:01 PM
174,Intake,A0056647661,8/28/2024 easily handled,Staff Observation,8/28/2024,05:14 PM
175,Write Up,A0056311133,8/29/2024 Over arousal and redirected on the back of Tristan's leg when trying to bring him back into his kennel at Old Fulton. Needs behavior assessment,Staff Observation,8/29/2024,01:12 PM
176,Intake,A0056673936,8/31/2024 easily handled. can be a bit shy,Staff Observation,8/31/2024,05:31 PM
177,Intake,A0056676632,9/2/2024 Easily handled ,Staff Observation,9/2/2024,01:59 PM
178,Intake,A0056689698,"9/5/2024 Go slow scared but easily handled. Shows signs of stress/fear, startles easily, tense muscles, Defecation",Staff Observation,9/5/2024,06:25 PM
179,Intake,A0054649638,9/6/2024 easily handled,Staff Observation,9/6/2024,02:24 PM
180,Daily Observations,A0056525090,"9/10/2024 cat was tucked in corner of kennel, displayed dilated pupils and airplane ears. when attempting to place food in kennel cat displayed low growl. went to remove litter box at which point cat swatted at my hand and begun frantically bouncing around the kennel. ceased interactions and closed kennel door. -gillian flebbe",Staff Observation,9/10/2024,02:21 PM
181,Focus Group,A0056432711,"9/11/2024 Pulled this cute boy out today to get some notes for his chart. He bit at the leash a little when I first pulled him out but I think that was due to his excitement because he didn’t go for the leash at all after that. He was excited to get outside, we went for a walk around the parking lot. Walks good on leash, does pull when he finds something he wants to smell. He is a little jumpy so he would need some work on that. Likes treats but is gentle when taking them. Could definitely pass breed restrictions. Did a dog test with him and Dottie (F). I have attached the videos to his asana chart because he has a weird play style. He immediately wanted to go up to her as soon as he saw her. His body language was loose and relaxed, slow tail wag when first approaching her. They met face to face, she was giving kisses, he was sniffing her face and ears. He has a weird style where he will go up to her to play then run from her at the same time. He wasn’t aggressive or nippy. Just seems a little unsure of how to play like a dog. Will be doing a boy test with Skully later. ",Staff Observation,9/11/2024,02:15 PM
182,Intake,A0056853475,9/11/2024 easily handled,Staff Observation,9/11/2024,03:09 PM
183,Intake,A0056878500,9/14/2024 easily handled,Staff Observation,9/14/2024,04:48 PM
184,Daily Observations,A0056039115,"9/17/2024 gave treats through kennel, displayed loose body, relaxed ears/mouth. treat motivated. all dogs were in exterior portion of their kennel, sterling was brought into interior portion and he allowed us to leash and remove him from his kennel. pulls hard on leash, attempts to choose path. when given verbal correction he stopped pulling on leash momentarily. brought him to pasture where he remained on leash. explored pasture, showed high interest in chicken coop, no interest in mower that was far out in pasture. allowed shannon to give treats, sat for treats, and allowed full body pets and head pets. showed minor interest in playing with toys. loose body language throughout duration of interaction. eager to get back inside. when placed in kennel allowed me to enter kennel with him and remove leash without issue. -gillian flebbe",Staff Observation,9/17/2024,11:28 AM
185,Intake,A0056890782,"9/18/2024 scared & cowering in the corner in kennel. go slowscared during exam, but still easily handled",Staff Observation,9/18/2024,05:56 PM
186,Write Up,A0056689698,"9/21/2024 would not take medication by hot dog or wet food. had to manually give pills; unwilling to open mouth but swallowed pills once in her mouth. offered pets afterwards, she remained neutral on her bed looking around. -gillian flebbe",Staff Observation,9/21/2024,07:34 AM
187,Daily Observations,A0056890782,"9/21/2024 barking, ears flet against head, jumping up on kennel",Staff Observation,9/21/2024,01:01 PM
188,Write Up,A0056628457,9/21/2024 Levelling down to L2-SF based on behavior and volunteer notes. ,Staff Observation,9/21/2024,03:00 PM
189,Intake,A0056927704,9/21/2024 easily handled,Staff Observation,9/21/2024,05:45 PM
190,Write Up,A0056853475,"9/22/2024 Dog is jumping up to fight with the dog next door. Stressed, circling and jumping. ",Staff Observation,9/22/2024,01:54 PM
191,Intake,A0056932246,9/22/2024 easily handled in the kennel and during the intake exam. ,Staff Observation,9/22/2024,04:21 PM
192,Write Up,A0056408698,9/23/2024 Put into play yard this morning at old location. Rubio jumped the fence and got into the play yard with Silver. They got into a fight. Superficial wounds to both dogs. ,Staff Observation,9/23/2024,08:44 AM
193,General Information,A0056039115,"9/23/2024 displayed long stroked wagging tail, eagerly took treat when offered. -gillian flebbe",Staff Observation,9/23/2024,03:19 PM
194,Intake,A0056934062,9/23/2024 Easily handled ,Staff Observation,9/23/2024,03:20 PM
195,General Information,A0056890782,"9/24/2024 observed in kennel, when approached she retreats to back of kennel. allows to leash without issue and walks nicely on leash. when placed in run she is head shy but allowed to slowly remove leash. when closed into run observed her bark and raise paw. -gillian flebbe",Staff Observation,9/24/2024,10:19 AM
196,Intake,A0056944879,9/25/2024 easily handled,Staff Observation,9/25/2024,05:28 PM
197,General Information,A0053634174,9/28/2024 observed standing on bed with loose wagging tail. when approached displayed body wags. was able to offer hot dog by hand. body wags maintained throughout interaction. -gillian flebbe,Staff Observation,9/28/2024,08:24 AM
198,Intake,A0056989366,10/2/2024 easily handled,Staff Observation,10/2/2024,05:49 PM
199,Other,A0055265231,"10/3/2024 Hi!Today we talked about LIMA, Least Intrusive Minimally Aversive methods of training and how we do not use Aversive training methods on Lifeline Foster pups.  The foster did explain that the shock mechanism on the collar has been removed and disabled, and only a buzzer or noise is enabled for the device on the collar.  Suggested for use instead, a shaker can and use of a clicker.Foster is going to follow up with pictures showing where the shock portion has been removed and/or disabled.Stephanie Price, CPDT-KA | Pathways Coordinator LifeLine Animal Project | Fulton County Animal Services ",Trainer Notes,10/3/2024,02:33 PM
200,Intake,A0056996026,10/3/2024 easily handled in the kennel and during the intake exam. just very hyper and jumps a lot ,Staff Observation,10/3/2024,06:12 PM
201,Intake,A0057005310,10/4/2024 Easily handled both in the kennel and during the exam.,Staff Observation,10/4/2024,01:16 PM
202,Write Up,A0056676632,10/4/2024 Spinning constantly,Staff Observation,10/4/2024,03:06 PM
203,General Information,A0056676632,"10/7/2024 Poop painting in kennel. Potentially needing low dose of traz, otherwise super sweet boy",Staff Observation,10/7/2024,10:02 AM
204,Intake,A0057025902,10/7/2024 easily handled but VERY wiggly ,Staff Observation,10/7/2024,02:56 PM
205,Write Up,A0056311133,10/9/2024 Cancer got leveled up from L1 to L3 since being moved from old Fulton to new. Went from acting like a playful puppy to OA and jumpy. He might benefit from being moved back to old Fulton where it’s calmer and less foot traffic. ,In Shelter Volunteer Observation,10/9/2024,08:36 AM
206,Phone Consult,A0055649438,"10/9/2024  Today we talked about Foxx:Briefly, what behaviors are you concerned about?: He seems to react to certain people and is not sure what his trigger is. He lunged and barked at a woman at an adoption event. He is also sometimes protective at our house when people come in, but if he meets them outside he is better,  (happened at an event, and at home with visitors).  Suggesting slow introductions to new people and allowing space when introducing new people, or new people using a safe happy space for him to be when guests are in the home.  Start muzzle training using muzzleupproject.com, resource attached. Possibly tring a gentle leader instead of grabbing or adding leash pressure. Stephanie Price, CPDT-KA | Pathways Coordinator LifeLine Animal Project | Fulton County Animal Services1251 Fulton Industrial Blvd NW | Atlanta, GA 30336Work Cell: 404.500.9546 FultonAnimalServices.comFollow or Friend me on Facebook!Like us on Facebook, follow us on Instagram, and take our visitor survey. ",Trainer Notes,10/9/2024,03:50 PM
207,Intake,A0057054603,10/11/2024 easily handled,Staff Observation,10/11/2024,05:37 PM
208,Intake,A0057053942,10/11/2024 easily handled. leash bites a little when the leash is first placed on him,Staff Observation,10/11/2024,05:55 PM
209,Intake,A0057066775,10/13/2024 easily handled,Staff Observation,10/13/2024,04:39 PM
210,Write Up,A0056311146,10/15/2024 Libra seems very stressed in his kennel. Jumping so much that he has gotten very skinny. Once outside he just craves human interaction. He may be less stressed if he could be moved to old Fulton. Much calmer environment and no foot traffic to get him stressed out. ,In Shelter Volunteer Observation,10/15/2024,08:33 AM
211,Intake,A0057075321,"10/15/2024 easily handledduring exam-a bit nervous, cowers at times",Staff Observation,10/15/2024,03:31 PM
212,Focus Group,A0056989366,"10/16/2024 Able to stay focused and keep four on the floor to easily leash and retrieve from his kennel despite being incredibly stressed. Approached each dog with a loose and wiggly body walking through the kennel. Excited to meet LSP in the play yard, remaining relaxed, loose and wiggly, with lots of tail wags. Play bows were exchanged and they engaged in play. Daredevil leans in for pets and walks well on leash. Very fun, playful, and sweet. Re-kenneled without issue. ",Staff Observation,10/16/2024,09:17 AM
213,Intake,A0057081101,10/16/2024 easily handled in kennelpuppy like mouthiness & very hyperactive during exam,Staff Observation,10/16/2024,05:29 PM
214,Intake,A0057103153,10/18/2024 easily handled,Staff Observation,10/18/2024,04:56 PM
215,Intake,A0057107208,"10/19/2024 very hissy, will bite and scratch, scared but once she warms up very sweeteasily handled",Staff Observation,10/19/2024,05:03 PM
216,Write Up,A0057005310,"10/19/2024 I took Cabaret out on DFTD and she got nippy while meeting a dog on leash. Everything was okay, and her tail was wagging and she wasn’t growling. But I’d really like to request her for a dog test/play group because all of her other behavior towards dogs was and has been positive or neutral.  She’s actually one of the least reactive dogs I’ve ever handled. So it definitely surprised me. Would like to have her dog tested to see if it’s just her play style or if she’s actually dog selective. ",In Shelter Volunteer Observation,10/19/2024,05:59 PM
217,Write Up,A0056311125,"10/21/2024 attempted to place leash on her, but as soon as she saw the leash she flipped her bed over and attempted to hide underneath it. allowed me to enter kennel and sit with her, but intolerant of leash being anywhere near her; bared teeth, air snapped, growled. allowed me to pet her chest. had to move her to 200 so was placed on catch pole which she began biting and alligator rolling on. planted herself in her kennel, had to use 2nd leash to ""briefcase"" walk her at which point she would take a few steps without needing to be pulled, but going through thresholds she would freeze again. as we walked past other dogs she showed interest, politely sniffed them, body language neutral, before continuing on. once in kennel she began barking and rushed front of kennel. ",Staff Observation,10/21/2024,03:27 PM
218,Intake,A0057120707,10/22/2024 easily handled,Staff Observation,10/22/2024,02:56 PM
219,Focus Group,A0057081101,"10/22/2024 Easily leashed and retrieved, very wiggly, and walks well on leash without any reactivity. Very loose and wiggly sniffing a 60lb female dog through the fence that was slightly barrier reactive toward her. In the same play yard the other dog was pulling SP toward Springy , they exchanged some sniffs. Springy remained loose despite the other dog being a little tense nose to nose, Springy remained calm and wiggly even making it easier for the other dog by lifting her leg for a sniff. Dog friendly. Easily redirected when jumpy/mouthy and very sweet and cuddly. ",Staff Observation,10/22/2024,05:29 PM
220,Intake,A0053618690,"10/23/2024 Easily handled in the kennel, Was shaking during the exam. Avoiding eye contact, Snarled a bit during vaccines. Urination and hiding. ",Staff Observation,10/23/2024,01:57 PM
221,Intake,A0053293515,10/25/2024 easily handled,Staff Observation,10/25/2024,06:22 PM
222,Intake,A0057149974,10/25/2024 easily handled,Staff Observation,10/25/2024,06:27 PM
223,Write Up,A0056039115,"10/26/2024 greeted him in yard. met me at gate, ears laid softly against head, relaxed pant, allowed me to pet his entire body and give him butt slaps. ran back and forth between me and the gate, was able to recall to me when fixating on another dog. got zoomies and was able to entice to play. he began mouthing on my sleeve and attempting to play tug of war with it, i corrected him, offered leash tugs and physically removed my sleeve from him but he continued to grab my sleeve until i removed myself from run. bite inhibition good but does not listen to verbal corrections. ",Staff Observation,10/26/2024,10:12 AM
224,Write Up,A0056503718,"10/27/2024 Someone let me know Auggie attacked another dog in the kennel last week. I do not have details, but wanted this to be mentioned in his history as he is being advertised as dog friendly. While I believe he could do well in a home with another dog, please make sure that being involved in a dog/dog fight in the kennel is noted to potential fosters and adopters. ",Staff Observation,10/27/2024,04:39 PM
225,Write Up,A0056934062,"10/28/2024 Tech reports that he is OA and nipping at her ankles when out in the yard, making L2 - OA",Staff Observation,10/28/2024,11:15 AM
226,Intake,A0057161815,10/28/2024 Doesn't like to be leashed. easily handled in the kennel and during the intake exam. ,Staff Observation,10/28/2024,01:57 PM
227,Write Up,A0056039115,"10/29/2024 sterling, rock lee, and remson got loose from their exterior kennels this morning. sterling locked onto remson's neck and pinned him down. remson was unable to escape and sterling would not refocus. madison, shelby, and todd came by to break up the dogs. (rock lee observed incident and ran into an open kennel where todd was able to secure him) catch pole placed around remson and madison grabbed hold of sterlings rear legs, eventually getting him to detach from remson. at that point sterling was catch poled and replaced in his kennel. he began biting the catch pole and would not release. todd sprayed sterling with the hose to coerce him to drop catch pole but sterling did not appear phased nor would he redirect. he was frantically biting catch pole, bleeding profusely at the mouth, and panting heavily with a wide mouth. eventually released catch pole but was panting heavily with wide mouth and elongated tongue, pacing and looking everywhere but at todd and i who were standing directly in front of kennel at his eye level. coerced him into interior portion of run where he displayed similar behavior and remained standing at front of his kennel looking everywhere. placing a ""do not remove from kennel"" sign on his run as he has many incidences where he has escaped his run and been extremely difficult to replace into kennel, he is aggressive with other dogs, and although appears to have good bite inhibition, his mouthiness is still very strong and he is a very strong dog. considering recent interactions, it appears sterling is displaying frustration behaviors and no methods of soothing works for him, he stays amped up for extended periods of time and is unresponsive to verbal direction.  unknown how dogs kennels were opened as they were secured when i walked by and interacted with 200 dogs 30 minutes prior, all kennel doors of escaped dogs were opened outward. ",Staff Observation,10/29/2024,11:53 AM
228,Intake,A0057177276,"10/29/2024 Nervous (frozen, side eye) but was easily handled during his exam. ",Staff Observation,10/29/2024,02:27 PM
229,Write Up,A0056890782,"10/29/2024 leashes easily, pulls on leash, frantically paces back and forth while on leash. walked to courtyard where there were no other dogs and she spent majority of the time pacing and trying to leave the yard. ignored me when attempted to coax but came up to me a few times unprompted to sniff me. i was able to pet her chin and her butt without reaction but she didn't seem interested in interacting with me. no interest in toys nor treats but will eat crumbs off the floor. started whining when she heard the other dogs bark. when releashed she was eager to get back into her kennel and once inside she went straight for guillotine. ",Staff Observation,10/29/2024,03:24 PM
230,Intake,A0057165881,"10/29/2024 nervous & shaking in kennel. tail tucked when walkingnervous & tail tucked in exam room, urination at times when approached but still easily handled",Staff Observation,10/29/2024,05:40 PM
231,Intake,A0057165899,10/29/2024 easily handled,Staff Observation,10/29/2024,05:51 PM
232,Intake,A0057165859,10/29/2024 easily handled,Staff Observation,10/29/2024,05:58 PM
233,Intake,A0057224582,11/7/2024 easily handled in the kennel and during the intake exam. High energy. ,Staff Observation,11/7/2024,03:59 PM
234,Intake,A0057051256,11/8/2024 easily handled,Staff Observation,11/8/2024,03:51 PM
235,Write Up,A0056311146,"11/9/2024 incredibly sweet once out of his kennel. leashes easily and walks nicely on leash. once in yard he solicits attention and sits calmly while you pet him. allowed me to look at his teeth, pull his lip, restrain his head/neck, and look at his paws while maintaining loose body with broad tail wag. does not show any interest in other dogs as we passed by kennels. ",Staff Observation,11/9/2024,05:21 PM
236,Intake,A0057243693,"11/9/2024 very hyper, but easily handled",Staff Observation,11/9/2024,05:22 PM
237,Intake,A0056298384,11/10/2024 excited but easily handled,Staff Observation,11/10/2024,02:02 PM
238,Intake,A0056262476,"11/10/2024 excited, happy",Staff Observation,11/10/2024,02:06 PM
239,Intake,A0057233768,11/10/2024 easily handled,Staff Observation,11/10/2024,04:56 PM
240,Write Up,A0056311125,"11/12/2024 beginning to solicit attention; will approach at front of kennel and nudge your hand with her head. she stiffens when you pet her, but as soon as you stop she will nudge you again. wags tail when going outside or when checking out something new, but otherwise her tail is either tucked or flat against her leg. ",Staff Observation,11/12/2024,01:46 PM
241,Intake,A0057252718,11/12/2024 easily handled,Staff Observation,11/12/2024,04:45 PM
242,Intake,A0057257626,11/13/2024 easily handled,Staff Observation,11/13/2024,03:45 PM
243,Intake,A0057256931,11/13/2024 easily handled,Staff Observation,11/13/2024,03:51 PM
244,Intake,A0057261594,11/13/2024 easily handled,Staff Observation,11/13/2024,03:56 PM
245,Focus Group,A0055905913,"11/13/2024 John was easily leashed and taken outside of his kennel.  Sit was performed in exchange for treats.  Lazily wandered around and fumbled with gates in side yards, during this time John did not leash bit.  Once inside an outer play yard, John did lots of sniffs, went potty and looked around the play yard and accepted pets.  When returning him to the kennel used a figure 8 to return and tossed treats.",Staff Observation,11/13/2024,04:57 PM
246,Write Up,A0055905913,"11/13/2024 Past thresh hold, quality of life is poor",Staff Observation,11/13/2024,05:11 PM
247,Intake,A0057261805,"11/13/2024 easily handled, just scared. showing signs of stress/fear, tense muscles, ducking the leash, frozen at times, whale eye ",Staff Observation,11/13/2024,05:17 PM
248,Intake,A0057257626,"11/15/2024 Shaking in the corner of the cage. Has not shown any aggression, just very nervous. ",Staff Observation,11/15/2024,07:56 AM
249,General Information,A0056500648,"11/15/2024 During foster return dog was very leash and barrier reactive. Unable to put into receiving. Previously a level 1, but changed based on behaviors observed by intake and CS staff. LB",Staff Observation,11/15/2024,05:19 PM
250,Intake,A0057301164,11/20/2024 easily handled,Staff Observation,11/20/2024,01:56 PM
251,Intake,A0057303592,11/20/2024 easily handled,Staff Observation,11/20/2024,02:09 PM
252,Write Up,A0057165881,"11/22/2024 Dog bites stick as I'm trying to grab his empty food dish, and trying to escape, not sure if Barrier Reactive or Resourse Guard behavior. -Robert W.",Staff Observation,11/22/2024,08:04 AM
253,Intake,A0057321831,11/22/2024 easily handled,Staff Observation,11/22/2024,05:36 PM
254,Intake,A0057327449,11/23/2024 easily handled in the kennel and during the intake exam. ,Staff Observation,11/23/2024,05:26 PM
255,Intake,A0057331299,11/23/2024 easily handled in the kennel and during the intake exam. ,Staff Observation,11/23/2024,05:48 PM
256,Write Up,A0056944879,11/23/2024 Pickles cries and screams all day.  Tore up the light switch in flex area.,Staff Observation,11/23/2024,09:28 PM
257,Intake,A0057311730,11/24/2024 easily handled in the kennel and during the intake exam. ,Staff Observation,11/24/2024,05:02 PM
258,Write Up,A0057261805,"11/26/2024 displayed loose body language when approached, wagging entire body. i entered his kennel and he came up eagerly and gave me kisses. body language remained loose and wiggly throughout entire interaction. staff has reported the same when interacting with him. i observed his interaction with both male and female staff and his body language remained loose and he was very excited to go out to the yard when leashed. easy to replace and unleash in kennel. ",Staff Observation,11/26/2024,11:19 AM
259,Intake,A0057353143,11/27/2024 easily handled,Staff Observation,11/27/2024,04:04 PM
260,Write Up,A0056628457,"11/29/2024 I was walking Pookies this morning at New Fulton and she was great on the leash. However, a little boy waiting outside and she jumped unexpectedly toward him when I stopped to answer a question, and I had to pull her back hard. I am not sure if this was an aggressive move or if she was just very interested in him. Further assessment recommended to see if ""no kids"" should be part of her profile.",In Shelter Volunteer Observation,11/29/2024,01:06 PM
261,Intake,A0057361999,11/30/2024 easily handled ,Staff Observation,11/30/2024,04:03 PM
262,Intake,A0057411243,12/8/2024 Easily handled both in the kennel and during the exam.,Staff Observation,12/8/2024,01:54 PM
263,Phone Consult,A0056096120,12/8/2024 Meet with Kumar's foster mom Megan virtually. She stated that the main issue she has with Kumar is his over arousal and nipping behavior. Based on our conversation she described how when she takes Kumar on dog play-dates this behavior decreases but she is not able to do this as often. She recently purchase some more kong like items which I encourage her to increase the use of in addition to snuffle mats. I directed her to book a in-home assessment so I can see their relationship since it sounds like Kumar is very smart and knows a lot of cues. My guess is that he just needs more physical and mental stimulation in addition to polishing off their communication. I really do need to see kumar nipping and being over aroused to figure out why is this happening and if it's over arousal. It sound like she has a pretty good grasp on why is this happening so my job is to help her with some strategies that are possible given her free time and Kumar's needs. Here is the zoom recording https://www.dropbox.com/scl/fi/ldvatoqj4mr8f0ewwr28k/Virtual-Consultation.mp4?rlkey=rbpn51bnizsbym0gycpnaivtz&st=cxqs5pgl&dl=0,Trainer Notes,12/8/2024,02:05 PM
264,Write Up,A0057261594,"12/9/2024 Struggling, super sick and constantly licking wall and glass, all day long. She does not seem comfy here or relaxed.",Staff Observation,12/9/2024,09:15 AM
265,Write Up,A0057165881,12/11/2024 Leveled to OA and took off shy fearful. Is now getting nippy with staff when they try to handle him.,Staff Observation,12/11/2024,01:31 PM
266,Intake,A0057425727,12/11/2024 easily handled,Staff Observation,12/11/2024,06:08 PM
267,Phone Consult,A0056507497,"12/11/2024 Please tell us the name of your foster animal: PeteBriefly, what behaviors are you concerned about?: Leash pulling, he is reactive towards men, he will angry bark like crazy. It takes him a several minutes to calm down.Attaching several resources that we spoke about today and please ready carefully over the below information as well! Please review Muzzleupproject.com Reviewing Engage/Disengage, arming with treats and clicker, review candle stacking.Working on confidence will be a huge benefit. Basic training will help with that! Here are some great links to work on Five Mini-Basics videos (basic skills to set them up for success!) Focus Games, Look At That (helps with reactivity)and Relaxing (SUPER helpful!).  These videos show some of the techniques to get to relaxing (teaching “place”)…Luring, Shaping and Relaxing. Also, keeping their mind working is as important as physical activity! Enrichment items like food puzzles, snuffle mats, enrichment walks and training are great!We have a couple of training options: our in person foster classes at CAC and virtual training with GoodPup.CAC Training Class Animal Behavior Specialist, Sharon Eikey, teaches you positive reinforcement basic training and leash skills. It is recommended to bring soft treats to help train your foster pet.3180 Presidential Dr., Atlanta, GA 30340January availability is coming soon!Sign-up here. Having trouble getting started? Check out this informational video. In the meantime, you can start practicing with the Five Mini-Basics videos that Sharon created.GoodPupVirtually meet with a certified trainer once a week who will map out your training plan. The first week is free. : https://links.goodpup.com/shelter/LifeLineFulton This video has some really useful tips for leash reactivity. Please remember that as long as Pete is in the LifeLine foster program we ask that no aversive training methods are used (no prong/choke collars, no e-collars, etc.). Trainers for animals in our system should use positive reinforcement and follow LIMA guidelines. We have a couple of training options: our in person foster classes at CAC are complementary and virtual training with GoodPup is offered at a discounted rate. I can also recommend a few trainers for you.Stephanie Price| Pathways Coordinator LifeLine Animal Project | Fulton County Animal Services1251 Fulton Industrial Blvd NW | Atlanta, GA 30336Work Cell: 404.500.9546 FultonAnimalServices.comFollow or Friend me on Facebook!Like us on Facebook, follow us on Instagram, and take our visitor survey.  ",Trainer Notes,12/11/2024,06:17 PM
268,Intake,A0057439713,12/12/2024 easily handled,Staff Observation,12/12/2024,06:29 PM
269,Intake,A0057442724,12/13/2024 Easily handled both in the kennel and during the exam.,Staff Observation,12/13/2024,12:20 PM
270,Intake,A0057455043,12/14/2024 easily handled,Staff Observation,12/14/2024,04:36 PM
271,Write Up,A0057165899,"12/17/2024 pacing in kennel, poop painting, high pitched incessant barking, panting heavily. when i offered my hand at the kennel door he stopped to sniff and began barking again and pacing. ",Staff Observation,12/17/2024,11:28 AM
272,Intake,A0057471755,"12/18/2024 easily handled in kenneleasily handled during exam until the heartworm test. she started growling & snarling when she saw the needle. muzzled for precaution, does not like being vetted",Staff Observation,12/18/2024,03:15 PM
273,Intake,A0057478489,12/18/2024 easily handled. high energy,Staff Observation,12/18/2024,04:52 PM
274,Intake,A0057478759,12/18/2024 easily handled,Staff Observation,12/18/2024,05:09 PM
275,Intake,A0057489230,"12/20/2024 scared & trembling in kennel.  does low growls periodically but still easily handled. hackles raised when walking past other dogs in kennels.startles easily with fast movements, GO SLOW. opened up a little once in exam room. muzzled for precaution. easily handled",Staff Observation,12/20/2024,03:32 PM
276,Intake,A0057500056,12/21/2024 nervous in kennel. urinates at first when leashed but still easily handled & friendlyeasily handled during exam,Staff Observation,12/21/2024,04:53 PM
277,Intake,A0057500992,12/21/2024 easily handled,Staff Observation,12/21/2024,05:31 PM
278,General Information,A0056311146,"12/24/2024 behavior in kennel varies from day to day. most days he paints his kennel in poop, some days the poop covers every single surface in his kennel, and on very few days he has no poop/poop painting in his kennel. advising staff working in 200 to allow him to go out to yards during the day for enrichment/exercise. ",Staff Observation,12/24/2024,11:58 AM
279,Intake,A0057512818,12/24/2024 easily handled,Staff Observation,12/24/2024,04:34 PM
280,Intake,A0057510470,12/26/2024 easily handled. very sweet,Staff Observation,12/26/2024,04:18 PM
281,Intake,A0053848363,"12/27/2024 Snarls/barks at kennel door when approached, Tense muscles, Alarm barking, Growling, Hard staring, Frigid, Whale eye. May just be BR, May improve over time. ",Staff Observation,12/27/2024,02:50 PM
282,Write Up,A0057512818,"12/28/2024 aloof, easy to leash, no interest in interacting with people in the hallway. when i placed him in a new kennel he put on the brakes to avoid entering the kennel but after a few seconds he entered the kennel and jumped up on me seemingly soliciting attention- body language remained neutral. ",Staff Observation,12/28/2024,08:28 AM
283,Write Up,A0056039115,"12/28/2024 biting guillotine wire. tugged it until the pulley got jammed and then he was chewing on the wire. when i approached him he turned around to look at me and offered licks when i put my hand up to his kennel, but then he went back to looking at the guillotine. once i was out of sight he went back to chewing but stopped when i told him no.  has been observed chewing on kennel bars when in a state of high arousal. becomes fixated on stimulus and does not calm down for extended period of time. will begin daily enrichment to reduce FAS.",Staff Observation,12/28/2024,01:22 PM
284,Write Up,A0056039115,"12/28/2024 in an attempt to do counter-conditioning, i opened sterling's kennel door to put a collar on him but once his kennel door was cracked sterling began frantically biting at the collar and would not release. i opted to let him have the collar to which i observed him display behaviors associated with PTSD; immediate aggression upon interaction with trigger, disassociation, shaking, inability to self-soothe - based on behavior observed when chewing on the collar, i believe he may have PTSD surrounding catch poles/leashing.  on multiple occasions, sterling has had bouts of over arousal that he cannot be redirected from and will remain in a state of high stress for an extended period of time. at this time, sterling is not safe to handle and his QOL appears very poor. ",Staff Observation,12/28/2024,02:08 PM
285,General Information,A0053848363,"12/28/2024 Growling and  barking when approached.Offered treats from both under the door and while cracking the  door to which she took gently . I went to leash her, avoidant and backing up initially. Relocated to exterior portion of kennel, was able to leash her into a courtyard. I was able to drop the leash and allow her to roam freely. She did not mind me there rather tolerable. I was able to place her back in her kennel and retrieve my leash without difficulty. Easily handled , Needs slow approach. Leveling down to L2- SF",Staff Observation,12/28/2024,10:40 PM
286,Write Up,A0056890782,"12/31/2024 Volunteer Katie had taken Shecha out for a walk and had no issues while she was out. When returning to her kennel, Shecha started reacting to her kennel neighbor and Katie attempted to feed her a treat and Shecha bit her hand due to a redirection response. Placing on quarantine and leveling as staff only.",Staff Observation,12/31/2024,09:10 AM
287,Write Up,A0056262476,"12/31/2024 Kennel staff Tari came to me to report behavior Miracle Grace was exhibiting. During feeding, kennel staff Troy was helping feed 306 while he fed Miracle Grace. When opening the kennel to slide her bowl inside, Tari stated Miracle Grace attempted to charge out at Troy. Both employees were alarmed, and Tari stated that Miracle had not displayed any other concerning behavior previously. Sending for behavior assessment to pathways",Staff Observation,12/31/2024,03:24 PM
288,Intake,A0057572441,1/4/2025 easily handled,Staff Observation,1/4/2025,01:57 PM
289,Daily Observations,A0057252718,"1/4/2025 Panting, stressed",Staff Observation,1/4/2025,04:20 PM
290,Write Up,A0057441089,"1/7/2025 Have tried to interact with Snow several days in a row with slow intros. Some mornings he'll sniff and then retreat from the door, most days he hisses immediately then swats if you stay close for too long. ",Staff Observation,1/7/2025,11:42 AM
291,General Information,A0053848363,"1/7/2025 loose body language through kennel door - tail wagging broadly. took treats when offered through kennel door. when removing from kennel she was very eager and got on leash without issue. once in yard she (like her siblings) spent 10 minutes sniffing and marking in the yard. she began whining, pacing, and jumping up on the fence. i brought smokey outside and when greeting at the fence she began whining and pacing the fence. mari and i kept both dogs on leash and entered the yard together. sasha was very excited to greet smokey and bounced around him. smokey was more sexually motivated but bounced around with her. behavior indicative of familiarity with each other. behavior improved significantly from previous interactions. leveling down to L1",Staff Observation,1/7/2025,08:01 PM
292,Daily Observations,A0056520035,"1/8/2025 Extremely stressed, frantically barking in kennel when passed and at neighbor constantly. ",Staff Observation,1/8/2025,01:20 PM
293,Write Up,A0056878500,"1/8/2025 Had Messina out to meet a foster, she was very fearful, and uncomfortable around me and the foster. May have some stranger danger. ",Staff Observation,1/8/2025,03:15 PM
294,Intake,A0057597695,1/8/2025 easily handled,Staff Observation,1/8/2025,03:58 PM
295,Write Up,A0056262476,"1/9/2025 Showing teeth, growling, trying to attack bowl during feeding. Has to be swapped during cleaning in kennels",Staff Observation,1/9/2025,09:55 AM
296,Write Up,A0056262476,"1/9/2025 Staff member went to feed Miracle grace. He was tense when approached. Door was cracked to push food in, He then lunged at the door and bared teeth. No physical contact was made. However once the door was closed he continued to lunge.Staff member notes that food was sitting outside his kennel prior to feeding which may have heightened his reaction. When approached after this incident by 3 people he continued to growl and bare his teeth. Food was spilt when this occurred to which Miracle grace ate off the floor , after eating he did not lunge nor bare his teeth but he still growled and still seems to be tense. Has had prior incidents, regarding resource guarding.  Going to catch pole him to move , He did still present these same actions.Lunging , growling and baring his teeth when approached. Went in to catch pole and began biting the pole, However he was easily moved. Placing back in 200 for precaution to avoid any further incidents.",Staff Observation,1/9/2025,05:00 PM
297,Intake,A0057609567,"1/11/2025 easily handled,",Staff Observation,1/11/2025,08:11 AM
298,Intake,A0057614005,"1/11/2025 easily handled, shy",Staff Observation,1/11/2025,12:29 PM
299,General Information,A0056311146,"1/11/2025 will only poop inside kennel. let into yard for over an hour and did not potty. went to pasture and did not potty. demand barks in kennel, poop paints in kennel, jumps up to look at kennel neighbor(s) incessantly. outside of kennel very calm and will lean on you and accept hugs and kisses. low energy, would saunter after ball and bring it halfway back. towel shredder. ",Staff Observation,1/11/2025,09:28 PM
300,Write Up,A0057510470,"1/14/2025 Sudden behavior change towards males in kennel. Attempts to correct at male staff when unleashing, showing teeth when pet by males. Needs focus group. No priors",Staff Observation,1/14/2025,08:51 AM
301,Write Up,A0057425727,"1/14/2025 Staff members Ashley M and Tari stated that Lonnie has begun leash biting. They said that the leash biting was not severe but more playful, and Lonnie would listen to corrections when given but still wanted the behavior noted. Leveling to L2-LB.",Staff Observation,1/14/2025,09:09 AM
302,Write Up,A0057500056,"1/14/2025 Staff member Ashley M requested Suzy be leveled down from SF. She stated that Suzy was now approaching the kennel door when people were there, and displaying loose body language and tail wag. She also is walking better on the leash with volunteers and staff. Leveling to L1.",Staff Observation,1/14/2025,09:11 AM
303,Focus Group,A0057439713,"1/14/2025 Met Kendrick in kennel, initially he did not show any initial reactivity.  Tried running up to the kennel and he alarm barked and showed some reactivity.  Very sweet and did accept treats.",Staff Observation,1/14/2025,09:54 AM
304,Write Up,A0057510470,"1/14/2025 Staff members reported having issues while unleashing Chingy. Supervisors watched Brittany leash and unleash Chingy without issue today. He displayed loose body language, a loose tail and interacted with her after unleashing. Other staff members, Irvin and Jared, stated that Chingy attempted to correct them when removing the leash and said he had shown teeth while being pet by Jared. Has no previous notes. Submitting for a focus group. Possibly male reactive/sensitive?",Staff Observation,1/14/2025,10:19 AM
305,Write Up,A0057439713,"1/14/2025 Kennel staff Keke and Roshon report that Kendrick is becoming increasingly barrier reactive. Keke stated she could move him without problems but once he's returned to his kennel and the door is shut, he starts barking through the gate quickly after. Roshon noted that Kendrick was more of an issue with him and reacted badly when unleashing him in the kennel. Submitting for focus group and leveling to L2 BR",Staff Observation,1/14/2025,10:52 AM
306,Intake,A0057639835,1/15/2025 Easily handled both in the kennel and during the exam.,Staff Observation,1/15/2025,12:05 PM
307,Intake,A0057639779,1/15/2025 easily handledvery sweet and cuddly,Staff Observation,1/15/2025,01:07 PM
308,Write Up,A0057252718,"1/16/2025  Aligns with signs of kennel stress. Observed Heavy panting, spinning and jumping in kennel.",Staff Observation,1/16/2025,09:38 AM
309,Intake,A0057656410,1/17/2025 Easily handled both in the kennel and during the exam.,Staff Observation,1/17/2025,01:40 PM
310,Intake,A0057663603,1/17/2025 easily handled while in intake and during exam ,Staff Observation,1/17/2025,06:20 PM
311,Daily Observations,A0057257626,"1/18/2025 From behavior note submitted by vol:""Requesting level eval. He was at the front of his kennel and really excited for a walk. He wasn't very interested in me, but wasn't scared at all. He zoomed around the yard trying to engage with other dogs. When it was time to go back he let me leash him again no problem."" Visited him earlier. Very loose and wiggly at the gate and when handling. First time meeting him. Did not display any shy/fearful behaviors. Met a few people on the brief walk and body language remained loose and inviting. Leveling down to L1 from L2-SF",In Shelter Volunteer Observation,1/18/2025,02:17 PM
312,Intake,A0057673945,1/19/2025 easily handled in the kennel and during the intake exam. ,Staff Observation,1/19/2025,03:56 PM
313,Write Up,A0057489230,"1/19/2025 bit staff member when they tried to collect bowl after pm feeding. Was using a stick to retrieve bowl, she went after stick and caught his hand in the process. Possible resource guard, possible aversion to stick tool.",Staff Observation,1/19/2025,04:16 PM
314,Write Up,A0057639779,"1/22/2025 very friendly & loving. jumped up to solicit attention, wags body when spoken to. hates the hose/water(?) began growling loudly & pupils dilated when i was spraying the neighboring kennel. loosened & wagged when i stopped spraying & spoke to her. ",Staff Observation,1/22/2025,08:14 PM
315,Daily Observations,A0057252718,"1/23/2025 Since being moved to the larger and quiter kennels in the front, Dove has been sleeping most of the times I have walked by her kennel and I have not witnessed or heard tell of her smearing feces around her kennel or bouncing off the walls. I have been taking her out repeatedly to work with her. She calms down after she gets her zoomies out, is very treat motivated, and picks up on new commands quickly.",Staff Observation,1/23/2025,02:03 PM
316,Intake,A0056096120,1/23/2025 leash bitter but easily handled while in intake and during exam ,Staff Observation,1/23/2025,03:26 PM
317,Daily Observations,A0057609567,"1/23/2025 Panting, salivating, visibly distressed eyes, climbing and jumping on the walls to react at neighboring dogs. Bounced back and forth from left to right to bark at his neighbors. Very piercing screams/barks. ",Staff Observation,1/23/2025,06:36 PM
318,Phone Consult,A0055649438,"1/24/2025 I meet with Foxx foster Erica. Here is a copy of the summary email I sent her after our call. Here is the zoom video of our call: https://www.dropbox.com/scl/fi/d6o1hlrc1hl8dof9l1aup/Erica-Fanelli-Step-1_-Zoom-Call-Consultation-Jan-24-2025.mp4?rlkey=44vs32r2lfp9y44vszjoud9gf&st=2ctn8x74&dl=0Hi EricaIt was great meeting with you today! I know we covered a lot, so here’s a summary of our conversation for your reference:Quick RecapWe discussed strategies for managing and training Foxx, focusing on some behavioral challenges like charging at people and aggressive barking. Key topics included:Canine body language: Understanding Foxx's signals to gauge his comfort levels.Positive reinforcement: Rewarding desired behaviors to build confidence.Enrichment activities: Incorporating tools like snuffle and lick mats to reduce stress and anxiety.Muzzle training: Introducing a muzzle gradually to ensure safety in new or stressful situations.Suggestions and ResourcesEnrichment Tools:Snuffle mats and lick mats can help Foxx relax and stay engaged.Explore:Amazon lick matsAmazon snuffle matsMy handmade snuffle mats (I can deliver these—just let me know if you’re interested).Check out this video for backyard enrichment ideas.Training Exercises:Practice ""Target"" or ""Touch"" training using a clicker and treats.Refer to the attached handout for guidance.Next Steps:Gradual desensitization with visitors using snuffle mats and baby gates.Monitor Foxx's body language and thresholds. Always use two levels of protection (e.g., baby gate + leash and harness + muzzle).Begin muzzle training using this video as a reference.Smearing treat link – ideal for muzzle training and walks.Key Discussion Points1. Managing Foxx’s Aggressive BehaviorBehavioral challenges: Foxx charges at people, especially strangers, with aggressive barking. His body stiffens beforehand.Current management: You’re keeping him away from visitors and rewarding calm behavior, which is great!Suggestions:Build a positive association with strangers.Provide predictability during introductions to reduce Foxx's anxiety.2. Understanding Canine Body Language & SafetyRecognize subtle cues like ear positions and stiffness to assess comfort levels.Respond promptly to signs of discomfort to ensure Foxx feels heard and supported.3. Emotional RegulationAvoid pushing Foxx beyond his threshold to prevent aggressive reactions.Use tools like harnesses and food magnets to create safe, positive interactions.Confidence-building exercises, such as nose work with snuffle mats, can improve his emotional state.4. Muzzle TrainingIntroduce the muzzle slowly, starting with it being near Foxx during feeding.Use the “Touch” cue to help Foxx voluntarily interact with the muzzle.Go at Foxx's pace, ensuring the process is positive and respectful of his agency.5. Addressing Anxiety and Building ConfidenceIdentify possible triggers (e.g., sudden movements, large objects).Help Foxx feel safer and more optimistic around strangers to shift his emotional state.6. Enrichment ActivitiesUse snuffle mats, lick mats, and frozen treats for mental stimulation.Add variety with Kongs or Toppls to keep him engaged.7. Training StrategiesUse a snuffle mat to make Foxx comfortable with visitors.Incorporate a clicker during walks when people approach (consider trainer guidance).Create a “safe space” for Foxx during visits where he can retreat as needed.Next StepsLet me know how things go! I strongly suggest creating a training plan to support Foxx and helping him be more confident while desensitizing him to strangers with the help of a positive reinforcement dog trainer. If you’d like me to help with this, you can book an In-Home Assessment on www.LoyalPawrenting.pet:Steps:Select Book Now → First, Let’s Meet → Step 2: In-Home Assessment.The 1.5-hour session will include a relationship assessment and a personalized training plan.Please don’t hesitate to reach out with any questions or updates. I’m here to help!Thank you! ",Trainer Notes,1/24/2025,11:53 AM
319,Daily Observations,A0057489230,"1/25/2025 Barrier Reactivity, when told down does display all four on the floor but goes back to BR quickly",Staff Observation,1/25/2025,09:31 AM
320,Daily Observations,A0057257626,"1/26/2025 Barrier reactive, whale eye, ok body language, some curiosity in sniffing me",Staff Observation,1/26/2025,10:34 AM
321,Intake,A0056545695,1/26/2025 easily handled,Staff Observation,1/26/2025,02:11 PM
322,Daily Observations,A0057609567,"1/28/2025 Salivating and barking so much he is foaming at the mouth. Very tight and visibly distressed stress panting, wide/blood shot eyes. Jumping obsessively on the walls in the corner of the kennel. Will approach the gate briefly before returning to jumping into the corner of the wall and barking. High FAS/OA observed. ",Staff Observation,1/28/2025,11:09 AM
323,Daily Observations,A0057301164,1/28/2025 Hates being sick. Lots of frustration barking. Needs a break!,Staff Observation,1/28/2025,06:28 PM
324,Intake,A0057749805,1/30/2025 easily handled while in intake and during exam,Staff Observation,1/30/2025,02:55 PM
325,Intake,A0057747654,"1/31/2025 easily handledhigh energy, constantly jumping/whining, can be a bit mouthy, muzzled for precautionconstant jumpinghyperactive",Staff Observation,1/31/2025,12:49 PM
326,Write Up,A0056096120,"2/1/2025 I was attempting to leash Kumar from the intake kennel to move him to the floor. but he had leashes hanging off of his harness that community support was unable to retrieve due to behavior. I was able to leash him & bring him to the exam room to remove the harness, but as I slowly reached to unbuckle it, he attempted to bite. I stepped back & gave him a minute then I was able to remove it. Then as I attempted to leash him again he snarled & snapped. I then had to catchpole him & he was moved to 200. ",Staff Observation,2/1/2025,09:54 AM
327,Focus Group,A0056311137,"2/2/2025 Very wiggly at the gate. Easily leashed and retrieved. Easy on leash. Most likely potty trained. Happily accepted all the affection/pets from multiple kennel workers. Loves being in the office. Toss treats, will chomp. Treat motivated. Knows ""sit"". Enjoys toys and lounging around. Grunts when she's happy, eating, and playing. Does not react walking past other dogs in the kennel. Easily re-kenneled/unleashed. ",Staff Observation,2/2/2025,09:25 AM
328,Daily Observations,A0057747654,"2/2/2025 Approached kennel, she low growled, hackles went up. Opened kennel door and she slowly approached me, licked hand, slow wag of the tail and then backed away. Level to SF",Staff Observation,2/2/2025,09:34 AM
329,Focus Group,A0056096120,"2/2/2025 Shaking in his kennel, quickly became very excited to see me. Sat and easily allowed me to leash him. No problems unclipping his harness, not big fan of taking it off his head, done without issue. Big puppy energy and a bit jumpy/ mouthy at times, will calm down and take treats gently. Enjoys affection. Likes toys, no resource guarding seen. Easily re-kenneled and unleashed without issues. ",Staff Observation,2/2/2025,10:41 AM
330,Intake,A0053617955,2/2/2025 easily handled in the kennel and during the intake exam. High energy,Staff Observation,2/2/2025,01:34 PM
331,Intake,A0057774743,2/2/2025 easily handled in the kennel and during the intake exam. Doesn't like needles. ,Staff Observation,2/2/2025,04:15 PM
332,General Information,A0057489230,"2/2/2025 when cleaning the kennel next to hers, she jumped up on the wall and displayed loose body language. i initiated play through the kennel and was reciprocated by her. takes treats nicely through the kennel door. allowed muzzle pets through bars. ",Staff Observation,2/2/2025,10:05 PM
333,Daily Observations,A0057301164,2/3/2025 He's been bouncing around a ton. His paws are a bit raw and starting to bleed. Loosing his marbles during quarantine. ,Staff Observation,2/3/2025,12:42 PM
334,Write Up,A0057252718,"2/3/2025 Began todays interaction by letting her use the bathroom and wear some energy out. I then walked her through featured and the flex cells to assess body language and responsiveness to correction. In front of the flex door of Sarge and Marco, while they jumped and barked at the door, her shoulder hackles raised and she began to growl and bark, ears back and tail stiff/straight behind her. We took a moment to decompress down the hall before coming back. She kept her attention on me this time and sat with ears forward and a broad-sweeping tail while Sarge and Marco continued to bark. She did not display any of the tense body language/growling when passing by kennels of dogs who did not bark at her. She listened to correction, ""No ma'am. Sit."" when I intervened as she began to put her ears back and pull at the leash, before she got to the point of growling, and she would hold the sit and keep her focus on me, ears forward and broad wags, as they continued to bark. She did not redirect to me when I corrected her at any point.",Staff Observation,2/3/2025,02:34 PM
335,Write Up,A0057161815,"2/3/2025 Moved Bellini for a swap. Bellini was confident and excited at the kennel. Slightly too fast for me to leash properly but once on the leash he remained confident as he was moved. Leveling to L1, no longer displaying timid/SF behaviors.",Staff Observation,2/3/2025,02:46 PM
336,Intake,A0057776766,"2/3/2025 Very nervous and unsure, Very scared but sweet easily handled in the kennel and during the intake exam. Muzzled out of precaution",Staff Observation,2/3/2025,05:37 PM
337,Write Up,A0057303592,"2/3/2025 Increasing OA behavior tendencies. Scratching on my pants, mouthy on my forearms, difficult to leash, difficult to redirect.",In Shelter Volunteer Observation,2/3/2025,05:52 PM
338,Write Up,A0057303592,2/4/2025 Had to move to an in/outdoor run. Was trying to lift the guillotine.,Staff Observation,2/4/2025,01:03 PM
339,Focus Group,A0057489230,"2/4/2025 BR, takes treats gently. Very stressed, red eyes. No issues leashing and retrieving. Enjoyed zoomies in the play yard. Leans in and accepting of pets all over. Dog friendly, will need slow proper intros, under socialized-rough and rowdy. Pacing and panting in the office, eventually settling in a sploot. Knows ""sit"". No issues re-kenneling. ",Staff Observation,2/4/2025,01:19 PM
340,Intake,A0057782104,2/4/2025 nervous in the kennel otherwise easily handled while in intake easily handled opened up once in the exam room during exam,Staff Observation,2/4/2025,01:21 PM
341,Focus Group,A0057500056,"2/4/2025 A little shy, opens up quickly and is very affectionate, super cuddler. SF with strangers. Treat motivated. Playful. Very dog friendly, wiggly, picks up on cues from other dogs. No issues re-kenneling. ",Staff Observation,2/4/2025,05:22 PM
342,Intake,A0057072729,2/5/2025 easily handled,Staff Observation,2/5/2025,05:27 PM
343,Intake,A0057801258,2/6/2025 easily handled while in intake and during exam ,Staff Observation,2/6/2025,05:51 PM
344,Intake,A0057809416,2/7/2025 easily handled ,Staff Observation,2/7/2025,05:06 PM
345,Intake,A0057806990,2/7/2025 easily handled,Staff Observation,2/7/2025,06:42 PM
346,Intake,A0057813433,"2/8/2025 doesn't walk on leash very well. shy & very nervous. during exam, he was very sweet & easily handled. just scaredurination from fear",Staff Observation,2/8/2025,05:47 PM
347,Intake,A0057820720,"2/10/2025 very nervous, shaking but otherwise easily handledeasily handled in exam roomsigns of stress/feartense muscleshiding",Staff Observation,2/10/2025,01:21 PM
348,Daily Observations,A0057782104,2/11/2025 Declining QOL,Staff Observation,2/11/2025,12:35 PM
349,Intake,A0057821053,"2/11/2025 growling, snarling, hiding in corner of kennelcatch-poled and partialed due to behaviorsigns of stress/feartense musclesfrozen/stuck in placehidinggrowlinghard staringlifting lip/showing teethwhale eye",Staff Observation,2/11/2025,02:49 PM
350,Focus Group,A0057512818,"2/11/2025 Met another pup through the fence with loose body language.  Brought into the play yard with another pup, was a bit stiff but loosened up a bit and attempted mounting several times.  Needs Neuter, Rec MG",Staff Observation,2/11/2025,07:45 PM
351,Intake,A0057824667,2/12/2025 needs encouragement to walk. will take a few steps then pancakecompletely frozen and wouldnt move during exam but still easily handledsigns of stress/feartense musclesurination/defacationfrozen/stuck in place,Staff Observation,2/12/2025,05:38 PM
352,Intake,A0057820399,2/13/2025 easily handled while in intake and during exam,Staff Observation,2/13/2025,04:58 PM
353,Intake,A0057324738,2/14/2025 easily handled while in intake and during exam ,Staff Observation,2/14/2025,01:47 PM
354,Write Up,A0057821053,"2/16/2025 interacted with him on 02/14. cautious when i approached, displayed a lowered head and low slow wagging tail but took treats as i tossed them into his kennel. when i attempted to offer treats from my hand he froze and growled.  while working in 200 today he displayed loose body language and stood at the front of his kennel soliciting attention. took treats from my hand. mari was able to leash him and place him in the courtyard without issue. he jumped up on her and allowed her to pet his face. once left in yard he began digging at the turf and trying to lift the gate latch. ashley then removed him from the yard and placed him back in his kennel without issue.  leveling down to L3-SF",Staff Observation,2/16/2025,09:21 PM
355,Write Up,A0056311146,"2/16/2025 when removing him from his kennel he wants something to carry (he initially took my leash but i was able to replace it with a stuffed toy easily) and then walks well on leash while holding the toy in his mouth. got him to engage in a game of tug of war, he is very gentle and was only slightly pulling on the toy. as the toy was held in the air for him to grab, he would follow it but then appeared to lose sight of it despite it being in front of his face? today he was given a bath and as he walked to the salon he jumped up to solicit attention from shelby. he nibbled at her hands thinking she had a treat. he did very well tolerating the bath. had a buildup of poop on his chest, was tolerant as i picked it off. plando (having never met libra before) roughly towel dried him and picked him up from the tub, libra continued to wag his tail the entire time. once back in his kennel he immediately began jumping non stop. i offered him a few different toys and he would go back and forth between the toys.  removing SF from his level. ",Staff Observation,2/16/2025,10:13 PM
356,Write Up,A0057824667,"2/16/2025 will not walk. kennel staff had to carry him from the exterior portion of his kennel to the interior portion. was tolerant of being carried, staff then lifted his front legs so i could look at his stomach and he allowed me to manipulate his foot to look at his dew claws. ",Staff Observation,2/16/2025,10:30 PM
357,Daily Observations,A0057821053,"2/17/2025 Interaction through kennel door. Stood up and stepped towards door with soft face, ears alert, and soft/inquisitive eyes. He sniffed my hand a few times. I stepped back to write a note and did demand bark while pawing once at kennel grate. Loose body, slow loose tail wag",Staff Observation,2/17/2025,10:22 AM
358,Write Up,A0057821053,"2/17/2025 Past days I have offered treats, which he took gently. Yesterday 2/16, I was able to leash him without using treats as motivation and successfully walked him into the courtyard. While in the courtyard, he jumped up on me and I was able to pet him. I was able to redirect him back onto the ground to which he gave no reaction.  After removing the leash, he performed a play bow. Staff reported that during his  time outside,  he began digging at the turf. He was leashed and re-kenneled without issue. Based on progress staying at an L3 SF.",Staff Observation,2/17/2025,01:11 PM
359,Daily Observations,A0057747654,2/17/2025 possible fear biter  ,Staff Observation,2/17/2025,03:14 PM
360,Daily Observations,A0057512818,2/17/2025 Very BR. Showing teeth. Slamming into door.,Staff Observation,2/17/2025,03:25 PM
361,Write Up,A0057072729,2/17/2025 Right out of the kennel he started jumping up biting onto the leash getting close to hands. Once outside he began jumping on me and potential adopters being very mouthy with them. He kept persisting to a point that I could feel a lot of pressure in his mouthiness and his quick bites causing bruising. He multiple times grabbed my sleeve and shook his head around like dogs do with toys. It reached a point that I began to get worried he wouldn't stop and was going to break skin. ,Staff Observation,2/17/2025,06:32 PM
362,Write Up,A0057324738,2/18/2025 Multiple volunteers tried to get out of his kennel- he barked and backed up. Wouldn’t let you even open the kennel door to leash him. Recommending L2 SD L2-SD,In Shelter Volunteer Observation,2/18/2025,10:47 AM
363,Focus Group,A0057821053,"2/18/2025 Leashed without issue. Nervous of loud noises out in the play yard. Settled after several minutes becoming playful and affectionate. Very smart, knows paw and sit and can alternate paws. Loose and wiggly when Simba entered the play yard, play bowing. Both dogs enjoyed playing and were respectful of space. ",Staff Observation,2/18/2025,12:05 PM
364,Focus Group,A0057747654,"2/18/2025 unable to focus group, in foster home-------possible fear biter  ",Staff Observation,2/18/2025,03:14 PM
365,Intake,A0057873243,"2/19/2025 Easily handled in intake and had to be netted for exam because of hissing, biting",Staff Observation,2/19/2025,02:41 PM
366,Intake,A0057867271,2/19/2025 easily handled. muzzled for precaution,Staff Observation,2/19/2025,04:05 PM
367,Intake,A0057877022,2/19/2025 Easily handled both in the kennel and during the exam. Very sweet girl!!,Staff Observation,2/19/2025,06:03 PM
368,Intake,A0057885171,"2/21/2025 Hackles raised when being leashed from kennel with low tail wags. Go VERY slow, extremely nervous/unsure, showing signs of stress/fear, startles easily, tense muscles.Once in exam room she opened up a bit with treats but snatches them quickly so be cautious giving treats. She was trembling with hackles raised but still with low tail wags. We were able to place a muzzle on to complete vaccines, but she started to become extremely aggressive with the muzzle on & was muzzle punching my legs attempting to bite. She was then placed in 200 as Staff Only as precaution. May improve over time.  ",Staff Observation,2/21/2025,04:22 PM
369,Focus Group,A0053293515,"2/21/2025 Older, low energy, treat motivated, solicits for attention, loves his Kuranda bed",Staff Observation,2/21/2025,05:27 PM
370,Daily Observations,A0057877022,"2/23/2025 Interacted through outdoor kennel. Was at the front of the kennel, soft squinty eyes. Sniffed my hand, had a loose body with soft middle wags and stood on the kennel door. ",Staff Observation,2/23/2025,09:38 AM
371,Daily Observations,A0057806990,"2/25/2025 Extreme kennel stress. Pacing the kennel back and forth, trying to climb the walls and trying to fight neighbor through the glass. ",Staff Observation,2/25/2025,08:58 AM
372,Daily Observations,A0057656410,2/25/2025 Extreme kennel stress-- painting kennel every morning.,Staff Observation,2/25/2025,09:00 AM
373,Intake,A0057901651,2/25/2025 easily handled while in intake and during exam,Staff Observation,2/25/2025,11:59 AM
374,Focus Group,A0057885171,"2/25/2025 Easily handled. Go slow, Shy/fearful. Solicits lots of attention/affection. Very sweet girl. ",Staff Observation,2/25/2025,04:01 PM
375,Focus Group,A0057867271,"2/25/2025 No BR seen. Easy in and out of her kennel. Did well meeting Lil Koozie in the play yard, but eventually got over aroused and wanted to mount him. Spay and re-test.",Staff Observation,2/25/2025,04:02 PM
376,Intake,A0057910867,2/26/2025 A little shy in kennel. Low tail wags and slowly walked out. Was very friendly and easily handled in the exam room. ,Staff Observation,2/26/2025,01:05 PM
377,Intake,A0057918810,"2/28/2025 Frozen in kennel, hard staring, showing signs of stress/fear, growling, tense muscles, whale eye. Cannot be handled.Partial intake completed on catchpole due to behavior. ",Staff Observation,2/28/2025,01:36 PM
378,Write Up,A0057442724,"2/28/2025 Observed Keving LB and kennel tech dropped the leash, Kevin took off running as soon as handler tried to leash Kevin would bite the leash.  Was able to assist with re-kenneling using treats.  Poop painting in kennel RE: L2-OA/LB",Staff Observation,2/28/2025,03:52 PM
379,Write Up,A0057656410,"3/1/2025 kennel staff attempted to remove her from her kennel and stated that magenta busted out and immediately attempted to bite her arm. i approached to leash and when shown the leash in her kennel she did not react. leashed with ease but once out of her kennel she jumped up and bit my arm (no puncture or bruising). i offered a leash correction and she did not attempt again. walked her outside without issue and was able to be in yard and interact with her in a separate courtyard before bringing her to playgroup.  leveling up to L2-JM, behavior can quickly be deterred but needs consistent kennel routine. will be adding to playgroup as often as possible. ",Staff Observation,3/1/2025,09:57 AM
380,Intake,A0057938358,3/1/2025 easily handled in the kennel and during the intake exam. ,Staff Observation,3/1/2025,02:18 PM
381,Write Up,A0057776766,"3/2/2025 low energy and quiet in kennel. when approached he maintains neutral body language, takes treats (snappily) and wags his tail when spoken to. ",Staff Observation,3/2/2025,11:55 AM
382,Intake,A0057942396,3/2/2025 Easily handled both in the kennel and during the exam.,Staff Observation,3/2/2025,01:08 PM
383,Intake,A0057945065,3/3/2025 easily handled in the kennel and during the intake exam. ,Staff Observation,3/3/2025,01:14 PM
384,Intake,A0057471755,3/3/2025 Easily handled in intake and exam,Staff Observation,3/3/2025,05:09 PM
385,Daily Observations,A0057442724,3/4/2025 Very Kennel stressed! Poop painting daily,Staff Observation,3/4/2025,08:47 AM
386,Intake,A0057949305,"3/4/2025 Nervous in the kennel because of all of the barking, but once out he opened up and was easily handled. Was easily handled during the exam.",Staff Observation,3/4/2025,10:49 AM
387,Intake,A0057949234,"3/4/2025 A little nervous in the kennel, but if you move slowly, she is easily handled. A bit growly towards men but still easily handled. Warmed up by the end of the exam.",Staff Observation,3/4/2025,11:01 AM
388,Intake,A0057949256,3/4/2025 Easily handled both in the kennel and during the exam.,Staff Observation,3/4/2025,11:08 AM
389,General Information,A0057442724,3/4/2025 Took Kevin out to play in the barn! He enjoyed playing with the herding ball and chewing on stuffies. Kevin absolutely loves stuffies and will just hang out with one in his mouth. After some time running around he sat down under the gazebo and cuddled with the stuffies. His energy completely shifted from in the kennel to being able to be outside and he stopped exhibiting any signs of stress! He loves being patted on his booty and will always accept pets and treats. ,Staff Observation,3/4/2025,01:14 PM
390,Intake,A0057949368,3/4/2025 scared and snapped when leashed once outside of the kennel he did fine while in intake signs of stress/fear easily handled during exam ,Staff Observation,3/4/2025,01:15 PM
391,Intake,A0057949290,3/4/2025 easily handled while in intake and during exam,Staff Observation,3/4/2025,01:38 PM
392,Intake,A0057949359,3/4/2025 may be BR barks at gate was housed with Darla and may have been feeding off each other alarm barking while in intake needed a while to warm up in exam room muzzled for precaution does not like restraint signs of stress/fear tense muscles frigid whale eye during exam,Staff Observation,3/4/2025,01:53 PM
393,Intake,A0057949341,3/4/2025 easily handled while in intake and during exam,Staff Observation,3/4/2025,02:16 PM
394,Intake,A0057949322,3/4/2025 easily handled while in intake and during exam,Staff Observation,3/4/2025,02:29 PM
395,Phone Consult,A0057510470,"3/4/2025 Google doc:https://docs.google.com/document/d/12VRZbec5PdplO1XKaDgVG3t8xgSpf__i1z994XBE-vg/edit?usp=sharingPrimary Presenting Issues:Separation AnxietyReactivity to other dogsReactivity to strange menBackground/History:Two year old, 56 lbs, spayed maleTrazodone 100mg 2 tablets, once ever 12 hrs. Theo has been with Nelly for two monthsAverage of 4-5 hrs home alone (without human companionship)Knows sit, lay down, stay, waitTheo seems to do better with strange males in his own house compared to other environments. Nelly described some interactions with other dogs but it’s hard for me to tell if Theo was being playful or aggressive without video of it. For the moment I have asked Nelly to stop dog-to-dog interactions until Theo has some more skills and feels more confident. I am referring Nelly to Malena DeMartini website for separation anxiety help with a licenced professional. Primary Care Veterinarian: LifeLine Animal Shelter Veterinarian Food/Feeding Schedule: Daily Fresh 3 cups a day, 7am, 1pm, 7pm.Medical Issues:No known medical issuesExercise:Out for potty 5 times a day10-15 min walk three times a day30 min walk 1-2 times a dayFetch and walking around the yard 2-3 times a dayTraining:No known formal training historyEquipment:Body harness6 ft leashRecommendations:It is incredibly important to manage Theo’s environment so that he does not get a chance to rehearse the undesirable behaviors. If you see that he has already spotted an other dog approaching, move the other way to gain some distance from the other dog. It’s important to not prompt Theo to perform a cue that he is not ready to perform or has not practice under those circumstances. Remember, practice makes perfect. Practice all the suggested behaviors in different situations and environments where Theo is successful. Slowly practice outdoors as Theo’s confidence increases and starts to offer unprompted check-ins. Practice scenarios that you have experienced in the past without the distraction. Work on distance, distraction and duration as three separate levels of difficulty. See below a list of activities you can do to help Theo with his reactivity and also to meet strangers.Confidence:Sniffing GamesFind it! This is a great game to play encouraging your dog to find a treat (or toy if he has a favorite toy). Show your dog a treat or his favorite toy, and then place it out of his sight but easily accessible. Tell him to “Find it!”. Once he finds it praise enthusiastically. You can start to increase the difficulty of the game by turning off the lights, adding more treats, using boxes or even hiding treats in less conventional places like inside of a shoe. The rewards for the dog are multiple- he gets a treat or finds his toy plus a very happy handler. If issuing a toy, be sure to reward his find with some play before starting again. When multiple treats or toys are used, this particular game helps to build persistence and trust in the handler. The dog may initially find only 2 out of 3 treats, but he quickly discovers that persistence in searching when you give the “Find it!” cue pays off. He learns to believe you - there really is another one there! FreeworkIntroduction to FreeworkPlace snuffle mats and licky mats around an rea of your hours and load them with treats, yogurt, peanut butter, etc… Let your dog go in and explore the area while enjoying the amazing treats you set out for him. Don’t give him big pieces, this activity is more about the journey of finding the treats. Try using small crumbs so encourage more sniffing. You can also use your dog’s kibble for this. This game allows your dog to freely go in an area and explore. You can also do the same set-up outdoors to encourage him to sniff in situations where he might want to bark otherwise. Scatter FeedScatter Feeding Dogs: A Step-by-Step Guide To Our Favourite Calm Enrichment Activity!Why scatter feeding is beneficial for dogsScatter feeding provides a way for Theo to use his nose and calm down. You can use the same cue as “Find it!”. Do this in your back yard or even Sniffspots! Consent TestPetting Consent Tests movieParticing this form of consent testing will help Theo have some predictability when meeting strangers. Knowing that he wont be petted unless requested can be very empowering for dogs. When Theo meets strangers, please encourage your visitors to not do strong eye contact or talk to Theo at least initially. Let Theo do some freework or scatter feet for some minutes while he is adjusting to the presence of the new visitor. Communication:Teach Unprompted Attention/Auto Check-InAuto Check-In.pdfI am attaching a handout on how to do this but here is a short course on how to teach it with some demo videos: https://suzanneclothier.com/shop/autocheckin/This is very similar to the “Look at me” cue with the difference that it’s coming from the inside out where the dog is voluntarily offering attention. Puppy Politeness PokerPractice Puppy Politeness Poker by creating a list of reliable cues Theo will enthusiastically perform. Also create a list of real-life rewards that he will work for (meal time, access to a snuffle mat, opening a door, etc). Utilize those cues to give him explicit permission to access something he wants and change it up every time. This will teach Theo to slow down, listen to your request and work for what he wants. Teaches impulse control, attention and it polishes the communication between you and him. You can learn more about this concept by watching this free webinar: https://suzanneclothier.com/member_video_library/puppy-politeness-poker-webinar/Training:Teaching TouchTouch.pdfOnce Theo is able to give a “Touch” when cued in different situations, you can start using this cue during walks when you see that he spots an other dog and want to prevent him from reacting. You might need to use smellier rewards in the beginning. Practice WaitI don’t have a hand-out for wait but it sounds like Theo already knows this behavior and he just need to practice. Start small with baby steps. Take one step at a time to build distance. Once you are able to ask Theo to wait and go to a different room you can start working on duration. Once Theo is able to wait for a longer period of time you can throw in distractions like maybe closing a door and then opening it. The more you practice this, the easier it will be for him once you take it outside and introduce it in the stairs. Remember to start out with baby steps, even through Theo already has mastered “Wait” with distance, duration and distractions in-doors, you still want to start with just one step outdoors. Management:Teach 1-2-3 Treat! https://www.youtube.com/watch?v=ui6dWBDdDScI wasn’t able to find any great videos of this (I should make my own lol) but basically you condition your dog to expect a treat when they hear the word “three”. If you practice this in-doors with no distractions, you eventually will be abe to do this outdoors. When you see another dog coming then you can perform the pattern that Theo already knows and he will prefer to be next to you waiting for the treat instead of reacting to the other dog. Emergency “U” turnTeaching an Emergency U Turn Portland Dog Training/ Teach an Emergency U-Turn for your Reactive Dog/ Noble Woof Dog TrainingTeaching Theo an Emergency “U” turn will help you get out of situations where he is likely to react. By practicing this, you will be able to prevent him from practicing the undesirable behavior. Scatter FeedAfter Theo has had a lot of practice with the “Find it” cue, you can do a scatter feed during walks when you see there is a dog approaching on the opposite site of the street. Please be mindful that this would be done if you are sure that the other dog is not walking towards you or wont approach you. This is meant as a management technique to prevent him from reacting to an other dog and rehearse the undesirable behavior. TouchOnce Theo learns touch, you can also do this to basically step aside and call him over buy asking him to touch. This will allow you to position him an a way where he is not facing the other dog approaching and will buy you some time while the other dog finishes crossing. Follow up:I recommend booking an in-person appointment to work on counter conditioning and desensitizing Theo to other dogs during walks and address reactivity issues. Additionally we can work practicing polite greetings with strangers. To book your next in-person appointment please visit https://loyalpawrenting.pet/ → Book Now → First Let’s Meet → Step 2: In-Home Assessment.During this 1.5 hr visit, we will work on creating a customized training, enrichment and management plan to set up Theo for success. We will also perform a Relationship Assessment Test to determine behavior patterns in your relationship with Theo. If you are interested in self-paced training I recommend taking the following course by Victoria Stillwell: https://positively.com/learning/course/help-stop-reactivity ",Trainer Notes,3/4/2025,04:23 PM
396,Daily Observations,A0057949305,"3/5/2025 Noted behavior when placed in 135 and day after during AM feeding. When shown my hand through the cage, began barking and raising hackles at me. I placed his AM bowl in the cage. He stopped barking/growling once door was opened. I presented my hand again. He sniffed when alert ears, slight hackles raised but did not interact. May be BR. Will continue to monitor",Staff Observation,3/5/2025,10:37 AM
397,Intake,A0057801258,3/5/2025 easily handled,Staff Observation,3/5/2025,05:28 PM
398,Write Up,A0057918810,3/6/2025 Often do drive by treats in 200. 3/8 morning presented at the front of the kennel with loose body language and a wagging tail. 3/8 evening displayed the same behaviors . I knelt down and offered him to smell my hand to which he licked it. I opened the kennel door and he approached the opening and allowed  pets. No reaction to  petting his snout or ears. I was able to remove his collar without a problem. Will attempt to leash this week.Collar has been placed upfront in bin with kennel card attached.,Staff Observation,3/6/2025,03:22 AM
399,Intake,A0057969563,3/7/2025 easily handled while in intake and during exam,Staff Observation,3/7/2025,03:52 PM
400,Intake,A0057969626,3/7/2025 easily handled while in intake and during exam,Staff Observation,3/7/2025,05:51 PM
401,Request Level Change (Down),A0057324738,"3/8/2025 Animal Care Staff K.Carter request level change Ace is able to be leashed. Does not cower in kennel, approaches the front of the kennel with loose body language and a wagging tail. RE: 3/19/25 Cancelled Test, DOG left shelter SP",Leveling,3/8/2025,01:01 PM
402,Daily Observations,A0057885171,"3/9/2025 Behavior noted while in kennel. Approached Rami during rounds, she immediately came up to the door and began barking, standing on kennel door.",Staff Observation,3/9/2025,09:24 AM
403,Write Up,A0057656410,"3/9/2025 Very mouthy. Repeatedly went for my arms while leashing. Did not break skin, but did leave a bruise. She is very sweet once she calms down, but be cautious with the initial leashing. ",Staff Observation,3/9/2025,03:09 PM
404,Write Up,A0057639779,3/9/2025 Walked by Betty Lou's kennel and she had her head hanging down staring at the floor. When I approached she looked up and became loose and wiggly. You can tell she is not feeling good but keep putting her head and side up against the bars soliciting pets and did some big stretches with lots of tail wags. Very sweet. Definitely not feeling well at all. ,Staff Observation,3/9/2025,05:41 PM
405,Write Up,A0057656410,3/10/2025 Lauren mentioned Magenta as L3-JM when interacting with a DFTD. Leveling up to L3,Staff Observation,3/10/2025,10:48 AM
406,Daily Observations,A0057945065,"3/11/2025 Assisted clinic with checkup for Berney. Came out of the kennel easily, was leashed with no issues. Did tend to pull a little and also marked the entire way to the clinic. Was easily muzzled as well, no aggression but did try to step on the muzzle to remove it. After a few seconds he stopped. I was able to hold and restrain him for an ultrasound with the vet.Only other noticeable issues were his reactivity to a few dogs in clinic; he noticed dogs in shorelines and did approach the cages, raised his hackles and became stiff but disengaged without any other behaviors seen.",Staff Observation,3/11/2025,10:35 AM
407,Intake,A0057985936,3/11/2025 easily handled in the kennel and during the intake exam. ,Staff Observation,3/11/2025,03:17 PM
408,Intake,A0057985953,3/11/2025 easily handled,Staff Observation,3/11/2025,03:45 PM
409,Focus Group,A0057918810,"3/11/2025 No issues leashing. Very anxious, pacing the yard. Initially skeptical of us, we both crouched down leaned against the fence, and he slowly approached. Go slow, he will quickly open up, playful and leaning in for pets.  Dog tested with Pringoso, needs to be neutered, but overall did well, approaching and sniffing, wanted to mount him at times. Recommending slow intros and neuter . No issues re-kenneling.                ",Staff Observation,3/11/2025,05:12 PM
410,General Information,A0057985953,3/12/2025 Observed Low growling and flagged tail when approached. Warmed up rather quickly after sitting next to kennel for a few.,Staff Observation,3/12/2025,09:16 AM
411,Intake,A0057999103,3/12/2025 easily handled,Staff Observation,3/12/2025,04:18 PM
412,Write Up,A0056311133,"3/12/2025 Submitting releveling request. Cancer was easy to leash, walk, and demonstrated no OA behaviors in the play yard. He was calm and kept all four on the floor. His arousal/anxiety increased a little when we went to go back inside, but suspect this was due to our not giving him much interaction/affection time. Once he received some affection, he went back in easily. Another volunteer note also mentioned a recent lack of OA.-VOL",In Shelter Volunteer Observation,3/12/2025,04:40 PM
413,Intake,A0058000573,3/13/2025 barks at the gate leash couldn't be removed charges gate while in intake partial during exam,Staff Observation,3/13/2025,04:52 PM
414,Intake,A0058006328,3/14/2025 a little jumpy go slow easily handled while in intake and during exam,Staff Observation,3/14/2025,02:28 PM
415,Intake,A0058006377,3/14/2025 a little nervous and unsure but warms up and is easily handled ,Staff Observation,3/14/2025,02:35 PM
416,Intake,A0055025441,3/14/2025 easily handled while in intake and during exam,Staff Observation,3/14/2025,06:05 PM
417,Daily Observations,A0057425727,"3/15/2025 Observed panting, pacing and poop painting. Req traz.",Staff Observation,3/15/2025,10:13 AM
418,Daily Observations,A0056311133,"3/15/2025 Cancer was very excited to see me as I came to get him for an assessment.  He had a hard time keeping all feet on the floor and kept jumping at the gate.  After a while he settled a little bit lower to the ground when I stooped down to put my hand near the bars but I had gloves on and he kept pulling at them.  When I could finally go in to leash him he was very JM.  I do not feel like he is ready to be leveled down at this point because of his over arousal.  What he needs is time each morning to run in the yard with a staff member and to get out some excess energy and then be assessed again in a couple of days.  He is friendly, but my whole body is scratched up just because it was hard to get him to focus today.  We will get him on a plan for exercise. -CW",Staff Observation,3/15/2025,12:35 PM
419,Daily Observations,A0056262476,"3/16/2025 Noted behavior on rounds. Routinely very quiet in run, secluded to corner or front of gate and laying down curled up. Does not stand when someone approaches, looks up without moving head much. Shut down.",Staff Observation,3/16/2025,09:36 AM
420,Intake,A0057500056,3/16/2025 easily handled. ,Staff Observation,3/16/2025,05:02 PM
421,Intake,A0058025499,3/17/2025 easily handled,Staff Observation,3/17/2025,01:06 PM
422,Daily Observations,A0057500056,3/18/2025 Approached Suzy at the run door. She had her tail tucked and was low growling but came up to the run door to sniff my hand. I think she is super confused as to why she us back. Need more decompression time back in the shelter environment. ,Staff Observation,3/18/2025,09:50 AM
423,Focus Group,A0057945065,"3/18/2025 Very wiggly at the gate. Easy in and out of his kennel. Interested in other dogs, wiggly at the gate. Likely potty trained. Very happy, affectionate boy, leaning in for pets. Very sick, constant cough. No issues seen.",Staff Observation,3/18/2025,11:10 AM
424,Daily Observations,A0057985936,3/18/2025 Belinda reports barrier reactivity. Leveling up to L2-BR,Staff Observation,3/18/2025,12:23 PM
425,Intake,A0058031872,3/18/2025 easily handled in kenneldoes not like being vetted. muzzled for precaution. ,Staff Observation,3/18/2025,03:06 PM
426,Intake,A0058029394,3/18/2025 easily handled,Staff Observation,3/18/2025,03:16 PM
427,Intake,A0058038278,3/19/2025 Easily handled in intake and exam.,Staff Observation,3/19/2025,02:24 PM
428,Intake,A0058036198,3/19/2025 Easily handled both in the kennel and during the exam. ,Staff Observation,3/19/2025,02:55 PM
429,Intake,A0058042308,3/20/2025 Snarling and lunging when kennel door is approached tries to bite cannot be handled. Catch poled and partial. HacklesAir snappingAlarm barkingGrowlingHard staringLifting lip/ Showing teethTrying to bite/Biting,Staff Observation,3/20/2025,03:00 PM
430,Write Up,A0057500056,"3/21/2025 Appears to be fearful, retreats to back of the run, crouched down on the floor, growling and showing teeth. ",Staff Observation,3/21/2025,08:37 AM
431,Write Up,A0058006377,"3/21/2025 Displaying extreme kennel stress and has only been here a few days.  Walking in loop pattern, non stop. ",Staff Observation,3/21/2025,08:42 AM
432,Intake,A0055909108,3/22/2025 easily handled in kennelvery hyperactive/high energy in exam room. still easily handled,Staff Observation,3/22/2025,01:14 PM
433,Write Up,A0055909108,3/23/2025 Level up to L2-BR due to reports from staff of her being barrier reactive with them.,Staff Observation,3/23/2025,09:24 AM
434,Request Level Change (Down),A0058000573,3/25/2025 Request: Your Name: LaneWhy are you requesting a level change? improved behavior Assessment:Assessor's Name: Lauren RFindings and Recommendation: was playful and recommend L2- OA/JM/BR Results:Manager's Name: Michelle HarmonNotes and determination: Wen to foster,Leveling,3/25/2025,07:30 AM
435,Write Up,A0055909108,"3/25/2025 Keke was helping rekennel Chi-Chi this morning. When she walked her inside the kennel and began unleashing her, Keke was nipped by Chi-chi that did not break skin. Kennel is separating the pair and placing Chi-Chi in another kennel. Leveling to L2-BR/JM",Staff Observation,3/25/2025,11:28 AM
436,Intake,A0057820399,3/25/2025 easily handled while in intake and during exam,Staff Observation,3/25/2025,01:12 PM
437,Focus Group,A0058000573,"3/25/2025 BR, dodged the leash before allowing and retrieving. He was very excited and happy to be out of his kennel. Immediately accepting of pets all over, kept a loose, wiggly body and lots of tail wags. Enjoys affection, playful, goofy, can get overstimulated and slightly mouthy, redirect with treats. Re-kenneled without issue. Rec. L2-BR/OA/JM",Staff Observation,3/25/2025,03:29 PM
438,Intake,A0058069967,3/25/2025 easily handled in kennelmuzzled for precaution during exam. does not like being vetted,Staff Observation,3/25/2025,04:25 PM
439,Focus Group,A0058042308,"3/25/2025 Difficult leashing, growled at May when she tried. Successfully leashed him while Emma held the leash and Lauren held a treat. Once in the play yard he was all puppy energy. Playful, cuddly, leaning in for pets, and soliciting all of the attention he could get. No issues re-kenneling.  Rec: L2-BR/H",Staff Observation,3/25/2025,05:00 PM
440,Request Level Change (Down),A0058042308,3/25/2025 Requesting L2-BR/H No change at this time. Went to foster home. MH,Leveling,3/25/2025,05:03 PM
441,Focus Group,A0057999103,"3/25/2025 Easy in and out of her kennel. Emma was able to pet all over, pick her up, and make loud noises without any issue. Dog tested with Elecktra. Cooky is dog friendly, Elecktra was not a fan. Cooky was removed from the play yard for her safety completely unphased by Elecktra. ",Staff Observation,3/25/2025,05:05 PM
442,Daily Observations,A0057500056,"3/26/2025 Behavior noted on morning rounds. Approached Suzy's door. Once she saw me, Suzy began lowering the front of her body/chest towards the ground and lifting her eyes up to watch me while barking. Wiggled around as I tried to talk to her and hold my hand up for sniffing. Did not approach, barking got more frequent the closer I got to the door. ",Staff Observation,3/26/2025,09:53 AM
443,Daily Observations,A0057471755,"3/26/2025 Behavior observed in kennel on morning rounds. Approached Jean at the gate. Jean began barking, jumping on the kennel door and pacing mildly. Wiggly body language when I acknowledged her, fast mid-height tail wags. May need to be releveled from SF?",Staff Observation,3/26/2025,10:00 AM
444,Intake,A0053300757,3/26/2025 easily handled in the kennel and during the intake exam ,Staff Observation,3/26/2025,03:15 PM
445,Intake,A0058069584,3/26/2025 whale eye and frozen in the kennel shows teeth and charges while alarm barking when approached. Partial on catch poleSigns of stress/fearalarm barkinghard staringlifting lip/showing teethfrigidwhale eye,Staff Observation,3/26/2025,03:32 PM
446,Intake,A0053591163,3/26/2025 Nervous can be a little growly go slow. muzzled out of precaution be careful when handing treats. Snatching treats. ,Staff Observation,3/26/2025,06:28 PM
447,Intake,A0058070653,3/27/2025 easily handled while in intake and during exam,Staff Observation,3/27/2025,12:12 PM
448,Daily Observations,A0058042308,"3/27/2025 Ghost can be stiff with people at the fence.  It depends on how he is approached.  Dodges the leash but very excitable once out.  Because of former notes and today's interactions, he can be leveled down but I'm putting him as SD because his reactions seem to change depending on the person. I do think new people need to approach him slower until he is comfortable. -CW",Staff Observation,3/27/2025,12:25 PM
449,Intake,A0053600299,3/28/2025 easily handled while in intake and during exam,Staff Observation,3/28/2025,02:40 PM
450,Intake,A0056878500,3/28/2025 easily handled,Staff Observation,3/28/2025,04:56 PM
451,Intake,A0058099467,3/29/2025 easily handled while in intake and during exam,Staff Observation,3/29/2025,02:11 PM
452,General Information,A0058069584,"3/29/2025 Barked twice when I walked up to the kennel. Fed her a treat and sat with her, gave me sniffs intermittently. Was super hesitant when I opened the kennel and held the leash out so I sat with her some more and let her sniff me before trying again. She withdrew to the corner of the kennel a couple of times but kept coming back and eventually let me leash her and get her into a yard. She sniffed around for a while before coming to me and soliciting pets and scratches. Let me remove her collar and re-kennel her with no problem. No change at this time. Went to foster home. MH",Staff Observation,3/29/2025,04:55 PM
453,Intake,A0058100843,3/29/2025 easily handled,Staff Observation,3/29/2025,05:36 PM
454,Intake,A0055806684,3/30/2025 easily handled,Staff Observation,3/30/2025,11:48 AM
455,Request Level Change (Down),A0058069584,"3/30/2025 req L2-SF. no handling issues, but is a bit timid/unsure upon initial interaction.  quiet in kennel, observant, avoidant. when i opened her guillotine she slowly crept around her bed to go outside. i offered a treat which she had no interest in. seeing no negative behavior i opted to leash her - avoided my first attempt to leash but the second time she allowed me to leash and walked confidently out of her kennel. in the yard she sniffed every inch of my feet/legs and displayed a slow/broad wagging tail. mostly stayed to her self but when she walked past me she’d stop to sniff and allow me to pet her head/butt. as i leashed her to go back inside she nudged the gate open like she owned the place, walked nicely on leash (just enough ahead of me to be the leader), and waited at her guillotine for me to remove my leash before going inside. smart girl No change at this time. Went to foster home. MH",Leveling,3/30/2025,01:30 PM
456,General Information,A0058042308,"3/30/2025 lisa jones took ghost out for a walk, had no issues handling him and even took him to get pictures with marie. when i approached he jumped up on me and solicited attention, taking treats nicely from my hand. will move onto the floor",Staff Observation,3/30/2025,02:38 PM
457,Intake,A0058104749,3/30/2025 easily handled,Staff Observation,3/30/2025,04:05 PM
458,Write Up,A0058000573,"3/30/2025 very treat motivated, took treats nicely from my hand and displayed loose body language throughout our interaction through the kennel door. was able to leash without issue but he is crazy high energy, busted out of his kennel and pulled very hard on leash. once in the yard he ran around, jumped up on me, and played with the toys/trash in the yard. didn't want to go back to his kennel but with treats he entered and allowed me to remove the leash without incident. ",Staff Observation,3/30/2025,05:21 PM
459,Request Level Change (Down),A0058069584,"3/31/2025 Easy in and out of her kennel. Walks very politely on leash. Leans in for pets, able to touch all over without issue. Very sweet and affectionate. Velcro dog. Knows commands, sit, paw, come. Gentle treat taker. Likely potty trained.  Recommending L2-SF3/31 LR No change at this time. Went to foster home. MH",Leveling,3/31/2025,03:50 PM
460,Write Up,A0058069584,"3/31/2025 Easy in and out of her kennel. Walks very politely on leash. Leans in for pets, able to touch all over without issue. Very sweet and affectionate. Velcro dog. Knows commands, sit, paw, come. Gentle treat taker. Likely potty trained. Recommending L2-SF3/31 LR",Staff Observation,3/31/2025,03:53 PM
461,Intake,A0058215215,3/31/2025 easily handled in the kennel and during the intake exam. High energy,Staff Observation,3/31/2025,05:10 PM
462,Intake,A0058214995,3/31/2025 easily handled in the kennel and during the intake exam. ,Staff Observation,3/31/2025,05:42 PM
463,Daily Observations,A0058069584,"4/1/2025 Millie is a sweet girl.  Takes treats gently from hand.  Sat at the door next to me.  No concerning postures. Easily leashed, does not pull.  Okay with head and butt touches- I did not try legs or feet.  Easily unleashed.  Seemed to really enjoy her walk and was eager to go when I first pulled out the lead. Leveling to L2-SF  -CW",Staff Observation,4/1/2025,01:23 PM
464,Intake,A0057411243,4/1/2025 easily handled while in intake and during exam,Staff Observation,4/1/2025,03:21 PM
465,Request Level Change (Down),A0058000573,4/2/2025 Request Level Down,Leveling,4/2/2025,02:01 PM
466,Intake,A0053623485,4/3/2025 Easily handled in intake and exam.,Staff Observation,4/3/2025,12:56 PM
467,Intake,A0058231619,4/3/2025 easily handled while in intake and during exam,Staff Observation,4/3/2025,03:01 PM
468,Request Level Change (Down),A0058042308,4/3/2025 Can this dog be reassessed as a request by Belinda. 4/3/25 No change at this time. Went to foster home. MH,Leveling,4/3/2025,04:24 PM
469,Intake,A0057478489,4/5/2025 easily handled while in intake and during exam,Staff Observation,4/5/2025,04:38 PM
470,Intake,A0058252089,4/6/2025 easily handled,Staff Observation,4/6/2025,03:18 PM
471,Intake,A0058240878,4/6/2025 easily handled,Staff Observation,4/6/2025,03:59 PM
472,Intake,A0058256042,4/7/2025 easily handled,Staff Observation,4/7/2025,12:48 PM
473,Intake,A0058256030,4/7/2025 easily handled,Staff Observation,4/7/2025,01:05 PM
474,Write Up,A0056311140,"4/8/2025 Leveling to L2 BR/OA due to kennel behavior. Spinning, jumping on walls, consistent barking at whoever is in front of kennel. Kennel stressed",Staff Observation,4/8/2025,09:46 AM
475,Intake,A0058262254,"4/8/2025 very nervous in intake kennel. tail tucked with hackles raised while walking to the exam room. once in exam room she seemed very distressed. may be separation anxiety from being away from the dog she arrived with (Khana - 58262262, possibly bonded). muzzled for precaution during exam.",Staff Observation,4/8/2025,03:42 PM
476,Focus Group,A0057938358,"4/8/2025 Easy in and out of his kennel. Very wiggly with people, soliciting lots of affection and attention. Stiff body with hackles up when entering the play yard with Kipper. Allowed Kipper to sniff him multiple times without issue. Over time Rocky was not as tense, but seemed to prefer his space. Kipper did not overstep his boundaries and coexisted in the yard with Rocky giving him his space.  Rec: Meet and Greet required.",Staff Observation,4/8/2025,04:24 PM
477,Write Up,A0058029394,"4/9/2025 todd stated he has been taking valentine out every day he works and she has done well on leash and in the yard. stated she is house broken and has displayed friendly behavior. yesterday when he replaced her in her kennel, she became reactive and lunged at the door after todd removed the leash from her. he stated he was unable to remove the food bowl from her kennel without her become reactive. submitting FG request- already on traz. ",Staff Observation,4/9/2025,07:22 AM
478,Intake,A0058272077,"4/9/2025 He was placed in a crate in 129 & was extremely hyper focused on attacking other dogs. Once he was moved to a run, he seemed to calm down a bit. Very reactive & aggressive behavior towards dogs passing by him. Slams into the kennel door & attempts to bite other dogs passing by. Redirection hazard. Needs behavior assessment, see case notes. Partial exam completed on catchpole. ",Staff Observation,4/9/2025,05:43 PM
479,Focus Group,A0058029394,4/10/2025 on court hold---see prev beh note - poss. needs additional enrichment/outdoor time or new kennel routine? ,Staff Observation,4/10/2025,07:24 AM
480,Request Level Change (Down),A0058215215,"4/10/2025 VOL W/U 4/8/25 - Took out for pictures, over aroused and jumpy. Very sweet though  RE: L2- OA/JM No change at this time. Went to foster home. MH",Leveling,4/10/2025,12:49 PM
481,Intake,A0057813433,4/12/2025 easily handled puppy energy,Staff Observation,4/12/2025,05:02 PM
482,Intake,A0058279327,"4/12/2025 VERY scared but sweet. Will not walk at all, only belly crawls. Showed no signs of aggression. Was able to get him outside briefly but he still only crawled along the ground. Opened up a little once in the play yard. Easily handled during exam",Staff Observation,4/12/2025,05:32 PM
483,Write Up,A0058038278,4/13/2025 Had to move to indoor/outdoor run due to guillotine fighting with the dog on A side. Licking and chewing walls.,Staff Observation,4/13/2025,04:19 PM
484,Focus Group,A0058272077,"4/15/2025 Super easy in and out of his kennel. Very wiggly and sweet. Immediately leaned in for pets. Knows commands. Very gentle, loves affection. Very tolerant for two attempts at a dog test with dogs that were extremely reactive toward him. Dog test inconclusive, needs a re-test. Rec: L1-H ",Staff Observation,4/15/2025,04:39 PM
485,Request Level Change (Down),A0058272077,"4/15/2025 Super easy in and out of his kennel. Very wiggly and sweet. Immediately leaned in for pets. Knows commands. Very gentle, loves affection. Very tolerant for two attempts at a dog test with dogs that were extremely reactive toward him. Dog test inconclusive, needs a re-test.Rec: L1-H Very easy to leash and unleash.  Did fine with body touches, taking treats, and walking outside of other dogs cages without incident.  Because of history and inconclusive dog tests he will be labeled L2-H/M&G No change at this time. Went to foster home. MH",Leveling,4/15/2025,04:47 PM
486,Intake,A0057224582,4/15/2025 easily handled,Staff Observation,4/15/2025,04:48 PM
487,Intake,A0058313508,4/16/2025 showing signs of stress/fear in intake kennel. needs encouragement to walk/come out of kennel. no aggression shown.easily handled during exam. ,Staff Observation,4/16/2025,01:38 PM
488,Intake,A0058308340,4/16/2025 Growling and snarling when kennel door is approached cannot be handled. Partial on catch pole HacklesAir snappingGrowlingHard staring Lifting lip/showing teethTrying to bite/biting,Staff Observation,4/16/2025,03:02 PM
489,Intake,A0058308340,"4/16/2025 Shaking walking slowly, opened up a bit, but still scared.",Staff Observation,4/16/2025,04:51 PM
490,Intake,A0058324717,4/17/2025 easily handled while in intake and during exam,Staff Observation,4/17/2025,02:56 PM
491,Intake,A0058316435,4/17/2025 easily handled while in intake and during exam,Staff Observation,4/17/2025,03:22 PM
492,Write Up,A0053591163,4/18/2025 fixating on the corner of his kennel trying to get at jean who is barking incessantly. salivating and heavily panting.,Staff Observation,4/18/2025,09:53 AM
493,Intake,A0058328283,4/18/2025 easily handled,Staff Observation,4/18/2025,05:41 PM
494,Intake,A0058328118,4/18/2025 easily handled,Staff Observation,4/18/2025,05:48 PM
495,Daily Observations,A0057885171,"4/20/2025 With the help of Emma- We did a dog meet and greet with Rami and a potential foster's resident dog. Their resident dog was a young female black German Shepard/ Cane Corso mix approx 60-70 lbs. During gate greetings the resident dog was a little protective of her parents at first and gave a couple warning barks and a growl, but did not escalate. Rami was a little defensive with full hackles, but she was tolerant and preferred to sniff around and poop eventually. After asking the parents to exit the yard the resident dog calmed down and we were able to enter the same yard she was in. We did some side by side walks and passe deach other on leash a few times before allowing them to sniff each other more. Rami was disinterested and the resident dog was more concerned with where her parents went (they were in sight). The began showing more interest in each other, sniffed and shared the water bowl with no problems. Dog test went well. All on leash no play instigated from either dog. Brought the parents back in and everything remained positive. During this test Rami was a little unsure, but very curious and seemed very comfortable with the resident dog. Potential foster coming back the following Wednesday for pick up. LB",Staff Observation,4/20/2025,03:50 PM
496,Intake,A0058338338,4/20/2025 easily handled in the kennel and during the intake exam. ,Staff Observation,4/20/2025,04:09 PM
497,Intake,A0058345198,4/21/2025 Easily handled both in the kennel and during the exam. Very sweet girl.,Staff Observation,4/21/2025,09:54 AM
498,Intake,A0058340859,"4/21/2025 Easily handled in intake, but was nervous and frozen during exam.",Staff Observation,4/21/2025,03:56 PM
499,Intake,A0058344455,4/22/2025 easily handled,Staff Observation,4/22/2025,04:46 PM
500,Request Level Change (Down),A0057821053,"4/23/2025 From vol Laura----I walked Peter Pan today and I did not observe OA or SF behaviors. He was easy to leash, we walked outside past a bunch of play yards, even walked up front and he sat next to me while I talked with a shelter visitor. He was fine with the shelter visitor petting him and never once did anything wild or that indicated overarousal. A sweet, pleasant boy who would benefit from being leveled down so he can get outside more. Peter Pan has been taken out several times and does well being leashed, meeting new people, and walks fairly well on leash.  Leveling to 1 as requested. -CW",Leveling,4/23/2025,07:44 AM
501,Intake,A0058352934,4/23/2025 easily handled in the kennel and during the intake exam. ,Staff Observation,4/23/2025,03:47 PM
502,Focus Group,A0058308340,"4/23/2025 Coaxed out of her kennel using treats. Terrified, tail remained tucked throughout the entire focus group. She was very slowly on leash. In the play yard she rubbed her head up against LRs leg, allowing for both LR and SP to pet all over. She is a little chompy with treats. Gave a capstar for flea infestation. Re-kenneled without issue.  Rec: Continue to work with her and re-test next week. ",Staff Observation,4/23/2025,05:16 PM
503,Intake,A0058334939,"4/23/2025 Easily handled in intake kennel As I walked her to the exam room, she bumped into the wall a couple times & seems like she may be visually impaired. Seems to only see things when they are closer to her face. Very sweet & affectionate. Knows ""paw"". Easily handled during exam. Very food motivated. ",Staff Observation,4/23/2025,05:27 PM
504,Intake,A0058364488,4/24/2025 easily handled in the kennel and during the intake exam ,Staff Observation,4/24/2025,03:47 PM
505,Intake,A0058360897,"4/24/2025 while in intake: very unsure, nervous, slow movements and no aggression shown (go slow)during intake exam: easily handled",Staff Observation,4/24/2025,03:55 PM
506,Write Up,A0058042308,"4/24/2025 Linda took him out to his adopters today for pick up and he would not get in the car, Linda knelt down to try and pick him up, before she could pick him up he growled, reached back and snapped at her, and bit (did not break skin.) We brought him back inside and Emma was petting him and reached under his belly, he then turned and snapped at Emma as well.Marking as L3-BH for now, needs focus group.",Staff Observation,4/24/2025,05:06 PM
507,Write Up,A0058042308,"4/26/2025 Staff w/u 4/24/2025 Jumped up on Destiny for love, then tried to bite her. We tried to restrain for premedication and he lunged at us.",Staff Observation,4/26/2025,07:52 AM
508,Write Up,A0058262254,"4/26/2025 Vol w/u 4/25/25I was bringing Serena back, Chaka & Khana started showing teeth & barking. they were both charging at the door & biting the gate. Please change their kennel to a corner location with less foot traffic. ",In Shelter Volunteer Observation,4/26/2025,08:02 AM
509,Intake,A0058375747,4/26/2025 easily handled,Staff Observation,4/26/2025,05:50 PM
510,Write Up,A0058313508,"4/27/2025 I was walking around with a rescue partner and when we entered the backside of 406, the room was explosive. Most notably, Nona and Nana were jumping repeatedly at each other while barking. Both of them were jumping high enough to see each other over the glass. Nana was the more intense one and when she jumped, she would land on top of her metal water bowl repeatedly. I am afraid she will cut her underside/stomach when she comes down on the bowl. Was able to break her focus but only for a short period of time. Asked AC to move one of them. Have video. ",Staff Observation,4/27/2025,05:12 PM
511,Intake,A0058385779,4/28/2025 easily handled in the kennel and during the intake exam. ,Staff Observation,4/28/2025,01:56 PM
512,Focus Group,A0058308340,"4/30/2025 Doges the leash, treat motivated, able to leash easily with some coaxing with food. Very shy/timid. Tail tucked. She will solicit affection. Calm. Knows sit. Tail untucked when the leash was removed in the play yard. Easily re-leashed and re-kenneled.  Rec: L3-SF",Staff Observation,4/30/2025,09:32 AM
513,Intake,A0058398208,"4/30/2025 Alarm barking and growling when kennel is approached but calms down once door it opened.Nervous during the exam (tail tucked, pacing). Seemed to get more anxious when she's not around Stuffed Cheesy Bread. Muzzled out of precaution. Food motivated.  ",Staff Observation,4/30/2025,02:39 PM
514,Intake,A0058405761,4/30/2025 Easily handled during the exam.,Staff Observation,4/30/2025,02:50 PM
515,Request Level Change (Down),A0058308340,"5/1/2025 Doges the leash, treat motivated, able to leash easily with some coaxing with food. Very shy/timid. Tail tucked. She will solicit affection. Calm. Knows sit. Tail untucked when the leash was removed in the play yard. Easily re-leashed and re-kenneled. Rec: L3-SF Terrified but no signs that it would turn into aggression on her.  I let her come to me and give me licks before leashing.  She walks calmly on leash but jumps at any noise or other dogs.  Once in the play yard she solicited affection and did not leave my side.  If petting stopped she would ask for more.  If petting stopped she would shake at any noises.  Was fine when introduced to other people if they were slow and stopped, letting her come to them for pets.  Eats treats gently from hand.  If people move slowly she should be able to be walked. Leveling down to L3-SF as recommended -CW",Leveling,5/1/2025,09:40 AM
516,Intake,A0053596658,5/1/2025 easily handled while in intake and during exam,Staff Observation,5/1/2025,05:24 PM
517,Intake,A0058412684,5/2/2025 easily handled,Staff Observation,5/2/2025,05:42 PM
518,Intake,A0058416589,"5/2/2025 Easily handled in intake kennelOnce in exam room, his movements became very twitchy/jumpy. Lots of head whipping when touched. Showing signs of stress/fear, tense muscles, frigid. Muzzled for precaution during exam. ",Staff Observation,5/2/2025,05:49 PM
519,Request Level Change (Down),A0058412684,"5/3/2025 robby had difficulty leashing her in her kennel - she was avoidant of the leash and didn't want to interact with him. once in the yard, robby removed the leash from her and she took off running to the far end of the yard. when bringing her back in robby had to catch her while she ran as she was still very avoidant. he did not feel comfortable attempting to remove the leash from her - she stiffened, and had a slightly tucked tail with very frigid/small movements. i observed as amari came to assist, she maintained stiff posture and licked her lips. did not engage when amari extended his hand for her to sniff. he was able to remove the leash without incident but daylight appeared very uncomfortable. i gave her a second to decompress and then i approached her. she displayed soft ears but body was still stiff, tail straight against her leg, and pupils very dilated. i offered her a few treats that she didn't even try to check out. leveling up to L2-SF, may level down after decompression period.  ",Leveling,5/3/2025,12:54 PM
520,Request Level Change (Down),A0057572441,"5/3/2025 Took Ramona out for a dog test. She was jumping and spinning so much in her kennel it was hard to leash her. Once I got her out, she immediately started  to pull me on the leash very hard. She started to spin and jump outside. We had to cut the dog test short because she was getting to be too much on the leash and started to jump and spin again. I think she needs to be leveled up to L2-OA",Leveling,5/3/2025,03:00 PM
521,Intake,A0058428732,5/3/2025 easily handled but would not walk on a leash during exam,Staff Observation,5/3/2025,04:57 PM
522,Intake,A0058431411,5/4/2025 Easily handled in intake and exam,Staff Observation,5/4/2025,05:36 PM
523,Write Up,A0058308340,5/5/2025 Quiet and loose when approached,Staff Observation,5/5/2025,06:08 PM
524,Intake,A0058436120,5/6/2025 easily handled,Staff Observation,5/6/2025,02:33 PM
525,General Information,A0058313508,5/6/2025 Easily leashed coming out of the kennel. Very low energy just sniffs around the yard. Makes a very cute pig snorting sound. She is on the shyer side but will come up to you and accepts pets. ,Staff Observation,5/6/2025,03:30 PM
526,General Information,A0058328118,5/6/2025 Gibbie is a very friendly happy to see you kind of guy! I went into his kennel in featured and was greeted by tail wags and gentle jumping up for pets. He is a cuddle bug and is always happy to have a friend!,Staff Observation,5/6/2025,04:46 PM
527,Intake,A0058446236,5/7/2025 easily handled in the kennel and during the intake exam. lots of energy,Staff Observation,5/7/2025,05:05 PM
528,Intake,A0058450905,5/8/2025 easily handled while in intake high energy also easily handled during exam,Staff Observation,5/8/2025,01:14 PM
529,Intake,A0058455126,5/8/2025 Nervous go slow no signs of aggression while in intake easily handled food motived signs of stress/fear startles easily tense muscles urination/defecation during exam.,Staff Observation,5/8/2025,03:36 PM
530,Intake,A0058463804,5/9/2025 easily handled while in intake and during exam,Staff Observation,5/9/2025,02:22 PM
531,Intake,A0058463186,5/9/2025 very nervous and unsure go slow while in intake. Opened up a little in exam room food motivated go slow when touching/reaching for him signs of stress/fear startles easily tense muscles ducking during exam.,Staff Observation,5/9/2025,05:52 PM
532,Intake,A0053303591,5/11/2025 easily handled,Staff Observation,5/11/2025,02:39 PM
533,Intake,A0058481949,"5/13/2025 Hyperactive in kennel. Constantly spinning in circles chasing tail & biting at tail. Unable to focus/redirect. Constantly jumping once in exam room as well, but friendly. Easily handled during exam.  ",Staff Observation,5/13/2025,05:22 PM
534,Intake,A0058483232,5/13/2025 easily handled,Staff Observation,5/13/2025,05:40 PM
535,Intake,A0058491085,5/14/2025 easily handled,Staff Observation,5/14/2025,03:59 PM
536,Intake,A0058492824,"5/14/2025 Showing signs of stress/fear, tense muscles, ducking,  frozen at times & needs encouragement to come out of kennel. Very nervous but no aggression shown. Easily handled.Opened up more once in exam room. Easily handled during exam.",Staff Observation,5/14/2025,04:28 PM
537,Request Level Change (Down),A0058215215,"5/15/2025 VOL W/U 5/11/25Nash was not OA or JM today. After walking for a bit, I sat down with him in front of the shelter and he was just his goofy self. He’s affectionate and likes to get as close as possible, but he’s hilariously clumsy. Hoping he can potentially be leveled down.No change at this time. Went to foster home. MH",Leveling,5/15/2025,09:13 AM
538,Focus Group,A0058479830,nan,Staff Observation,5/15/2025,11:01 AM
539,Intake,A0058479830,5/15/2025 Easily handled in intake and exam,Staff Observation,5/15/2025,01:07 PM
540,Intake,A0058504121,5/15/2025 Easily handled in intake and exam.,Staff Observation,5/15/2025,02:25 PM
541,Intake,A0058504121,5/15/2025 Easily handled in intake and exam,Staff Observation,5/15/2025,02:30 PM
542,Intake,A0058504117,5/15/2025 Easily handled in intake and exam,Staff Observation,5/15/2025,02:44 PM
543,Intake,A0058515382,"5/16/2025 Jumpy & skittish at first once in exam room. Startles easily, showing signs of stress/fear, tense muscles but no aggression shown. Muzzled for precaution during exam. ",Staff Observation,5/16/2025,05:36 PM
544,Intake,A0058520937,5/18/2025 easily handled,Staff Observation,5/18/2025,02:40 PM
545,Write Up,A0058481949,"5/18/2025 Showed Yan to adopters, as soon as I rekenneled he started spinning and chasing his tail before i could get him off leash. After closing the kennel door he continued for at least 2 minutes before I walked away.Going home with adopters on Wednesday, Traz request for decompression.",Staff Observation,5/18/2025,02:49 PM
546,Intake,A0058523873,5/18/2025 Easily handled in intake and exam,Staff Observation,5/18/2025,04:52 PM
547,Intake,A0058528237,5/20/2025 quiet a little nervous but friendly easily handled while in intake muzzled for precaution snappy during vaccines during exam,Staff Observation,5/20/2025,11:33 AM
548,Intake,A0058536166,5/21/2025 Easily handled in intake and exam.,Staff Observation,5/21/2025,02:08 PM
549,Intake,A0058535722,5/21/2025 nervous at first. Needs a minute to warm up go slow. Very friendly once in the exam room knows sit. Muzzled for precaution food motivated. Startles easily- in kennel ,Staff Observation,5/21/2025,05:00 PM
550,Intake,A0058548468,5/22/2025 Easily handled in intake and during exam,Staff Observation,5/22/2025,05:35 PM
551,Intake,A0057165859,"5/23/2025 While in intake she was observed to be barrier reactive, constantly jumping and barking when kennel is approached.easily handled during intake. ",Staff Observation,5/23/2025,12:47 PM
552,Intake,A0058560639,5/23/2025 Easily handled while in intake and during exam.,Staff Observation,5/23/2025,03:57 PM
553,Daily Observations,A0057639835,5/24/2025 Angelina balked when trying to put her in the car for DFTD with a volunteer that knows her well. We put her in a play yard to calm down. When she was taken in the building to put her up she began leash biting.    Request:  Your Name: Why are you requesting a level change?   Assessment: Assessor's Name: Findings and Recommendation:   Results: Manager's Name: Notes and determination:,Staff Observation,5/24/2025,01:39 PM
554,Intake,A0058569351,5/24/2025 easily handled,Staff Observation,5/24/2025,04:29 PM
555,Intake,A0058570960,5/25/2025 Easily handled while in intake and during exam.,Staff Observation,5/25/2025,02:41 PM
556,Intake,A0058532519,5/25/2025 Easily handled while in intake and during exam.,Staff Observation,5/25/2025,04:23 PM
557,Intake,A0058574390,5/26/2025 Tense and showing signs of stress in the kennel but is easily handled. Cowering with whale eyes during the exam but was easily handled. Showed no aggression.,Staff Observation,5/26/2025,06:56 PM
558,Intake,A0058577894,5/27/2025 Easily handled both in the kennel and during the exam.,Staff Observation,5/27/2025,10:49 AM
559,Write Up,A0058450905,"5/27/2025 So kennel stressed, traz not working, chewed hole through the side of her run",Staff Observation,5/27/2025,11:29 AM
560,Phone Consult,A0057614005,5/27/2025 Provided viewer access to my notes to dogfoster@fultonanimalserviceshttps://docs.google.com/document/d/1FiTBz1hfcVtv4M862QA1uSZFE0cks9tKfn3s-uuFhks/edit?usp=sharing,Trainer Notes,5/27/2025,11:51 AM
561,Phone Consult,A0054667066,5/27/2025 Shared training notes with dogfoster@fultonanimalservices.com:https://docs.google.com/document/d/1zvM1yt_2TYdMN59U56GItW_Yp1bFbv65OMxGBxYt3cw/edit?usp=sharing,Trainer Notes,5/27/2025,12:29 PM
562,Intake,A0058578335,5/27/2025 Easily handled in intake kennel.Freezes during exam. SF.,Staff Observation,5/27/2025,12:33 PM
563,Intake,A0058578305,5/27/2025 Easily handled,Staff Observation,5/27/2025,12:40 PM
564,Intake,A0058578173,5/27/2025 Easily handled,Staff Observation,5/27/2025,12:47 PM
565,Intake,A0058577922,5/27/2025 Easily handled,Staff Observation,5/27/2025,01:06 PM
566,Intake,A0058577807,5/27/2025 Easily handled,Staff Observation,5/27/2025,01:24 PM
567,Intake,A0058576129,5/27/2025 a little nervous just go slow otherwise easily handled while in intake. Easily handled while in intake.,Staff Observation,5/27/2025,01:31 PM
568,Intake,A0058577947,5/27/2025 Easily handled,Staff Observation,5/27/2025,01:46 PM
569,Intake,A0058577837,5/27/2025 Easily handled,Staff Observation,5/27/2025,02:06 PM
570,Intake,A0058578273,"5/27/2025 Calm, easily handled. ",Staff Observation,5/27/2025,02:12 PM
571,Intake,A0058575776,5/27/2025 Trembling very nervous no aggression shown will not walk signs of stress/fear tense muscles ducking frozen stuck in place whale eye while in intake. very scared frozen during signs of stress/fear tense muscles ducking frozen stuck in place whale eye during exam.,Staff Observation,5/27/2025,02:17 PM
572,Intake,A0058577981,"5/27/2025 Very calm, easily handled. ",Staff Observation,5/27/2025,02:18 PM
573,Intake,A0058578124,5/27/2025 very sweet. easily handled,Staff Observation,5/27/2025,02:24 PM
574,Intake,A0058578208,"5/27/2025 Easily handled, very calm. ",Staff Observation,5/27/2025,02:31 PM
575,Intake,A0058578010,5/27/2025 Very humpy/OA,Staff Observation,5/27/2025,02:36 PM
576,Intake,A0058578550,5/27/2025 Easily handled both in the kennel and during the exam.,Staff Observation,5/27/2025,04:21 PM
577,Intake,A0058578397,5/27/2025 Easily handled both in the kennel and during the exam.,Staff Observation,5/27/2025,04:29 PM
578,Intake,A0058578454,5/27/2025 Easily handled both in the kennel and during the exam.,Staff Observation,5/27/2025,04:33 PM
579,Intake,A0058579697,5/27/2025 Easily handled both in the kennel and during the exam.,Staff Observation,5/27/2025,04:37 PM
580,Intake,A0058579660,5/27/2025 Easily handled both in the kennel and during the exam.,Staff Observation,5/27/2025,04:40 PM
581,Intake,A0058578487,5/27/2025 Easily handled both in the kennel and during the exam.,Staff Observation,5/27/2025,04:58 PM
582,Intake,A0058579871,5/28/2025 easily handled,Staff Observation,5/28/2025,01:59 PM
583,Intake,A0058588407,5/29/2025 easily handled while in intake easily handled during exam muzzled out of precaution.,Staff Observation,5/29/2025,02:17 PM
584,Intake,A0058602321,5/30/2025 easily handled while in intake and during exam.,Staff Observation,5/30/2025,04:49 PM
585,Request Level Change (Down),A0058535722,"5/31/2025 Ashley H , Recomending L1 , not displaying shy/fearful behavior(s) anymore has come around6.7.2025 - Cannot take canine out because of giardia quarantine but he has been showing loose body language and coming up to everyone and giving kisses.  Can open the door and give pets with gloved hand. Leveling down to L1 but will come by after quarantine to do an outside walk and see how he does with noises and others walking by. -cw No change at this time. Went to foster home. MH",Leveling,5/31/2025,09:36 AM
586,General Information,A0058609148,5/31/2025 Dog is friendly/leashable but seems very dog aggressive. When other dogs are passing she muzzle punches the kennel door while attempting to bite. May be redirection hazard. Very difficult to rekennel with dogs next to her as she is hyperfocused on getting to them. Needs behavior assessment/focus group. ,Staff Observation,5/31/2025,10:31 AM
587,Intake,A0058607230,"5/31/2025 Nervous & tense in kennel but friendly. Startles easily, showing signs of stress/fear but still easily handled.Tense muscles & startles easily during exam, but no aggression shown. ",Staff Observation,5/31/2025,05:11 PM
588,Intake,A0058615060,5/31/2025 nervous needs a minute to warm up food motivated muzzled for precaution go slow.,Staff Observation,5/31/2025,05:13 PM
589,Intake,A0058609148,5/31/2025 friendly with people but very dog aggressive use caution when walking dog while in intake. Muzzled but easily handled during exam.,Staff Observation,5/31/2025,05:30 PM
590,Intake,A0058607804,5/31/2025 Easily handled,Staff Observation,5/31/2025,05:49 PM
591,Intake,A0058613596,"6/1/2025 Stays in corner of kennel, growls, shows teeth. can be leashed but cannot be handled. behavior may improve over time.Catch pole + partial ",Staff Observation,6/1/2025,02:35 PM
592,Intake,A0058612311,"6/1/2025 very nervous while in care, but easily handled if you go slow. Muzzled out of precaution.",Staff Observation,6/1/2025,03:24 PM
593,Intake,A0058612477,6/1/2025 Easily handled while in intake but was hyperactive and snatching treats during exam.,Staff Observation,6/1/2025,03:57 PM
594,Intake,A0058616717,6/2/2025 growls and snarls when kennel door is approached can be leashed easily handled once outside of kennel still a little nervous signs of stress/fear growling hard staring lifting lip/showing teeth while in intake. muzzled out of precaution during exam.,Staff Observation,6/2/2025,05:05 PM
595,Daily Observations,A0058006328,6/3/2025 Increasing becoming more gate reactive.   ,Staff Observation,6/3/2025,08:00 AM
596,Focus Group,A0058609148,"6/3/2025 Easy in and out of her kennel, super wiggly and affectionate. Takes treats gently. No reactivity leaving her kennel or outside surrounded by lots of neighboring dogs. Nosed her neighbor when re-kenneling. Did not seem aggressive, most likely under socialized. Rec: L1-needs dog test/playgroup assessment",Staff Observation,6/3/2025,10:49 AM
597,Intake,A0058619294,6/3/2025 very nervous whale eye otherwise easily handled signs of stress/fear tense muscles while in intake. nervous muzzled for precaution during exam.,Staff Observation,6/3/2025,11:06 AM
598,Intake,A0058262189,6/3/2025 easily handled while in intake and during exam,Staff Observation,6/3/2025,12:41 PM
599,Intake,A0058625088,6/3/2025 scared avoids leash no aggression show signs of stress/fear tense muscles frozen/stuck in place hiding running away frigid while in intake and during exam.,Staff Observation,6/3/2025,01:55 PM
600,Intake,A0058626477,6/3/2025 easily handled while in intake and during exam.,Staff Observation,6/3/2025,04:59 PM
601,Focus Group,A0058613596,"6/3/2025 Terrified. Took treats through the gate and eventually out of LR's hand. Able to leash by coaxing her with a treat. No issues walking on leash. Tail remained tucked for the majority of the focus group. Eventually able to pet all over. No issues re-kenneling.  Rec: Trazodone, daily socialization enrichment, and re-test next week.",Staff Observation,6/3/2025,05:39 PM
602,Write Up,A0056311133,"6/4/2025 STAFF W/U 6/3/2025 Cancer started barking, jumping and bouncing off of the kennel walls when I went to take his neighbor out. He calmed down with treats for some time , but the same thing repeated when I went back in for another dog.",Staff Observation,6/4/2025,10:47 AM
603,Intake,A0058630343,6/4/2025 easily handled while in intake and during exam.,Staff Observation,6/4/2025,12:48 PM
604,Intake,A0058627915,6/4/2025 Easily handled in intake kennel & during exam. ,Staff Observation,6/4/2025,01:36 PM
605,Intake,A0058629547,6/4/2025 Easily handled in intake kennel & during exam. Muzzled for precaution during exam. ,Staff Observation,6/4/2025,01:41 PM
606,Intake,A0058635759,"6/4/2025 Alarm barking & backing up when kennel is approached. Needs a minute to warm up before leashing, GO SLOW. Frozen at times once in exam room but otherwise easily handled. ",Staff Observation,6/4/2025,05:42 PM
607,Intake,A0058638515,6/4/2025 easily startled while in intake. flails when being vetted clinic had to help draw blood unable to focus/redirect signs of stress/fear startles easily tense muscles frozen/stuck in place running away during exam.,Staff Observation,6/4/2025,05:53 PM
608,General Information,A0058262189,"6/4/2025 Previously L1, now L2 SD- does not like menmcornell",Staff Observation,6/4/2025,05:54 PM
609,Intake,A0058638071,6/5/2025 Easily handled while in intake and during exam.,Staff Observation,6/5/2025,02:27 PM
610,Intake,A0058637692,6/5/2025 Easily handled while in intake and during exam.,Staff Observation,6/5/2025,02:43 PM
611,Intake,A0058643277,6/5/2025 Easily handled in intake and exam.,Staff Observation,6/5/2025,02:44 PM
612,Intake,A0058639600,6/5/2025 Easily handled in intake and exam,Staff Observation,6/5/2025,04:32 PM
613,Request Level Change (Down),A0058609148,"6/6/2025 Easy in and out of her kennel, super wiggly and affectionate. Takes treats gently. No reactivity leaving her kennel or outside surrounded by lots of neighboring dogs. Nosed her neighbor when re-kenneling. Did not seem aggressive, most likely under socialized.Rec: L1-needs dog test/playgroup assessment6.6.2025 taken out by Mari and Gillian.  Did not solicit affection but was fine with pets.  More curious on noises around her.6.7.25 taken out by Cindy.  Very wiggly.  Could handle easily and take out and re-kennel easily.  Gave a peanut butter bone and could be around it without any resource guarding.  Did great.  To be safe leveling to L2 until we see how other days go.  -CW  Assessing with dog on 6/10",Leveling,6/6/2025,09:01 AM
614,Intake,A0058648841,"6/6/2025 Very scared in intake kennel. Startles easily, showing signs of stress/fear, tense muscles, ducking.Needed a minute to warm up once in exam room. Very food motivated. Head whipping & can get snappy with fast movements. GO SLOW. Muzzled for precaution during exam. ",Staff Observation,6/6/2025,05:17 PM
615,Intake,A0058652764,"6/6/2025 Easily handled in intake kennel. Can be mouthy when excited, but no aggression shown. Very friendly. Easily handled. ",Staff Observation,6/6/2025,05:29 PM
616,General Information,A0058575776,"6/7/2025 Still L2- SF has come around, is a little hesitant approaching strangers but will and is now walking on leash.",Staff Observation,6/7/2025,09:51 AM
617,Intake,A0055697364,6/7/2025 Easily handled while in intake and during exam.,Staff Observation,6/7/2025,04:20 PM
618,Intake,A0058655383,6/7/2025 Easily handled while in intake and during exam.,Staff Observation,6/7/2025,04:30 PM
619,Intake,A0058658572,6/7/2025 Easily handled while in intake and during exam. ,Staff Observation,6/7/2025,05:06 PM
620,Intake,A0058659823,6/7/2025 Easily handled while in intake. During exam she was playful and friendly. Has mouthiness. ,Staff Observation,6/7/2025,05:15 PM
621,Request Level Change (Down),A0058616717,"6/7/2025 Vol req level down possibly male selective , not barking when approached the kennel, wiggly/body language, Not shy/fearful, did not observe any anxious behavior No change at this time. Went to foster home. MH",Leveling,6/7/2025,05:18 PM
622,Intake,A0058666623,6/9/2025 Doesnt like to be handled or restrained. Muzzled out of precaution wasn't able to complete HW test or microchip due to body handling issues ,Staff Observation,6/9/2025,01:39 PM
623,Intake,A0058668136,6/9/2025 Growls and backs away when kennel door is approached cannot be handled. Partial intake completed with catch pole. Signs of stress/FearHacklesGrowlingHard staringLifting lip/Showing teeth,Staff Observation,6/9/2025,02:10 PM
624,Daily Observations,A0058609148,"6/10/2025 I decided to test Miss Lyle with another dog today as on Saturday she was greeting all dogs with loose body language inside the 200 indoor area, through the bars.  Today, when taking her out through the back during cleaning, Miss Lyle started reacting to the dog next door but was redirectable on the way out with me calling her.  When in the play yard she began to poop straight blood.  Instead of trying her muzzled in an assessment we are waiting to see what is going on with her medically.  On the way back in Miss Lyle went after a few of the dogs and did not wish to stop. Leveling up too L3-DR,OA until further testing can be done. -CW ",Staff Observation,6/10/2025,10:57 AM
625,Write Up,A0056311133,"6/10/2025 Took Cancer out on 6/8 and he was a perfect gentleman! Easy to leash, on leash, and going back into the kennel. Explored play yard but most interested in affection. His behavior was fitting for an L1 - I did not see any L2 or L3 behaviors. Very sweet and appropriate ",Staff Observation,6/10/2025,11:49 AM
626,Write Up,A0058483232,"6/10/2025 VOL Observation 6/9 Would like assessment on possible OA level.  She's currently an L1 dog that hadn't gotten out much. During Shelter Dog training class in the MP, she had high energy, continuously jumping on vols, very treat motivated and smart - so might initially come across as JM. Both OA and JM behaviors were addressed through repetition of sit, very treat motivated.  Though she might be a little much for an unexperienced L1 volunteer.  She has the potential to calm down some if she gets time outside to release that pent up energy.  She can learn sit (if she hasn't mastered it yet).  She jumps and bounces when excited. She will also roll around the floor, like roll over.  She is like that one kid in kindergarten who needs extra minutes of play time or they'll be disruptive in class when everyone else wants a nap.  She does well on a leash, so maybe even a good DFTD candidate for someone who wants to go on a hike.  One to watch, but encouraging other vols to spend time with her so she may not need to be leveled up.  Also a great candidate for PG.",In Shelter Volunteer Observation,6/10/2025,11:52 AM
627,Intake,A0053612126,6/10/2025 easily handled,Staff Observation,6/10/2025,02:41 PM
628,Focus Group,A0058613596,"6/10/2025 Very wiggly and happy at the gate. Easily leashed. Gets nervous walking on leash, go slow. In the Pathways office she solicited lots of affection from LR. SF meeting strangers, but did not take long to open up. LOVES tennis balls. Very sweet, shy girl. No issues re-kenneling.  Rec: L3-SF, daily socialization enrichment. ",Staff Observation,6/10/2025,03:57 PM
629,Intake,A0058673772,"6/10/2025 Easily handled in intake, during exam, was very mouthy to the point of bruising.",Staff Observation,6/10/2025,04:39 PM
630,Focus Group,A0058316435,"6/10/2025 Easy in and out of her kennel. She's jumpy, but not mouthy. Very sweet, allows for pets all over, solicits affection, and is playful. Hackles raised and wagging flag tail when meeting dog through the fence. In the same play yard she was nervous, hackles still raised, tense, erect tail. She was okay co-existing as long as she didn't get too close. When attempting to get her to sniff the other dog she began to fixate and gave a low growl. Separated out of precaution.  Rec: L2-OA SLOW INTROS",Staff Observation,6/10/2025,05:46 PM
631,General Information,A0058577701,"6/11/2025 Doing much better, has decompressed a lot. Observed loose body language when approached and a wagging tail. Solicits affection through the kennel bar doors.",Staff Observation,6/11/2025,09:24 AM
632,Focus Group,A0058483232,nan,Staff Observation,6/11/2025,11:52 AM
633,Intake,A0058679072,"6/11/2025 Easily handled in intake kennel. Once in exam room her tail was tucked & she walked low to the ground. Showing signs of stress/fear, startles easily, tense muscles, frozen at times. ",Staff Observation,6/11/2025,01:20 PM
634,Intake,A0058682196,6/11/2025 Easily handled in intake kennel & during exam. ,Staff Observation,6/11/2025,04:51 PM
635,General Information,A0058577701,"6/11/2025  Observed loose body language when approached and a wagging tail. Solicits affection through the kennel bar doors and allowed pets. Able to leash to courtyard, a little hesitant but no problem. Once in courtyard, sniffed around on leash shortly after began to engage in pets and rubs. I stopped petting to see if she would initiate to which she did. She would listen to basic commands like 'come on' was able to be re-kenneled and unleashed with no problem.",Staff Observation,6/11/2025,05:26 PM
636,Intake,A0058686635,6/12/2025 Easily handled in intake and exam,Staff Observation,6/12/2025,05:38 PM
637,Request Level Change (Down),A0058316435,"6/12/2025 Easy in and out of her kennel. She's jumpy, but not mouthy. Very sweet, allows for pets all over, solicits affection, and is playful. Hackles raised and wagging flag tail when meeting dog through the fence. In the same play yard she was nervous, hackles still raised, tense, erect tail. She was okay co-existing as long as she didn't get too close. When attempting to get her to sniff the other dog she began to fixate and gave a low growl. Separated out of precaution. Rec: L2-OA SLOW INTROSVarious tests with Supervisor Mari and manager Cindy.  Canine seems to be fine on leash.  Will occasionally jump on a person for affection.  No mouthing seen.  Became slightly stiff around dogs through the gate but had previous good notes in playgroups just needs calmer dogs.  Leveling down to L2-M&G  ",Leveling,6/12/2025,05:50 PM
638,Request Level Change (Down),A0058340859,"6/13/2025 Staff rec L1, Has come around, greets eagerlyWhile Erin greets people eagerly to be taken on walks, she remained still with her tail upright the entire assessment today.  Allowed body pets, would occasionally do a small wag and lean on me, but body language was not loose enough to consider level 1 at this time.  She is also not confident around other dogs at this time.  Easy to walk, leash, and unleash.  Takes treats gently.  Removing SF and making her L2 alone until we do additional assessments. -CW",Leveling,6/13/2025,01:30 AM
639,Intake,A0058663456,6/13/2025 Was hissing but able to be handled for the exam.,Staff Observation,6/13/2025,11:41 AM
640,Request Level Change (Down),A0058308340,"6/13/2025 No longer SF, slightly dog reactive - ShelbyNo SF behavior seen.  Pulls a bit at the leash, dog reactive through the kennel.  Needs a dog assessment.  Does stiffen and flag tail at times when being pet.  If she offers affection of her own will then she is more tolerant.  With previous notes on negative reactions around children and dog, we need to assess her with other dogs and mark her as no children.  I'm changing from L3-SF to L3-BH/DR right now. -CW",Leveling,6/13/2025,12:42 PM
641,Daily Observations,A0058577701,6/13/2025 Mari is able to take California out daily where she solicits affection.  California has only charged at and bared teeth to others.  Cindy stood outside of fence to courtyard earlier and California would see her but then walk and sit next to Mari.  Cindy may try to see if she will open up to others at some point.  Remaining Staff only at this time.,Staff Observation,6/13/2025,03:50 PM
642,Daily Observations,A0058578043,6/13/2025 Actively lunges and barks at all handlers.  Cindy has been trying to be around him daily to see if he will decompress or accept her as okay to be around.  Needs physical exam because he smells badly and many flies have been around him.  Possible scaring from collar and skin flaps.  So far no progress to be able to make contact.  ,Staff Observation,6/13/2025,03:54 PM
643,Request Level Change (Down),A0058613596,"6/13/2025 Very wiggly and happy at the gate. Easily leashed. Gets nervous walking on leash, go slow. In the Pathways office she solicited lots of affection from LR. SF meeting strangers, but did not take long to open up. LOVES tennis balls. Very sweet, shy girl. No issues re-kenneling. Rec: L3-SF, daily socialization enrichment.I woke her up when I entered 401 area and initially Gumdrop barked and bared teeth.  However, when I bent down and talked gently to her she began wagging her tail.  Easy to leash and walk.  Asked for affection by nudging my hands and leaning her body on me.    Leveling down to L3 SD for now. -CW",Leveling,6/13/2025,04:01 PM
644,Intake,A0053312831,6/13/2025 Easily handled in intake and exam,Staff Observation,6/13/2025,04:39 PM
645,General Information,A0058695811,"6/14/2025 Does not like to leave pups, growls when approached. Very food motivated able to toss treats to be leash to courtyard and allows unleashing in yard. ",Staff Observation,6/14/2025,10:24 AM
646,Intake,A0058706791,6/14/2025 Easily handled in intake kennel & during exam.,Staff Observation,6/14/2025,04:53 PM
647,Intake,A0058711155,6/15/2025 Easily handled in intake and exam,Staff Observation,6/15/2025,04:46 PM
648,Write Up,A0058625088,"6/16/2025 Leveled up to L3-SF was L2. Yesterday a vol went to take out for photos, he stopped outside and would not move, went out to assist and he was panting, stressed and uncomfy. Decided carrying was the only was to get him to move, wrapped his muzzle with my leash and picked up. Okay to pick up but would not be comfy doing so without his muzzle wrapped. Got him into the photo room and he low growled as I set him down. Got his photo, low growled once, muzzled with leash again and had to carry back to run. Was fine placing in run.",Staff Observation,6/16/2025,09:41 AM
649,Intake,A0058663424,6/16/2025 Hissing during intake and exam,Staff Observation,6/16/2025,04:26 PM
650,Intake,A0058663440,6/16/2025 Hissing during exam and in intake.,Staff Observation,6/16/2025,04:33 PM
651,Intake,A0057901651,6/17/2025 Easily handled,Staff Observation,6/17/2025,08:38 AM
652,Write Up,A0058029394,"6/17/2025 Kennel stressed- painting kennel, will put in traz req",Staff Observation,6/17/2025,10:11 AM
653,Focus Group,A0058668136,"6/17/2025 6/17/2025-SP/LR Doing better, severe bruising all over body.  Not comfortable leashing while injured.  Took treats gently at the gate and licks hand through the gate.  Doing a medical write up with retest after.  ",Staff Observation,6/17/2025,02:12 PM
654,Intake,A0057597695,6/17/2025 Easily handled both in the kennel and during the exam. ,Staff Observation,6/17/2025,06:17 PM
655,Focus Group,A0058625088,6/17/2025 6/17/2025 - SP/LRRequesting Traz. Scared of leash.  Will allow brief pets w/kennel door open.  Scared/anxious.  Retreats. Re-test,Staff Observation,6/17/2025,06:36 PM
656,Focus Group,A0058344455,6/18/2025 Extreme kennel stress.  Focus group to determine best outcome.  Needs out ASAP.  L1 cancelled-in foster,Staff Observation,6/18/2025,10:36 AM
657,Intake,A0058722586,6/18/2025 easily handled while in intake and during exam.,Staff Observation,6/18/2025,11:34 AM
658,Intake,A0058722499,6/18/2025 easily handled during exam.,Staff Observation,6/18/2025,11:39 AM
659,Intake,A0058728472,6/18/2025 easily handled while in intake and during exam.,Staff Observation,6/18/2025,01:46 PM
660,Intake,A0058728393,6/18/2025 very nervous shaking cowering go slow while in intake. once in the exam room opened up muzzled out of precaution couldn't complete HW test or microchip during exam.,Staff Observation,6/18/2025,03:45 PM
661,Intake,A0058732049,6/18/2025 easily handled while in intake and during exam.,Staff Observation,6/18/2025,05:27 PM
662,Intake,A0058734729,6/19/2025 shy go slow but easily handled while in intake and during exam.,Staff Observation,6/19/2025,01:17 PM
663,Intake,A0058740012,6/19/2025 Easily handled in intake and exam,Staff Observation,6/19/2025,03:40 PM
664,Intake,A0058735374,6/19/2025 no aggression very sweet but hard time walking due to fear overreacts to everything while in intake and during exam.,Staff Observation,6/19/2025,04:22 PM
665,Intake,A0058756423,6/21/2025 easily handled hand off from ff while in intake easily handled during exam.,Staff Observation,6/21/2025,03:38 PM
666,Daily Observations,A0058578043,6/21/2025 Have been working with this canine every day.  Had terrible BR for weeks.  He will now have slight BR with me and takes treats gently.  Nebraska will allow Arisha and Cindy to take him to the yard.  Today he enjoyed the swimming pool to cool off.  Hoping to give him a bath one of these days.  He allows brief touches to his back but is mostly aloof. -CW,Staff Observation,6/21/2025,03:47 PM
667,Daily Observations,A0058577701,6/21/2025 Been working with Canine daily outside of kennel doors.  Today she solicited some affection but had a small growl like she was unsure.  California still loves Mari and gets excited to see her.  Warming up to Cindy slowly. -CW,Staff Observation,6/21/2025,03:51 PM
668,Daily Observations,A0058577751,"6/21/2025 Can be walked without issue, can be pet.  No behavioral problems to address.  Seems to have health concerns -CW",Staff Observation,6/21/2025,03:55 PM
669,Intake,A0058754202,6/21/2025 acts semi friendly with some barking when approached but when a leash or catch pole is in  hand he lifts his hackles and growls while in intake. Hackles and growling while in intake. ,Staff Observation,6/21/2025,04:23 PM
670,Intake,A0058754247,6/21/2025 easily handled but very timid while in intake. Slow moving frightened by everything but no aggression during exam. Signs of stress/fear startles easily tense muscles frozen stuck in place hiding while in intake and during exam.,Staff Observation,6/21/2025,04:53 PM
671,Intake,A0058754218,6/21/2025 easily handled but fearful (not of people) peed on floor in fear hard to walk but will walk while in intake. fear pees a lot but easily handled while in intake. signs of stress/fear startles easily tense muscles urination/defecation frozen stuck in place hiding while in intake and during exam.,Staff Observation,6/21/2025,05:03 PM
672,Intake,A0058754236,6/21/2025 easily handled while in intake and during exam.,Staff Observation,6/21/2025,05:08 PM
673,Level Up/ Acronym Change,A0058316435,6/22/2025 Two kennel staff stated that Sunny is jumpy/mouthy when on leash. Added JM to level. - Ashley M,Leveling,6/22/2025,12:27 PM
674,Intake,A0057969563,6/22/2025 Easily handled while in intake and during exam.,Staff Observation,6/22/2025,01:07 PM
675,Intake,A0058757108,"6/22/2025 Very nervous and frozen while in intake, no aggression shown. shaking, constant whining during exam.",Staff Observation,6/22/2025,02:06 PM
676,Intake,A0053911720,6/22/2025 Easily handled while in intake and during exam.,Staff Observation,6/22/2025,03:19 PM
677,Intake,A0058762135,6/23/2025 Easily handled while in intake and during exam.,Staff Observation,6/23/2025,12:59 PM
678,Intake,A0058762439,6/23/2025 Easily handled while in intake and during exam.,Staff Observation,6/23/2025,04:39 PM
679,Write Up,A0058668136,"6/24/2025 Approached her from the inside of kennel. Took treats from me and tried to lightly nibble on my hand. Leashed with no problems and brought out to yard. Left leash on her but allowed her to run around. She got the zoomies, very sweet and allowed pets. Would come up to me for more. Exhibited some OA behavior but was able to calm herself down. Recommend L3-OA and slowly progress downward. ",Staff Observation,6/24/2025,10:08 AM
680,Write Up,A0058735374,"6/24/2025 Displaying signs of kennel stress - jumping, painting in kennel",Staff Observation,6/24/2025,11:08 AM
681,Focus Group,A0058668136,nan,Staff Observation,6/24/2025,02:15 PM
682,Intake,A0053626727,6/24/2025 easily handled in the kennel and during the intake exam. ,Staff Observation,6/24/2025,02:49 PM
683,Intake,A0058763780,6/24/2025 easily handled,Staff Observation,6/24/2025,03:10 PM
684,Intake,A0058766779,6/24/2025 Easily handled in intake kennel & during exam. ,Staff Observation,6/24/2025,03:20 PM
685,Focus Group,A0058625088,"6/24/2025 Will allow brief pets inside of his kennel. Dodges the leash. Takes treats gently. Once we were finally able to leash him he froze, cowered in the corner. Able to get him to the play yard where he froze in the corner. He will flinch when touched and lip chatters. Able to put a collar on him to try a clip leash in the future. Very anxious and shy/fearful.  Rec: Re-test and continue Traz. Daily socialization enrightment.",Staff Observation,6/24/2025,03:30 PM
686,Request Level Change (Down),A0058262189,6/24/2025 Leah Ann recently went on a long term foster with a male. She did great with him upon meeting him and had no stranger danger with him or anyone in the lobby. He fell in love with her but had to bring her back due to breed restrictions. No male aggression was seen by the male foster. No change at this time. Went to foster home. MH,Leveling,6/24/2025,06:27 PM
687,Level Up/ Acronym Change,A0055649438,6/25/2025 Should have been leveled up months ago. SD and BR. ,Leveling,6/25/2025,10:42 AM
688,Intake,A0058778619,6/25/2025 Easily handled in intake kennel & during exam. ,Staff Observation,6/25/2025,02:20 PM
689,Intake,A0058771442,6/25/2025 Easily handled in intake kennel & during exam,Staff Observation,6/25/2025,02:40 PM
690,Write Up,A0056311146,6/26/2025  Was trying to leash libra to take outside pacing kennel not wanting to come out / be leashed. He lunged up and bit wrist after attempting to be leashed a second time.,Staff Observation,6/26/2025,11:19 AM
691,Intake,A0058782548,6/26/2025 easily handled while in intake and during exam.,Staff Observation,6/26/2025,06:35 PM
692,Request Level Change (Down),A0058619294,6/26/2025 VOL W/U 6/22/25 NOT SHY FEARFUL AT ALL. She is scared to jump out of her top shoreline but she needs to be leveled down. She is small and insanely friendly and L2 is keeping her from being interacted with.  No change at this time. Went to foster home. MH,Leveling,6/26/2025,07:06 PM
693,Request Level Change (Down),A0058340859,6/26/2025 VOL w/u 6/22/25 Several weeks of volunteer notes indicating she is not L2. All of her behavior (including with young children) that I've seen indicates she is an incredibly easy dog. No change at this time. Went to foster home. MH,Leveling,6/26/2025,07:07 PM
694,Intake,A0058794551,6/27/2025 easily handled while in intake and during exam.,Staff Observation,6/27/2025,08:51 AM
695,Level Up/ Acronym Change,A0058536166,6/27/2025 Staff report leash biting behavior from Chocolate Swirl. Changed from L1 to L2 - LB. - Ashley McMahon,Leveling,6/27/2025,04:25 PM
696,Intake,A0058795005,6/28/2025 easily handled while in intake and during exam.,Staff Observation,6/28/2025,07:50 AM
697,Intake,A0058795391,"6/28/2025 Very scared & snappy when attempting to leash from shoreline kennels. She was moved to a run & her behavior improved, doesn't do well in shorelines. Go slow. Easily handled during exam. Muzzled for precaution. ",Staff Observation,6/28/2025,04:30 PM
698,Intake,A0055806684,6/29/2025 Easily handled while in intake and during exam,Staff Observation,6/29/2025,11:46 AM
699,Request Level Change (Down),A0058757108,6/29/2025 Suggesting re-leveling to L1. Very easy to leash and re-kennel. A bit shy but warms up quickly. No body handling issues. Went to foster. No change in level until he returns-MH,Leveling,6/29/2025,02:06 PM
700,Write Up,A0058463804,"6/30/2025 beginnings of kennel stress, starting to paint",Staff Observation,6/30/2025,11:03 AM
701,Intake,A0058809387,6/30/2025 Easily handled but very nervous while in intake. Go slow. Was unable to complete HW test and Dapp due to skin.,Staff Observation,6/30/2025,01:20 PM
702,Intake,A0058817270,7/1/2025 easily handled while in intake and during exam.,Staff Observation,7/1/2025,05:42 PM
703,Intake,A0058817285,7/1/2025 easily handled while in intake and during exam.,Staff Observation,7/1/2025,05:49 PM
704,Intake,A0058817316,7/1/2025 easily handled while in intake and during exam.,Staff Observation,7/1/2025,05:57 PM
705,Intake,A0058820168,"7/2/2025 Showing signs of stress/fear, very nervous & whale eyed in kennel. Cowering in the corner & frozen, won't walk but can be picked up/carried with no issues. Seems very shut down. No aggression shown.Easily handled during intake exam.  ",Staff Observation,7/2/2025,12:43 PM
706,Intake,A0058820818,7/2/2025 Easily handled in intake kennel & during exam. ,Staff Observation,7/2/2025,01:55 PM
707,Intake,A0058822047,7/2/2025 Easily handled in intake kennel & during exam. ,Staff Observation,7/2/2025,03:15 PM
708,Intake,A0058831027,7/2/2025 Very scared during intake exam. Hissing while attempting to scratch.,Staff Observation,7/2/2025,05:05 PM
709,Intake,A0058831101,7/3/2025 easily handled while in intake and during exam.,Staff Observation,7/3/2025,01:05 PM
710,Intake,A0058836179,7/3/2025 Easily handled,Staff Observation,7/3/2025,04:17 PM
711,Intake,A0058836182,7/3/2025 Easily handled,Staff Observation,7/3/2025,04:28 PM
712,Write Up,A0056311133,7/3/2025 7/3/2025 SP Cancer is scatter fed as a form of enrichment and because he always knocks his bowl over,Staff Observation,7/3/2025,06:27 PM
713,General Information,A0056311133,7/3/2025 7/3/2025 SPCancer is scatter fed as a form of enrichment and because he always knocks his bowl over,Staff Observation,7/3/2025,06:28 PM
714,Intake,A0058838252,7/4/2025 easily handled while in intake and during exam.,Staff Observation,7/4/2025,03:00 PM
715,Intake,A0058838236,7/4/2025 shy but easily handled while in intake and during exam.,Staff Observation,7/4/2025,03:05 PM
716,Intake,A0058841665,7/4/2025 easily handled while in intake and during exam.,Staff Observation,7/4/2025,04:24 PM
717,Request Level Change (Down),A0058728393,"7/5/2025 Vol w/u 7/4/2025 ""Request move to L1. Welcome is not cowering or hiding. When opening the kennel door is ready to be leashed and walked. No issues when walking by other dogs in yards. Slow walked around outside yard and pasture. Easy return "" Changed to L1 - No shy behaviors observed - Naomi",Leveling,7/5/2025,09:54 AM
718,Request Level Change (Down),A0058340859,7/5/2025 VOL W/U 6/29/25Multiple volunteers requesting level down to L1 in ASANA.  Please re-access and L1 rec Did well on her walk today and was happy to meet other people.  Still needs to be assessed with other dogs from initial reactions.  I'll request an assessment.  With people she is L1.  Pending printing new KC until we see how she does with other dogs. -CW No change at this time. Went to foster home. MH,Leveling,7/5/2025,11:56 AM
719,Request Level Change (Down),A0058613596,"7/5/2025 requesting leveling down from L3 SD to L2 BR. during my observations and hand on handling, I've noticed she allows easy leashing and during walks doesn't bark, growl or act intimidated/fearful by anyone passing or greeting. she greets all people on own free will. lose body and waggy tail. accepts treat when given. appears she may be stranger danger but really think its all barrier reactive. once out of kennel a complete different demeanor.  ashley love Because Gumdrop knows me now she is very wiggly at the gate and loves to go on walks and lean into me.  She can sometimes be SD to newer people coming around.  She will allow for pets all over but at times will tense just a little and pick a lip but it is in almost a peaceful way.  I do not think she was socialized much before so I would recommend a household with no children to be on the safe side.  She loves walking up to team members and asking for affection and will just look at children and walk past.  No aggression seen but I think quick movements or loud noises may affect her.  Leveling to L2-SD  -CW",Leveling,7/5/2025,01:14 PM
720,Intake,A0058812055,7/5/2025 easily handled while in intake and during exam.,Staff Observation,7/5/2025,01:27 PM
721,Request Level Change (Down),A0058455126,7/5/2025 volunteers report he no longer shows SF behaviors No SF behaviors displayed.  Pulls hard but no issues seen walking past others or canines. -CW,Leveling,7/5/2025,02:01 PM
722,Intake,A0058844546,7/5/2025 Easily handled while in intake and during exam.,Staff Observation,7/5/2025,03:49 PM
723,Intake,A0058846611,7/6/2025 Easily handled while in intake and during exam.,Staff Observation,7/6/2025,01:48 PM
724,Intake,A0058846624,7/6/2025 Easily handled while in intake and during exam.,Staff Observation,7/6/2025,01:57 PM
725,Intake,A0058847356,7/6/2025 Easily handled while in intake and during exam.,Staff Observation,7/6/2025,02:11 PM
726,Intake,A0058848637,7/6/2025 Easily handled while in intake and during exam.,Staff Observation,7/6/2025,03:05 PM
727,Intake,A0058850516,7/6/2025 Easily handled while in intake and during exam.,Staff Observation,7/6/2025,04:10 PM
728,Intake,A0056311140,7/6/2025 Easily handled while in intake and during exam.,Staff Observation,7/6/2025,04:53 PM
729,Intake,A0058853857,7/7/2025 easily handled,Staff Observation,7/7/2025,01:45 PM
730,Intake,A0058842975,7/7/2025 Easily handled,Staff Observation,7/7/2025,05:08 PM
731,Intake,A0058843072,7/7/2025 Easily handled,Staff Observation,7/7/2025,05:13 PM
732,Intake,A0058859028,7/7/2025 easily handled,Staff Observation,7/7/2025,06:16 PM
733,Intake,A0058859024,7/7/2025 easily handled,Staff Observation,7/7/2025,06:20 PM
734,Intake,A0058855116,7/8/2025 Easily handled in intake kennel & during exam. ,Staff Observation,7/8/2025,03:42 PM
735,Intake,A0058855489,"7/8/2025 Very nervous & showing signs of stress/fear, & whale eye in kennel but no aggression shown. Otherwise easily handled in kennel & during exam. ",Staff Observation,7/8/2025,03:45 PM
736,Intake,A0058856656,"7/8/2025 Very nervous, showing signs of stress/fear, trembling, whale eye, ducking, frozen, & growling in kennel when attempting to leash. Muzzled for precaution during exam. ",Staff Observation,7/8/2025,04:57 PM
737,Intake,A0058858235,7/8/2025 Hyper in intake kennel but still easily handled.Once in the exam room he became very hyperactive & began barking with stiff body language. Muzzled for precaution during exam. ,Staff Observation,7/8/2025,05:20 PM
738,Focus Group,A0055806684,"7/9/2025 See notes and determine placement options BB 7/1/25 SP 7/9/25-Reviewing all notes on pup the owners parents dog attacked this pup.  Looking for a medical foster, pup seems dumpy and sad, and in pain.",Staff Observation,7/9/2025,06:12 AM
739,Intake,A0058850516,7/9/2025 Changing level to OA/BR. Hyperactive & constantly jumping in kennel. Alarm barks & very reactive to people/dogs passing by kennel. ,Staff Observation,7/9/2025,07:57 AM
740,Intake,A0058870352,"7/9/2025 very nervous, Won't walk has to be carried. Easily handled during the intake examSigns of stress/fearTense musclesFrozen/Stuck in placeRunning awayWhale eye",Staff Observation,7/9/2025,03:50 PM
741,Intake,A0058870361,"7/9/2025 Very nervous, has to be carried. Easily handled during the intake exam. Signs of stress/fearTense musclesFrozen/stuck in placeRunning awayWhale eye",Staff Observation,7/9/2025,03:55 PM
742,Intake,A0058870368,7/9/2025 Very nervous has to be carried. Easily handled during the intake exam. Signs of stress/fearTense musclesFrozen/Stuck in placeRunning awayWhale eye,Staff Observation,7/9/2025,04:05 PM
743,Intake,A0058870423,7/9/2025 easily handled,Staff Observation,7/9/2025,04:13 PM
744,Intake,A0058867555,7/9/2025 Easily handled in intake kennel & during exam. ,Staff Observation,7/9/2025,04:38 PM
745,Intake,A0058872755,7/10/2025 easily handled while in intake and during exam.,Staff Observation,7/10/2025,02:29 PM
746,Intake,A0058869732,7/10/2025 easily handled,Staff Observation,7/10/2025,02:59 PM
747,Request Level Change (Down),A0058535722,7/11/2025 easily removed and replaced in kennel. no jumpy/mouthy behavior observed7.11.25- Still JM with new handlers,Leveling,7/11/2025,02:22 PM
748,Intake,A0058875618,7/11/2025 very protective of pups go slow when leashing very food motivated very stressed in kennel may be BE hard to tell if she is just being protective alarm barking growling hard staring while in intake muzzled for precaution during exam.unable to focus/redirect signs of stress/fear tense muscles.,Staff Observation,7/11/2025,04:36 PM
749,Write Up,A0056298384,"7/11/2025 Regarding the bite on 7/8: Kennel tech was running Dumplin from the ISO courtyard to her kennel (without a leash). Dumplin went into the kennel, the tech started to close the door, and Dumplin tried to get out. The tech pushed on Dumplin on the neck to keep her in the kennel. Dumplin turned and bit the tech's hand. - Ashley McMahon",Staff Observation,7/11/2025,05:14 PM
750,Intake,A0058879473,7/11/2025 Easily handled in intake kennel. Muzzled for precaution during exam.,Staff Observation,7/11/2025,08:02 PM
751,Intake,A0058879483,"7/11/2025 Slightly nervous in kennel, go slow when leashing. Otherwise easily handled. Showing signs of stress/fear once in exam room. Just needs a minute to warm up. Easily handled during exam.",Staff Observation,7/11/2025,08:06 PM
752,Intake,A0058612311,7/11/2025 Easily handled in intake kennel & during exam,Staff Observation,7/11/2025,08:22 PM
753,Daily Observations,A0058578043,"7/12/2025 Doing well, has had decompression. Progress made is significant. Able to be leashed to the court yard, able to be pet, solicits affection/attention, sometimes jumping up in excitement. Nebraska is still BR when meeting new people but sweet when he is comfortable with you.",Staff Observation,7/12/2025,09:33 AM
754,Intake,A0058884817,7/12/2025 Easily handled while in intake and during exam.,Staff Observation,7/12/2025,12:16 PM
755,Intake,A0058886517,7/12/2025 Easily handled while in intake and during exam.,Staff Observation,7/12/2025,12:28 PM
756,Intake,A0058882547,7/12/2025 Easily handled while in intake and during exam.,Staff Observation,7/12/2025,12:48 PM
757,Intake,A0058897336,"7/12/2025 snappy during vetting, Muzzled for precaution ",Staff Observation,7/12/2025,04:35 PM
758,Intake,A0058896193,"7/13/2025 signs of stress/fear and tense muscles while in kennel. Startles easy to loud noises, fast movements and random touches without warning. Warmed up once in exam room but would urinate when approached. Did not like vetting.",Staff Observation,7/13/2025,03:46 PM
759,Intake,A0058875360,7/13/2025 Hissed and growled during intake and exam. ,Staff Observation,7/13/2025,05:05 PM
760,Intake,A0058896630,nan,Staff Observation,7/13/2025,05:17 PM
761,Intake,A0058896630,7/13/2025 Easily handled,Staff Observation,7/13/2025,05:17 PM
762,Intake,A0058896583,7/13/2025 Easily handled,Staff Observation,7/13/2025,05:23 PM
763,Intake,A0058896569,7/13/2025 Easily handled,Staff Observation,7/13/2025,05:29 PM
764,Intake,A0058896569,7/13/2025 Easily handled,Staff Observation,7/13/2025,05:30 PM
765,General Information,A0058308340,7/14/2025 observed topochica lifting guillotine by biting at metal frame. moved to indoor/outdoor for safety. very dog reactive - fixated and is very challenging to refocus. ,Staff Observation,7/14/2025,01:22 PM
766,General Information,A0058763780,"7/14/2025 very loose and wiggly. keeps his kennel tidy and walks nicely on leash. in the yard he got the zoomies and jumped on me, but respected when i turned my back to him and disengaged. non reactive to dogs",Staff Observation,7/14/2025,01:32 PM
767,General Information,A0058706791,7/14/2025 high energy when coming out of kennel. displayed loose and wiggly body language & offered play bow to dog in neighboring yard. very excitable but easy to redirect and calm down. ,Staff Observation,7/14/2025,01:33 PM
768,Intake,A0058903060,7/14/2025 Easily handled while in care and during exam.,Staff Observation,7/14/2025,03:20 PM
769,Intake,A0058903073,7/14/2025 Easily handled while in intake and during exam.,Staff Observation,7/14/2025,03:25 PM
770,Intake,A0058903045,7/14/2025 Easily handled while in intake and during exam.,Staff Observation,7/14/2025,03:38 PM
771,Intake,A0058900098,7/14/2025 Easily handled while in intake and during exam.,Staff Observation,7/14/2025,03:44 PM
772,Intake,A0058900557,7/14/2025 Easily handled while in intake and during exam.,Staff Observation,7/14/2025,03:50 PM
773,Intake,A0058905604,7/14/2025 Easily handled while in care and during exam.,Staff Observation,7/14/2025,04:08 PM
774,Intake,A0058901520,7/14/2025 Easily handled but muzzled as a precaution for exam. doesn't like vetting.,Staff Observation,7/14/2025,04:13 PM
775,Intake,A0058886161,"7/14/2025 Hissing, growling, running away (intake and exam).",Staff Observation,7/14/2025,05:14 PM
776,Intake,A0058875378,"7/14/2025 Hissing,growling, running away",Staff Observation,7/14/2025,05:41 PM
777,Intake,A0058907624,7/14/2025 easily handled,Staff Observation,7/14/2025,06:42 PM
778,Intake,A0058907641,7/14/2025 easily handled,Staff Observation,7/14/2025,06:52 PM
779,Intake,A0058907641,7/14/2025 easily handled,Staff Observation,7/14/2025,06:53 PM
780,Intake,A0058907633,7/14/2025 easily handled,Staff Observation,7/14/2025,06:58 PM
781,Intake,A0058907658,7/14/2025 easily handled,Staff Observation,7/14/2025,07:00 PM
782,Intake,A0058902637,7/15/2025 Easily handled in intake kennel & during exam. ,Staff Observation,7/15/2025,04:26 PM
783,Intake,A0058907750,"7/15/2025 Easily handled in intake kennel.Friendly at first once in exam room but alternated between aggression & friendly. Low growling, tense muscles, whale eye & head whipping when checking skin/body. He then began guarding Allie & lunging when anyone else got too close. Possible BH/RG (of people) issues.  ",Staff Observation,7/15/2025,05:14 PM
784,Intake,A0058904100,7/15/2025 easily handled while in intake and during exam.,Staff Observation,7/15/2025,05:45 PM
785,Intake,A0058912760,7/15/2025 Easily handled in intake kennel & during exam. ,Staff Observation,7/15/2025,05:47 PM
786,Intake,A0058912660,7/15/2025 Easily handled in intake kennel & during exam. ,Staff Observation,7/15/2025,05:54 PM
787,Intake,A0058915433,7/15/2025 easily handled,Staff Observation,7/15/2025,06:57 PM
788,Focus Group,A0053623485,7/16/2025 Need more information from previous adopter regarding behavior issues.  Not noted in memo or behavior at this time. ,Staff Observation,7/16/2025,06:47 AM
789,Intake,A0058911318,7/16/2025 easily handled,Staff Observation,7/16/2025,02:24 PM
790,Intake,A0058916541,7/16/2025 easily handled,Staff Observation,7/16/2025,03:15 PM
791,Intake,A0058916889,7/16/2025 easily handled in the kennel. Wiggly but easily handled during the intake exam. ,Staff Observation,7/16/2025,03:19 PM
792,Intake,A0058907750,"7/16/2025 Friendly coming out of the kennel & able to walk to exam room for intake, but started to become aggressive when performing physical exam. Began growling & hard staring as his skin/coat was being checked down the length of his back (possible BH issues), then began guarding Allie. Anytime anyone tried to approach Allie he would lunge, snarl & continue hard staring. ",Staff Observation,7/16/2025,05:18 PM
793,Intake,A0058820168,7/16/2025 leveling down to L2-SF is doing much better now the only problem he seems to be having is walking on leash. He's not accustomed to leashes completely shuts down when leashed. ,Staff Observation,7/16/2025,05:31 PM
794,Daily Observations,A0058673772,7/16/2025 Took Little Sally walker out for a dog test. Upon exiting the kennel she began grabbing my leash. As we walked she grabbed my pants and shirt with her mouth. Was difficult to redirect. Take a toy if getting her out. Continued to escalate mouthiness while in the yard until another dog was brought out. ,Staff Observation,7/16/2025,06:37 PM
795,Intake,A0058927320,7/17/2025 easily handled during exam.,Staff Observation,7/17/2025,03:15 PM
796,Intake,A0058927325,7/17/2025 easily handled during exam.,Staff Observation,7/17/2025,03:28 PM
797,Intake,A0058927329,7/17/2025 easily handled during exam.,Staff Observation,7/17/2025,03:34 PM
798,Intake,A0058927336,7/17/2025 scared but easily handled during exam.,Staff Observation,7/17/2025,03:53 PM
799,Intake,A0058920051,7/17/2025 easily handled while in intake and during exam.,Staff Observation,7/17/2025,04:14 PM
800,Intake,A0053623474,7/17/2025 easily handled while in intake and during exam.,Staff Observation,7/17/2025,05:15 PM
801,Level Up/ Acronym Change,A0058574390,"7/18/2025 Very skittish and Unsure , leveling up ",Leveling,7/18/2025,11:25 AM
802,Intake,A0057311730,7/18/2025 Easily handled while in intake and during exam.,Staff Observation,7/18/2025,01:33 PM
803,Intake,A0058935741,7/18/2025 easily handled during intake.,Staff Observation,7/18/2025,01:45 PM
804,Intake,A0058929784,7/18/2025 Easily handled while in intake and during exam.,Staff Observation,7/18/2025,03:08 PM
805,Intake,A0058932264,7/18/2025 Easily handled while in intake and during exam.,Staff Observation,7/18/2025,05:18 PM
806,Intake,A0058923804,7/19/2025 Easily handled while intake and during exam.,Staff Observation,7/19/2025,01:41 PM
807,Intake,A0058923964,7/19/2025 Easily handled while in intake and during exam.,Staff Observation,7/19/2025,01:49 PM
808,Intake,A0058936565,"7/19/2025 Frozen, whale eye, very scared, lots of lip licking. fine being handled just needs encouragement. easily handled for exam.",Staff Observation,7/19/2025,03:22 PM
809,Intake,A0058938147,7/19/2025 easily handled while in intake and during exam.,Staff Observation,7/19/2025,03:42 PM
810,Intake,A0053601345,7/19/2025 easily handled while in intake. muzzled for precaution does not like being vetted during exam.,Staff Observation,7/19/2025,05:01 PM
811,Intake,A0058937667,7/19/2025 easily handled while in intake and during exam.,Staff Observation,7/19/2025,05:28 PM
812,Intake,A0058943859,"7/20/2025 will not walk shaking, was shut down but easily handled during the intake exam ",Staff Observation,7/20/2025,03:34 PM
813,Daily Observations,A0058262189,"7/20/2025 Showing signs of kennel stress. Jumping, barking. ",Staff Observation,7/20/2025,03:37 PM
814,Daily Observations,A0058679072,"7/20/2025 Showing signs of kennel stress. Pacing, barking.",Staff Observation,7/20/2025,03:38 PM
815,Intake,A0058943849,"7/20/2025 Shut down, does not want to walk and has to be carried. During the intake exam low tail wags but still not wanting to walk otherwise easily handledSigns of stress/fearstartles easilyFrozen/Stuck in place",Staff Observation,7/20/2025,03:47 PM
816,Daily Observations,A0058916889,7/20/2025 Showing signs of kennel stress,Staff Observation,7/20/2025,04:09 PM
817,Daily Observations,A0058706791,7/20/2025 Showing signs of kennel stress,Staff Observation,7/20/2025,04:12 PM
818,Daily Observations,A0058412684,"7/20/2025 Showing signs of kennel stress, jumping, barking",Staff Observation,7/20/2025,04:13 PM
819,Intake,A0058940286,7/20/2025 Easily handled while in intake and during exam.,Staff Observation,7/20/2025,04:15 PM
820,Intake,A0058943403,7/20/2025 easily handled,Staff Observation,7/20/2025,04:35 PM
821,Intake,A0058944309,"7/20/2025 cannot be handled, Lunges at kennel door when approached, partial on catch poleHacklesAlarm barkingGrowlingLifting lip/showing teeth",Staff Observation,7/20/2025,04:49 PM
822,Intake,A0058943866,7/20/2025 easily handled,Staff Observation,7/20/2025,04:57 PM
823,Intake,A0058941410,7/20/2025 shy coming out but easily handled. shakes uncontrollably and very tense during exam but still easily handled. no aggression.,Staff Observation,7/20/2025,04:57 PM
824,Intake,A0058937435,7/21/2025 Easily handled while in intake and during exam.,Staff Observation,7/21/2025,02:57 PM
825,Focus Group,A0058820818,"7/22/2025 Need more information regarding the bite that landed him on bite quarantine. 7/22 LR & MWEasy in and out of his kennel. Jumpy/mouthy. Very playful and affectionate. No stranger danger seen in an office full of strangers, nor with strangers walking by. Wants to say hello and give everyone a hug. Knows sit. Rec: L2-JM",Staff Observation,7/22/2025,08:46 AM
826,Focus Group,A0058846611,"7/22/2025 Determine placement options.  7/22 LR & MWGo slow. Easy in and out of her kennel. Very shy, tail tucked. We gave her some space in the play yard and allowed her to come to us for quick sniffs. She eventually allowed us to pet her. Wiggly with lots of tail wags when passing by Mike's kennel.   Rec: L3-SF/H and DECOM Trazodone ",Staff Observation,7/22/2025,08:49 AM
827,Focus Group,A0058846624,"7/22/2025 Easy in and out of his kennel. Super wiggly, cuddly, and playful. Puppy. Rec: L1-H",Staff Observation,7/22/2025,10:47 AM
828,Intake,A0058948806,"7/22/2025 Easily handled in intake kennel. Muzzled for precaution during exam. Does not like being vetted, could not complete HW test due to flailing. Will need HW test at time of surgery. ",Staff Observation,7/22/2025,01:26 PM
829,Intake,A0058948812,7/22/2025 Easily handled in intake kennel & during exam.,Staff Observation,7/22/2025,03:20 PM
830,Focus Group,A0058668136,"7/22/2025 Easy in and out of her kennel. Uneasy walking through the kennel, hackles up passing by barking dogs. Sniffed around the play yard for a few minutes. Allowed lots of pets all over. Playful, gets really cute zoomies. Affectionate. k Rec: L2-OA, level down",Staff Observation,7/22/2025,03:21 PM
831,Request Level Change (Down),A0058668136,"7/22/2025 Easy in and out of her kennel. Uneasy walking through the kennel, hackles up passing by barking dogs. Sniffed around the play yard for a few minutes. Allowed lots of pets all over. Playful, gets really cute zoomies. Affectionate. kRec: L2-OA, level down No change at this time. Went to foster home. MH",Leveling,7/22/2025,03:24 PM
832,Request Level Change (Down),A0058820818,"7/22/2025 7/22 LR & MWEasy in and out of his kennel. Jumpy/mouthy. Very playful and affectionate. No stranger danger seen in an office full of strangers, nor with strangers walking by. Wants to say hello and give everyone a hug. Knows sit.Rec: L2-JM/H Lane changed level to L2- H/ JM",Leveling,7/22/2025,03:50 PM
833,Intake,A0058953982,7/22/2025 easily handled,Staff Observation,7/22/2025,05:01 PM
834,Intake,A0058950523,7/22/2025 Easily handled in intake kennel & during exam. ,Staff Observation,7/22/2025,05:12 PM
835,Intake,A0058950641,7/22/2025 Easily handled in intake kennel & during exam. ,Staff Observation,7/22/2025,05:15 PM
836,Intake,A0058952168,7/22/2025 easily handled,Staff Observation,7/22/2025,05:21 PM
837,Intake,A0053618691,7/23/2025 Easily handled in intake kennel & during exam. ,Staff Observation,7/23/2025,01:26 PM
838,Intake,A0058956070,7/23/2025 Easily handled in intake kennel & during exam. ,Staff Observation,7/23/2025,03:26 PM
839,Intake,A0058956679,"7/23/2025 Very hyperactive in kennel & during exam. Constantly jumping, unable to focus & constantly jumping. ",Staff Observation,7/23/2025,03:59 PM
840,Intake,A0058961127,7/23/2025 very nervous and shaking in the kennel. Still nervous but opened up a little more once in the exam room. Signs of stress/fearStartles easily,Staff Observation,7/23/2025,04:24 PM
841,Intake,A0058962398,7/23/2025 Easily handled in intake kennel & during exam.,Staff Observation,7/23/2025,04:27 PM
842,Intake,A0058970456,7/24/2025 easily handled while in intake and during exam.,Staff Observation,7/24/2025,05:08 PM
843,Intake,A0058970450,7/24/2025 a little shy but easily handled while in intake and during exam.,Staff Observation,7/24/2025,05:23 PM
844,Intake,A0058964897,7/24/2025 easily handled while in intake and during exam.,Staff Observation,7/24/2025,05:41 PM
845,Focus Group,A0057301164,"7/25/2025 See return notes Focus Group: Easily leashed and retrieved. Very friendly/loose/wiggly when interacting with both Maddie and I. Introduced him to Booker to assess interactions with men. Readily greeted Booker and solicited attention. Friendly in the yard and did not show any concerning behaviors in the hallway while walking past different people, male or female. We took him to the parking lot and he had no reaction to any passing cars or cars leaving. ",Staff Observation,7/25/2025,07:44 AM
846,Intake,A0058970953,7/25/2025 Easily handled in intake kennel & during exam. ,Staff Observation,7/25/2025,03:57 PM
847,Intake,A0058972613,7/25/2025 Easily handled in intake kennel & during exam.,Staff Observation,7/25/2025,04:36 PM
848,Intake,A0058978092,7/25/2025 Easily handled in intake kennel & during exam. ,Staff Observation,7/25/2025,05:27 PM
849,Intake,A0058973981,7/25/2025 Easily handled in intake kennel & during exam. ,Staff Observation,7/25/2025,05:41 PM
850,Intake,A0058978189,7/25/2025 easily handled while in intake and during exam.,Staff Observation,7/25/2025,05:52 PM
851,Intake,A0058978213,7/25/2025 easily handled while in intake and during exam.,Staff Observation,7/25/2025,06:18 PM
852,Intake,A0058978654,7/26/2025 A little head shy when leashing/handling but no aggression shown. Ducks around the leash but once it's on he's fine being walked/handled.Easily handled during exam. ,Staff Observation,7/26/2025,02:32 PM
853,Daily Observations,A0057969563,7/26/2025 Showing signs of kennel stress,Staff Observation,7/26/2025,03:32 PM
854,Daily Observations,A0058728393,7/26/2025 Showing signs of kennel stress,Staff Observation,7/26/2025,03:33 PM
855,Daily Observations,A0058535722,7/26/2025 Showing signs of kennel stress ,Staff Observation,7/26/2025,03:40 PM
856,Request Level Change (Down),A0058612311,"7/27/2025 Kennel tech recommend level down- does not show any SF behavior No change at this time. Still unsure with new people. Would not get off bed. Presented treat. Took treats gently, but remained on bed. -NL",Leveling,7/27/2025,12:58 PM
857,Intake,A0058985496,7/27/2025 Easily handled while in intake and during exam.,Staff Observation,7/27/2025,02:44 PM
858,Write Up,A0058763780,"7/27/2025 Leveled up to L2-RG: Animal care specialist reported that Jolly Boy was fine when the kennel door was initially opened. However, once Jolly Boy realized his bowl was being pulled, he bared his teeth and lunged towards the animal care specialist.",Staff Observation,7/27/2025,02:55 PM
859,Intake,A0058988613,7/27/2025 Timid but easily handled after a minute. Doesn't like to be vetted but no aggression shown.,Staff Observation,7/27/2025,03:18 PM
860,Intake,A0058987569,7/27/2025 Easily handled,Staff Observation,7/27/2025,05:15 PM
861,Level Up/ Acronym Change,A0058607804,7/28/2025 Staff stated that Flint can escape from yards by squeezing between the fence and the posts. Added EA to level. - Ashley McMahon,Leveling,7/28/2025,10:05 AM
862,Level Up/ Acronym Change,A0058446236,"7/28/2025 Rob Wannagot reports that Carly James bites the leash during leashing, walking on leash, and unleashing. Changing from L1 to L2 - LB. - Ashley McMahon",Leveling,7/28/2025,12:32 PM
863,Intake,A0058994579,7/28/2025 shy but easily handled during the intake exam. ,Staff Observation,7/28/2025,01:26 PM
864,Intake,A0058975011,7/28/2025 easily handled,Staff Observation,7/28/2025,04:43 PM
865,Intake,A0058996866,7/28/2025 easily handled,Staff Observation,7/28/2025,05:11 PM
866,Intake,A0058987954,7/28/2025 easily handled,Staff Observation,7/28/2025,05:54 PM
867,Intake,A0058987951,7/28/2025 easily handled,Staff Observation,7/28/2025,05:58 PM
868,Level Up/ Acronym Change,A0058988613,"7/29/2025 Changed to L2-BR. When doing my morning walkthrough, I approached him at the gate, he would jump up on the glass door and when I put my hard up to the bars he would let out a low growl.",Leveling,7/29/2025,10:31 AM
869,Focus Group,A0058820818,7/29/2025 safe?,Staff Observation,7/29/2025,12:11 PM
870,Focus Group,A0058916541,"7/29/2025 No BR observed at time of focus group. He was friendly and calm at the gate with a tail wag and eagerly accepted treats. I asked Dennis, who was working in his area, what his experience has been with Tico. He advised Tico shows concerning BR. We let Tico over to the outside portion of the run given how high the FAS in 501 was at the time. He was easily leashed and retrieved by May and brought to the play yard. Eagerly solicited attention from myself, Maddie and May. Investigated the yard and eliminated. He stood still for a moment and stared at the dogs across from him and hackles briefly rose but he was easily redirected by calling him over. He knows sit and shake. Easily returned to the kennel.",Staff Observation,7/29/2025,01:56 PM
871,Intake,A0058992977,"7/29/2025 Very nervous, has to be carried, otherwise easily handled. Once in the intake exam room he opened up a bit more. Would still cower down when approached. Easily handled.",Staff Observation,7/29/2025,03:56 PM
872,Intake,A0058993234,7/29/2025 Easily handled both in the kennel and during the exam.,Staff Observation,7/29/2025,04:22 PM
873,Intake,A0058998761,7/29/2025 Easily handled in intake kennel.Muzzled for precaution during exam. Does not like being vetted. Could not complete HW test due to flailing. ,Staff Observation,7/29/2025,04:23 PM
874,Intake,A0058999057,"7/29/2025 Easily handled in intake kennel. Muzzled for precaution during exam, does not like to be vetted, flails during vetting. Could not complete HW test.",Staff Observation,7/29/2025,04:40 PM
875,Intake,A0058995935,7/29/2025 Easily handled in intake kennel. Muzzled for precaution during exam. Doesn't like being vetted.,Staff Observation,7/29/2025,04:53 PM
876,Intake,A0058996759,"7/29/2025 Very nervous in kennel. Trembling, showing signs of stress/fear, whale eye. Urination/defecation when attempting to leash then frozen in place. Opened up a little once in the exam room, gave low tail wags. ",Staff Observation,7/29/2025,05:04 PM
877,Intake,A0059004782,7/29/2025 easily handled during exam.,Staff Observation,7/29/2025,05:41 PM
878,Focus Group,A0053633954,"7/30/2025 Dog test.  See return notes Focus Group: She was stiff when Maddie retrieved her from her kennel and walked on leash with her tail tucked and looking around nervously. In the yard, she readily accepted treats but kept her tail fairly tucked and was shaking. She allowed us to pet her a few times but generally remained uncomfortable/stiff/tucked tail for the entire interaction. We brought in Jip for the dog test (another female). Beatrice avoided even looking at Jip, much less approaching her. Jip sniffed around the yard and whined a few times to play with Beatrice. We walked them past each other a few times. Jip was friendly and kept her distance from Beatrice while Beatrice stayed as close to the wall and Maddie's leg as possible. Jip and Beatrice eventually walked close to each other and while Jip did a play bow, Beatrice started growling so we ended the dog test. We decided not to test her with a male dog as she was uncomfortable and nervous with and without a dog present. Very anxious/nervous overall. ",Staff Observation,7/30/2025,07:01 AM
879,Level Up/ Acronym Change,A0058795005,"7/30/2025 Leveled to L2-OA: Dog is very excitable in kennel and difficult to leash. Jumps repeatedly when approached, making it hard to leash. Once leashed, dog remains high energy, pulling toward doors and handlers. No signs of fear, avoidance, or aggression noted. Behavior appears to be over-arousal and lack of leash manners, not fear-based.",Leveling,7/30/2025,10:30 AM
880,Intake,A0058991756,"7/30/2025 Was very nervous before traz decom. Able to leash now, but still nervous. Go slow.Opened up once in the exam room, giving low tail wags. Was easily handled.",Staff Observation,7/30/2025,01:10 PM
881,Intake,A0059005672,7/30/2025 Easily handled in the kennel. Muzzled for precaution does not like being vetted. Couldn't complete microchip implant or HW test due to flailing.,Staff Observation,7/30/2025,02:43 PM
882,Intake,A0059006004,"7/30/2025 Hard staring, growling, and showing teeth while in the kennel. Completed a partial exam on the catch pole. ",Staff Observation,7/30/2025,03:34 PM
883,Intake,A0059005850,7/30/2025 Easily handled both in the kennel and during the exam. Muzzled out of precaution but showed no aggression. ,Staff Observation,7/30/2025,03:42 PM
884,Intake,A0059007738,7/30/2025 Easily handled both in the kennel and during the exam.,Staff Observation,7/30/2025,03:58 PM
885,Intake,A0059006751,7/30/2025 Easily handled both in the kennel and during the exam. ,Staff Observation,7/30/2025,04:16 PM
886,Intake,A0059006048,7/30/2025 Easily handled in the kennel. Hard staring and growling when trying to get her picture in the exam room. Couldn't get a muzzle on. Completed partial on a catch pole. ,Staff Observation,7/30/2025,04:32 PM
887,Intake,A0059007742,7/30/2025 Easily handled,Staff Observation,7/30/2025,05:16 PM
888,Intake,A0059007746,7/30/2025 Easily handled.,Staff Observation,7/30/2025,05:22 PM
889,Intake,A0059007750,7/30/2025 easily handled,Staff Observation,7/30/2025,05:39 PM
890,Intake,A0058994481,"7/30/2025 Hissing, growling in intake and exam",Staff Observation,7/30/2025,06:22 PM
891,Intake,A0059007756,7/30/2025 Easily handled,Staff Observation,7/30/2025,06:28 PM
892,Intake,A0059007753,7/30/2025 Easily handled,Staff Observation,7/30/2025,06:32 PM
893,Intake,A0059012980,7/31/2025 hissing growling and trying to bite while in intake and during exam.,Staff Observation,7/31/2025,12:23 PM
894,Intake,A0053633954,7/31/2025 easily handled in the kennel. A bit of stand-offish but no aggression shown ,Staff Observation,7/31/2025,01:39 PM
895,Intake,A0058576129,7/31/2025 easily handled,Staff Observation,7/31/2025,01:57 PM
896,Intake,A0059011050,7/31/2025 easily handled,Staff Observation,7/31/2025,02:37 PM
897,Focus Group,A0059006004,"7/31/2025 Approached Smoke yesterday 8/3 as staff could not get him inside for closing. As I approached him from the outside portion of the kennel he held his head low to the ground and avoided eye contact. I opened up the kennel door and knelt down to his level. He sniffed my hand and gave a small tail wag. I was able to leash him, walk him inside and unleash without any issues.8/4: Focus Group: Approached Smoke from the inside portion of the kennel, offered him some treats which he took instantly. I asked if he wanted to go outside which he then started wagging his tail. I leashed him easily and took outside for a short walk. He sniffed around the grass and allowed pets on his head and back. Did not observe any body handling issues. He then approached volunteer Emily on his own and wagged his tail at her. He was then rewarded with a treat and we walked back inside. Once inside, I walked him into his kennel, knelt down, gave him some back scratches where he then proceeded to give me a kiss. I removed the leash and exited the kennel with no issue. Recommend a level down to L3-SF, so he can gain more confidence.",Staff Observation,7/31/2025,03:34 PM
898,Intake,A0059010208,7/31/2025 easily handled while in intake and during exam.,Staff Observation,7/31/2025,03:38 PM
899,Intake,A0059021595,7/31/2025 easily handled during exam.,Staff Observation,7/31/2025,05:14 PM
900,Intake,A0059021620,7/31/2025 easily handled while in intake and during exam.,Staff Observation,7/31/2025,05:38 PM
901,Write Up,A0058334939,"8/1/2025 7/21 Bite : Staff was talking with co worker, dog jumped up bit left breast , staff grabbed baby feet by collar, dog bit again twice. ",Staff Observation,8/1/2025,10:42 AM
902,Intake,A0059023455,"8/1/2025 snaps at leash, growls. trys to run/escape. stressed and fearful while in intake.signs of stress/fear, air snapping, growling, hard staring, trying to bite/biting.",Staff Observation,8/1/2025,11:48 AM
903,Intake,A0059023440,8/1/2025 while in intake easily handled. during exam very good boy.,Staff Observation,8/1/2025,02:23 PM
904,Intake,A0059028091,8/1/2025 easily handled while in and during intake.,Staff Observation,8/1/2025,03:05 PM
905,Daily Observations,A0058728393,"8/1/2025 Showing signs of kennel stress - barking, pacing",Staff Observation,8/1/2025,03:05 PM
906,Intake,A0059023830,8/1/2025 easily handled while and during exam.,Staff Observation,8/1/2025,03:23 PM
907,Daily Observations,A0058588407,"8/1/2025 Showing signs of kennel stress - constantly barking, reactive, hyperactive in kennel",Staff Observation,8/1/2025,03:40 PM
908,Daily Observations,A0058943849,"8/1/2025 Showing signs of kennel stress- barking, drooling",Staff Observation,8/1/2025,03:41 PM
909,Daily Observations,A0053623485,8/1/2025 Showing signs of kennel stress,Staff Observation,8/1/2025,03:49 PM
910,Focus Group,A0058875618,"8/2/2025 Personality: friendly, solicits attention, easygoing, anxiousDog Test 1: n/aDog Test 2: n/aMedical: ears super crusty, blood tinged discharge from vagina, one boob is very warm in comparison to the others (med write up submitted)How Do I Handle Stress? well. gave her a bath in the sally port and while she attempted to jump out a few times, she didn't fight when we pulled her back in and was tolerant of being shampooed and sprayed with waterWhat Do I Need Help With Most? anxiety. after her bath she was placed on leash and pulled extremely hard to get to the door, then once in the pasture she cried and paced by the barn door - would come up to ashley and myself for pets but then go back to the barn door and whine.  The Most Memorable Thing About Me: she sits very nicely when you interact with her. when she gets excited she'll jump up on you Intake Info:What is my strategic out? adoption/foster; easy to handle, needs dog testOngoing care:Other notes: she was given two high value treats which she took nicely but removed herself from where we were to eat it. was given a treat while in the tub and she held it in her mouth but would not eat it - looked for an exit to go eat it away from us. had no issue eating regular food in front of us, she was more apprehensive about high-value treats",Staff Observation,8/2/2025,09:36 AM
911,Intake,A0059025512,8/2/2025 easily handled while and during intake.,Staff Observation,8/2/2025,11:25 AM
912,Intake,A0057969626,8/2/2025 easily handled while and during intake,Staff Observation,8/2/2025,11:51 AM
913,Intake,A0059027650,8/2/2025 easily handled while and during intake.,Staff Observation,8/2/2025,01:50 PM
914,Intake,A0059030945,8/2/2025 Easily handled in intake kennel & during exam. ,Staff Observation,8/2/2025,05:28 PM
915,Intake,A0059032318,8/2/2025 Easily handled,Staff Observation,8/2/2025,05:34 PM
916,General Information,A0058735374,8/2/2025 Kennel tech (Olivia) stated that Leshen bares his teeth when other dogs walk past his kennel. But it looks like he did well with other dogs in playgroup. Will monitor. - Ashley McMahon,Staff Observation,8/2/2025,06:08 PM
917,General Information,A0058867555,"8/2/2025 Kennel tech (Olivia) stated that when she walks Prince Tonne on leash to the yards during cleaning, he pulls hard on the leash and lunges at other dogs in their kennels. She wasn't sure if he was excited to interact or being aggressive.  - Ashley McMahon",Staff Observation,8/2/2025,06:11 PM
918,Request Level Change (Down),A0058846611,"8/3/2025 Req L2-H, she is very sweet, has loose body language, in an area where vols can walk so would like her to be leveled down to get more interaction  -DGLila has very loose body language at the kennel door and was easily leashed.  Upon leaving her known area, she walked a bit slowly with her tail tucked between her legs in seeing people in the distance.  When taken to my office Lila come up to me but will crouch down when being pet.  A bit of flinching when having her back side touched.  From the information gathered she can be leveled down to L2-H/SF  -CW ",Leveling,8/3/2025,09:41 AM
919,Intake,A0059030332,"8/3/2025 Lunging at kennel door when approached. Cannot be handled. Partial on catchpole. (alarm barking, growling and hard staring)",Staff Observation,8/3/2025,02:37 PM
920,Intake,A0059031231,8/3/2025 Easily handled while in intake and during exam.,Staff Observation,8/3/2025,03:01 PM
921,Intake,A0059031986,8/3/2025 Easily handled while in intake and during exam.,Staff Observation,8/3/2025,03:11 PM
922,Intake,A0059033724,8/3/2025 Easily handled while in intake and during exam.,Staff Observation,8/3/2025,03:43 PM
923,Daily Observations,A0056298384,8/4/2025 Noticed Dumplin is painting alot and panting.  Requesting extra enrichment and outside time for anxiety. -CW,Staff Observation,8/4/2025,09:36 AM
924,Level Up/ Acronym Change,A0058872755,"8/4/2025 Gracie stated that Darla Girl resource guards her treats. She showed me a video of Darla Girl with a treat - when Gracie approached the gate and spoke to her, Darla Girl stiffened, hard stared, and barked, then whale-eyed her. Gracie has not observed this behavior with her food bowl, just with treats. Changing from L1 to L2 - RG. - Ashley McMahon",Leveling,8/4/2025,10:39 AM
925,Focus Group,A0058666623,8/4/2025 Very friendly at the gate and allowed for pets. Likely sensitive to restraint/handling due to the large mass on his chest. ,Staff Observation,8/4/2025,12:00 PM
926,Intake,A0059037748,8/4/2025 Easily handled,Staff Observation,8/4/2025,05:11 PM
927,Intake,A0059037749,8/4/2025 Easily handled,Staff Observation,8/4/2025,05:20 PM
928,Intake,A0059037750,8/4/2025 Easily handled,Staff Observation,8/4/2025,05:26 PM
929,Intake,A0059037753,8/4/2025 Easily handled,Staff Observation,8/4/2025,05:30 PM
930,Intake,A0059037823,8/4/2025 Easily handled,Staff Observation,8/4/2025,05:37 PM
931,Focus Group,A0059006048,"8/5/2025 Determine placement options.  Not safe at intake  BBell 8/5 : Approached kennel, no negative behaviors observed, took treats, Kennel was clean. Easily leashed into court yard. Went potty after a couple sniffs. Did not solicit affection. Shaking. only engaged when offered food. Easy to re kennel and unleashed. Allowed few head scratches and had a wagging tail when placed back in kennel. Will revisit by end of week. MBush",Staff Observation,8/5/2025,08:53 AM
932,Daily Observations,A0058612311,"8/5/2025 Following up on behavior notes for leveling.  Tieson was a bit stand offish with me at the door.  Slight low growl and sideways look.  When I opened the door and talked nicely to him he did run up and receive pets with a wagging wait.  He did, however, flinch alot when touched around his neck.  I agree with NL in keeping him L2-Sf ",Staff Observation,8/5/2025,09:35 AM
933,Request Level Change (Down),A0058846624,"8/5/2025 Req L2-A due to being in a space where vols can walk. Loose body language and wiggly, easily handled Mike was good being leashed up.  He seems to be much more on the OA side.  Very hyper, a small amount of jumping and pulling on the walk.  Good being handled.  Likes to play with toys and get affection.  Changing to L2-OA  -CW",Leveling,8/5/2025,09:39 AM
934,Intake,A0059034031,8/5/2025 easily handled while in intake and during exam.,Staff Observation,8/5/2025,03:12 PM
935,Intake,A0057801258,8/5/2025 easily handled,Staff Observation,8/5/2025,04:10 PM
936,Intake,A0059042315,"8/5/2025 Very nervous in the kennel. Cowering in the corner, no aggression shown, easily leashed. Once in the exam room opened up. Easily handled. ",Staff Observation,8/5/2025,04:38 PM
937,Intake,A0059045111,8/5/2025 Easily handled in the kennel and during the exam. ,Staff Observation,8/5/2025,04:43 PM
938,Intake,A0059045109,8/5/2025 Easily handled both in the kennel and during the exam. ,Staff Observation,8/5/2025,04:50 PM
939,Intake,A0059044513,"8/5/2025 nervous, low crawling and slow movements. No aggression shown. Opened up a little once in the exam room easily handled during the intake exam. Signs of stress/fearWhale eye",Staff Observation,8/5/2025,05:11 PM
940,Intake,A0059047768,8/5/2025 a little nervous. Muzzled out of precaution doesn't like to be vetted. Signs of stress/fearWhale eye,Staff Observation,8/5/2025,05:34 PM
941,Intake,A0059051392,8/5/2025 Easily handled during the exam. ,Staff Observation,8/5/2025,06:19 PM
942,Intake,A0059055466,8/6/2025 easily handled during exam.,Staff Observation,8/6/2025,02:29 PM
943,Intake,A0059055456,8/6/2025 easily handled during exam.,Staff Observation,8/6/2025,02:36 PM
944,Intake,A0059055507,8/6/2025 easily handled during exam,Staff Observation,8/6/2025,02:42 PM
945,Intake,A0059047995,8/6/2025 Easily handled both in the kennel and during the exam. ,Staff Observation,8/6/2025,05:05 PM
946,Intake,A0059050743,8/6/2025 Scared with whale eyes in the kennel but was easily handled. Easily handled during the exam. Muzzled out of precaution but showed no aggression. ,Staff Observation,8/6/2025,05:18 PM
947,Intake,A0053600249,8/6/2025 Easily handled both in the kennel and during the exam. ,Staff Observation,8/6/2025,05:28 PM
948,Intake,A0059047534,8/6/2025 Easily handled in the kennel and during the exam. Did not like being separated from Guillermo. Would whine and pull back towards him. ,Staff Observation,8/6/2025,05:44 PM
949,Intake,A0059047527,8/6/2025 Easily handled both in the kennel and during the exam. Did not want to be separated from Cella Estrellas.,Staff Observation,8/6/2025,05:48 PM
950,Intake,A0059053506,8/6/2025 Easily handled both in the kennel and during the exam. ,Staff Observation,8/6/2025,06:20 PM
951,Daily Observations,A0059007738,"8/7/2025 During my walk-by, I noticed that Red Boy has started painting his kennel. Suspect the beginnings of kennel stress. May need a larger space soon.",Staff Observation,8/7/2025,10:43 AM
952,Daily Observations,A0058754218,"8/7/2025 During morning rounds, noticed that Knuckles is starting to paint his kennel now that he isn't sick. Already on extra enrichment, suspect the beginnings of kennel stress ",Staff Observation,8/7/2025,01:23 PM
953,Intake,A0059055459,8/7/2025 very shy head shy but no aggression shown easily handled once out of the kennel while in intake. easily handled did very well for vetting during exam.,Staff Observation,8/7/2025,02:28 PM
954,Intake,A0059057788,8/7/2025 very shy hard time walking on leash no aggression shown while in intake easily handled during exam.signs of stress/fear startle easily hiding.,Staff Observation,8/7/2025,03:24 PM
955,Intake,A0059059299,8/7/2025 very scared won't walk on leash while in intake didn't move once during whole exam no aggression shown during exam. Signs of stress/fear startles easily frozen/stuck in place hiding.,Staff Observation,8/7/2025,03:59 PM
956,Intake,A0059060477,8/7/2025 easily handled while in intake and during exam.,Staff Observation,8/7/2025,05:17 PM
957,Intake,A0059056260,8/7/2025 Easily handled,Staff Observation,8/7/2025,05:56 PM
958,Request Level Change (Down),A0058875618,"8/8/2025 Request a level down, L2-A, she was eager to go outside during my walk through so I opened her kennel door and allowed her to walk to the yard. Once in the yard she went potty and then seeked pets and attention. Brought back inside and she would not go back in her kennel. She kept jumping up on me seeking attention. Loves butt scratches. Leashed to get back in kennel, no issues leashing or unleashing- DG Took out 8.8.25.  No BR, happy to be leashed and walk around, loose body language.  Was okay to be touched but would pause and not wag tail.  Still having discharge coming out of her privates so she may feel tender and not be used to it.  Was great going back inside when I put a treat on her bed.  I'm recommending L2 but BH.  -CW",Leveling,8/8/2025,08:49 AM
959,Intake,A0059062583,8/8/2025 while and during intake easily handled.,Staff Observation,8/8/2025,12:48 PM
960,Intake,A0059064014,8/8/2025 easily handled while and during intake.,Staff Observation,8/8/2025,02:01 PM
961,Intake,A0059068647,8/8/2025 while and during intake shy but easily handled.,Staff Observation,8/8/2025,04:08 PM
962,Intake,A0059068907,8/8/2025 easily handled while and during exam.,Staff Observation,8/8/2025,04:43 PM
963,Intake,A0059069137,8/8/2025 easily handled while and during intake.,Staff Observation,8/8/2025,05:11 PM
964,Intake,A0059066458,8/8/2025 hissing trying to bite while in intake and during exam.,Staff Observation,8/8/2025,06:14 PM
965,Intake,A0059066441,8/8/2025 hissing but still easily handled while in intake and during exam.,Staff Observation,8/8/2025,06:20 PM
966,Intake,A0059066424,8/8/2025 hissing but still easily handled while in intake and during exam.,Staff Observation,8/8/2025,06:23 PM
967,Intake,A0059066466,8/8/2025 hissing growling trying to scratch and bite while in intake and during exam.,Staff Observation,8/8/2025,06:29 PM
968,Intake,A0059066392,8/8/2025 hissing but still easily handled while in intake and during exam.,Staff Observation,8/8/2025,06:32 PM
969,Intake,A0059067920,8/8/2025 easily handled while in intake and during exam.,Staff Observation,8/8/2025,06:39 PM
970,Intake,A0059067906,8/8/2025 easily handled while in intake and during exam.,Staff Observation,8/8/2025,06:39 PM
971,Level Up/ Acronym Change,A0058996759,"8/8/2025 Kennel tech Mckeila Snow reports that Coffee Nut no longer shows shy/fearful behavior, but is instead barrier reactive and a leash biter. When I walked past Coffee Nut later, I observed the barrier reactivity - barking, growling, ears back, up on door when I approached. Changing from L2 - SF to L2 - BR/LB. - Ashley McMahon",Leveling,8/8/2025,06:43 PM
972,Focus Group,A0056551335,"8/9/2025 Determine placement options.   May need for information regarding the bite and why it was reported so late.8/18 FG: Offered Vicky a few treats from the outside portion of her kennel. Since I already knew Vicky, I had no hesitations of leashing her up. I opened the kennel door and leashed her with no issues. We went for a walk where she greeted a dog through the fence and seemed very interested (may be dog friendly?). We walked down to the 600 courtyards and back and then I knelt down and touched her feet, tail, back and head. She had no reaction to me petting her anywhere. She may just not be suitable for a home with young kids. Seems like the bite occurred as a result of being stepped on. Showed no signs of aggressive behaviors. Rec level down to what she was when she left.",Staff Observation,8/9/2025,06:39 AM
973,Focus Group,A0058907750,"8/9/2025 Personality: semi-aloof, independentDog Test 1: n/aDog Test 2: n/aMedical: n/aHow Do I Handle Stress? seems content, agitated by kennel neighbor but maintains social behavior in most settingsWhat Do I Need Help With Most? regular handling/meeting other staff membersThe Most Memorable Thing About Me: solicits attention through kennel, aloof in yard/on leash. Intake Info: see prev notesWhat is my strategic out? adoption/fosterOngoing care:Other notes: assessed him w/mari - presented as neutral-to-mildly interested in handlers, no overt aggression or guarding behavior observed. moments of tension during leashing and leash removal but exact cause of sensitivity was difficult to determine due to the high level of environmental stimulus & this being the first time he’s had handler interaction since intake. allowed full body pets, pulls very hard on leash, will come when called, appears house broken   08/12/2025 - greeted through exterior run, pressed his body up against door and allowed full body pets. very loose/excited body language",Staff Observation,8/9/2025,08:06 AM
974,Write Up,A0059006048,"8/9/2025 Approaching the neighboring dog, Nari began to bark. Staff report barrier reactivity. Once approached, Nari presented in the front of her kennel, engaging in interaction. When attempting to leash she stared at the accompanying kennel tech. The kennel tech backed away, and I was able to leash her without any issues. Once out of the kennel, she did not mind the tech. Once in the yard, she remained stiff with a high-flagged tail. She went potty and independently roamed the yard. Interested in dogs walking by, but no reactivity. After a while, she began engaging/initiating in interacting with handlers in the yard and soliciting affection. Wanting pets and jumping up at the handlers. Staff unknown to Nari approached, to which she reacted with a wagging tail. Explored possible body handling, no obvious triggers to ears, paws, shoulders, chest, or tail. No negative behavior observed. Body language remains stiff, which can be off-putting, but sweet girl otherwise. Likely Placeable and L2-BR. Will complete the focus group module once the dog: dog test is completed. ",Staff Observation,8/9/2025,12:53 PM
975,Intake,A0059069720,8/9/2025 while and during intake shy but easily handled.,Staff Observation,8/9/2025,01:08 PM
976,Intake,A0059069956,"8/9/2025 while in intake was easily handled. during exam opened up, hyperactive jumping, unable to focus. no aggression.",Staff Observation,8/9/2025,01:16 PM
977,Intake,A0059070942,8/9/2025 easily handled while and during intake.,Staff Observation,8/9/2025,01:54 PM
978,Intake,A0059076738,8/9/2025 while in intake growls shows teeth when attempting to handle not lunging. during exam same behavior. may improve when fleas and irritation go away.,Staff Observation,8/9/2025,04:31 PM
979,Intake,A0059071245,8/9/2025 easily handled while and during intake.,Staff Observation,8/9/2025,04:38 PM
980,Intake,A0059072898,8/9/2025 easily handled while and during intake. very good,Staff Observation,8/9/2025,05:24 PM
981,Focus Group,A0059006048,8/9/2025 Personality:..was stiff at first easy to leash walked her out to yard and she warmed up quickly wanting rubs and okay with me touching and petting her..Nari tail was wagging and when walked back to kennel easy to unleash..sometimes barks when we approach her kennel but her tail will wag!Dog Test 1:Dog Test 2:Medical:How Do I Handle Stress?What Do I Need Help With Most?The Most Memorable Thing About Me:Intake Info:What is my strategic out?Ongoing care:Other notes: Current Level: staff onlyRequest: Your Name:heather pateWhy are you requesting a level change?staff only and seems like an adoptable dog Assessment:Assessor's Name:Findings and Recommendation: Results:Manager's Name:Notes and determination:,Staff Observation,8/9/2025,05:24 PM
982,Intake,A0059076505,"8/9/2025 while in intake very shy/fearful, wont walk for long. gets scared and freezes. during exam shut down but easily handled.",Staff Observation,8/9/2025,05:37 PM
983,Intake,A0059076639,8/9/2025 easily handled while and during intake.,Staff Observation,8/9/2025,05:42 PM
984,Intake,A0059077476,8/10/2025 Easily handled while in intake and during exam.,Staff Observation,8/10/2025,01:55 PM
985,Intake,A0059080643,"8/10/2025 Nervous, shaking but easily handled otherwise. Once in the exam room, they were constantly pacing and tail tucked. Muzzled as a precaution.",Staff Observation,8/10/2025,02:38 PM
986,Intake,A0059079840,"8/10/2025 A little nervous, go slow but easily handled while in intake and during exam.",Staff Observation,8/10/2025,03:24 PM
987,Intake,A0059080152,8/10/2025 Easily handled while in intake and during exam.,Staff Observation,8/10/2025,03:38 PM
988,Intake,A0059079582,8/10/2025 Easily handled,Staff Observation,8/10/2025,04:25 PM
989,Focus Group,A0059030332,"8/10/2025 Approached Stav (Rama) from inside portion of his run. He presented with barrier reactivity. I let him go out to the outside portion of the run. I knelt down to his level and offered treats. He was not interested in my treats and instead he got so nervous he urinated. I sat on the ground with my back facing away from him and allowed him to get familiar with my presence. He would occasionally come up to the gate to see what I was doing but then immediately retracted to the back of the kennel. He would low growl with whale eyes if I turned around. Realizing that he was more scared then anything, I cracked the run door open to see if he would approach. As soon as the run door opened and I offered my hand for a sniff, he approached me with a low-wagging tail. I offered him my leash to which he lowered his head and allowed me to put it on. Exited the kennel and walked to the mulch yard. When we got into the mulch yard, I let him roam around (with the leash still on). I sat on the bench and allowed him to approach me if he wanted. I observed that he was heavily panting due to stress. However, he would approach me with a wagging tail and allow me to pet his head and back. We left the mulch yard and went for a walk to the next yard over where he did a fence greeting with Bubba Boy. He seemed excited to meet another dog and I suspect he is dog friendly. We then walked inside and I brought him over to the supervisor desk. He stopped midway to greet two customers in which he offered submissive ears and a tail wag. Once at the desk, he was met by a few kennel techs. While he did show some shyness, he allowed one kennel tech to pet his head. We went back to 200, I placed him back in his kennel and unleashed without incident. Recommend L3-SF and a playgroup assessment. ",Staff Observation,8/10/2025,04:30 PM
990,Intake,A0059079689,8/10/2025 Easily handled,Staff Observation,8/10/2025,04:34 PM
991,Intake,A0059079742,8/10/2025 Easily handled,Staff Observation,8/10/2025,04:41 PM
992,Intake,A0059079597,8/10/2025 Easily handled,Staff Observation,8/10/2025,04:45 PM
993,Intake,A0059079746,8/10/2025 Easily handled,Staff Observation,8/10/2025,04:52 PM
994,Intake,A0059078775,8/10/2025 Easily handled,Staff Observation,8/10/2025,05:05 PM
995,Intake,A0059079417,8/10/2025 Easily handled,Staff Observation,8/10/2025,05:09 PM
996,Request Level Change (Down),A0059006004,"8/11/2025 See focus group notes Unfortunately, Smoke is on giardia quarantine until the 20th so a full assessment cannot be done.  Upon going to the door, Smoke was laying on his bed and as I approached his ears went sideways and eyes widened as he kept looking outside then back at me as if he was deciding if he should run or not.  When I barely opened the door to test his reaction he put his head down and licked his lips.  Nothing outwardly aggressive but definitely fearful.  Heather Pate said she had him out the other day and he did fine on leash but was fearful and would stiffen at the touch of the leash.  We will have to reassess after quarantine for a fuller picture. -CW  8.11.2025",Leveling,8/11/2025,08:04 AM
997,Request Level Change (Down),A0058943859,"8/11/2025 Per kennel tech JJ- Lilo has made improvements on being SF, req L1 so that more volunteers can walk her and increase her confidence Taken out on 8.11.25 by CW. Came up to the kennel door when she saw me.  Easily leashed but when being pet she does tend to stiffen and shake.  We walked around the building and she kept very close to me and continued to shake.  We then spent time in my office to see if she would warm up and she would come when called but kept hunkering down low and does not display any sort of confidence.  With strangers still very shy fearful.  No change at this time. - CW",Leveling,8/11/2025,10:13 AM
998,Request Level Change (Down),A0058879473,"8/11/2025 No longer SF Taken out on 8.11.2025. Very loose body language, happy to be pet and walked.  Takes treats easily.  Leveling down- CW",Leveling,8/11/2025,12:41 PM
999,Intake,A0059080810,8/11/2025 Easily handled while in intake and during exam.,Staff Observation,8/11/2025,02:21 PM
1000,Intake,A0056513366,8/11/2025 Easily handled while in intake and during exam.,Staff Observation,8/11/2025,02:36 PM
1001,Intake,A0058570960,8/11/2025 Easily handled while in intake and during exam.,Staff Observation,8/11/2025,02:45 PM
1002,Intake,A0059085051,8/11/2025 Easily handled while in intake and during exam.,Staff Observation,8/11/2025,03:09 PM
1003,Intake,A0059079805,8/11/2025 Yowling and running away,Staff Observation,8/11/2025,04:34 PM
1004,General Information,A0059006048,8/11/2025 Nari seem seems stiff but was willing and easy to leash..once on yard was willing to be touched and body relaxed and tail wagged.. Nari also was easy to unleash..Nari also allows us to enter kennel with out reacting.,Staff Observation,8/11/2025,04:47 PM
1005,Focus Group,A0058638071,8/12/2025 Returned for dog reactivity ,Staff Observation,8/12/2025,06:31 AM
1006,Request Level Change (Down),A0059006048,8/12/2025 Level down request submitted.  See notes. Discussed in Pathways. Level changed by group. MH,Leveling,8/12/2025,08:35 AM
1007,Daily Observations,A0058847356,8/12/2025 Painting kennel-would benefit from flex or feat room.,Staff Observation,8/12/2025,09:52 AM
1008,Intake,A0059084840,8/12/2025 easily handled,Staff Observation,8/12/2025,02:16 PM
1009,Intake,A0059083921,8/12/2025 easily handled,Staff Observation,8/12/2025,02:20 PM
1010,Intake,A0059087305,8/12/2025 easily handled,Staff Observation,8/12/2025,03:06 PM
1011,Intake,A0059088207,8/12/2025 easily handled while in intake and during exam.,Staff Observation,8/12/2025,03:35 PM
1012,Intake,A0059088231,8/12/2025 easily handled while in intake and during exam.,Staff Observation,8/12/2025,03:38 PM
1013,Intake,A0059088172,8/12/2025 easily handled while in intake and during exam.,Staff Observation,8/12/2025,03:46 PM
1014,Intake,A0059088241,8/12/2025 easily handled while in intake and during exam.,Staff Observation,8/12/2025,03:49 PM
1015,Intake,A0059090536,8/12/2025 easily handled while and during intake.,Staff Observation,8/12/2025,03:54 PM
1016,Intake,A0059090299,8/12/2025 easily handled while and during intake.,Staff Observation,8/12/2025,04:09 PM
1017,Write Up,A0058952168,"8/13/2025 attacked by a dog during playgroup - received a few punctures to his neck and became very sensitive to being touched near the wounds. i was able to look at the punctures and loosen the collar immediately after he was removed from the yard and he gave no indication that he did not want me touching his neck, but by the time he was replaced in his kennel he growled at me when i went to remove his collar so i left it on him. i visited him on thursday and he let me pet his muzzle, the top of his head, and his chest while giving me kisses, but his head twitched when i got close to his neck. advised staff working in his area to keep an eye on him to ensure the collar doesn't get hung up on anything, will reattempt removal after he's had time to heal. ",Staff Observation,8/13/2025,02:25 PM
1018,Intake,A0059093469,8/13/2025 Easily handled in intake kennel. Once in exam room he had stiff body language when approached. Very tense muscles & flag tail. Does not like restraint/vetting. Muzzled for precaution as he began growling & thrashing during restraint. Could not complete HW test. ,Staff Observation,8/13/2025,04:23 PM
1019,Focus Group,A0058907750,"8/13/2025 f/u focus group 08/12/2025had elote interact with allie, the person he was reported to have been guarding during intake. elote displayed very wiggly body language, solicited attention, and sat between allie's legs. i was able to approach and stand next to allie without any reaction from elote - he did not pay attention at all to me standing next to allie. we then had him interact with madison, who he reportedly growled/snapped at during intake; he approached her with a loose wiggly body and allowed full body pets. then had jade greet him as an additional unknown party and immediately upon approach he jumped up on her and solicited attention.  completed dog-dog assessment with donna; he pulled super hard to approach her and once face to face displayed full body wags and a slight play bow. as donna turned away from him, he sniffed her genitals and became hyper fixated on sniffing her - no attempt made to mount though as donna would turn her body away from him before he had the chance. may do better once neutered?  ",Staff Observation,8/13/2025,04:35 PM
1020,Intake,A0059101776,8/13/2025 Easily handled,Staff Observation,8/13/2025,04:41 PM
1021,Intake,A0059095523,8/13/2025 Easily handled in intake kennel. Extremely hyperactive once in exam room. Constantly jumping & snatching treats. ,Staff Observation,8/13/2025,04:52 PM
1022,Intake,A0059091500,8/13/2025 Easily handled in intake kennel & during exam. ,Staff Observation,8/13/2025,05:16 PM
1023,Intake,A0059098998,8/13/2025 Easily handled in intake kennel & during exam. Very sweet,Staff Observation,8/13/2025,06:35 PM
1024,Intake,A0059096476,8/13/2025 Showing signs of stress/fear & tense muscles in intake kennel & during exam. Still easily handled.,Staff Observation,8/13/2025,08:55 PM
1025,Intake,A0059092566,8/13/2025 Easily handled in intake kennel & during exam.,Staff Observation,8/13/2025,09:05 PM
1026,Intake,A0059091250,8/13/2025 Easily handled in intake kennel & during exam.,Staff Observation,8/13/2025,09:13 PM
1027,Intake,A0059091185,8/13/2025 Easily handled in intake kennel & during exam.,Staff Observation,8/13/2025,09:17 PM
1028,Intake,A0059093171,8/13/2025 Easily handled in intake kennel & during exam.,Staff Observation,8/13/2025,09:33 PM
1029,Intake,A0059095636,"8/13/2025 Hyper but friendly in kennel. Easily handled.Once in exam room he would not settle. Constantly jumping, hyperactive, unable to focus. Thrashes during vetting. ",Staff Observation,8/13/2025,09:37 PM
1030,Intake,A0059095840,"8/13/2025 Easily handled in intake kennel.Nervous with tail tucked once in exam room. Showing signs of stress/fear, tense muscles, ducking, running away, & head whipping during exam. ",Staff Observation,8/13/2025,09:56 PM
1031,Intake,A0059096501,8/13/2025 Easily handled in intake kennel & during exam.,Staff Observation,8/13/2025,10:00 PM
1032,Intake,A0059097186,"8/13/2025 Showing signs of stress/fear in intake kennel & during exam. Still, easily handled.",Staff Observation,8/13/2025,10:04 PM
1033,Intake,A0059098443,"8/13/2025 Easily handled in intake kennel. Startled very easily once in exam room. Showing signs of stress/fear, tail completely tucked, very tense muscles, stiff body language, urination/defecation from fear, & running away. Muzzled for precaution during exam. Could not complete HW test/microchip implant. ",Staff Observation,8/13/2025,10:09 PM
1034,Request Level Change (Down),A0058907750,"8/14/2025 No handling stipulations observed on or off leash. He presses his body against the kennel door to allow you to pet his body, and will demand bark when you walk away, but it's usually one or two barks, then he's quiet. Easy to leash/unleash, social with strangers, allows full body pets, non-reactive when passing dogs, keeps kennel very tidy (seems to be house broken as he immediately goes potty once outside of his kennel), pulls very hard on leash but manageable if harnessed, and is calm in kennel.- GFElote was easy to leash.  Extremely hard puller at times.  Excited to see other dogs.  Wanted to mark everything we went by.  Friendly seeing others during our walk around.  Fine to be pet.  I typically never reduce from Staff Only to L1 right away.  I still have some hesitation for that.  Will reduce to L2-H until we see more from him.  -CW ",Leveling,8/14/2025,03:00 AM
1035,Focus Group,A0059083104,"8/14/2025 Trapped, terrified...aggressive?? Workable??8/18 FG: I offered him treats but he would only eat them from the floor and when I wasn't looking. He is super scared and shut down but didn't show any signs of aggression, allowed me to pet his head once. No level change but rec moving him out to an area where he can get more L3 volunteer attention. ",Staff Observation,8/14/2025,06:43 AM
1036,Intake,A0059089087,8/14/2025 Easily handled while in intake and during exam. very sweet.,Staff Observation,8/14/2025,08:35 AM
1037,Write Up,A0058916541,8/14/2025 brought tico out to do a dog test. when we approached ashley he began growling and barking. could not get him near her with or without a barrier. ,Staff Observation,8/14/2025,11:18 AM
1038,Intake,A0059089105,8/14/2025 easily handled but anxious while in intake. very sweet and shy during exam.,Staff Observation,8/14/2025,02:31 PM
1039,Intake,A0059089132,8/14/2025 shy quiet but alert no aggression while in intake. hard staring frozen in place shut down during exam.signs of stress/fear tense muscles frozen/stuck in place hard staring whale eye.,Staff Observation,8/14/2025,02:49 PM
1040,Intake,A0059109380,8/14/2025 easily handled while in intake and during exam. ,Staff Observation,8/14/2025,04:43 PM
1041,Intake,A0059106338,8/14/2025 easily handled while in intake and during exam.,Staff Observation,8/14/2025,05:15 PM
1042,Intake,A0059105766,8/14/2025 easily handled while in intake and during exam.,Staff Observation,8/14/2025,05:17 PM
1043,Intake,A0059102003,8/14/2025 Easily handled,Staff Observation,8/14/2025,05:53 PM
1044,Intake,A0059100213,"8/14/2025 Easily handled in intake kennel Constantly pacing & whining once in exam room. Wouldn't settle, but no aggression shown.",Staff Observation,8/14/2025,06:31 PM
1045,Intake,A0059101291,"8/14/2025 Easily handled while in intake and during exam ,but constant whining and pacing around during exam.",Staff Observation,8/14/2025,09:11 PM
1046,Intake,A0059102424,"8/14/2025 Easily handled while in intake. Did well for most vetting but lost composure for chipping. (Growling, gead whipping and trying to bite through muzzle)",Staff Observation,8/14/2025,09:55 PM
1047,Intake,A0059101512,8/14/2025 Easily handled while in intake and during exam. Slightly head shy and anxious.,Staff Observation,8/14/2025,10:41 PM
1048,Intake,A0059101393,8/14/2025 Easily handled while in intake and during exams.,Staff Observation,8/14/2025,10:47 PM
1049,Intake,A0059101770,8/15/2025 Easily handled while in intake and during exam.,Staff Observation,8/15/2025,07:51 AM
1050,Intake,A0059101670,8/15/2025 Easily handled while in intake but was a bit OA during exam. Constant barking and jumping. (no aggression shown),Staff Observation,8/15/2025,08:18 AM
1051,Intake,A0059114218,8/15/2025 easily handled during and while in intake and exam.,Staff Observation,8/15/2025,12:45 PM
1052,Intake,A0059114209,8/15/2025 easily handled while and during intake and exam.,Staff Observation,8/15/2025,01:02 PM
1053,Intake,A0059114213,8/15/2025 easily handled while and during intake and exam.,Staff Observation,8/15/2025,01:08 PM
1054,Intake,A0059114222,8/15/2025 easily handled while and during intake and exam.,Staff Observation,8/15/2025,01:18 PM
1055,Intake,A0059116423,"8/15/2025 while in intake very shy/fearful, rolled over and urinated on self. frozen in place.",Staff Observation,8/15/2025,01:47 PM
1056,Intake,A0059116423,"8/15/2025 while in exam signs of stress and fear. startles easily, hackles, ducking, frozen/stuck in place.",Staff Observation,8/15/2025,01:48 PM
1057,Intake,A0059106400,"8/15/2025 while in intake shy but easily handled. during exam bodily handling can freak her out. head whips with mouth open. muzzled for precaution. signs of stress/fear, tense muscles, running away, head whipping, and trying to bite/ biting.",Staff Observation,8/15/2025,02:01 PM
1058,Intake,A0059061882,"8/15/2025 while in intake wont walk on leash, and startles easily. during exam froze up. warmed up after a minute.",Staff Observation,8/15/2025,02:10 PM
1059,Intake,A0059104668,8/15/2025 while and during intake and exam was very easily handled.,Staff Observation,8/15/2025,04:18 PM
1060,Intake,A0059113490,8/15/2025 hissing and trying to scratch but sill easily handled while in intake and during exam.,Staff Observation,8/15/2025,05:21 PM
1061,Intake,A0059113414,8/15/2025 easily handled while in intake and during exam.,Staff Observation,8/15/2025,05:23 PM
1062,Intake,A0059106761,8/15/2025 easily handled while and during intake and exam.,Staff Observation,8/15/2025,05:38 PM
1063,General Information,A0058853857,"8/15/2025 Kennel tech Emily Ortega stated that Socks bit her hand earlier today. It did NOT break skin, just left a bruise. Emily said that Socks is jumpy mouthy on leash. She said he's being playful - wiggly, loose body, tail wagging - and his bites aren't hard. Given that he's 8 months old, no level change at this time. Will monitor and level up if needed. - Ashley McMahon",Staff Observation,8/15/2025,05:46 PM
1064,Intake,A0059105371,8/15/2025 easily handled while and during intake and exam.,Staff Observation,8/15/2025,05:51 PM
1065,Intake,A0059105728,8/15/2025 easily handled while and during intake and exam.,Staff Observation,8/15/2025,06:13 PM
1066,Intake,A0053630143,8/15/2025 easily handled while and during intake and exam.,Staff Observation,8/15/2025,06:19 PM
1067,Intake,A0059106772,8/15/2025 easily handled while and during intake and exam,Staff Observation,8/15/2025,06:27 PM
1068,Intake,A0059106777,8/16/2025 easily handled while and during intake and exam.,Staff Observation,8/16/2025,07:43 AM
1069,Intake,A0059117737,8/16/2025 Easily handled both in the kennel and during the exam. ,Staff Observation,8/16/2025,08:31 AM
1070,Level Up/ Acronym Change,A0059011050,8/16/2025 Can jump over yard fences. Added EA to level. - Ashley McMahon,Leveling,8/16/2025,09:46 AM
1071,Intake,A0059108642,8/16/2025 easily handled while and during intake and exam.,Staff Observation,8/16/2025,01:13 PM
1072,Intake,A0059083104,"8/16/2025 while in intake very stressed, wont walk on leash. no aggression shown.during exam startles easy, shaking, trying to hide/run when approached.",Staff Observation,8/16/2025,01:31 PM
1073,General Information,A0058822047,8/16/2025 Jumped a 6 foot fence while in foster home. ,Staff Observation,8/16/2025,01:32 PM
1074,Intake,A0059105810,"8/16/2025 while in intake very stressed/fearful, easily handled once leash is on.during exam trying to hide, running and frozen in place. no aggression shown.",Staff Observation,8/16/2025,01:53 PM
1075,Level Up/ Acronym Change,A0058900098,8/16/2025 Can jump over yard fences. Added EA to level. - Ashley McMahon,Leveling,8/16/2025,02:11 PM
1076,Request Level Change (Down),A0058809387,"8/16/2025 My first time meeting Eris Neem (8/15). He approached the gate with wagging tail and loose body language when I approached. Easily leashed and handled. Let me pet her while on leash, and easy to unleash. Recommend L1. - Ashley McMahon ",Leveling,8/16/2025,02:50 PM
1077,Intake,A0059114202,"8/16/2025 while in intake slight BR, was easily handled once leash was on.during exam constant alarm barking with low growls. try's to act friendly then goes back to acting like were strangers..signs of fear/stressstartles easyhacklesalarm barkinggrowling",Staff Observation,8/16/2025,03:06 PM
1078,Intake,A0059114272,"8/16/2025 while and during intake and exam growls in kennel, but easily handled.",Staff Observation,8/16/2025,04:05 PM
1079,Intake,A0059094790,8/16/2025 easily handled while in intake and during exam.,Staff Observation,8/16/2025,04:35 PM
1080,Intake,A0059094773,8/16/2025 easily handled while in intake and during exam.,Staff Observation,8/16/2025,04:37 PM
1081,Intake,A0059094717,8/16/2025 easily handled while in intake and during exam.,Staff Observation,8/16/2025,04:40 PM
1082,Intake,A0059094700,8/16/2025 easily handled while in intake and during exam.,Staff Observation,8/16/2025,04:42 PM
1083,Intake,A0059094710,8/16/2025 easily handled while in intake and during exam.,Staff Observation,8/16/2025,04:44 PM
1084,Intake,A0059110270,8/16/2025 hissing but still easily handled while in intake and during exam.,Staff Observation,8/16/2025,04:54 PM
1085,Intake,A0059110247,8/16/2025 hissing but still easily handled while in intake and during exam.,Staff Observation,8/16/2025,04:56 PM
1086,Intake,A0059114457,8/16/2025 easily handled while and during intake and exam.,Staff Observation,8/16/2025,05:13 PM
1087,Intake,A0059114517,8/16/2025 easily handled while and during intake and exam.,Staff Observation,8/16/2025,05:18 PM
1088,Intake,A0059116037,8/16/2025 easily handled while and during intake and exam.,Staff Observation,8/16/2025,05:28 PM
1089,Intake,A0059117627,8/16/2025 while in intake shy but easily handled.during exam doesnt like ears being touched but no aggression.,Staff Observation,8/16/2025,05:43 PM
1090,Intake,A0059102980,8/16/2025 easily handled while in intake and during exam.,Staff Observation,8/16/2025,05:51 PM
1091,Request Level Change (Down),A0059114272,8/17/2025 Level down req from Ashley Harris- stated that Face is not barrier reactive to people or dogs ,Leveling,8/17/2025,01:41 PM
1092,Intake,A0059113748,"8/17/2025 Whale eyes and frozen in kennel. Partial on catchpole, screams and gator rolls.",Staff Observation,8/17/2025,02:21 PM
1093,Intake,A0059121452,8/17/2025 Easily handled while in intake and during exam.,Staff Observation,8/17/2025,02:51 PM
1094,Intake,A0059121860,"8/17/2025 Nervous but easily leashed, cowers slightly. muzzled out of precaution but easily handled.",Staff Observation,8/17/2025,03:02 PM
1095,Intake,A0059122204,8/17/2025 Easily handled while in intake and during exam.,Staff Observation,8/17/2025,03:10 PM
1096,Intake,A0059126703,"8/17/2025 Very nervous, easily startled/runs away but no aggression shown.",Staff Observation,8/17/2025,03:18 PM
1097,Intake,A0059123893,8/17/2025 Easily handled while in intake and during exam.,Staff Observation,8/17/2025,03:24 PM
1098,Intake,A0059123537,"8/17/2025 Easily handled while in intake but starting lip licking, cowering during exam. muzzled as a precaution.",Staff Observation,8/17/2025,03:56 PM
1099,Intake,A0059123747,8/17/2025 Cowering but easily handled in intake. shaking and head shy during exam but easily handled.,Staff Observation,8/17/2025,04:06 PM
1100,Intake,A0059125495,8/17/2025 Easily handled both in the kennel and during the exam. ,Staff Observation,8/17/2025,04:56 PM
1101,Request Level Change (Down),A0059044513,8/18/2025 Vol req level down- not showing SF behaviors anymore,Leveling,8/18/2025,11:11 AM
1102,Intake,A0059121527,8/18/2025 easily handled in the kennel and during the intake exam. ,Staff Observation,8/18/2025,01:54 PM
1103,Request Level Change (Down),A0056551335,"8/18/2025 L2-BR, see focus group notes ",Leveling,8/18/2025,02:44 PM
1104,Intake,A0059109555,8/18/2025 a little nervous no aggression shown. Easily handled in the kennel and during the intake exam,Staff Observation,8/18/2025,03:08 PM
1105,Intake,A0059122651,8/18/2025 Easily handled,Staff Observation,8/18/2025,04:58 PM
1106,Intake,A0059122646,8/18/2025 Easily handled,Staff Observation,8/18/2025,05:27 PM
1107,Intake,A0059108957,8/18/2025 Easily handled,Staff Observation,8/18/2025,05:57 PM
1108,Intake,A0059108937,8/18/2025 Easily handled,Staff Observation,8/18/2025,05:59 PM
1109,Intake,A0059191312,8/18/2025 Easily handled,Staff Observation,8/18/2025,06:03 PM
1110,Intake,A0059125274,8/18/2025 Easily handled,Staff Observation,8/18/2025,06:06 PM
1111,Intake,A0059125276,8/18/2025 Running and hissing in the kennel. Easily handled during the exam. ,Staff Observation,8/18/2025,06:12 PM
1112,Intake,A0059125272,8/18/2025 Easily handled,Staff Observation,8/18/2025,06:30 PM
1113,Daily Observations,A0059030945,8/19/2025 Kennel tech Gracie Bailey noted reactivity when walking Igor past other dogs. Says that he quickly relaxes after getting outside.,Staff Observation,8/19/2025,10:06 AM
1114,Intake,A0059186726,8/19/2025 easily handled while and during intake and exam.,Staff Observation,8/19/2025,11:00 AM
1115,Intake,A0059187326,8/19/2025 easily handled while and during intake and exam.,Staff Observation,8/19/2025,11:07 AM
1116,Intake,A0059187357,8/19/2025 easily handled while and during intake and exam.,Staff Observation,8/19/2025,11:14 AM
1117,Intake,A0059187897,8/19/2025 easily handled while and during intake and exam.,Staff Observation,8/19/2025,11:50 AM
1118,Request Level Change (Down),A0056551335,"8/19/2025 L2-BR, see focus group notes Change to L2-BR/H based on review of return notes and focus group. Cannot be placed into a home with children. -NAOMI",Leveling,8/19/2025,12:00 PM
1119,Intake,A0059188328,8/19/2025 easily handled while and during intake and exam.,Staff Observation,8/19/2025,12:07 PM
1120,Intake,A0059188894,8/19/2025 easily handled while and during intake and exam.,Staff Observation,8/19/2025,12:29 PM
1121,Intake,A0059191607,8/19/2025 easily handled while and during intake and exam.during exam high energy.,Staff Observation,8/19/2025,12:52 PM
1122,General Information,A0056551335,"8/19/2025 Vicky always wagging her tail and seems excited when people approach, easy to leash and ready to go to yard.. accepts rubs and very playful..since handling vicky never have i seen her act aggressively.",Staff Observation,8/19/2025,12:53 PM
1123,Intake,A0059192169,8/19/2025 easily handled while and during intake and exam. during exam was slightly head shy.,Staff Observation,8/19/2025,01:03 PM
1124,Level Up/ Acronym Change,A0058907750,"8/19/2025 Placement teams are leveling this dog to L3-A, since there is no incident history. We feel caution should be used until we get to know the dog more in depth. ",Leveling,8/19/2025,01:07 PM
1125,Intake,A0059193435,8/19/2025 easily handled while in intake. during exam needs HW test was flailing.,Staff Observation,8/19/2025,01:20 PM
1126,Intake,A0059193088,8/19/2025 easily handled while and during intake and exam.,Staff Observation,8/19/2025,01:27 PM
1127,Intake,A0058428732,8/19/2025 easily handled in the kennel and during the intake exam. ,Staff Observation,8/19/2025,02:12 PM
1128,Daily Observations,A0059030945,8/19/2025 Showing signs of kennel stress - NL,Staff Observation,8/19/2025,04:52 PM
1129,Daily Observations,A0058948806,8/19/2025 Showing signs of kennel stress - Naomi,Staff Observation,8/19/2025,04:54 PM
1130,Daily Observations,A0058782548,8/19/2025 showing signs of kennel stress - constantly jumping - Naomi,Staff Observation,8/19/2025,04:56 PM
1131,General Information,A0056311140,"8/19/2025 Current Level: L2-BR/OARequest: L1Your Name: Makayla CornellWhy are you requesting a level change? Since she has came back from foster she is a brand new dog, at first she was very sad and did not want to do much. but now she is always very sweet and great with other people, and not reactive to any dogs walking by. her body is usually loose and wiggly. Assessment:Assessor's Name:Findings and Recommendation: Results:Manager's Name:Notes and determination:",Staff Observation,8/19/2025,05:02 PM
1132,Level Up/ Acronym Change,A0058902637,8/19/2025 Per staff- leveled up to L2-OA due to him being over-aroused in the kennel.,Leveling,8/19/2025,05:11 PM
1133,Request Level Change (Down),A0059098443,"8/19/2025 Not L3-Sf, more so L2-BR",Leveling,8/19/2025,06:30 PM
1134,Intake,A0059199426,"8/20/2025 easily handled while and during intake and exam.during exam muzzled out of precaution. Doesn't like to be vetted, couldn't complete HW test due to flailing.",Staff Observation,8/20/2025,12:21 PM
1135,Intake,A0059201452,8/20/2025 while in intake and exam a little nervous but easily handled.,Staff Observation,8/20/2025,12:44 PM
1136,Intake,A0059201506,8/20/2025 easily handled while and during intake.during exam muzzled for precaution does not like to be vetted.,Staff Observation,8/20/2025,01:05 PM
1137,Intake,A0059201579,8/20/2025 easily handled while and during intake and exam.,Staff Observation,8/20/2025,01:31 PM
1138,General Information,A0059006004,8/20/2025 Smoke always allows me to enter his kennel when I'm cleaning grabbing his bowl are feeding when took out onto yard was easy to leash was stiff and tail down but still willing to go once on to yard smoke warmed up he came up to me accepted rubs tail start a wagging never seen to react to people passing by our other dogs smoke is definitely a little shy fearful but all around a good dog,Staff Observation,8/20/2025,01:50 PM
1139,Intake,A0059204663,8/20/2025 FFduring exam easily handled.,Staff Observation,8/20/2025,02:58 PM
1140,Intake,A0059201841,8/20/2025 easily handled while and during intake and exam.,Staff Observation,8/20/2025,03:37 PM
1141,Intake,A0059201554,8/20/2025 Easily handled,Staff Observation,8/20/2025,04:10 PM
1142,Intake,A0059110503,"8/20/2025 Hissing, growling, swiping, lunging",Staff Observation,8/20/2025,04:15 PM
1143,Request Level Change (Down),A0056311140,"8/20/2025 Since she has came back from foster she is a brand new dog, at first she was very sad and did not want to do much. but now she is always very sweet and great with other people, and not reactive to any dogs walking by. her body is usually loose and wiggly. rec L1 ",Leveling,8/20/2025,05:15 PM
1144,Level Up/ Acronym Change,A0059109555,"8/21/2025 Kennel tech Karl Booker stated that Lincoln is shy/fearful - when Booker approaches him in the yard, he shies away. I observed him on leash with booker, and he's somewhat stiff, tail low, unsure. Changed from L1 to L2 - SF. - Ashley McMahon",Leveling,8/21/2025,10:16 AM
1145,Request Level Change (Down),A0059006004,"8/21/2025 revist from last week. L2-SF or L3-SF Leveled down to L2-SF based on recent behavior notes from kennel staff. Also met Several staff and volunteers for the first time walking through the building and was very loose and wiggly, crawls to new people, a bit shy, but very positive body language. Ebeard",Leveling,8/21/2025,11:06 AM
1146,Intake,A0059204350,8/21/2025 shy but easily handled while in intake and during exam.,Staff Observation,8/21/2025,12:59 PM
1147,Intake,A0059047525,8/21/2025 easily handled while in intake and during exam.,Staff Observation,8/21/2025,02:53 PM
1148,Intake,A0059105791,8/21/2025 easily handled,Staff Observation,8/21/2025,05:17 PM
1149,Intake,A0059105795,8/21/2025 Easily handled,Staff Observation,8/21/2025,05:21 PM
1150,Intake,A0059105800,8/21/2025 Easily handled,Staff Observation,8/21/2025,05:24 PM
1151,Intake,A0059204957,8/21/2025 easily handled while in intake and during exam.,Staff Observation,8/21/2025,05:26 PM
1152,Intake,A0059214231,8/21/2025 scared but still easily handled while in intake and during exam.,Staff Observation,8/21/2025,05:38 PM
1153,Intake,A0059121809,8/21/2025 moved to 200 as special quarantine precaution friendly while in intake. easily handled intake completed in 200 kennel during exam.,Staff Observation,8/21/2025,06:03 PM
1154,Intake,A0059209048,8/21/2025 very shy/fearful whale eyes head shy and startles easily but easily handled once leash was on while in intake. frozen but easily handled during exam.,Staff Observation,8/21/2025,06:18 PM
1155,Intake,A0059209398,8/21/2025 easily handled while in intake and during exam.,Staff Observation,8/21/2025,06:24 PM
1156,Request Level Change (Down),A0058578043,8/21/2025 Has had no level since coming in- needs level so vols can take out if able ,Leveling,8/21/2025,06:30 PM
1157,Request Level Change (Down),A0058577701,8/21/2025 Hasn't had level since getting here- needs one so vols could possibly take out.,Leveling,8/21/2025,09:30 PM
1158,Request Level Change (Down),A0058577751,8/21/2025 Hasn't had a level since coming in- needs level so vols could possibly take out ,Leveling,8/21/2025,10:30 PM
1159,Intake,A0059215504,8/22/2025 hissing while in intake and during exam.,Staff Observation,8/22/2025,02:19 PM
1160,Intake,A0053630131,8/22/2025 Easily handled while in intake but did not like vetting during exam. (thrashing/flailing),Staff Observation,8/22/2025,02:22 PM
1161,Intake,A0059215480,8/22/2025 easily handled shaking from fear while in intake and during exam.,Staff Observation,8/22/2025,02:41 PM
1162,Intake,A0058572289,8/22/2025 easily handled while in intake and during exam.,Staff Observation,8/22/2025,02:52 PM
1163,Intake,A0059220107,8/22/2025 Easily handled while in intake and during exam.,Staff Observation,8/22/2025,03:09 PM
1164,Intake,A0059208375,8/22/2025 easily handled while in intake and during exam.,Staff Observation,8/22/2025,03:20 PM
1165,Focus Group,A0059113748,"8/22/2025 Personality: Low energy, affectionate pupDog Test 1:Razzle’s first dog test was with Skippy, who was highly energetic, presenting play bows and attempting to mount. Razzle responded with stiffness but showed no negative or aggressive body language. He did not correct Skippy but maintained a stiff posture before eventually disengaging and redirecting himself to sniffing. Razzle was tolerant and shook it off. Dog Test 2: Razzle was later tested with Talia. He was leashed and walked calmly to the yard, presenting good body language throughout. Compared to his interaction with Skippy, he appeared more interested in Talia and warmed up to her more quickly. Once comfortable, he initiated engagement, which may be more suited to dogs who are gentle or lower energy, where he feels less pressured and can choose to engage at his own pace. Recommend Gentle / Dainty Group or Low energy (resident dog)  homeMedical: N/A * Unaltered How Do I Handle Stress? When stressed, Razzle retreats to the interior of his kennel, growls to show discomfort, and offers  signals such as whale eye and turning away from touch. His stress decreases when pressure in the environment is reduced. With calm, consistent interactions, he improves quickly and transitions into a more relaxed, affectionate state.What Do I Need Help With Most? N/AThe Most Memorable Thing About Me: His gentle tail wag, his willingness to come when called, and the way he eventually solicits interaction highlight his ability to trust when given patience.Intake Info:What is my strategic out? Razzle’s best path forward is adoption/ foster placement in a low-energy home that allows him to decompress and build trust gradually. He will thrive in an environment where his space is respected and where he can form slow, steady bonds.Ongoing care: He should continue having slow, low-pressure dog introductions, and consistent enrichment to support confidence building.Other notes:Razzle was easy to re-kennel and remained manageable on leash. He showed improvement across multiple sessions, suggesting strong potential for continued progress with the right support.",Staff Observation,8/22/2025,03:34 PM
1166,Intake,A0059209562,"8/22/2025 Easily handled while in intake but was very hyperactive during exam (snatching treats, unable to focus/redirect) muzzled as a precaution ",Staff Observation,8/22/2025,03:39 PM
1167,Daily Observations,A0057969563,"8/22/2025 Was doing a handling course with an ACS and Shasta kept jumping at the kennel door and drooling, also going after each dog that walked by.  So, we ended up looking at Shasta too.  She was okay on leash walking out to the play yard but then began jumping nonstop onto Bridgette and started nipping a bit in the air.  I decided to leash her back and wait until she calmed down before she was pet.  She would lay on her back and show her stomach and very much wants affection but she is getting a bit stir crazy and is not L1 anymore.  I would not think she would make anyone comfortable with her behaviors during our session.  L2-OA for this reason.  Also dog reactive at times. -CW",Staff Observation,8/22/2025,04:09 PM
1168,Daily Observations,A0056628457,"8/22/2025 Very happy to exit the kennel, did not pull on leash, wagging tail, loose body language.  Happy to meet others.  Could pet all over body.  Seemed interested in other dogs but suggest a dog test.  She does have a note about pulling toward a kid so I think it still needs to be noted but no SF behavior or worries seen today so leveling L1-H",Staff Observation,8/22/2025,04:14 PM
1169,Request Level Change (Down),A0059113748,"8/22/2025 Recc L2 - SF , See Focus Group Notes. Changed to L3- SF based on focus group. Continue enrichment and extra socialization. ",Leveling,8/22/2025,04:19 PM
1170,Intake,A0059215791,8/22/2025 easily handled while in intake and during exam.,Staff Observation,8/22/2025,06:25 PM
1171,Intake,A0059216974,8/22/2025 easily handled while in intake and during exam.,Staff Observation,8/22/2025,06:41 PM
1172,Intake,A0059217071,8/23/2025 easily handled while and during intake and exam. very sweet.,Staff Observation,8/23/2025,07:30 AM
1173,Intake,A0059217133,8/23/2025 easily handled while and during intake and exam.,Staff Observation,8/23/2025,07:36 AM
1174,General Information,A0059006004,8/23/2025 Took smoke out to yard today but first i enter his kennel where he allowed me to put a blanket and give him rubs.. easily leashed and taken to yard and once own yard other dogs passed and he approached through the gate wagging his tail never barking he also jumped on bench and accepted rubs and then went on to sniff around the yard he's a very low energy dog and very skinny would probably need extra feed,Staff Observation,8/23/2025,12:40 PM
1175,Intake,A0059218046,8/23/2025 Easily handled while in intake and during exam. muzzled as a precaution.,Staff Observation,8/23/2025,02:46 PM
1176,Intake,A0059218068,8/23/2025 Easily handled while in intake and during exam.,Staff Observation,8/23/2025,02:57 PM
1177,Intake,A0059218047,8/23/2025 Easily handled while in intake and during exam.,Staff Observation,8/23/2025,03:03 PM
1178,Intake,A0059221336,8/23/2025 Shy but friendly. easily handled while in intake and during exam. warmed up quickly.,Staff Observation,8/23/2025,03:21 PM
1179,Intake,A0059223256,"8/23/2025 Scare, trembling while in kennel but easily handled while in care and during exam. Muzzled as a precaution.",Staff Observation,8/23/2025,03:36 PM
1180,Intake,A0059219903,8/23/2025 easily handled while and during intake and exam.,Staff Observation,8/23/2025,04:26 PM
1181,Intake,A0059223836,8/23/2025 easily handled while and during intake and exam.,Staff Observation,8/23/2025,05:40 PM
1182,Intake,A0059223851,"8/23/2025 while in intake terrified wont walk, urinates when handled.during exam completely shut down. wouldn't move. muzzled for precaution.",Staff Observation,8/23/2025,05:55 PM
1183,Intake,A0059224207,8/23/2025 easily handled while and during intake and exam.,Staff Observation,8/23/2025,06:00 PM
1184,Intake,A0059224364,8/23/2025 easily handled a little nervous.during exam trembling but friendly. easily handled.,Staff Observation,8/23/2025,06:07 PM
1185,Write Up,A0056551335,8/23/2025 I was working in 606 area and a kennel tech needed help getting her leash back from Vicky. It was difficult to tell if she was being BR or RG since she had a bowl of food. She was snarling and bit at the glass when Removed the leash with a hook. ,Staff Observation,8/23/2025,10:48 PM
1186,Level Up/ Acronym Change,A0059193088,"8/24/2025 Previous Level: L1Current Level: L2-BRWhy did this level change? During the morning walkthrough, I observed signs of barrier reactivity in Beezy, which included teeth baring, whale eye, lunging, and growling. -JG",Leveling,8/24/2025,08:45 AM
1187,Intake,A0059211044,8/24/2025 Easily handled while in intake and during exam.,Staff Observation,8/24/2025,10:45 AM
1188,Intake,A0059211192,"8/24/2025 Difficult to remove from kennel, didn't want to walk. Signs of stress/fear, frozen/stuck in place. urination/defecation and growling while being restrained.",Staff Observation,8/24/2025,12:21 PM
1189,Intake,A0059211166,"8/24/2025 Easily handled while in kennel. Low crawling, nervous but easily handled during exam. Very sweet.",Staff Observation,8/24/2025,12:36 PM
1190,Intake,A0059211223,"8/24/2025 Low crawling, ducking and nervous but otherwise easily handled while in intake and during exam.",Staff Observation,8/24/2025,12:50 PM
1191,Intake,A0059224903,8/24/2025 Easily handled while in intake and during exam. Very sweet!,Staff Observation,8/24/2025,12:59 PM
1192,Intake,A0059225391,8/24/2025 Easily handled while in intake and during exam.,Staff Observation,8/24/2025,01:12 PM
1193,Intake,A0059226558,8/24/2025 Easily handled while in intake and during exam.,Staff Observation,8/24/2025,01:23 PM
1194,Intake,A0059226845,8/24/2025 Easily handled while in intake and during exam.,Staff Observation,8/24/2025,01:56 PM
1195,Intake,A0059228456,"8/24/2025 Growling in corner of kennel but able to leash after she warms up. lip lifting, very unsure, unable to focus, signs of stress/fear, startles easy, tense muscles, ducking and whale eyeing. Muzzled as a precaution. Behavior may improve over time.",Staff Observation,8/24/2025,02:09 PM
1196,Intake,A0059229633,8/24/2025 Easily handled while in care and during exam.,Staff Observation,8/24/2025,02:29 PM
1197,Write Up,A0058911318,8/24/2025 Observed kennel tech bringing her inside from the yard. She was pulling on leash and heavily panting. Kennel tech stated she had been fence fighting with another dog while she was outside.,Staff Observation,8/24/2025,04:09 PM
1198,Intake,A0059225481,8/24/2025 Easily handled,Staff Observation,8/24/2025,04:48 PM
1199,Intake,A0059225474,8/24/2025 Easily handled,Staff Observation,8/24/2025,04:57 PM
1200,Level Up/ Acronym Change,A0059091500,8/25/2025 changed to L2-LB due to reports of leash biting by makayla ,Leveling,8/25/2025,10:11 AM
1201,Write Up,A0059224364,"8/25/2025 Kennel tech Ashley approached me with Jazz and stated that it might be beneficial to hang up a ""go slow"" sign. She stated that Jazz growled a little when she went to leash her but was fine once she was out. She just doesn't like fast movements and needs someone to take it slow when leashing.",Staff Observation,8/25/2025,10:17 AM
1202,Focus Group,A0059089105,8/25/2025 See case notes for additional information. Needs assessment for possible dog aggression when completely healed from wounds.,Staff Observation,8/25/2025,12:41 PM
1203,Focus Group,A0059089132,8/25/2025 See case notes for additional information. Needs assessment for possible dog aggression when completely healed from wounds.,Staff Observation,8/25/2025,12:42 PM
1204,Intake,A0059229518,8/25/2025 Easily handled while in intake and during exam.,Staff Observation,8/25/2025,02:05 PM
1205,Intake,A0059230047,8/25/2025 Easily handled while in intake and during exam.,Staff Observation,8/25/2025,04:02 PM
1206,Intake,A0059230095,8/25/2025 Easily handled while in intake and during exam.,Staff Observation,8/25/2025,04:20 PM
1207,Intake,A0059225955,8/25/2025 Easily handled,Staff Observation,8/25/2025,04:32 PM
1208,Intake,A0059225945,8/25/2025 Easily handled,Staff Observation,8/25/2025,04:39 PM
1209,Intake,A0059237791,8/25/2025 easily handled,Staff Observation,8/25/2025,05:51 PM
1210,Intake,A0059238550,8/26/2025 easily handled while and during intake and exam.,Staff Observation,8/26/2025,12:57 PM
1211,Intake,A0059196423,8/26/2025 easily handled while in intake and during exam.,Staff Observation,8/26/2025,01:44 PM
1212,Intake,A0059196405,8/26/2025 easily handled while in intake and during exam.,Staff Observation,8/26/2025,01:49 PM
1213,Intake,A0059242086,8/26/2025 easily handled while and during intake and exam.,Staff Observation,8/26/2025,02:31 PM
1214,Request Level Change (Down),A0058029394,8/26/2025 Kayla and Makayla req her to be leveled down to L1- they say she is perfect and anyone can handle.,Leveling,8/26/2025,04:58 PM
1215,General Information,A0058952168,"8/26/2025 very stoic during initial interaction. after marking the yard 100 times he began nonchalantly soliciting attention. he allowed full body pets and let me scratch his neck and pat his chest, but was hesitant about me loosening the collar to remove it - opted to leave it. spent a total of 20 minutes with him and by the end of our interaction he was jumping up on me excitedly. 09/05/2025 totally different dog when he has a toy. he bounces around and will jump up on you offering his toy for you to throw!! was able to remove his collar finally without negative reaction, allowed full body pets. ",Staff Observation,8/26/2025,05:46 PM
1216,Level Up/ Acronym Change,A0053630131,"8/26/2025 Previous Level: n/a Current Level: L2-LBWhy did this level change? when removing him from his kennel he immediately went for the leash, jumping up to hold it in his mouth as he was taken outside. once in the yard, he remained fixated on biting the leash until distracted by a toy. when replaced in kennel he began biting at the leash as i removed it from his neck. ",Leveling,8/26/2025,09:01 PM
1217,Request Level Change (Down),A0058961127,"8/27/2025 Volunteer Laura Request Level Down ""I had Clover out yesterday, she meet me at the kennel dog, wagging her tail, loose body language. She is easy to leash and eager to leave her kennel. While walking through the shelter, she was eager to meet new people, she walked up to several strangers, soliciting attention. She has been increasing more confident over the last couple of weeks, now that she is feeling better, I think we are seeing her true self. She showed no SF behaviors. "" ",Leveling,8/27/2025,12:52 PM
1218,Intake,A0059240909,8/27/2025 easily handled in the kennel and during the intake exam. ,Staff Observation,8/27/2025,01:40 PM
1219,Intake,A0059240381,8/27/2025 easily handled in the kennel and during the intake exam. ,Staff Observation,8/27/2025,01:44 PM
1220,Intake,A0059246410,8/27/2025 easily handled in the kennel and during the intake exam.,Staff Observation,8/27/2025,01:56 PM
1221,Intake,A0059245257,8/27/2025 easily handled while and during intake and exam.,Staff Observation,8/27/2025,03:18 PM
1222,Level Up/ Acronym Change,A0056628457,"8/27/2025 Previous Level: L1-HCurrent Level: L2-H/BRWhy did this level change? During morning walkthrough, observed severe barrier reactivity. Pookies displayed whale eye, snarled, and bit at the kennel door. Recommend monitoring for continued barrier reactivity; exercise caution when approaching kennel. -JG",Leveling,8/27/2025,04:52 PM
1223,Intake,A0059195431,8/27/2025 easily handled,Staff Observation,8/27/2025,05:09 PM
1224,Intake,A0059245957,8/27/2025 easily handled,Staff Observation,8/27/2025,05:12 PM
1225,Focus Group,A0058872755,8/27/2025 Personality:  Dog Test 1:  Dog Test 2:  Medical:  How Do I Handle Stress?  What Do I Need Help With Most?  The Most Memorable Thing About Me:  Intake Info:  What is my strategic out?  Ongoing care:  Other notes:,Staff Observation,8/27/2025,06:00 PM
1226,Intake,A0056025635,8/28/2025 easily handled in the kennel and during the intake exam. ,Staff Observation,8/28/2025,12:22 PM
1227,Intake,A0058481949,8/28/2025 very hyperactive but easily handled,Staff Observation,8/28/2025,12:32 PM
1228,Focus Group,A0059089087,8/28/2025 See case notes for additional information. Needs assessment for possible dog aggression when completely healed from wounds.  Personality:  Dog Test 1:  Dog Test 2:  Medical:  How Do I Handle Stress?  What Do I Need Help With Most?  The Most Memorable Thing About Me:  Intake Info:  What is my strategic out?  Ongoing care:  Other notes:,Staff Observation,8/28/2025,12:37 PM
1229,Intake,A0059247670,8/28/2025 very sweet easily handled in the kennel and during the intake exam. ,Staff Observation,8/28/2025,12:43 PM
1230,Level Up/ Acronym Change,A0059245257,"8/28/2025 Kennel techs Vic and Keshanda observed resource guarding behavior from Macgyver around squeaky toys. When they approached the kennel, he went over to his toy and stood over it (in a bow) with whale eye and stiff body language. They have not observed resource guarding behavior with the food bowl. Vic also stated he's displaying shy/fearful behavior - tail tucked, hunched over. Changing from L1 to L2 - SF/RG. - Ashley McMahon",Leveling,8/28/2025,01:13 PM
1231,Intake,A0059249931,8/28/2025 easily handled in the kennel and during the intake exam ,Staff Observation,8/28/2025,01:41 PM
1232,Intake,A0059250212,8/28/2025 easily handled in the kennel and during the intake exam,Staff Observation,8/28/2025,02:37 PM
1233,Intake,A0059250440,8/28/2025 easily handled in the kennel and during the intake exam ,Staff Observation,8/28/2025,02:51 PM
1234,Intake,A0059253592,8/28/2025 shy but warms up fast. Easily handled in the kennel and during the intake exam.  ,Staff Observation,8/28/2025,03:36 PM
1235,Intake,A0059252560,8/28/2025 Easily handled,Staff Observation,8/28/2025,04:41 PM
1236,Intake,A0059243679,8/28/2025 Easily handled,Staff Observation,8/28/2025,04:45 PM
1237,Intake,A0059245116,8/28/2025 Easily handled,Staff Observation,8/28/2025,04:56 PM
1238,Intake,A0059245145,8/28/2025 Easily handled,Staff Observation,8/28/2025,05:01 PM
1239,Level Up/ Acronym Change,A0058937435,"8/28/2025 Kennel staff Vic Bennett and Gracie Bailey stated that Ares is displaying OA behavior - jumping in kennel, excessive barking, spinning/pacing in yard. They also stated he's difficult to handle on leash - hard to direct, pulls on leash. Changing from L1 to L2 - OA. - Ashley McMahon",Leveling,8/28/2025,05:48 PM
1240,Intake,A0059253890,8/28/2025 easily handled while in intake and during exam.,Staff Observation,8/28/2025,06:00 PM
1241,Intake,A0059253900,8/28/2025 Very clingy but easily handled while in intake and during exam.,Staff Observation,8/28/2025,06:06 PM
1242,Intake,A0059250692,8/28/2025 easily handled while in intake and during exam.,Staff Observation,8/28/2025,06:23 PM
1243,Request Level Change (Down),A0058577701,8/29/2025 Rec L3 BR for more staff and volunteer interaction ,Leveling,8/29/2025,12:58 PM
1244,Intake,A0059255827,8/29/2025 Easily handled while in intake and during exam.,Staff Observation,8/29/2025,02:37 PM
1245,Intake,A0059255890,8/29/2025 Easily handled while in intake and during exam. Very submissive.,Staff Observation,8/29/2025,02:46 PM
1246,Intake,A0059257262,8/29/2025 Easily handled while in intake and during exam. Very sweet.,Staff Observation,8/29/2025,03:27 PM
1247,Intake,A0059257490,8/29/2025 Easily handled while in intake and during exam.,Staff Observation,8/29/2025,03:38 PM
1248,Intake,A0059258383,8/29/2025 Easily handled while in intake and during exam. ,Staff Observation,8/29/2025,03:46 PM
1249,Intake,A0059261154,8/29/2025 Easily handled while in intake and during exam.,Staff Observation,8/29/2025,04:11 PM
1250,Intake,A0059261659,"8/29/2025 Easily handled while in intake. Very submissive, tail tucked but very sweet and easily handled for exam.",Staff Observation,8/29/2025,04:16 PM
1251,Intake,A0059261687,8/29/2025 Easily handled while in intake and during exam.,Staff Observation,8/29/2025,04:34 PM
1252,Intake,A0059261979,8/29/2025 Easily handled while in intake but muzzled a precaution for exam. small growls from over stimulation and does not like to be restrained. Couldn't microchip.,Staff Observation,8/29/2025,04:40 PM
1253,Intake,A0058827139,8/29/2025 easily handled while in intake and during exam. ,Staff Observation,8/29/2025,05:02 PM
1254,Intake,A0059261309,8/29/2025 easily handled while in intake and during exam.,Staff Observation,8/29/2025,05:24 PM
1255,Intake,A0059261311,8/29/2025 easily handled while in intake and during exam.,Staff Observation,8/29/2025,05:30 PM
1256,Intake,A0059256330,8/29/2025 easily handled while in intake and during exam.,Staff Observation,8/29/2025,05:34 PM
1257,Intake,A0059256270,8/29/2025 easily handled while in intake and during exam.,Staff Observation,8/29/2025,05:41 PM
1258,Intake,A0059265664,8/29/2025 easily handled while in intake and during exam.,Staff Observation,8/29/2025,06:06 PM
1259,Intake,A0059265573,8/29/2025 easily handled while in intake and during exam.,Staff Observation,8/29/2025,06:09 PM
1260,Intake,A0059265558,8/29/2025 easily handled while in intake nervous go slow flails badly during vetting muzzled for precaution during exam.signs of stress/fear running away ,Staff Observation,8/29/2025,06:22 PM
1261,Intake,A0059265677,8/29/2025 easily handled while in intake and during exam.,Staff Observation,8/29/2025,06:28 PM
1262,General Information,A0059211166,8/30/2025 timid upon approach but quickly warms up and begins soliciting attention. will raise her head to press her neck against her kennel door so you can scratch her neck with ease. ,Staff Observation,8/30/2025,09:41 AM
1263,Focus Group,A0058231619,8/30/2025 Personality:  Dog Test 1:  Dog Test 2:  Medical:  How Do I Handle Stress?  What Do I Need Help With Most?  The Most Memorable Thing About Me:  Intake Info:  What is my strategic out?  Ongoing care:  Other notes:,Staff Observation,8/30/2025,11:45 AM
1264,Intake,A0058627915,8/30/2025 Easily handled while in intake and during exam.,Staff Observation,8/30/2025,12:29 PM
1265,Intake,A0058882547,8/30/2025 Easily handled while in intake and during exam.,Staff Observation,8/30/2025,12:34 PM
1266,Intake,A0059263622,8/30/2025 Easily handled while in intake and during exam.,Staff Observation,8/30/2025,02:14 PM
1267,Level Up/ Acronym Change,A0059089087,"8/30/2025 Previous Level: L1Current Level: L2-JM/ODWhy did this level change? While cleaning this morning, Kenya stated Merlow attempted to bust out of her kennel and he began biting at her arms. I came in to assist and once I had my leash around him he was frantically jumping on me but once we started walking he walked fine on leash. Bringing him back inside he continued jumping up on me and began mouthing at my arm, adding no pressure. Added OD to level due to case notes",Leveling,8/30/2025,02:19 PM
1268,Intake,A0059304038,"8/30/2025 Easily handled while in intake but once in exam room she opened up with constant jumping, very mouthy, unable to focus at times with fast moments. Tends to cower. Very sweet though.",Staff Observation,8/30/2025,02:23 PM
1269,Intake,A0058974570,8/30/2025 easily handled while in intake and during exam.,Staff Observation,8/30/2025,02:41 PM
1270,Intake,A0058974535,8/30/2025 easily handled while in intake and during exam.,Staff Observation,8/30/2025,02:44 PM
1271,Intake,A0058974557,8/30/2025 easily handled while in intake and during exam.,Staff Observation,8/30/2025,02:48 PM
1272,Intake,A0059265066,8/30/2025 Easily handled while in intake and during exam.,Staff Observation,8/30/2025,03:23 PM
1273,Intake,A0059270614,"8/30/2025 Muzzled as a precaution. Stiff muscles, tail tucked, flinching a lot and tries to run away when being touched. Friendly overall.",Staff Observation,8/30/2025,03:34 PM
1274,Level Up/ Acronym Change,A0059201452,"8/30/2025 Kennel tech Heather Pate reported that Robert Roberts attempted to bite another kennel tech, Johnny Newberry, when he went to grab his bowl. Johnny reached down to grab the bowl, and Robert Roberts lunged and snapped and Johnny. Adding RG to level. - Ashley McMahon",Leveling,8/30/2025,03:40 PM
1275,Intake,A0059267031,8/30/2025 Easily handled while in intake and during exam.,Staff Observation,8/30/2025,05:00 PM
1276,Intake,A0059267035,"8/30/2025 Easily handled while in intake and during exam. At times would try to run, crouch down and ball himself up. Very sweet though.",Staff Observation,8/30/2025,05:07 PM
1277,Intake,A0059267775,8/30/2025 Easily handled while in intake and during exam.,Staff Observation,8/30/2025,05:13 PM
1278,Intake,A0059258400,8/30/2025 when kennel is first approached she retreats to the back and sits with one paw up trembling and whale eyes low growling ducks around the leash but once on she will walk with you while in intake.stayed in corner frozen muzzled for precaution on aggression seen very fearful during exam.Signs of stress/fear startles easily tense muscles frozen/stuck in place hiding,Staff Observation,8/30/2025,05:18 PM
1279,Request Level Change (Down),A0059089132,"8/31/2025 brought Butterball to the clinic to evaluate his ears.  Went up to his kennel and Butterball was lying out outside. I called him inside and he walked in, with a loose body, tucked tail but soft eyes. Leashed with no issues over head. He walked well on leash to the clinic and did not react to dogs barking at him. In the clinic, he was easy to handle. While his tail was tucked, he enjoyed pets from myself and Dr. C. At one point, he jumped into my lap to lean into pets. We muzzled for precaution - and he didn't react to the muzzle being put on. At one point he went nose-to-nose with one of the dogs in the clinic shorelines, and his body remained loose. He enjoyed getting his ears cleaned and getting ointment put on his scabs, leaning into Dr. C massaging the ointment into his skin. No concerns while giving shots. Walked back to kennel, still unreactive to other dogs, approached some dogs through the glass in flex, body remaining relaxed, tail low wagging. The only time his tail raised was when one of his neighbors and 601 was extremely barrier reactive - barking and jumping up on the kennel - and he raised up his tail straight up but was easily redirected. No anxiety seen. Very minimal SF. Requested level down from both DN and Dr. Christopherson. Did assessment.  Came right up to the gate with a wagging tail and loose body language.  Easy on leash, easy on walk.  Did not react to other dogs but does need to be dog assessed given H.  No issues seen during this time spent with Butterball.  Changing to L2-H  -CW",Leveling,8/31/2025,01:00 AM
1280,Level Up/ Acronym Change,A0056025635,"8/31/2025 Changed to L2-BR, approached his kennel and he ran towards kennel door, hard staring, hackles up and low growling. Offered hand up to door and he started going at the kennel door.",Leveling,8/31/2025,09:00 AM
1281,Request Level Change (Down),A0059012980,"8/31/2025 Current Level:  Staff OnlyRequest: L2-SFYour Name: Jade G.Why are you requesting a level change?: Vinny displayed loose, relaxed body language with an erect tail after the initial hand introduction. He allowed full-body petting and tolerated being picked up without signs of stress. When approached slowly and greeted first, he accepted and actively sought out affection.No handling sensitivity noted; suitable for standard handling. Assessment:Assessor's Name: Cindy WomackFindings and Recommendation:  Took a few minutes of standing outside and talking in a calm voice but then Vinny came up to me.  I bent down and offered my hand and he rubbed up on it.  Did really well being pet.  Changed to L2-Sf because it takes him a moment to come out of his shell Results:Manager's Name: Cindy WomackNotes and determination: See above assessment.  Changed to L2-Sf",Leveling,8/31/2025,09:29 AM
1282,Request Level Change (Down),A0059097186,"8/31/2025 Current Level: L2-SFRequest: L1 Your Name: Gillian FlebbeWhy are you requesting a level change? No shy fearful behavior seen, loose wiggly body upon approach and solicited attention through kennel door Assessment:Assessor's Name: Cindy WomackFindings and Recommendation: No SF behavior, came right up to me, did well on walk, did well with others, hung out in the office a bit and kept asking for attention with a wagging tail and loose body language Results:Manager's Name: Cindy WomackNotes and determination: Changed to L1",Leveling,8/31/2025,09:35 AM
1283,Level Up/ Acronym Change,A0058896193,"8/31/2025 Took off the Sf and changed to OA. Painting in kennel, setting off her whole room, constantly jumping at the kennel door.",Leveling,8/31/2025,10:47 AM
1284,Write Up,A0059083104,8/31/2025 He seems to be coming around. Still shaking in kennel but doesn't retreat when I approach. Allowed me to pet him through the kennel run door this morning.,Staff Observation,8/31/2025,10:58 AM
1285,Request Level Change (Down),A0059095636,"8/31/2025 Current Level: L2-OARequest: L1 Your Name: Gillian FlebbeWhy are you requesting a level change? Have not observed any over aroused behavior from him throughout the day as I worked in 600. He is relatively calm in his kennel, walks nicely on leash ignoring other dogs, and takes treats very gently. No handling issues  Assessment:Assessor's Name: Cindy WomackFindings and Recommendation: Walked fine on leash.  Will jump if you stop and no attention is being given but she is not jumping on people and he is not leash biting.  When I stopped and gave pets he was content.  We can try him on L1 and see if we have any issues but nothing to indicate L2 at this time Results:Manager's Name: Cindy WomackNotes and determination: L1",Leveling,8/31/2025,12:12 PM
1286,Intake,A0059267774,8/31/2025 Growling and barking when kennel door is approached. Runs to back of kennel when attempting to leash. Tries to bite when you get too close. Cannot be handled at this moment but behavior may improve with time.,Staff Observation,8/31/2025,12:35 PM
1287,Focus Group,A0058619294,"8/31/2025 This girl has odd body language.  She did not show much at the gate, not stiff but still and calm, did not move or get excited when the leash was brought out or put on her.  Pulls very hard on leash.  Had hackles up during first walk.  In my office she was not interested in me but sniffed around about 10 minutes with her tail flagged.  Once she found a ball she became a different dog and brought it to me and kept bringing me toys and wagging her tail.  When people would enter the office she would greet them and then continue to play with toys or bite at their leash.  She most likely play bites.  She did not growl when I grabbed at her toys, she would run away and return with them.  Possible over stimulation when she wants to play.  Because her behavior is so easily changeable without typical cues I think it best to have her labeled L3-OA",Staff Observation,8/31/2025,01:06 PM
1288,Intake,A0059270667,8/31/2025 Easily handled while in intake and during exam.,Staff Observation,8/31/2025,01:09 PM
1289,Intake,A0059271815,8/31/2025 Easily handled while in intake and during exam.,Staff Observation,8/31/2025,01:23 PM
1290,Request Level Change (Down),A0059106400,"8/31/2025 8/30/25 Kennel tech Ashley Harris stated that she was able to touch and pet Silly Girl all over her body and pick her up. She also said Silly Girl willingly gets in her lap and solicits pets from passerby. She also noted that Silly Girl displays OA behavior - jumps on walls in kennel and while on leash, which makes her slightly difficult to handle. Considering Ashley's observations and issues with vetting during intake, I recommend change from L3 - BH to L2 - BH/OA. - Ashley McMahonTook Silly Girl out today.  Pulls on leash.  Very active.  Will jump up to get affection.  Was easily handled all over her body.  Played fetch.  Doesn't settle easily.  Leveling to L2-OA -CW",Leveling,8/31/2025,02:56 PM
1291,Level Up/ Acronym Change,A0058901520,"8/31/2025 When assessing neighboring dogs Mr. Bongo would not stop jumping off the walls, barking, and foaming at the mouth so much so that he was exhausted afterward.  He still seemed anxious when I walked by later.  Reading back on notes he also did not do well with vetting so I am leveling him up to L2-A/H for that reason of previous body handling issues during vet check so that it is noted for potential adopters.  He has done playgroups and has done well with people.-CW",Leveling,8/31/2025,03:19 PM
1292,Intake,A0059269530,8/31/2025 Easily handled,Staff Observation,8/31/2025,04:01 PM
1293,Level Up/ Acronym Change,A0059101291,9/1/2025 Added EA to level. Can escape yards by squeezing past fences. - Ashley McMahon,Leveling,9/1/2025,10:56 AM
1294,Level Up/ Acronym Change,A0058978092,"9/1/2025 Leveled up to L2-RG based on this note from kennel tech ""I opened Trinkets kennel door to grab her food bowl. I was low, moved slow, and allowed her to smell me. She let me pet her for a minute and then when I went to grab the bowl from behind her she jumped up an bit my arm. There's no marks, almost like she used no teeth. I did stand up after petting her, so I was kind of towering over her when I reached to grab it. She never growled, showed teeth, or put her tail down.""",Leveling,9/1/2025,12:34 PM
1295,Intake,A0057205462,9/1/2025 Easily handled while in intake and during exam.,Staff Observation,9/1/2025,01:06 PM
1296,Intake,A0059273417,9/1/2025 Easily handled while in intake and during exam.,Staff Observation,9/1/2025,01:15 PM
1297,Intake,A0059273664,9/1/2025 Easily handled while in intake and during exam. Very energetic.,Staff Observation,9/1/2025,01:36 PM
1298,Intake,A0059275556,9/1/2025 Easily handled while in intake and during exam.,Staff Observation,9/1/2025,01:49 PM
1299,Intake,A0059275363,9/1/2025 Easily handle while in intake and during exam.,Staff Observation,9/1/2025,01:59 PM
1300,Intake,A0059275084,"9/1/2025 Signs of stress/fear, startles easily, tense muscles, frozen/stuck in place and hiding but easily handled while in intake and during exam.",Staff Observation,9/1/2025,02:23 PM
1301,Intake,A0059275098,9/1/2025 Constantly whining and pacing but easily handled otherwise.,Staff Observation,9/1/2025,02:46 PM
1302,Intake,A0059275577,9/1/2025 Easily handled while in intake and during exam.,Staff Observation,9/1/2025,02:54 PM
1303,Intake,A0059017037,9/1/2025 Easily handled,Staff Observation,9/1/2025,03:41 PM
1304,Focus Group,A0059083104,"9/2/2025 Personality: Independent , AloofDog Test 1: See playgroup assessment notes. Interested and engaged.Dog Test 2:Medical: monitor abscess How Do I Handle Stress?  N/AWhat Do I Need Help With Most? Confidence buildingThe Most Memorable Thing About Me: Flinch/jump when touched , volunteer had better interactions allowed rubbing Intake Info: see intake notesWhat is my strategic out? Socialization foster , adopted into low energy home where boundaries are respected Ongoing care: Socialization enrichment Other notes:",Staff Observation,9/2/2025,12:00 AM
1305,Focus Group,A0059258400,"9/2/2025 Terrified, needs to decompress before handling. Attempting traz decom protocol in intake. Able to leash & rekennel as long as you move slowly but may snap out of fear. Leash has to be removed with a hook. ",Staff Observation,9/2/2025,12:04 PM
1306,Request Level Change (Down),A0059228456,9/2/2025 Has come around a lot while being in intake. Easy to leash in and out of her kennel. Still nervous but allows pets. Greets new people gently with low tail wags. Has not shown any aggression and is becoming more and more relaxed.Changing from Staff Only to L3-SF.,Leveling,9/2/2025,12:07 PM
1307,Intake,A0059277630,9/2/2025 easily handled while in intake and during exam.,Staff Observation,9/2/2025,12:46 PM
1308,Intake,A0059276482,9/2/2025 very nervous running away very treat motivated otherwise easily handled while in intake and during exam.,Staff Observation,9/2/2025,12:52 PM
1309,Intake,A0059276979,9/2/2025 Shaking scared otherwise easily handled while in intake and during exam.,Staff Observation,9/2/2025,01:02 PM
1310,Intake,A0059277660,9/2/2025 easily handled while in intake and during exam.,Staff Observation,9/2/2025,01:08 PM
1311,Level Up/ Acronym Change,A0058978654,9/2/2025 Changed to L2 RG due to resource guarding food from staff. ,Leveling,9/2/2025,01:40 PM
1312,Intake,A0059276909,9/2/2025 nervous go slow not accustomed to leashes will flail and thrash while on leash while in intake easily handled during exam.signs of stress/fear startles easily.,Staff Observation,9/2/2025,02:22 PM
1313,Intake,A0059271564,9/2/2025 hissing growling swatting while in intake and during exam.,Staff Observation,9/2/2025,03:14 PM
1314,Level Up/ Acronym Change,A0059276979,9/3/2025 Previous Level:L2-SFCurrent Level:L2-SF/ Fence JumperWhy did this level change?I went to clean loyals kennel and he showed me loose body language but still had his tail tucked. i took him to the 200 mulch yard while i cleaned. when i came back outside to get him i saw his mulch yard was still shut with a carabiner on the latch and he was not in the yard. i saw him running around by the 300 mulch yards.   mcornell,Leveling,9/3/2025,11:15 AM
1315,Intake,A0057103153,9/3/2025 Easily handled both in the kennel and during the exam. ,Staff Observation,9/3/2025,03:00 PM
1316,Intake,A0059281698,"9/3/2025 Cowering in the corner of the kennel. Did not want to walk once on leash. Cowering in the corner and frozen during the exam. No aggression shown, just very shut down.",Staff Observation,9/3/2025,03:05 PM
1317,Intake,A0059288794,9/3/2025 Easily handled both in the kennel and during the exam.,Staff Observation,9/3/2025,03:14 PM
1318,Intake,A0053615028,9/3/2025 Easily handled both in the kennel and during the exam. ,Staff Observation,9/3/2025,03:19 PM
1319,Intake,A0053616951,9/3/2025 Easily handled both in the kennel and during the exam. ,Staff Observation,9/3/2025,03:25 PM
1320,Intake,A0059278395,9/3/2025 Easily handled both in the kennel and during the exam. ,Staff Observation,9/3/2025,03:29 PM
1321,Intake,A0059280210,9/3/2025 Easily handled both in the kennel and during the exam. ,Staff Observation,9/3/2025,03:49 PM
1322,Intake,A0059280782,9/3/2025 Easily handled both in the kennel and during the exam.,Staff Observation,9/3/2025,03:52 PM
1323,Intake,A0059281963,9/3/2025 Easily handled both in the kennel and during the exam.,Staff Observation,9/3/2025,04:00 PM
1324,Intake,A0059282712,9/3/2025 easily handled,Staff Observation,9/3/2025,04:15 PM
1325,Intake,A0059286171,9/3/2025 easily handled in the kennel and during the intake exam ,Staff Observation,9/3/2025,04:54 PM
1326,Intake,A0059286155,"9/3/2025 easily handled in the kennel, While in the exam room was constantly jumping/hyperactive but very friendly Hyperactiveconstantly jumpingunable to focus/redirect",Staff Observation,9/3/2025,05:22 PM
1327,Intake,A0059285580,9/3/2025 easily handled in the kennel and during the intake exam ,Staff Observation,9/3/2025,05:27 PM
1328,Level Up/ Acronym Change,A0059224903,"9/4/2025 Leveled up to L2-OA, constantly jumping at kennel door, over aroused and always salivating.",Leveling,9/4/2025,08:22 AM
1329,Daily Observations,A0059031986,"9/4/2025 During walkthroughs, I noticed that she is consistently painting kennel each morning, starting to get kennel stressed.",Staff Observation,9/4/2025,08:24 AM
1330,Level Up/ Acronym Change,A0058999518,"9/4/2025 leveled up to L2-OA, he's had multiple neighbors and still is setting off the room and being over aroused.",Leveling,9/4/2025,08:34 AM
1331,Level Up/ Acronym Change,A0059031986,"9/4/2025 Changed to L2-OA due to coming out hot from kennel when trying to leash, painting kennel and trying to nip at people.",Leveling,9/4/2025,01:56 PM
1332,Write Up,A0059031986,9/4/2025 Jessica approached me at the supervisor desk and stated that she really needs Cynthia to be moved to an indoor/outdoor because she nipped at Heather yesterday (not breaking skin) and nipped at her today on the thigh (also not breaking skin).,Staff Observation,9/4/2025,01:57 PM
1333,Intake,A0059295522,9/4/2025 easily handled while in intake and during exam.,Staff Observation,9/4/2025,02:51 PM
1334,Intake,A0059293093,9/4/2025 easily handled while in intake constant barking during exam.,Staff Observation,9/4/2025,03:11 PM
1335,Intake,A0059286592,9/4/2025 easily handled very sweet while in intake and during exam.,Staff Observation,9/4/2025,04:28 PM
1336,Intake,A0059288339,9/4/2025 easily handled while in intake and during exam.,Staff Observation,9/4/2025,04:40 PM
1337,Intake,A0059287820,9/4/2025 shy but easily handled while in intake. frozen shaking and trying to hide but still easily handled during exam.,Staff Observation,9/4/2025,04:49 PM
1338,Intake,A0059269457,9/4/2025 easily handled while in intake and during exam.,Staff Observation,9/4/2025,05:29 PM
1339,Intake,A0059294459,9/4/2025 easily handled while in intake and during exam.,Staff Observation,9/4/2025,05:39 PM
1340,Intake,A0059295518,9/4/2025 easily handled while in intake and during exam.,Staff Observation,9/4/2025,05:55 PM
1341,Intake,A0059295476,9/4/2025 easily handled while in intake and during exam.,Staff Observation,9/4/2025,05:59 PM
1342,Intake,A0059295500,9/4/2025 easily handled while in intake and during exam.,Staff Observation,9/4/2025,06:06 PM
1343,Intake,A0059295483,9/4/2025 easily handled while in intake and during exam.,Staff Observation,9/4/2025,06:09 PM
1344,Focus Group,A0058626477,"9/5/2025 Determine placement options     Displays ""younger puppy', puppy behavior.",Staff Observation,9/5/2025,07:07 AM
1345,Intake,A0059290504,9/5/2025 Easily handled while in intake and during exam.,Staff Observation,9/5/2025,02:02 PM
1346,Intake,A0059269284,9/5/2025 Easily handled while in intake and during exam.,Staff Observation,9/5/2025,02:20 PM
1347,Intake,A0059259739,"9/5/2025 Easily handled while in intake. During exam was running away due to not being able to focus or redirect, tense muscles, fearful but very friendly.",Staff Observation,9/5/2025,02:32 PM
1348,Intake,A0053588993,9/5/2025 Easily handled while in intake and during exam.,Staff Observation,9/5/2025,02:46 PM
1349,Intake,A0059295258,9/5/2025 Easily handled while in intake and during exam. ,Staff Observation,9/5/2025,03:12 PM
1350,Intake,A0059296351,"9/5/2025 When first coming out of kennel, bites leash then releases. easily handled otherwise.",Staff Observation,9/5/2025,03:23 PM
1351,Intake,A0059295669,9/5/2025 Easily handled while in intake and during exam. Very sweet.,Staff Observation,9/5/2025,03:52 PM
1352,Intake,A0059298192,"9/5/2025 Easily handled while in kennel, lots of lip licking due to nervousness. Couldn't muzzled, started to become more anxious, whale eyed and frozen but hiding head and becoming vocal. Couldn't heartworm test or microchip due to this. ",Staff Observation,9/5/2025,03:59 PM
1353,Intake,A0059297376,9/5/2025 Easily handled while in intake and during exam.,Staff Observation,9/5/2025,04:08 PM
1354,Intake,A0059228996,9/5/2025 easily handled while in intake and during exam.,Staff Observation,9/5/2025,04:09 PM
1355,Intake,A0059228993,9/5/2025 easily handled while in intake and during exam.,Staff Observation,9/5/2025,04:15 PM
1356,Intake,A0059306070,9/5/2025 hissing and growling when touched during exam.,Staff Observation,9/5/2025,04:20 PM
1357,Intake,A0059300610,9/5/2025 nervous while coming out of kennel and freezes in place at time but easily handled. Fearful and hiding during exam but easily handled over all. Very sweet,Staff Observation,9/5/2025,04:44 PM
1358,Intake,A0059300947,9/5/2025 Easily handled while in intake and during exam.,Staff Observation,9/5/2025,04:51 PM
1359,Intake,A0059301016,"9/5/2025 Easily handled while in intake but couldn't complete heartworm test due to thrashing, growling and head whipping. Muzzled as a precaution. Does not like vetting. treat motivated.",Staff Observation,9/5/2025,05:06 PM
1360,Intake,A0059301395,9/5/2025 Easily handled while in intake and during exam. ,Staff Observation,9/5/2025,05:13 PM
1361,Request Level Change (Down),A0059098443,"9/5/2025 Not exhibiting shy/fearful behavior, very sweet.",Leveling,9/5/2025,05:39 PM
1362,Write Up,A0059271564,"9/6/2025 "" Hissing, batting carrier bars, growling, puffing up. Was fine during initial intake. Became progressively more upset while being carried through the shelter. Louder growling while bring transferred into kennel"" 8/30/25 , Behavior QR code , Lucas Morgan",Staff Observation,9/6/2025,08:12 AM
1363,Focus Group,A0059226845,"9/6/2025 Severe gate reactivity, please evaluate for placement options.  ",Staff Observation,9/6/2025,01:27 PM
1364,Intake,A0058795005,9/6/2025 Easily handled while in intake and during exam but very hyperactive.,Staff Observation,9/6/2025,01:28 PM
1365,Intake,A0059305155,9/6/2025 Easily handled while in intake and during exam.,Staff Observation,9/6/2025,01:37 PM
1366,Intake,A0059305120,9/6/2025 Easily handled while in intake and during exam.,Staff Observation,9/6/2025,02:06 PM
1367,Intake,A0059302714,"9/6/2025 Easily handled while in intake. Tail tucked during exam, loosened up by end of exam. very sweet.",Staff Observation,9/6/2025,02:32 PM
1368,Intake,A0059303488,9/6/2025 Easily handled while in intake and during exam. Muzzled as a precaution.,Staff Observation,9/6/2025,02:40 PM
1369,Intake,A0059307691,9/6/2025 easily handled while in intake and during exam.,Staff Observation,9/6/2025,02:43 PM
1370,Intake,A0059301693,9/6/2025 Easily handled while in intake and during exam. Very sweet.,Staff Observation,9/6/2025,02:50 PM
1371,Intake,A0059307683,9/6/2025 easily handled while in intake and during exam.,Staff Observation,9/6/2025,02:51 PM
1372,Intake,A0059297809,9/6/2025 easily handled while in intake and during exam.,Staff Observation,9/6/2025,03:06 PM
1373,Intake,A0059297793,9/6/2025 easily handled while in intake and during exam.,Staff Observation,9/6/2025,03:10 PM
1374,Intake,A0059297786,9/6/2025 easily handled while in intake and during exam.,Staff Observation,9/6/2025,03:14 PM
1375,Intake,A0059307815,"9/6/2025 very hyperactive, constantly jumping and unable to focus. Easily handled otherwise.",Staff Observation,9/6/2025,03:16 PM
1376,Intake,A0059307907,9/6/2025 Easily handled while in intake and during exam.,Staff Observation,9/6/2025,03:51 PM
1377,Intake,A0059297819,9/6/2025 easily handled while in intake and during exam.,Staff Observation,9/6/2025,04:02 PM
1378,Write Up,A0058875618,"9/6/2025 I took Jewel to the pasture for some play time. I removed the leash & allowed her to run. I found a ball & began throwing it for her & playing with her. She became over aroused & began jumping & nipping at my arms. I tried to redirect her attention back to the ball, & she began to nip harder & left a bruise on the inside of my left arm. After sternly giving the NO command, she seemed to listen & redirected back to playing & sniffing around the field. Easily leashed & walked back to intake. ",Staff Observation,9/6/2025,04:05 PM
1379,Intake,A0059297771,9/6/2025 easily handled while in intake and during exam.,Staff Observation,9/6/2025,04:16 PM
1380,Intake,A0058797463,9/6/2025 easily handled while in intake and during exam.,Staff Observation,9/6/2025,04:19 PM
1381,Level Up/ Acronym Change,A0058941410,"9/6/2025 9/6 Kennel tech JJ Ralston stated that Lacy no longer displays SF behavior (approaches gate when approached, jumps on handlers, tail wagging). Instead, she displays OA - jumping on handler, mouthy with handler - and LB - biting leash when unleashing - behavior. Changing from L2 - SF to L2 - OA/LB. - Ashley McMahon",Leveling,9/6/2025,04:24 PM
1382,General Information,A0059199426,9/6/2025 Took to yard was easy to leash very high energy once got on to yard was very interested in dogs that passed and people loose body tail wagging and look like he wanted to play once he approached me he accepted rubs and allowed me to touch him all over his body his head tell body and Paws.. introduced him to another dog and they played good together was definitely rough and rowdy but all in all a very playful dog also enjoyed playing in the water and then was able to releash and rekennel,Staff Observation,9/6/2025,05:22 PM
1383,Write Up,A0059089087,"9/7/2025 Spent over 30 minutes with Merlow today. Very easily handled. Zero JM behavior displayed. In the  play yard, he was only seeking affection from me. No BH issues, allows pets all over. Took him for a walk and he had happy tail wags and sniffs through the fence with other dogs. Non reactive to other dogs in kennels we passed when I returned him. Very gentle and did not jump once or acted mouthy with me at all. -Katja (vol)",Staff Observation,9/7/2025,10:03 AM
1384,Focus Group,A0059121809,9/7/2025 Unknown behavior as she was evidence that we were not able to handle not related to know behavioral issues.  ,Staff Observation,9/7/2025,10:23 AM
1385,Intake,A0059309162,9/7/2025 Easily handled while in intake and during exam.,Staff Observation,9/7/2025,01:28 PM
1386,Intake,A0059312621,9/7/2025 Easily handled while in intake and during exam.,Staff Observation,9/7/2025,02:11 PM
1387,Intake,A0059312751,9/7/2025 Easily handled while in intake and during exam.,Staff Observation,9/7/2025,02:18 PM
1388,Intake,A0058973981,9/7/2025 Easily handled while in intake and during exam.,Staff Observation,9/7/2025,02:22 PM
1389,Intake,A0059288993,"9/7/2025 hissing, growling, running away. Had to net for intake. Couldn't check for sex because Wolly flailed around too much.",Staff Observation,9/7/2025,04:59 PM
1390,Intake,A0059289021,"9/7/2025 Hissing, growling, escaped from cage and had to be netted",Staff Observation,9/7/2025,05:06 PM
1391,Intake,A0059311371,9/7/2025 Easily handled,Staff Observation,9/7/2025,05:12 PM
1392,Intake,A0059297754,9/7/2025 Growly but easily handled in intake and exam,Staff Observation,9/7/2025,05:25 PM
1393,Intake,A0059296471,9/7/2025 Hissing and yowling during intake and exam,Staff Observation,9/7/2025,05:39 PM
1394,Focus Group,A0059031986,"9/8/2025 Cynthia's focus group was requested to determine placement due to recent behaviors. It was requested that her focus group mimic a potential adoption meet and greet. I approached Cynthia from the inside portion of the run. As I am familiar with her, I had no concerns about getting her out other than her being slightly jumpy/mouthy. I knelt down on the ground and cracked her run door open. As soon as she saw my leash she got excited and jumpy but not mouthy. She allowed me to slip the leash over her head and we walked out of her room. I walked her all the way down the hallway and past flex to go to cy80. Once in the cy, I removed the leash with no issues and allowed her to roam. She was more interested on sniffing all the scents then she was of me. I bent down against the wall to see if she would run over and get JM. She did not approach me, even after calling her over, she would walk halfway to me and then divert to go sniff somewhere. When she did come over to me, she allowed pets and did get excited but not overly. I then put the leash back over her head. At this point she did get really jumpy but not mouthy. She seems to have an excited reaction to when she sees the leash or it goes over her head. I walked her up the hall and past featured, she did have slight hackles walking past the featured rooms. I then ran into vol Emily by the door to the lobby. Cynthia did a little jump on her and allowed a quick head pat. I then walked her around the lobby where she was more interested in sniffing. I brought her outside the front and met up with Naomi, she did jump on Naomi a few times but never tried to bite. We took a quick stroll where she stayed to herself and sniffed around. I brought her back inside and and walked down the hall from 600 to 200. we ran into Jan in the hallway who walked past us, Cynthia did try to elicit pets from Jan but Jan kept walking and Cynthia diverted herself. I placed her back in the kennel and removed the leash with no issues. She seems to be a high-energy puppy who needs some training and an output for her energy. I do believe she is placeable, just needs to get out soon. Will req a level down to L2-JM/OA",Staff Observation,9/8/2025,09:20 AM
1395,Intake,A0059314835,9/8/2025 Easily handled,Staff Observation,9/8/2025,12:14 PM
1396,Intake,A0059315135,9/8/2025 A little nervous but easily handled while in intake and during exam. No aggression shown.,Staff Observation,9/8/2025,12:40 PM
1397,Intake,A0059314264,9/8/2025 Easily handled while in intake and during exam.,Staff Observation,9/8/2025,01:09 PM
1398,Intake,A0059313478,9/8/2025 Easily handled while in intake and during exam.,Staff Observation,9/8/2025,01:15 PM
1399,Focus Group,A0059121809,"9/8/2025 Easy to leash out of kennel, presented with loose body language. Walked along the play yards and greeted Texas through the fence. Brought her up to Erica's office where she greeted her with loose body language and allowed pets all over. Sometimes gets the zoomies out of nowhere. Then took to Audrey's office to ask about leveling. Audrey and Erica agreed to level her L1 and have her move out of 200.",Staff Observation,9/8/2025,02:08 PM
1400,Focus Group,A0059265558,"9/8/2025 9/8 Delaney and I took Avalanche out for her focus group. When we approached the kennel, she was timid, ears back, tail tucked, but came to the gate when I crouched down and offered a treat, though she didn't take it. Small, low tail wags as we spoke to her and when I opened the gate. She avoided the leash, but I was able to leash her. Easy on leash. In the yard (kept on leash), she approached Delaney and sniffed her had, though her ears remained back and tail tucked. Delaney was able to pet her head, but as she moved down Avalanche's back, Avalanche turned to look at Delaney and gave side eye. When Delaney moved her hand down Avalanche's leg, Avalanche ran away. I guided Avalanche back to Delaney, and Delany was able to touch her back for a few seconds to look for fleas, but Avalanche again tried to get away and appeared uncomfortable (tail still tucked, ears still back). We walked Avalanche back inside, and I was unable to unleash Avalanche without issue, though she was a little stiff and ears were back while I did so. Current level seems appropriate (L2 - SF/BH/H). - Ashley McMahonPersonality: timidDog Test 1: not dog testedDog Test 2: not dog testedMedical: appeared to have flea dirt; written upHow Do I Handle Stress? avoiding it, removing herself from the situationWhat Do I Need Help With Most? proper placement, building confidenceThe Most Memorable Thing About Me: body handling issuesIntake Info: courtWhat is my strategic out? adoption, fosterOngoing care: training for body handlingOther notes: n/a ",Staff Observation,9/8/2025,04:35 PM
1401,Focus Group,A0059199426,"9/8/2025 Approached Billy from the inside of the kennel, offered him treats which he eagerly took. Knowing that he has been going out with the 300 kennel techs, I had no concerns about leashing him or taking him out. Earlier today I was told by Heather that he is starting to get super mouthy. I opened the kennel run to leash him and he ran out passed me. I was able to secure him on the leash and then we proceeded to go to a mulch yard. I brought a toy with me to test his resource guarding as that is what his bite was about. He sniffed the yard, used the bathroom and then we started to play fetch. I would go up to him to take the toy away and he had no problems with me grabbing it from his mouth, he also may know ""drop it"". We played fetch for a bit testing his guarding of the toy which he showed no signs of. I was able to pick it up off the ground when he would go for it as well. I will note that he is super mouthy and jumpy, I would not be surprised if he accidentally catches someone with his tooth. He saw a dog on the trail and was eager to get out of the yard to play, I suspect he will be dog friendly but will need a formal test. We walked back to his kennel and when I went to unleash he did try to bite at the leash, he also was a bit stubborn when it comes to re-kenneling. Rec level down to L2-OA/JM, requested traz today but ultimately he will need an outcome soon before his mouthy behavior becomes worse.  Later in the evening, conducted dog test with Erica for potential rescue placement. Billy was already in the yard and I brought Skippy by, they did a fence greeting but both were eager to play. Placed Skippy in the pen and Billy was pawing at the gate to get to Skippy. Erica held Billy's leash and I held Skippy's. As soon as Skippy made contact with Billy they both started playing. Both rough and rowdy style, equal energy levels as well. Ran around the yard for a bit and played around. Based on this assessment, Billy would be labeled as dog friendly. Would like to note that he has puppy energy and is high-strung, will need a play partner that matches that energy otherwise I can see him being ""too much"" ",Staff Observation,9/8/2025,04:37 PM
1402,Request Level Change (Down),A0059199426,9/8/2025 See focus group notes. Req L2-OA/JM,Leveling,9/8/2025,04:44 PM
1403,Level Up/ Acronym Change,A0059101393,"9/8/2025 Previous Level: L1Current Level: L2 - LBWhy did this level change? I walked past 400 and saw a volunteer struggling to rekennel Bass - he was biting the leash and refusing to let go. I walked in to assist, and was unable to redirect with treats.",Leveling,9/8/2025,04:48 PM
1404,Write Up,A0059199426,"9/8/2025 Delaney let me know that she spent time with Billy and it was positive. I went to meet him since he may be a candidate for working dog rescue. Easily leashed, peed and pooped in the yard. I left the slip lead around his neck and at different times he would pick it up and shake it and romp around the yard with the leash in his mouth. Knows sit, paw, down, and roll over. Delaney came to bring me treats and brought a toy. He fetched the toy multiple times and let us move it from his space without issue. He LOVED the water and continuously dug and bobbed in the bucket for water. He eventually knocked the entire bucket over and was very proud of himself for spilling it. At times he was very mouthy and jumpy. He's a giant puppy. Delaney let me know he was a little tough to rekennel but I did not have any issues. As soon as I walked away, the rescue asked if we could dog test him. I got him back out for a dog test. He was noticably more amped and very jumpy mouthy. Played great with the other dog. I did have issues rekenneling him and he actually slipped out of the kennel at one point. Was able to rekennel but did struggle a bit against his force and being mouthy. Overall, a big goober who needs something to do and some training. ",Staff Observation,9/8/2025,05:55 PM
1405,Intake,A0059320912,9/8/2025 Easily handled during the exam. ,Staff Observation,9/8/2025,06:28 PM
1406,Intake,A0059321315,9/8/2025 Easily handled during the exam.,Staff Observation,9/8/2025,06:31 PM
1407,Intake,A0059321714,9/8/2025 Easily handled during the exam.,Staff Observation,9/8/2025,06:39 PM
1408,Request Level Change (Down),A0059121809,nan,Leveling,9/8/2025,10:00 PM
1409,Focus Group,A0058886517,9/9/2025 See return notes regarding aggression towards husband and childern.,Staff Observation,9/9/2025,06:28 AM
1410,General Information,A0057829055,"9/9/2025 Noticed Khan's exterior kennel unlatched, came back with a second handler. Khan also noticed and escaped his kennel. He engaged with another dog through the fence with loose body language and then roamed into the courtyard. Once secured in the yard, he eliminated and came when called. He was easily leashed, a very, strong boy, did pull on leash a bit but was manageable, did not react to walking past dogs, was interested. A little hesitant to be rekenneled, but no negative behaviors observed. Sit when told  so, but would paw at the door wanting to come back out , i was able to retrieve leash without incident. Likely will take out in a more calm environment to be fully assessed and potentially leveled down. ",Staff Observation,9/9/2025,09:00 AM
1411,Level Up/ Acronym Change,A0059028091,"9/9/2025 ""Becoming very BR, will try to nip at hand through kennel door, also painting kennel and being OA""Leveled up to L2- BR/OA , based on note above",Leveling,9/9/2025,10:41 AM
1412,Request Level Change (Down),A0059199426,9/9/2025 See focus group notes. Rec L2-OA/JM Changing to L3-H/JM based on focus group notes. Continue to monitor to see if we can level down further - NAOMI,Leveling,9/9/2025,11:00 AM
1413,Write Up,A0058875618,"9/9/2025 Allie and I took Jewel to the field yesterday to let her use the bathroom. When we got out there, she was instantly fixated on a dog walking the trail with a volunteer. We tried to interrupt her fixation and initiate play, but she instantly became over aroused and started jumping on Allie and biting her arms and stomach. Allie tried to push her off, but she just started biting harder, so I pulled her back by her leash and decided to bring her back inside. No issues walking her in or placing her back in her cage.",Staff Observation,9/9/2025,11:36 AM
1414,Intake,A0059212950,"9/9/2025 while in intake very nervous, whale eye, tail tucked. Go slow.during exam easily handled.",Staff Observation,9/9/2025,12:27 PM
1415,Request Level Change (Down),A0059006048,9/9/2025 Change to L2-BR/RG based on staff and volunteer notes - NAOMI,Leveling,9/9/2025,12:27 PM
1416,Intake,A0059318122,"9/9/2025 during intake was easily handled.during exam muzzled for precaution, doesn't like to be vetted.",Staff Observation,9/9/2025,12:55 PM
1417,General Information,A0058754202,9/9/2025 Thor is super friendly will allow me to enter kennel and remove bowl change bedding or what ever the case may be. When i approach kennel Thor tail wags and body is lose..thor is no problem when leashing and playful when on yard..allows rubs all over the body..Thor has not ever been a problem when going back in..,Staff Observation,9/9/2025,12:59 PM
1418,Intake,A0059317990,9/9/2025 easily handled while and during intake and exam.,Staff Observation,9/9/2025,01:03 PM
1419,General Information,A0058754202,9/9/2025 Current Level: staff onlyRequest: Your Name:Heather pateWhy are you requesting a level change? So volunteers can help take Thor out has never displayed any weird behavior super loose body and tail wags when approached kennel will allow me to enter kennel and never displayed any weird behavior   Assessment:Assessor's Name:Findings and Recommendation: Results:Manager's Name:Notes and determination:,Staff Observation,9/9/2025,01:06 PM
1420,General Information,A0056298384,9/9/2025 I found with dumpling the clip leash works better she does not like a regular leash or her neck press down on but when leashing her I tell her to sit put the leash on her and she's fine she's a very friendly dog I've never met anybody dumplin hasn't liked take her out to the field she runs around accepts rubs all over even her neck paw tail and stomach! No some commands treat motivated and loves to socialize dumplin got plenty of personality and a lot of fun! ,Staff Observation,9/9/2025,01:09 PM
1421,Intake,A0059317876,9/9/2025 easily handled while and during intake and exam.,Staff Observation,9/9/2025,01:12 PM
1422,Intake,A0059320626,9/9/2025 easily handled while and during intake and exam.,Staff Observation,9/9/2025,01:36 PM
1423,Intake,A0059321660,9/9/2025 easily handled while in intake and during exam.,Staff Observation,9/9/2025,01:47 PM
1424,Intake,A0059321671,9/9/2025 easily handled while in intake and during exam.,Staff Observation,9/9/2025,01:56 PM
1425,Intake,A0059321101,9/9/2025 easily handled while and during intake and exam.,Staff Observation,9/9/2025,02:23 PM
1426,Intake,A0059321777,"9/9/2025 while in intake was shaking, nervous. Go slow.during exam muzzled for precaution, does not like to be vetted.",Staff Observation,9/9/2025,02:45 PM
1427,Intake,A0059322059,9/9/2025 easily handled while and during intake and exam.,Staff Observation,9/9/2025,03:11 PM
1428,Intake,A0059322064,9/9/2025 easily handled while and during intake and exam.,Staff Observation,9/9/2025,03:19 PM
1429,Request Level Change (Down),A0058576129,"9/9/2025 L1 req, no longer showing signs of SF with people or dogs.",Leveling,9/9/2025,04:56 PM
1430,Focus Group,A0059281698,"9/9/2025 Personality: stoic, gentle, friendly with dogsDog Test 1: tested with skippy, a bit too high energy for dalton but was tolerant of skippy being in his face and circling around him. broad tail wag throughout interaction. hips/rear legs appear lame? kept dog test short due to weird walkDog Test 2: n/aMedical: some lameness observed in gait. feet drag together, seems to sag at the hipHow Do I Handle Stress? no discernible indicator of stress during interaction. very stoic, no reaction when walking by other dogs/concern of passing through gates or being leashes. avoidant at mostWhat Do I Need Help With Most? interactions with people, some hesitancy to interact but was curious when my back was turned. might be head shy due to ear hematomas? took treats from my handThe Most Memorable Thing About Me: personality comes out when interacting with dogs. socializing with dogs may aid in socialization with people. was more willing to approach me when skippy didIntake Info:What is my strategic out? adoption/foster/rescueOngoing care: no growling, baring teeth, or avoidance upon approach. after a few minutes of interacting he began taking treats from me and allowed me to leash him without issue. taking back to kennel he allowed me to enter with him and remove the leash without incident.  Other notes: curious if painful? a bit of an odd gait, doesn't stand all the way up, is always laying down when in kennel. rear nails are short- indicating normal wear, may have odd posture due to insecurity, would have to physically palpate hips after gaining more trust to determine.  ",Staff Observation,9/9/2025,06:29 PM
1431,Level Up/ Acronym Change,A0059295669,"9/10/2025 Leveled to L2 - SF ,""  Shivering in corner and Cowers down when door is opened ""   ",Leveling,9/10/2025,08:00 AM
1432,Level Up/ Acronym Change,A0058900557,"9/10/2025 "" Houdini is an escape artist. I watched him get out of a playpen multiple times. The first time he was jumping up and hitting the gate latch, so much so that he got it to unlatch and was able to run around. I then put him back in, latched it and tied it with a leash, and he was able to unlatch it again and slide through the gap and get out again. ""Leveling to L2 -EASourced from QR CODE - 9/8/2025  Allie Chapman",Leveling,9/10/2025,10:00 AM
1433,Write Up,A0059286155,"9/10/2025 "" I took Serena for Pawparazzi - she was challenging to handle on leash and didn't want to stay still so we did several laps around the conference room to reset and try again.  On one of the laps, she approached Marie and growled at her.  I also had her in a play yard for some photos/video and she was growling and barking at the other volunteers and dog in the next yard over. "" Dog  needs FG and Dog test , Intake notes states unable to redirect. - Sourced from QR CODE , 9/9/2025 Allison Gainza",Staff Observation,9/10/2025,10:12 AM
1434,Level Up/ Acronym Change,A0059318122,"9/10/2025 L2- SDStaff notates , growling at other staff.",Leveling,9/10/2025,10:33 AM
1435,Write Up,A0058812055,"9/10/2025 9/10 Ambrose bit kennel tech Emily Ortega. When Emily opened the door and reached in to grab the food tray, Ambrose bit her hand. Minor puncture wound on finger. - Ashley McMahon",Staff Observation,9/10/2025,10:55 AM
1436,Intake,A0059324101,"9/10/2025 Easily handled in intake kennel.Showing signs of stress/fear, tense muscles, & tail tucked at times in exam room, but friendly just nervous. Muzzled for precaution.",Staff Observation,9/10/2025,11:45 AM
1437,Intake,A0059324050,"9/10/2025 Showing signs of stress/fear in kennel & during exam. When first walking out of kennel he moves in slow motion with very tense muscles.Once in exam room he was extremely frigid & whale eyed. Lots of head whipping when attempting to pet/reach for him. Very head shy as well. Muzzled for precaution during exam, urinated when muzzle was placed on. Does NOT like to be restrained/vetted & head whips while snarling when attempting to hold (even with muzzle on). USE CAUTION DURING VETTING. ",Staff Observation,9/10/2025,12:34 PM
1438,Intake,A0059322610,9/10/2025 Easily handled in intake kennel & during exam. ,Staff Observation,9/10/2025,01:35 PM
1439,Intake,A0059322444,9/10/2025 Easily handled in intake kennel & during exam. ,Staff Observation,9/10/2025,01:54 PM
1440,Intake,A0057478489,9/10/2025 Easily handled in intake kennel. Muzzled for precaution during exam. ,Staff Observation,9/10/2025,02:16 PM
1441,Intake,A0059325351,9/10/2025 Easily handled in intake kennel & during exam.,Staff Observation,9/10/2025,02:20 PM
1442,Intake,A0059327037,9/10/2025 Easily handled in intake kennel & during exam. ,Staff Observation,9/10/2025,02:35 PM
1443,Intake,A0059329584,9/10/2025 Easily handled in intake kennel & during exam.,Staff Observation,9/10/2025,02:41 PM
1444,Intake,A0059330203,9/10/2025 easily handled ,Staff Observation,9/10/2025,02:51 PM
1445,Intake,A0059330201,9/10/2025 easily handled,Staff Observation,9/10/2025,02:58 PM
1446,Intake,A0059330198,9/10/2025 easily handled,Staff Observation,9/10/2025,03:05 PM
1447,Intake,A0059330196,9/10/2025 easily handled,Staff Observation,9/10/2025,03:09 PM
1448,Intake,A0059330193,9/10/2025 easily handled,Staff Observation,9/10/2025,03:14 PM
1449,Intake,A0059330190,9/10/2025 easily handled,Staff Observation,9/10/2025,03:19 PM
1450,Intake,A0059330167,9/10/2025 easily handled in the kennel and during the intake exam ,Staff Observation,9/10/2025,04:25 PM
1451,Focus Group,A0057478489,"9/10/2025 Adopter reported that dog bit with no skin break when touching. Adopter stated that normally he would give a command of ""crate"" then touch on shoulder area. He reported the dog was tearing up paper so he told him to go to his crate and bent down to touch him and then the dog growled then bit him.",Staff Observation,9/10/2025,04:39 PM
1452,Intake,A0059330401,"9/10/2025 hides in the corner of the kennel had to carry would not walk on leash due to fear. otherwise easily handled. Once in the exam room tail was tucked, hid in the corner and was constantly ducking. otherwise easily handledSigns of stress/fearStartles easilyTense musclesDuckingHiding ",Staff Observation,9/10/2025,04:45 PM
1453,Intake,A0059333586,9/10/2025 easily handled,Staff Observation,9/10/2025,04:58 PM
1454,Request Level Change (Down),A0059031986,9/10/2025 See focus group notes- rec L2-OA/JM,Leveling,9/10/2025,06:52 PM
1455,Request Level Change (Down),A0059281698,"9/10/2025 Someone asked about taking Dalton to foster, but had concerns about his rear end and his odd gait. I went with Dr. C and we were able to get Dalton out of the kennel, he did head duck and try to move away. He walked decently on leash but was very scared. She gave him a rabies shot in the hallway and noted that his ears were very infected. She was able to administer an Otipack in the hallway. We were able to pet him and leash muzzle him for the process. I think based on the invasive handling we did with him, he could be moved down to L3- SF. He needs to leave for foster due to high FAS, but I believe he has potential to improve in a home setting. ",Leveling,9/10/2025,07:24 PM
1456,Level Up/ Acronym Change,A0059267774,"9/11/2025 Over the past few days Rosalina has opened up greatly. She approaches the kennel door with loose body language while wagging her tail. Staff reported they have had no issues moving her with a leash, she is just a little head shy to begin with. Changing from STAFF ONLY to L3-SF",Leveling,9/11/2025,08:54 AM
1457,Intake,A0059338894,9/11/2025 Easily handled during exam.,Staff Observation,9/11/2025,10:03 AM
1458,Intake,A0058252089,9/11/2025 easily handled  while in intake and during exam.,Staff Observation,9/11/2025,11:19 AM
1459,Intake,A0059340237,9/11/2025 easily handled while in intake and during exam.,Staff Observation,9/11/2025,01:11 PM
1460,Intake,A0057455043,9/11/2025 easily handled while in intake and during exam.,Staff Observation,9/11/2025,01:29 PM
1461,Intake,A0059332683,9/11/2025 easily handled while in intake. a bit head shy due to wounds legs too swollen for HW test. No aggression shown during exam.,Staff Observation,9/11/2025,01:36 PM
1462,Intake,A0053613541,9/11/2025 easily handled but a bit shy while in intake and during exam.,Staff Observation,9/11/2025,02:05 PM
1463,Level Up/ Acronym Change,A0059223836,9/11/2025 Changed to L2-SF due to volunteer notes of needing two people to coax him out of kennel,Leveling,9/11/2025,02:17 PM
1464,Intake,A0059332604,9/11/2025 Easily handled,Staff Observation,9/11/2025,02:38 PM
1465,Focus Group,A0058479830,nan,Staff Observation,9/11/2025,02:40 PM
1466,Intake,A0059331165,9/11/2025 easily handled very sweet while in intake and during exam.,Staff Observation,9/11/2025,02:41 PM
1467,Intake,A0059337136,9/11/2025 Easily handled,Staff Observation,9/11/2025,02:45 PM
1468,Intake,A0059336251,9/11/2025 Easily handled,Staff Observation,9/11/2025,02:54 PM
1469,Intake,A0059337825,9/11/2025 easily handled while in intake and during exam.,Staff Observation,9/11/2025,03:06 PM
1470,Intake,A0059333929,9/11/2025 easily handled while in intake. very skittish loose all awareness when stressed knocks self over running into things no aggression shown during exam. Unable to focus/redirect Signs of stress/fear startles easily running away whale eye.,Staff Observation,9/11/2025,04:02 PM
1471,Intake,A0056593214,9/11/2025 easily handled while in intake and during exam.,Staff Observation,9/11/2025,05:10 PM
1472,Intake,A0059341622,"9/12/2025 while approaching kennel bares teeth, lunging at kennel door, alarm barking, whale eyes, trying to bite.partial on catch pole ",Staff Observation,9/12/2025,08:21 AM
1473,Intake,A0059342239,"9/12/2025 while in intake body handling issues, when approaching kennel whale eyes, growling, body hackles, and showing teeth.partial on catchpole.",Staff Observation,9/12/2025,08:30 AM
1474,Level Up/ Acronym Change,A0058886517,"9/12/2025 Previous Level: L1Current Level: L2-BRWhy did this level change? Displays barrier reactivity, including raised hackles, whale eye, repeated lunging, and escalated biting behavior.",Leveling,9/12/2025,10:09 AM
1475,Level Up/ Acronym Change,A0059224903,"9/12/2025 Dutch has become Jumpy/mouthy when excited, left a bruise on my forearm. -RWannagot",Leveling,9/12/2025,10:45 AM
1476,Intake,A0059343335,"9/12/2025 Was placed in a bottom shoreline in intake. Growling/snarling, tense muscles, hard staring, showing teeth, frigid, & attempting to bite while slamming the kennel door when approached. Partial on catchpole & moved to 200. ",Staff Observation,9/12/2025,12:12 PM
1477,Intake,A0059340615,9/12/2025 Easily handled while in intake and during exam.,Staff Observation,9/12/2025,12:23 PM
1478,Intake,A0059343758,9/12/2025 Easily handled while in intake and during exam.,Staff Observation,9/12/2025,02:00 PM
1479,Intake,A0059342416,9/12/2025 Easily handled while in intake and during exam.,Staff Observation,9/12/2025,02:19 PM
1480,Intake,A0059342573,9/12/2025 Easily handled while in intake and during exam.,Staff Observation,9/12/2025,02:27 PM
1481,Intake,A0059342195,9/12/2025 Easily handled while in intake and during exam but very hyperactive and unable to focus.,Staff Observation,9/12/2025,02:36 PM
1482,Intake,A0059346628,9/12/2025 Easily handled while in intake and during exam.,Staff Observation,9/12/2025,02:57 PM
1483,Intake,A0059346587,"9/12/2025 Easily handled while in intake but once in exam became very stand offish, tense muscles, hard staring, whale eyes and alarm barking. muzzled as a precaution.",Staff Observation,9/12/2025,03:26 PM
1484,Level Up/ Acronym Change,A0059275577,"9/12/2025 Previous Level: L1Current Level: L2 - LBWhy did this level change? Kennel tech Kyle Felix and Kenya Wells stated that Burnt Cheese leash bites - he starts doing so when they go to leash him, and continues to bite up the leash while on leash, until something else catches his attention. They haven't tried to redirect with treats or toys. - Ashley McMahon",Leveling,9/12/2025,04:01 PM
1485,Intake,A0059344607,9/12/2025 easily handled while in intake and during exam.,Staff Observation,9/12/2025,04:25 PM
1486,Intake,A0059344652,9/12/2025 easily handled while in intake and during exam.,Staff Observation,9/12/2025,04:33 PM
1487,Intake,A0059345547,9/12/2025 easily handled while in intake and during exam.,Staff Observation,9/12/2025,04:46 PM
1488,Intake,A0059349295,9/12/2025 Easily handled while in intake and during exam.,Staff Observation,9/12/2025,04:50 PM
1489,Intake,A0059334437,9/12/2025 easily handled while in intake and during exam.,Staff Observation,9/12/2025,04:55 PM
1490,Intake,A0059345504,9/12/2025 Hissing but easily handled while in intake and during exam.,Staff Observation,9/12/2025,05:17 PM
1491,Intake,A0059345474,9/12/2025 hissing but still easily handled while in intake and during exam.,Staff Observation,9/12/2025,05:21 PM
1492,Intake,A0055579826,"9/12/2025 Terrified and trembling in kennel, go slow. Needs a minute to warm up. startles easy to fast movements. alarm barks when first approached but wags tails.",Staff Observation,9/12/2025,05:35 PM
1493,Write Up,A0059083104,9/13/2025 still very avoidant of leashing but with slow movements and leashing with a wide loop he tolerated it well and exited kennel without issue. appeared unsure about walking past the dogs but with some coaxing he exited and was placed in a mulch yard without issue. i went out to yard to visit him and as i approached he displayed a low tail wag and sat as i greeted him through the fence. ,Staff Observation,9/13/2025,08:57 AM
1494,General Information,A0059187897,"9/13/2025 Housed in Indoor/ Outdoor due to chewing walls. Place in locations with out plastic walls (In/out,  Flex, Feat, DQ) .",Staff Observation,9/13/2025,09:24 AM
1495,Write Up,A0059298192,"9/13/2025 during walkthrough observed blue laying laterally on bed, shaking, and taking gasping breaths. moving to flex, loudness of 606 may be amping up anxiety. walked nicely on leash and solicited attention from myself, AJ, and jasmine. ",Staff Observation,9/13/2025,09:52 AM
1496,Request Level Change (Down),A0059298192,"9/13/2025 per volunteers, she is easy to handle and showed no signs of L3-A. Laura even stated that she doesnt think she shows any L2 behaviors either. Allison also commentsd and stated she fan vouch for her being easily habdled. ",Leveling,9/13/2025,10:33 AM
1497,Intake,A0059302696,"9/13/2025 Easily handled while in intake but started franticly pacing, very anxious, whining and panting during exam.  No aggression shown.",Staff Observation,9/13/2025,01:46 PM
1498,Daily Observations,A0059342195,9/13/2025 Showing signs of kennel stress - NAOMI,Staff Observation,9/13/2025,02:31 PM
1499,Daily Observations,A0059106761,9/13/2025 Showing signs of kennel stress - NAOMI,Staff Observation,9/13/2025,02:32 PM
1500,Daily Observations,A0059293093,9/13/2025 Showing signs of kennel stress - NAOMI,Staff Observation,9/13/2025,02:33 PM
1501,Intake,A0059348504,9/13/2025 easily handled while in intake and during exam.,Staff Observation,9/13/2025,03:37 PM
1502,Intake,A0059349803,9/13/2025 Easily handled while in intake and during exam.,Staff Observation,9/13/2025,03:45 PM
1503,Intake,A0059348479,9/13/2025 cowering and whale eyes no aggression shown while in intake and during exam.,Staff Observation,9/13/2025,03:50 PM
1504,Intake,A0059349702,9/13/2025 Easily handled while in intake and during exam.,Staff Observation,9/13/2025,03:52 PM
1505,Intake,A0059345386,9/13/2025 flailing and trying to bite when touched while in intake and during exam.,Staff Observation,9/13/2025,04:00 PM
1506,Intake,A0058031872,9/13/2025 Easily handled while in intake and during exam.,Staff Observation,9/13/2025,04:13 PM
1507,Intake,A0056373956,9/13/2025 Easily handled while in intake and during exam.,Staff Observation,9/13/2025,04:22 PM
1508,Write Up,A0059261687,9/14/2025 Kennel stressed! Painting kennel,Staff Observation,9/14/2025,08:59 AM
1509,Intake,A0058995935,9/14/2025 Easily handled while in intake and during exam.,Staff Observation,9/14/2025,10:46 AM
1510,Intake,A0058732049,9/14/2025 Easily handled while in intake and during exam.,Staff Observation,9/14/2025,10:55 AM
1511,Intake,A0058612477,9/14/2025 Easily handled while in intake and during exam.,Staff Observation,9/14/2025,11:16 AM
1512,Intake,A0059356380,9/14/2025 Easily handled while in intake and during exam.,Staff Observation,9/14/2025,11:32 AM
1513,Intake,A0059354109,9/14/2025 Easily handled while in intake and during exam.,Staff Observation,9/14/2025,11:55 AM
1514,Intake,A0059353643,9/14/2025 Easily handled while in intake and during exam.,Staff Observation,9/14/2025,12:07 PM
1515,Intake,A0059354459,9/14/2025 Easily handled while in intake and during exam.,Staff Observation,9/14/2025,12:13 PM
1516,Intake,A0059357256,9/14/2025 Easily handled while in intake and during exam.,Staff Observation,9/14/2025,12:22 PM
1517,Intake,A0059356897,9/14/2025 Easily handled while in intake and during exam.,Staff Observation,9/14/2025,12:36 PM
1518,Level Up/ Acronym Change,A0059318122,9/14/2025 Added BH to level after Lisa Jones reported that she got her out for photos and brought her up to another volunteer to met. When said volunteer went to pet her head she snapped at him with no warning.,Leveling,9/14/2025,02:26 PM
1519,Level Up/ Acronym Change,A0059027650,9/14/2025 Changed to L2-RG based on return notes out of precaution,Leveling,9/14/2025,02:33 PM
1520,Intake,A0053614538,"9/14/2025 Hissing,growling,swiping.",Staff Observation,9/14/2025,02:37 PM
1521,Level Up/ Acronym Change,A0059255827,9/14/2025 changed to L2-SF based on volunteer notes that they could not even get her out of her kennel for a walk due to her being so scared.,Leveling,9/14/2025,02:39 PM
1522,Intake,A0059354114,9/14/2025 Easily handled,Staff Observation,9/14/2025,02:44 PM
1523,Intake,A0059357331,9/14/2025 Easily handled,Staff Observation,9/14/2025,02:49 PM
1524,Intake,A0059357332,9/14/2025 Easily handled                     UNDER AGE,Staff Observation,9/14/2025,03:03 PM
1525,Daily Observations,A0059330167,"9/14/2025 Finde was exhibiting signs of stress panting the entire time (about 20 min) I had her out. We walked and sat in one of the dog runs with her. She ran the fence whining, appearing as if she was looking for someone. She never settled down. There were no other dogs on the other side of the fence. She would also let me pet her, but she appeared to be oblivious to it, never giving signs that she wanted more if I stopped. She was fixated on whatever she was looking and whining for and causing her stress.- Kim Dennis",In Shelter Volunteer Observation,9/14/2025,05:02 PM
1526,Focus Group,A0058612477,nan,Staff Observation,9/15/2025,07:43 AM
1527,Level Up/ Acronym Change,A0059224903,"9/15/2025 Previous Level: L2-OACurrent Level: L2-OA/BRWhy did this level change? On my morning walkthrough, I observed Dutch jumping at kennel door. When I approached the door and offered my hand, Dutch growled and bared his teeth.",Leveling,9/15/2025,09:46 AM
1528,Write Up,A0059307907,"9/15/2025 Noticed nasal discharge and sneezing as I was taking her back to kennel, follow up with vet requested -RWANNAGOT",Staff Observation,9/15/2025,10:35 AM
1529,Intake,A0059357420,9/15/2025 Easily handled while in intake and during exam.,Staff Observation,9/15/2025,11:02 AM
1530,Write Up,A0059356380,"9/15/2025 Not using rear right leg, possible injury of unknown origin, request Vet check up. -RWANNAGOT",Staff Observation,9/15/2025,11:21 AM
1531,Intake,A0059358175,9/15/2025 Easily handled while in intake and during exam.,Staff Observation,9/15/2025,12:01 PM
1532,Intake,A0059358610,9/15/2025 A little unsure at first. Extreme resource guarding. Muzzled as a precaution.,Staff Observation,9/15/2025,12:16 PM
1533,Intake,A0059359249,9/15/2025 Easily handled while in intake but muzzled as a precaution during exam. Doesn't like being vetted. Easily handled otherwise.,Staff Observation,9/15/2025,12:28 PM
1534,Intake,A0059359251,"9/15/2025 Easily handled while in intake. Muzzled as a precaution for vetting, doesn't like to be vetted.",Staff Observation,9/15/2025,12:35 PM
1535,Intake,A0059357998,9/15/2025 Easily handled in shoreline but was hissy and growly during exam.,Staff Observation,9/15/2025,12:55 PM
1536,Intake,A0059359687,9/15/2025 Easily handled while intake and during exam.,Staff Observation,9/15/2025,01:02 PM
1537,Intake,A0059359278,"9/15/2025 Showing signs of stress/fear, go slow. No aggression show. Easily handled while in intake and during exam.",Staff Observation,9/15/2025,01:13 PM
1538,Intake,A0059359299,9/15/2025 Easily handled while in intake and during exam. ,Staff Observation,9/15/2025,01:21 PM
1539,Intake,A0059359300,9/15/2025 Easily handled while in intake and during exam.,Staff Observation,9/15/2025,01:28 PM
1540,Intake,A0059359305,9/15/2025 Easily handled while in intake and during exam.,Staff Observation,9/15/2025,01:33 PM
1541,Intake,A0059359295,9/15/2025 Easily handled while in intake and during exam.,Staff Observation,9/15/2025,01:42 PM
1542,Intake,A0059361697,"9/15/2025 Friendly find, Muzzled as a precaution. Doesn't like to be vetted.",Staff Observation,9/15/2025,01:47 PM
1543,Focus Group,A0059267774,"9/15/2025 9/15 Jade and I performed Rosalina's FG. When we approached her kennel, she approached the gate without coaxing, though her ears were back and tail was tucked. She eagerly accepted treats from both Jade and I. She allowed me to leash her, though she avoided the leash at first. On leash, she walked slightly crouched, tail tucked, ears back, stopping frequently to look around. Once in the yard, we dropped the leash. Rosalina sniffed around the yard but was completely uninterested in Jade or I, and would not approach us when called. She also kept seeking a way out of the yard, trying to squeeze through gaps or jump out. When either of us would walk toward her, she avoided eye contact. Jade was able to leash her in the yard, though Rosalina ducked to avoid the leash several times. Same on leash as before, and easily spooked by loud noises. Easy to rekennel. Personality: shyDog Test 1: not dog testedDog Test 2: not dog testedMedical: recently on decomp trazHow Do I Handle Stress? avoids itWhat Do I Need Help With Most? opening up, building confidenceThe Most Memorable Thing About Me: food motivatedIntake Info: started as staff only in intakeWhat is my strategic out? experienced fosterOngoing care: strategic placementOther notes: n/a",Staff Observation,9/15/2025,05:47 PM
1544,Intake,A0057423003,9/15/2025 Snarling and lunging at the kennel door as soon as he sees somebody. Alternating between shaking in the corner showing teeth and lunging at the kennel door air snapping. ,Staff Observation,9/15/2025,06:46 PM
1545,Write Up,A0059342239,"9/16/2025 interacted with him over the course of a day as i cleaned 200 - very low energy, content to lay in the sun (in his exterior run) all day. he willingly entered and exited his guillotine when i called him or opened the guillotine for him. initially just staring at me, but by the time i walked around to pass out enrichment he displayed a wagging tail and approached the front of the kennel. in the afternoon i interacted with him through the exterior portion of his run and he licked my hand through the kennel door and took treats gently. i was able to leash him without issue and he walked slowly towards the yard, stopping to sniff every kennel. in the yard he was primarily interested in sniffing, but came up to me a few times and accepted pets on the top of his head/neck. rekenneled without issue, by the end of the day he began excitedly wagging his tail when i spoke to him. ",Staff Observation,9/16/2025,05:17 AM
1546,General Information,A0059341622,"9/16/2025 very calm in kennel, primarily lays in bed all day, keeps kennel tidy. wouldn’t come when i called her but as i sat outside of her kennel she sauntered her way outside and sniffed around me. wouldn’t take treats from my hand but ate them if tossed into her kennel. i opened her kennel door and sat with my back facing her - she approached me and sniffed my back, close enough to where her nose was touching me. i was then able to offered my hand and pet under her chin. very fearful and she is next to a very noisy dog who may be adding to her stress, did well with slow movements. ",Staff Observation,9/16/2025,05:28 AM
1547,General Information,A0058101225,"9/16/2025 Usually very reactive , starting to decom and come around .",Staff Observation,9/16/2025,09:36 AM
1548,Request Level Change (Down),A0059288993,nan,Leveling,9/16/2025,10:30 AM
1549,Level Up/ Acronym Change,A0059226845,9/16/2025 Leveled up to L2-BR due to reactivity at gate,Leveling,9/16/2025,10:55 AM
1550,Level Up/ Acronym Change,A0059253592,9/16/2025 Changed from L2-SF to L2-BR due to reactivity at gate and trying to bite through kennel bars,Leveling,9/16/2025,10:58 AM
1551,Level Up/ Acronym Change,A0058991756,"9/16/2025 changed from L2-SF to L2-BR based on reactivity at gate, fine once he is out as long as he knows you",Leveling,9/16/2025,11:08 AM
1552,Intake,A0059360117,"9/16/2025 I was asked by Ethan to assist moving this dog during cleaning in intake. Hard staring, frozen, whale eye, & growling when approached. Cannot safely be leashed so a catchpole was used. Once on the catchpole he began thrashing, jumping & rolling. Flails too badly to attempt vaccines, may need to have a sedated intake. ",Staff Observation,9/16/2025,01:27 PM
1553,Intake,A0053636497,"9/16/2025 Easily handled in intake kennel. Use caution handing treats, will snatch them. Muzzled for precaution during exam. Does not like restraint/vetting. Coult not complete HW test. ",Staff Observation,9/16/2025,02:02 PM
1554,Intake,A0055538889,9/16/2025 Able to leash easily. Walks by other dogs in kennels with no issues or reactivity. Easily rekenneled. No aggression shown. ,Staff Observation,9/16/2025,02:09 PM
1555,Intake,A0059361560,9/16/2025 frozen stuck in place did not move at all when picked up while in intake and during exam.,Staff Observation,9/16/2025,02:13 PM
1556,Intake,A0059362882,9/16/2025 easily handled while in intake and during exam.,Staff Observation,9/16/2025,02:22 PM
1557,Intake,A0053627251,9/16/2025 Easily handled in intake kennel & during exam. ,Staff Observation,9/16/2025,02:31 PM
1558,Intake,A0059361962,9/16/2025 easily handled while in intake and during exam.,Staff Observation,9/16/2025,02:35 PM
1559,Intake,A0059362281,9/16/2025 Easily handled in intake kennel & during exam. ,Staff Observation,9/16/2025,02:36 PM
1560,Intake,A0059361348,9/16/2025 was sweet at first rubbing against my hand then hissing growling trying to bite after being picked up while in intake and during exam.,Staff Observation,9/16/2025,02:40 PM
1561,Intake,A0059368995,9/16/2025 Easily handled. ,Staff Observation,9/16/2025,02:40 PM
1562,Intake,A0059364092,9/16/2025 easily handled while in intake and during exam.,Staff Observation,9/16/2025,02:48 PM
1563,Intake,A0059365866,9/16/2025 easily handled while in intake and during exam.,Staff Observation,9/16/2025,02:54 PM
1564,Intake,A0059365862,9/16/2025 easily handled while in intake and during exam.,Staff Observation,9/16/2025,03:14 PM
1565,Intake,A0059361213,9/16/2025 easily handled while in intake and during exam.,Staff Observation,9/16/2025,03:19 PM
1566,Focus Group,A0055538889,"9/16/2025 Brutus had loose body language when I approached his kennel. Walked right into the leash with no issue. Pulls moderately on leash but eases up when in a harness. Approached Madison in the intake lobby with loose body language (loose tail wags, whole body wiggles). Met multiple other people in the hallway with the same reaction. He does tend to get a little amped up when being pet by multiple people and starts jumping but is easily redirected (I pulled him away and he instantly stopped). Met both men and women with the same loose body language. When we walked back into intake a dog in a cage behind the desk started barking at Brutus, but he showed no reaction and walked up to Ethan to solicit more pets. Was easily rekenneled and had no issues removing the leash.Leveling to L2-OA ",Staff Observation,9/16/2025,03:36 PM
1567,Intake,A0059369600,9/16/2025 FFeasily handled while and during intake and exam.,Staff Observation,9/16/2025,03:42 PM
1568,Intake,A0059356861,"9/16/2025 while in intake low growling, hard staring, able to leash but constantly trying to hide.partial on catch pole ",Staff Observation,9/16/2025,03:52 PM
1569,Intake,A0059363072,9/16/2025 while in intake easily handled.during exam muzzled for precaution doesnt like to be vetted.,Staff Observation,9/16/2025,04:00 PM
1570,Intake,A0059364035,9/16/2025 easily handled while and during intake and exam.,Staff Observation,9/16/2025,04:09 PM
1571,Intake,A0059364413,9/16/2025 while in intake very nervous once leashed starts thrashing. will bite out of fear. behavior may improve over time.partial on catchpole.,Staff Observation,9/16/2025,04:12 PM
1572,Intake,A0059364836,9/16/2025 while in intake low growling and hard staring. lip lifting and showing teeth.partial on catchpole.,Staff Observation,9/16/2025,04:34 PM
1573,Intake,A0059365455,9/16/2025 easily handled while and during intake and exam.,Staff Observation,9/16/2025,04:42 PM
1574,Intake,A0059366639,9/16/2025 easily handled while and during intake and exam.,Staff Observation,9/16/2025,04:51 PM
1575,Intake,A0059366693,9/16/2025 easily handled while and during intake and exam.,Staff Observation,9/16/2025,04:58 PM
1576,Intake,A0059365101,"9/16/2025 while in intake growling, hackles, hard staring cannot be handled. partial on catchpole",Staff Observation,9/16/2025,05:05 PM
1577,Intake,A0059364417,"9/16/2025 while outside yesterday waiting for intake i asked to grab the leash to move him while an aggressive dog walked by he automatically had raised hackles, hard staring, and growling. once in kennel continued to do the same thing.partial on catchpole",Staff Observation,9/16/2025,05:15 PM
1578,Intake,A0059374255,9/16/2025 Does NOT like being vetted. Flails & thrashes. Muzzled for precaution. Otherwise easily handled.,Staff Observation,9/16/2025,05:59 PM
1579,Request Level Change (Down),A0058754202,"9/16/2025 Probably L2-BR, want to level down so vols can take him out",Leveling,9/16/2025,06:30 PM
1580,Intake,A0059364413,9/17/2025 Was leveled at staff only but after a day of decompression and traz she was able to be handled and I was able to do a full exam on her. she isn't accustomed to leashes. And will flail when attempting to walk her on the leash. Leveling her down to L2-SF/A Signs of stress/fearTense muscles,Staff Observation,9/17/2025,08:11 AM
1581,Request Level Change (Down),A0059083104,9/17/2025 L2?? not SF anymore,Leveling,9/17/2025,10:43 AM
1582,Intake,A0055538889,9/17/2025 Easily handled in intake kennel & during exam.,Staff Observation,9/17/2025,10:45 AM
1583,Intake,A0059367198,9/17/2025 easily handled in the kennel and during the intake exam ,Staff Observation,9/17/2025,12:24 PM
1584,Intake,A0059369289,"9/17/2025 Quite, scared, will not walk and completely frozen. Easily handled during the intake exam. Signs of stress/fearFrozen/stuck in place",Staff Observation,9/17/2025,12:33 PM
1585,Intake,A0059367483,9/17/2025 easily handled in the kennel and during the intake exam. ,Staff Observation,9/17/2025,12:41 PM
1586,Intake,A0059371493,9/17/2025 easily handled,Staff Observation,9/17/2025,01:14 PM
1587,Intake,A0059378247,9/17/2025 easily handled,Staff Observation,9/17/2025,01:19 PM
1588,General Information,A0059230076,"9/17/2025 I took both Pawn and Pawnee for a leash walk together and they were super enjoyable, even funny. They get along well and are very playful not only with the handler but eachother. while these two may not be a bonded pair anyone up for adopting them both will be in for a treat. ",Staff Observation,9/17/2025,02:06 PM
1589,Intake,A0059372552,9/17/2025 running away and trying to hide. Easily handled during the intake exam Signs of stress/fearfrozen/stuck in placehidingrunning away ,Staff Observation,9/17/2025,02:17 PM
1590,Intake,A0059372586,9/17/2025 Running away and hiding. Easily handled during the intake exam. Signs of stress/fearFrozen/stuck in placeHiding Running away,Staff Observation,9/17/2025,02:27 PM
1591,Intake,A0059372411,9/17/2025 Frozen in place. Runs and hides. muzzled out of precaution during the intake exam. Sings of stress/fearfrozen/stuck in placehidingrunning away,Staff Observation,9/17/2025,02:44 PM
1592,Intake,A0059379590,9/17/2025 Easily handled,Staff Observation,9/17/2025,03:48 PM
1593,Intake,A0058813352,9/17/2025 easily handled,Staff Observation,9/17/2025,04:31 PM
1594,Intake,A0058816172,"9/17/2025 Hissing, was very uncomfortable with be handled and wide pupils. ",Staff Observation,9/17/2025,04:33 PM
1595,Intake,A0059375374,9/17/2025 does not walk on leash runs away then freezes in place with tail tucked. Muzzled out of precaution during the intake exam Unable to focus/redirect Signs of stress/fearTense musclesFrozen/Stuck in placeHiding Running away,Staff Observation,9/17/2025,05:12 PM
1596,Intake,A0059366993,"9/17/2025 Hiding, hissing, running away.",Staff Observation,9/17/2025,05:17 PM
1597,Intake,A0059375372,9/17/2025 easily handled,Staff Observation,9/17/2025,05:19 PM
1598,Intake,A0059363153,9/17/2025 Easily handled.,Staff Observation,9/17/2025,05:21 PM
1599,Intake,A0059374259,9/17/2025 Easily handled.,Staff Observation,9/17/2025,05:27 PM
1600,Intake,A0059370631,9/17/2025 Easily handled .,Staff Observation,9/17/2025,05:31 PM
1601,Intake,A0059374620,9/17/2025 Easily handled.,Staff Observation,9/17/2025,05:35 PM
1602,Intake,A0059374617,9/17/2025 Easily handled.,Staff Observation,9/17/2025,05:39 PM
1603,Intake,A0059375376,"9/17/2025 Thrashes while on leash. Hides in corner of kennel. Muzzled out of precaution during intake exam unable to focus, Runs away.Signs of stress/fearStartles easilyFrozen/Stuck in placeHidingRunning away",Staff Observation,9/17/2025,05:44 PM
1604,Level Up/ Acronym Change,A0059223836,"9/18/2025 changed to L2-OA. While doing playgroup, I witnessed and kennel tech taking him out for cleaning. She had an extremley hard time getting him to the yard due to him constantly jumping up at her face and trying to bute the leash abd her shirt. She then got him into the yard and she had an extremely difficult time time getting out of the yard because he was constantly jumping up at her and blocking her from the gate. He was bot redirectable with squeaker or toys.",Leveling,9/18/2025,07:27 AM
1605,Intake,A0059348553,9/18/2025 easily handled while in intake and during exam.,Staff Observation,9/18/2025,12:30 PM
1606,Intake,A0059375025,9/18/2025 easily handled while in intake constant whining screaming and barking at me during exam.Constantly jumping hyperactive unable to focus/redirect signs of stress/fear,Staff Observation,9/18/2025,12:37 PM
1607,Intake,A0059375029,9/18/2025 easily handled but dog reactive (growls/barks and bulls towards other dogs) while in intake. easily handled very sweet during exam.,Staff Observation,9/18/2025,12:48 PM
1608,Intake,A0059385390,9/18/2025 easily handled while in intake and during exam.,Staff Observation,9/18/2025,01:24 PM
1609,Intake,A0059385021,9/18/2025 easily handled while in intake and during exam.,Staff Observation,9/18/2025,01:35 PM
1610,Intake,A0059376296,9/18/2025 easily handled while in intake and during exam.,Staff Observation,9/18/2025,01:51 PM
1611,Intake,A0059378304,9/18/2025 easily handled while in intake and during exam.,Staff Observation,9/18/2025,02:01 PM
1612,Intake,A0059378573,9/18/2025 easily handled while in intake and during exam.,Staff Observation,9/18/2025,02:13 PM
1613,Write Up,A0059224903,"9/18/2025 Did well walking to and from yard. Played me and my leash, but never tried to bite my face. He was a very good boy, nothing outside of his normal behavior. -Izzy ",Staff Observation,9/18/2025,03:08 PM
1614,Intake,A0059378143,9/18/2025 Easily handled.,Staff Observation,9/18/2025,05:11 PM
1615,Intake,A0059381392,9/18/2025 Easily handled.,Staff Observation,9/18/2025,05:16 PM
1616,Focus Group,A0059364413,9/19/2025 Safe?,Staff Observation,9/19/2025,07:43 AM
1617,Level Up/ Acronym Change,A0059201452,"9/19/2025 Previous Level: L2-SF/RGCurrent Level: L2-RG/BRWhy did this level change? When I approach Robert Roberts, he emits a low growl and displays whale eye. As I step closer and place my hand against the glass, he lunges toward the door, growling and snapping at it. -JG",Leveling,9/19/2025,11:33 AM
1618,Intake,A0058756423,9/19/2025 Easily handled while in intake and during exam.,Staff Observation,9/19/2025,01:37 PM
1619,Intake,A0057901651,9/19/2025 Easily handled while in intake and during exam.,Staff Observation,9/19/2025,02:00 PM
1620,Intake,A0058535722,9/19/2025 Easily handled while in intake and during exam,Staff Observation,9/19/2025,02:10 PM
1621,Intake,A0059387840,9/19/2025 easily handled while in intake and during exam.,Staff Observation,9/19/2025,02:14 PM
1622,Intake,A0059381706,9/19/2025 Easily handled while in intake and during exam.,Staff Observation,9/19/2025,02:34 PM
1623,Intake,A0059384043,9/19/2025 Easily handled while in intake and during exam.,Staff Observation,9/19/2025,03:04 PM
1624,Intake,A0059348602,9/19/2025 easily handled while in intake and during exam.,Staff Observation,9/19/2025,03:12 PM
1625,Intake,A0059225099,9/19/2025 Easily handled while in intake and during exam.,Staff Observation,9/19/2025,03:20 PM
1626,Intake,A0059378340,9/19/2025 Easily handled while in intake and during exam.,Staff Observation,9/19/2025,03:37 PM
1627,Intake,A0059379214,"9/19/2025 Hard to leash, constantly jumping and unable to focus. muzzled as a precaution. no aggression shown.",Staff Observation,9/19/2025,03:52 PM
1628,Intake,A0059380817,9/19/2025 Easily handled while in intake and during exam.,Staff Observation,9/19/2025,04:03 PM
1629,Intake,A0059387378,9/19/2025 Easily handled while in intake and during exam.,Staff Observation,9/19/2025,04:15 PM
1630,Intake,A0059389113,9/19/2025 Easily handled while in intake and during exam.,Staff Observation,9/19/2025,04:32 PM
1631,Intake,A0059387271,9/19/2025 Dog reactive but easily handled while in intake and during exam.,Staff Observation,9/19/2025,04:46 PM
1632,Intake,A0059389207,"9/19/2025 Very sweet, easily handled while in intake and during exam.",Staff Observation,9/19/2025,04:59 PM
1633,Intake,A0059395356,9/19/2025 hiding running away frozen during exam.,Staff Observation,9/19/2025,05:02 PM
1634,Intake,A0059394526,9/19/2025 easily handled while in intake and during exam.,Staff Observation,9/19/2025,05:06 PM
1635,Intake,A0059390862,9/19/2025 Easily handled while in intake and during exam,Staff Observation,9/19/2025,05:07 PM
1636,Intake,A0059394539,9/19/2025 easily handled while in intake and during exam.,Staff Observation,9/19/2025,05:10 PM
1637,Intake,A0059390859,"9/19/2025 Very scared of fast movements, coward in corner, signs of stress/fear. Easily handled while in intake and during exam. muzzle as a precaution. ",Staff Observation,9/19/2025,05:14 PM
1638,Intake,A0059394510,9/19/2025 easily handled while in intake and during exam.,Staff Observation,9/19/2025,05:27 PM
1639,Intake,A0059390919,9/19/2025 Easily handled in intake kennel & during exam.,Staff Observation,9/19/2025,05:58 PM
1640,Intake,A0059384435,9/19/2025 easily handled while in intake and during exam.,Staff Observation,9/19/2025,06:03 PM
1641,Intake,A0059390901,9/19/2025 Easily handled in intake kennel & during exam.,Staff Observation,9/19/2025,06:04 PM
1642,Intake,A0059390917,9/19/2025 Easily handled in intake kennel & during exam.,Staff Observation,9/19/2025,06:08 PM
1643,Intake,A0059390003,9/19/2025 easily handled while in intake and during exam.,Staff Observation,9/19/2025,06:14 PM
1644,Intake,A0059384266,9/19/2025 Easily handled in intake kennel & during exam.,Staff Observation,9/19/2025,06:21 PM
1645,Intake,A0059386155,9/19/2025 easily handled while in intake and during exam.,Staff Observation,9/19/2025,06:22 PM
1646,Intake,A0059386241,9/19/2025 easily handled while in intake and during exam.,Staff Observation,9/19/2025,06:34 PM
1647,Intake,A0059389822,9/19/2025 easily handled very sweet while in intake and during exam.,Staff Observation,9/19/2025,06:41 PM
1648,Intake,A0059392208,9/20/2025 Easily handled while in intake and during exam.,Staff Observation,9/20/2025,01:38 PM
1649,Intake,A0059376309,"9/20/2025 Bite Quarantine. Bit Madison thru kennel door. he was laying on his side unresponsive, she attempted to check gums. He snapped and continued snarling. Hard staring/growling when kennel is approached. Partial on catch pole. (Tense muscles, growling, hard staring, trying to bite/biting and whale eyeing)",Staff Observation,9/20/2025,01:58 PM
1650,Intake,A0059397197,"9/20/2025 PARTIAL ON CATCH POLE. When approaching kennel was loose and waggy towards Madison then switched once the kennel door was open. lunging at her before shutting door quickly, Growling & snarling afterwards. Do not handle. Very unpredictable (Tense muscles, hackles, air snapping, growling, hard staring, lip lifting/showing teeth and trying to bite)",Staff Observation,9/20/2025,02:21 PM
1651,Intake,A0059381905,"9/20/2025 When approaching kennel, they growl, bare teeth, whale eyes and hard staring. PARTIAL ON CATCHPOLE.(Growling, hard staring, lip lifting/showing teeth and whale eye)",Staff Observation,9/20/2025,02:33 PM
1652,Intake,A0054688624,"9/20/2025 When approaching kennel, growls, snarls, whale eyes, hard staring and bares teeth. PARTIAL ON CATCHPOLE.(Air snapping, Alarm barking, growling, hard staring, lip lifting/showing teeth and Whale eye)  ",Staff Observation,9/20/2025,02:40 PM
1653,Intake,A0059397161,9/20/2025 easily handled while in intake and during exam.,Staff Observation,9/20/2025,02:44 PM
1654,Intake,A0059396938,9/20/2025 skittish but still easily handled while in intake and during exam.,Staff Observation,9/20/2025,02:50 PM
1655,Intake,A0059395592,9/20/2025 Easily handled while in intake and during exam.,Staff Observation,9/20/2025,03:21 PM
1656,Intake,A0059397214,9/20/2025 whale eyes trying to hide/run while in intake and during exam.,Staff Observation,9/20/2025,03:22 PM
1657,Intake,A0059397218,9/20/2025 easily handled while in intake and during exam.,Staff Observation,9/20/2025,03:29 PM
1658,Intake,A0059394029,9/20/2025 Easily handled while in intake and during exam.,Staff Observation,9/20/2025,03:35 PM
1659,Intake,A0059395598,9/20/2025 Easily handled while in intake and during exam.,Staff Observation,9/20/2025,03:43 PM
1660,Intake,A0059395692,"9/20/2025 Easily handled while in intake, once in exam room they started pacing, straight tail, constant whining and unable to focus. No aggression shown. ",Staff Observation,9/20/2025,03:52 PM
1661,Intake,A0059395828,9/20/2025 Easily handled while in intake and during exam.,Staff Observation,9/20/2025,03:59 PM
1662,Intake,A0059395836,9/20/2025 Easily handled while in intake and during exam.,Staff Observation,9/20/2025,04:05 PM
1663,Intake,A0059395848,9/20/2025 Easily handled while in intake and during exam.,Staff Observation,9/20/2025,04:10 PM
1664,Intake,A0059397798,9/20/2025 Easily handled while in intake but go slow. Fast movements startle him.,Staff Observation,9/20/2025,04:15 PM
1665,Intake,A0059397795,9/20/2025 Easily handled while in intake and during exam.,Staff Observation,9/20/2025,04:21 PM
1666,Intake,A0059397231,9/20/2025 Easily handled while in intake and during exam.,Staff Observation,9/20/2025,04:27 PM
1667,Intake,A0059381905,9/20/2025 Revisited intake exam later in the day as she seemed to calm down. She approached the front of the kennel with low tail wags & briefly licked my hand. I opened the kennel door to attempt to leash her & she retreated to the back of the kennel. She paced & circled a few times & ducked around the leash each time an attempt was made. After the leash was on she walked to the exam room with no issues. She was still very nervous & heavily panting once in exam room. Muzzled for precaution for the rest of the exam. GO SLOW. ,Staff Observation,9/20/2025,05:18 PM
1668,Write Up,A0059375029,"9/21/2025 During my walkthrough, I went into mutternity to check in on everyone. Mama dog in mutt 2 was outside and her pups were in the run. Kennel tech was attempting to put sexy in a crate to clean her run. However, she had a really difficult time getting her in the crate because sexy was hyper-focused on the puppies in the run. She was non-stop barking at them, trying to get to them through the run.",Staff Observation,9/21/2025,08:56 AM
1669,Daily Observations,A0059201841,9/21/2025 painting kennel,Staff Observation,9/21/2025,09:03 AM
1670,Daily Observations,A0059356380,9/21/2025 painting kennel,Staff Observation,9/21/2025,09:10 AM
1671,Focus Group,A0059360117,"9/21/2025 Surrendered, terrified. Attempting traz decom protocol & behavior has improved slightly. Was able to leash & walk to 200 with no issues. Hackles raised & tail tucked the entire time while walking.Attempted to complete partial intake on catchpole, but flails too badly & self harms. May need sedated intake if behavior does not improve. 9/21 FG: I was the one who leashed him and walked him to 200 from intake. I approached him from the inside portion of his kennel. I offered him a treat through the door which he took from my hand and ate. I bent down and offered my hand for him to sniff in which he did. I then called his name and he started wagging his tail. He did put his head down. I opened his kennel door and he retreated to the back of the kennel. At this point I bent down and offered him my leash because he was still wagging his tail. He is very head shy and does not like to be leashed. I was able to get the leash on him and he willingly exited the kennel. As soon as he got out of the kennel his body seemed to loosen up and his tail started wagging a bit more. We walked to the courtyard and i allowed him to roam around (with the leash still on). I sat on the ground to look less intimidating and he did his business and sniffed. He did approach me on a few occasions without having to be called but he seems to start wagging his tail every time you say his name. He is very wary of being pet and his body will stiffen a little bit but he allows pets. I stood up and bent down to grab the leash which he allowed with no issues . I then pet him on the top of the head and we headed back inside. We walked to his kennel, again with his tail wagging and he went into his kennel willingly. I removed the leash with no issues, closed the kennel door and slide another treat to him. I believe that he is more scared than anything and just needs some time to adjust to new surroundings and learn to trust the people here. For a level down I rec L3-SF and that he has to be in an indoor/outdoor.  ",Staff Observation,9/21/2025,10:45 AM
1672,Focus Group,A0059286155,"9/21/2025 Behavior Notes are conflicting.9/21 FG: already had dog assessment so did not do another one. After reading the notes on why she was moved to 200 and checking volunteer notes, I approached her from the inside portion of the kennel. When she saw me she presented with loose body language and wagging tail. Seeing as I have already had positive interactions with her, I opened her kennel door and leashed her with no issues. We walked outside and went into a mulch yard. She sniffed around and used the bathroom. She would solicit pets from me and even jumped on my lap to give me a hug. She was more interested in roaming around. When I called her to me, she would just acknowledge I said her name and then carry on. She seems to want attention but only when she asks for it. A volunteer walked by on the trail with a dog. She noticed the dog and then started to get frustrated she couldn't go play. I have no concerning notes about her behavior and recommend her to be leveled back down to L1 (her level prior to staff only).",Staff Observation,9/21/2025,11:00 AM
1673,Request Level Change (Down),A0056298384,9/21/2025 Current Level: STAFF ONLYRequest: L2-OAYour Name:Makayla CornellWhy are you requesting a level change?she is not a staff only just OA and needs to be able to be handled by more volunteers for socialization. Assessment:Assessor's Name:Findings and Recommendation: Results:Manager's Name:Notes and determination:,Leveling,9/21/2025,11:45 AM
1674,Level Up/ Acronym Change,A0058450905,"9/21/2025 During foster return, dog was jumping/ barking/ pulling on her leash anytime see saw dog or person. When approaching her during the initial conversation with the foster, dog was barking and jumping consistently on staff until we walked away. Easy to get into slip lead and once inside she was panting and coughing. Dog was placed at L2-OA.",Leveling,9/21/2025,12:20 PM
1675,Intake,A0057949153,9/21/2025 Easily handled while in intake and during exam.,Staff Observation,9/21/2025,01:04 PM
1676,Intake,A0057324738,"9/21/2025 Easily handled while in intake and during exam but was a bit OA and anxious (pacing, whining, alarm barking) while in exam room. no aggression shown. Muzzled as a precaution.(hyperactive, unable to focus, signs of stress, startles easily, tense muscles, running away and alarm barking)",Staff Observation,9/21/2025,01:28 PM
1677,Intake,A0059401825,9/21/2025 Easily handled very sweet.,Staff Observation,9/21/2025,01:53 PM
1678,Level Up/ Acronym Change,A0059390862,"9/21/2025 Previous Level: L1Current Level: L3-LR/OAWhy did this level change? Dog exhibits significant over-arousal in the kennel, jumping and scratching at handlers during leashing, which makes safe handling difficult. Displays destructive behavior by chewing kennel walls and guillotine door wiring. On leash, the dog reacts aggressively toward every dog encountered, including attempting to fight through kennel doors, and is not able to be redirected once aroused.",Leveling,9/21/2025,02:15 PM
1679,Intake,A0057820399,9/21/2025 Easily handled while in intake and during exam.,Staff Observation,9/21/2025,02:18 PM
1680,Intake,A0059398528,9/21/2025 Easily handled while intake and during exam.,Staff Observation,9/21/2025,02:26 PM
1681,Intake,A0059398816,9/21/2025 Easily handled while in intake and during exam. ,Staff Observation,9/21/2025,02:39 PM
1682,Intake,A0059398833,"9/21/2025 Cowering in corner, screams when initially touched. Otherwise easily handled while in intake and during exam.",Staff Observation,9/21/2025,02:52 PM
1683,Intake,A0059399247,9/21/2025 Easily handled while in intake and during exam. Very goofy.,Staff Observation,9/21/2025,02:57 PM
1684,Intake,A0059399650,9/21/2025 Easily handled while in intake and during exam.,Staff Observation,9/21/2025,03:21 PM
1685,Intake,A0059399658,9/21/2025 Easily handled while in intake and during exam.,Staff Observation,9/21/2025,03:31 PM
1686,Intake,A0059401837,9/21/2025 Easily handled while in intake and during exam.,Staff Observation,9/21/2025,03:39 PM
1687,Intake,A0059401847,"9/21/2025 Shaking and rolling on back with quick tail wags, otherwise easily handled while in intake and during exam.",Staff Observation,9/21/2025,03:50 PM
1688,Write Up,A0059199426,9/21/2025 bit adoptions staff member when rekenneling ,Staff Observation,9/21/2025,03:54 PM
1689,Write Up,A0059102424,"9/21/2025 kennel tech reports that he is very dog reactive and when she goes to try and leash him to take him outside, he often ducks her leash, runs out and starts fighting with the other dogs in their kennels.",Staff Observation,9/21/2025,04:00 PM
1690,Intake,A0059400937,9/21/2025 Easily handled while in intake and during exam.,Staff Observation,9/21/2025,04:06 PM
1691,Intake,A0059400209,9/21/2025 Easily handled while in intake and for exam but flails and head whips during vetting. Unable to acquire sample for heartworm test. no aggression shown.  ,Staff Observation,9/21/2025,04:13 PM
1692,Intake,A0059401708,9/21/2025 Easily handled while in intake and during exam.,Staff Observation,9/21/2025,04:20 PM
1693,Intake,A0059401647,9/21/2025 Easily handled while in intake and during exam.,Staff Observation,9/21/2025,04:28 PM
1694,Intake,A0059400994,9/21/2025 Easily handled,Staff Observation,9/21/2025,05:21 PM
1695,Intake,A0059399992,"9/21/2025 Hissing, frozen, swiping in intake and exam",Staff Observation,9/21/2025,05:29 PM
1696,Intake,A0059401683,9/21/2025 Hissed but easily handled,Staff Observation,9/21/2025,05:38 PM
1697,Intake,A0059398804,"9/21/2025 Hissing, lunging, growling in intake and exam.",Staff Observation,9/21/2025,05:44 PM
1698,Intake,A0059403501,9/21/2025 easily handled in the kennel and during the intake exam.,Staff Observation,9/21/2025,05:48 PM
1699,Write Up,A0059360117,"9/22/2025 Leashed Kane easily and brought him out to yard with Allie. We brought him out to give him vaccines. He walked into the yard and we allowed him to sniff around and use the bathroom. He approached Allie and allowed her to pet him. I then approached him with a muzzle and he allowed me to put it on him and tighten it without any issue. We administered the vaccines, he flinched a little but when the DHPP was asminstered but had no problems with restraint. I removed the muzzle and we allowed him to walk around to decompress. We hung out with him for a little bit and he walked around and allowed pets while low wagging his tail. Very sweet and very shy. ",Staff Observation,9/22/2025,12:31 PM
1700,Focus Group,A0059365101,9/22/2025 Able to leash & walk over to 200. Still very nervous but behavior seems to be improving. See intake behavior notes. Needs assessment for possible leveling down. ,Staff Observation,9/22/2025,01:16 PM
1701,Intake,A0059377587,9/22/2025 easily handled in the kennel. While in the exam room was constantly jumping and trying to open the door. whining and pacing. Constantly jumping HyperactiveUnable to focus/redirectSigns of stress/fear,Staff Observation,9/22/2025,02:39 PM
1702,Intake,A0059402001,"9/22/2025 poss male aggressive, when approached by females loose body language and happy. Tenses up when a male approaches calms down once man leaves. Easily handled during the intake exam. ",Staff Observation,9/22/2025,03:05 PM
1703,Intake,A0059403140,9/22/2025 easily handled,Staff Observation,9/22/2025,03:11 PM
1704,General Information,A0059318122,"9/22/2025 volunteer attempted to take yazeria out for playgroup assessment but was unable to leash her as yazeria backed away and growled/bared teeth at her. asked makayla to bring yazeria out for assessment and while waiting with her on the bench, volunteer passed by and yazeria growled and lunged at her. ",Staff Observation,9/22/2025,03:16 PM
1705,Intake,A0059402306,9/22/2025 easily handled in the kennel and during the intake exam. ,Staff Observation,9/22/2025,03:19 PM
1706,Intake,A0059403046,9/22/2025 easily handled in the kennel and during the intake exam. ,Staff Observation,9/22/2025,03:31 PM
1707,Intake,A0059403793,9/22/2025 easily handled in the kennel and during the intake exam. ,Staff Observation,9/22/2025,03:57 PM
1708,Intake,A0059404161,9/22/2025 easily handled,Staff Observation,9/22/2025,04:15 PM
1709,Intake,A0059387912,"9/22/2025 Scared, but easily handled",Staff Observation,9/22/2025,04:36 PM
1710,Intake,A0059408642,9/22/2025 Easily handled during the exam. ,Staff Observation,9/22/2025,04:39 PM
1711,Intake,A0059387895,"9/22/2025 Growling, trying to swipe.",Staff Observation,9/22/2025,04:41 PM
1712,Intake,A0059387895,"9/22/2025 Growling, trying to swipe.",Staff Observation,9/22/2025,04:43 PM
1713,Intake,A0059400354,9/22/2025 Easily handled,Staff Observation,9/22/2025,04:49 PM
1714,Intake,A0059402617,9/22/2025 Easily handled both in the kennel and during the exam. ,Staff Observation,9/22/2025,04:54 PM
1715,Intake,A0059397165,"9/22/2025 Growling, hissing, frozen in intake and exam",Staff Observation,9/22/2025,04:59 PM
1716,Focus Group,A0059342239,"9/22/2025 determine outcome options Personality: Old manDog Test 1: With Ruffetta (59055459). At the gate, Gregg had a flagged tail, ears forward, mouth tight, focused on her. Once in the yard, he approached her several times as we did laps around the yard, sniffing her. Each time he approached her, he wagged his tail. Dog Test 2: n/aMedical: Fly bites on ears, a bump/mass on his rear, several attempts to defecate in the yard but unsuccessful except for one time in which the stool was liquid and redHow Do I Handle Stress? doesn't appear stressedWhat Do I Need Help With Most? calm environment, medical attentionThe Most Memorable Thing About Me:Intake Info: see notesWhat is my strategic out? adoption, foster, 'fospice', rescueOngoing care: medicalOther notes: Gillian and I conducted Gregg's focus group. Gillian first approached Gregg's kennel, and he approached with a wagging tail and accepted treats through gate. I then approached and he did the same. I leashed him easily and walked him to the yard. He walked around the yard on leash for a bit, sniffing, urinating, and attempting to defecate. Gillian and I were both able to pet his head and back. We then brought Ruffetta out for a dog test. See above. I then walked him back to his kennel and unleashed easily.  ",Staff Observation,9/22/2025,05:00 PM
1717,Focus Group,A0059341622,"9/22/2025 See surrender/intake behavior memo. Personality: calm, shyDog Test 1: With Tiger (57776766). Layla approached Tiger at the gate with ears forward and low tail wag, clearly interested. Once Tiger was in the yard, Layla approached and sniffed Tiger's rear, and then face. She did attempt to mount him, but we pulled them apart and did a lap. They met and sniffed each other a few more times. On one of these meetings, Layla approached while Tiger was peeing and he growled at her, and she turned away. After these initial meetings, they seemed comfortable coexisting in the yard together - no initiation of play.Dog Test 2: n/aMedical: n/aHow Do I Handle Stress? Avoids itWhat Do I Need Help With Most? Slow introductions, with people and other animals, time to acclimate to new people and environmentsThe Most Memorable Thing About Me: very food motivatedIntake Info: n/aWhat is my strategic out? adoption or fosterOngoing care: Building confidenceOther notes: 9/22 Gillian and I conducted Layla's focus group and dog test. When I approached her kennel, Layla approached the gate with a low tail wag. She accepted treats through the gate. When I opened the gate she backed away but returned when I offered food. When I presented the leash, she retreated to the back of the kennel and turned around. We opened her gate and allowed her to walk to the courtyard, which she did willingly. Once in the yard, she sniffed around for a while, tail remaining low but not tucked. She startled easily, freezing when a kennel tech came out to pick up poop in the other yard and another came out to rinse out outside runs. She would walked near Gillian and I occasionally, but did not solicit pets or other attention. After about 20 minutes in the yard without change, we opened the gate and had her walk back to her kennel, which she walked into without direction or coaxing. We returned to her kennel about 30 minutes late, and she approached again with low tail wag. She again accepted treats from me through the gate. She retreated when I first offered the leash, but after giving some treats through the leash, I was able to leash her. She walked easily on leash, and we took her to the mulch yard. After sniffing for a minute on leash, I walked her towards Gillian who was able to scratch under her chin - Layla slightly turned her head towards Gillian. Gillian took the leash, I gave Layla some treats and was then able to pet Layla's head, chin, neck, and back. Gillian then sat on the bench, and Layla put her front legs up on the bench and Gillian pet her head, neck, and back, with her tail in a low wag. Gillian and I swapped spots and then did the same with me. We then brought Tiger out for a dog test - see above. After the dog test, I walked Layla back to her kennel and unleashed her, all without issue. - Ashley McMahon ",Staff Observation,9/22/2025,05:00 PM
1718,Intake,A0059407710,9/22/2025 Easily handled both in the kennel and during the exam. ,Staff Observation,9/22/2025,05:06 PM
1719,Intake,A0059398552,9/22/2025 Easily handled,Staff Observation,9/22/2025,05:07 PM
1720,Intake,A0059398537,9/22/2025 Easily handled ,Staff Observation,9/22/2025,05:12 PM
1721,Intake,A0059407707,9/22/2025 Easily handled both in the kennel and during the exam. ,Staff Observation,9/22/2025,05:15 PM
1722,Intake,A0059407724,9/22/2025 Easily handled both in the kennel and during the exam. ,Staff Observation,9/22/2025,05:22 PM
1723,Focus Group,A0059343335,"9/22/2025 Personality: goofy sillyDog Test 1: n/aDog Test 2: n/aMedical: n/aHow Do I Handle Stress? avoidant, all bark no bite. gets zoomies to avoid interactionsWhat Do I Need Help With Most? handling on leash. was fine once on leash but showing him the leash and putting it over his head he ducked down to try and avoid. no aggression shown while leashingThe Most Memorable Thing About Me: he went from being aloof to zooming around the yard. zoomies was his way of interacting in a way that felt safe to him, eventually sitting nearby me and allowing me to pet his back. although he seemed unsure about interacting, when he finally allowed me to pet him he faced away from me. fine with pets from head to tail.Intake Info:What is my strategic out? adoption/fosterOngoing care: comfortability with leashing. made big strides today.Other notes: lemon is very barrier reactive but with treats began loosening. upon first approach he took treats nicely but would stiffen when spoken to and growled when hand was offered. let him back inside and discontinued interaction to allow him to decompress. came back 20 minutes later and he displayed slightly looser body language, but this time licked my hand when offered and wagged his tail when i spoke to him. he was fairly avoidant of the leash so we opted to let him out of his kennel and guide him to the courtyard unleashed. after a few minutes of sniffing the yard, he began zooming around the yard passing by me and ashley multiple times. i knelt down and encouraged him to approach me and he ran past me, brushing up against my legs twice before sitting in front of me with his back turned towards me. since he still appeared uncomfortable with direct interaction, i let him be alone in the courtyard for 10 minutes before going back to interact again. when approached he sat at the gate leading to the yard and allowed me to pet his head all over. when i pulled out the leash he attempted to run away but i already had the leash around him - he walked without issue to his kennel and i was able to remove leash without issue. entering interior run his body language was very loose and he offered kisses through the kennel door. video taken of courtyard interaction for reference ",Staff Observation,9/22/2025,05:51 PM
1724,Intake,A0059403490,"9/22/2025 very stressed hard staring, Terrified on leash (running away). once in the exam room was very tense started growling and head whipping once muzzled. Unable to focus/redirectsigns of stress/feartense musclesUrination/defecationHacklesHypertension Running awayGrowling Hard staringWhale eye",Staff Observation,9/22/2025,06:46 PM
1725,Request Level Change (Down),A0059228456,"9/23/2025 Mya A0059228456, L3 SF. Absolutely no problems with her at all . Easy in and out of Kennel. Her SF did not affect my ability to handle her or walk her . If anything , L2,  but really would recommend as an L1- Jeremiah Leveling down to L2-SF based on volunteer and staff notes - NAOMI",Leveling,9/23/2025,02:00 AM
1726,Request Level Change (Down),A0059286155,"9/23/2025 see FG notes Leveling down to L2-BR/LR based on focus group notes and foster notes, continue to monitor behavior - NAOMI",Leveling,9/23/2025,02:00 AM
1727,Level Up/ Acronym Change,A0059187326,9/23/2025 Changed to L2 BR. Bites at the glass when  hand is raised up to  glass.,Leveling,9/23/2025,08:32 AM
1728,Request Level Change (Down),A0059314264,9/23/2025 No longer SF,Leveling,9/23/2025,11:30 AM
1729,Intake,A0059405611,"9/23/2025 while in intake very hyperactive, constantly jumping and nipping at my arm.during exam easily handled.",Staff Observation,9/23/2025,11:49 AM
1730,Request Level Change (Down),A0059342239,"9/23/2025 Leveling down to L3-SF based on focus group, continue observation to level down further - NAOMI",Leveling,9/23/2025,11:54 AM
1731,Request Level Change (Down),A0059341622,"9/23/2025 Leveling down to L3-SD/SF based on focus group and intake notes, continue further observation. - NAOMI",Leveling,9/23/2025,11:58 AM
1732,Request Level Change (Down),A0059343335,"9/23/2025 Leveling down to L3-BR/SF based on focus group, continue to monitor behavior - NAOMI",Leveling,9/23/2025,12:03 PM
1733,Intake,A0059405409,9/23/2025 easily handled while and during intake and intake exam.,Staff Observation,9/23/2025,12:04 PM
1734,Intake,A0059405438,9/23/2025 easily handled while and during intake and intake exam.,Staff Observation,9/23/2025,12:16 PM
1735,Intake,A0059405339,9/23/2025 easily handled while and during intake and intake exam.,Staff Observation,9/23/2025,12:26 PM
1736,Intake,A0059404921,"9/23/2025 while in intake nervous. Lots of lip licking, ducking. otherwise easily handled.during exam easily handled.",Staff Observation,9/23/2025,12:34 PM
1737,Intake,A0059408671,"9/23/2025 while in intake was growling, hard staring and baring teeth.while in exam was growling and hard staring. tried to bite when scanning for chip. couldn't get muzzle on. partial intake was given.*urination*growling*hard staring",Staff Observation,9/23/2025,12:59 PM
1738,Request Level Change (Down),A0059245257,9/23/2025 Gracie req a level down. States he is no longer SF and does not see any RG behaviors,Leveling,9/23/2025,01:00 PM
1739,Intake,A0059407023,9/23/2025 easily handled while and during intake and intake exam.,Staff Observation,9/23/2025,01:08 PM
1740,Intake,A0059407770,9/23/2025 easily handled while and during intake and intake exam.,Staff Observation,9/23/2025,01:18 PM
1741,Intake,A0059407732,9/23/2025 easily handled while and during intake and intake exam.,Staff Observation,9/23/2025,01:27 PM
1742,Intake,A0059410515,9/23/2025 easily handled while and during intake and intake exam.,Staff Observation,9/23/2025,01:46 PM
1743,Intake,A0059406721,9/23/2025 easily handled while in intake and during exam.,Staff Observation,9/23/2025,01:55 PM
1744,Intake,A0059410538,9/23/2025 easily handled while and during intake and intake exam.,Staff Observation,9/23/2025,01:56 PM
1745,Intake,A0059411025,9/23/2025 growling and whale eye while in intake. Was fine until lower back was touched then began growling and trying to bite.,Staff Observation,9/23/2025,01:59 PM
1746,Intake,A0059408681,9/23/2025 while in intake a little unsure. go slow otherwise easily handled.during exam muzzled for precaution. doesn't like to be vetted.,Staff Observation,9/23/2025,02:20 PM
1747,Daily Observations,A0059375025,9/23/2025 Elisha said Ramses violently goes after the water hose.  More like tries to bite at the water itself and will bark at it in the process.  ,Staff Observation,9/23/2025,03:11 PM
1748,Level Up/ Acronym Change,A0059376296,9/23/2025 Kenya said that Bea Bea cowers in the corner and screams and dodges the leash.  She categorizes her as L2-SF,Leveling,9/23/2025,03:15 PM
1749,Intake,A0059411001,9/23/2025 easily handled while and during intake and intake exam.,Staff Observation,9/23/2025,03:30 PM
1750,Intake,A0059410693,"9/23/2025 while in intake was easily handled.during exam was muzzled for precaution, doesn't like to be vetted.",Staff Observation,9/23/2025,03:45 PM
1751,Intake,A0059410700,9/23/2025 while in intake easily handled.during exam muzzled for precaution. doesn't like to be vetted,Staff Observation,9/23/2025,04:02 PM
1752,Intake,A0059411229,"9/23/2025 while in intake shaking, whale eyes. doesn't walk on leash. no aggression shown.during exam easily handled.",Staff Observation,9/23/2025,04:25 PM
1753,Intake,A0059411344,9/23/2025 easily handled while and during intake and intake exam.,Staff Observation,9/23/2025,04:39 PM
1754,Intake,A0059411258,9/23/2025 easily handled while and during intake and intake exam.,Staff Observation,9/23/2025,04:50 PM
1755,Request Level Change (Down),A0059332683,9/24/2025 See playgroup notes. Level down.,Leveling,9/24/2025,09:51 AM
1756,Intake,A0059414016,9/24/2025 easily handled in the kennel and during the intake exam,Staff Observation,9/24/2025,12:41 PM
1757,Intake,A0057423003,9/24/2025 Slamming head into kennel door as soon as you approach. Barking and lunging while showing all teeth. Dog had to be double catch poled to be sedated for exam. ,Staff Observation,9/24/2025,12:43 PM
1758,Intake,A0059419398,9/24/2025 easily handled in the kennel and during the intake exam. ,Staff Observation,9/24/2025,12:58 PM
1759,Intake,A0059413256,9/24/2025 easily handled in the kennel and during the intake exam. ,Staff Observation,9/24/2025,01:05 PM
1760,Intake,A0059411817,9/24/2025 Lunges and bares teeth when approached. Go slow. Once in the exam room was easily handled. Muzzled out of precaution Urinates due to fear. Tense musclesUrination/DefecationFrozen/Stuck in placeHidingRunning awayGrowlingHard staringTrying to bite/biting,Staff Observation,9/24/2025,01:10 PM
1761,Focus Group,A0059364836,9/24/2025 Able to leash & walk over to 200. Hackles raised while walking but behavior is slowly improving. Needs focus group to determine possible leveling down. ,Staff Observation,9/24/2025,01:15 PM
1762,Intake,A0059411503,9/24/2025 easily handled in the kennel and during the intake exam. ,Staff Observation,9/24/2025,01:16 PM
1763,Intake,A0059419404,9/24/2025 easily handled in the kennel and during the intake exam. ,Staff Observation,9/24/2025,01:25 PM
1764,Intake,A0059415682,9/24/2025 easily handled in the kennel and during the intake exam. ,Staff Observation,9/24/2025,01:31 PM
1765,Intake,A0059414670,"9/24/2025 when approaching the kennel lunged at me, baring teeth and growling. Air snapping had to Use towel to move him. Muzzled out of precaution during the intake exam. Could no complete HW test due to sever matting. Startles easilyAir snappingAlarm barkingGrowlingLifting lip/showing teethTrying to bite/bitingWhale eye",Staff Observation,9/24/2025,01:37 PM
1766,Intake,A0059419456,9/24/2025 easily handled in the kennel. Muzzled for precaution during the intake exam doesn't like to be vetted. ,Staff Observation,9/24/2025,01:44 PM
1767,Intake,A0059419395,9/24/2025 Snarling and lunging when kennel door is approached. Cannot be handled. Partial on catch pole. Tense musclesFrozen/Stuck in placeHacklesAir snappingAlarm Barking GrowlingHard staringWhale eye,Staff Observation,9/24/2025,01:52 PM
1768,Intake,A0059415982,9/24/2025 easily handled,Staff Observation,9/24/2025,01:59 PM
1769,Intake,A0059418152,9/24/2025 Easily handled and super sweet.,Staff Observation,9/24/2025,02:01 PM
1770,Intake,A0059415914,9/24/2025 easily handled ,Staff Observation,9/24/2025,02:04 PM
1771,Level Up/ Acronym Change,A0059023440,9/24/2025 staff report leash biting behavior,Leveling,9/24/2025,02:04 PM
1772,Intake,A0059416012,9/24/2025 easily handled ,Staff Observation,9/24/2025,02:08 PM
1773,Intake,A0059416112,9/24/2025 easily handled in the kennel and during the intake exam. ,Staff Observation,9/24/2025,02:15 PM
1774,Intake,A0059422959,9/24/2025 easily handled during the intake exam. ,Staff Observation,9/24/2025,03:03 PM
1775,Intake,A0059422911,9/24/2025 easily handled during the intake exam.,Staff Observation,9/24/2025,03:10 PM
1776,Intake,A0059422943,9/24/2025 easily handled during the intake exam. ,Staff Observation,9/24/2025,03:16 PM
1777,Focus Group,A0059223836,"9/24/2025 Trying to get Foxy on the urgent list.  Becoming more JM, throws himself at the door and sometimes so hard he falls backward to the ground.  Difficult to take in and out now. Also changing level ",Staff Observation,9/24/2025,03:17 PM
1778,Write Up,A0057324738,"9/24/2025 I was attempting to move him to a different kennel this morning & he greeted me at the kennel door with loose body language & tail wagging. I opened the kennel door to attempt to leash him & he took a few steps back & became very tense. I closed the door & he approached again, so I attempted again. He immediately lunged at the leash with hackles raised. I closed the kennel door & he stayed in the corner of the kennel with whale eyes & alarm barking. ",Staff Observation,9/24/2025,04:07 PM
1779,Intake,A0059418705,9/24/2025 easily handled ,Staff Observation,9/24/2025,04:53 PM
1780,Focus Group,A0057205462,9/24/2025 Needs FG w/Dog Test,Staff Observation,9/24/2025,04:53 PM
1781,Focus Group,A0059356861,9/24/2025 Personality:  Dog Test 1:  Dog Test 2:  Medical:  How Do I Handle Stress?  What Do I Need Help With Most?  The Most Memorable Thing About Me:  Intake Info:  What is my strategic out?  Ongoing care:  Other notes:,Staff Observation,9/24/2025,04:54 PM
1782,Focus Group,A0059364417,nan,Staff Observation,9/24/2025,04:57 PM
1783,Focus Group,A0059397197,9/24/2025 Personality:  Dog Test 1:  Dog Test 2:  Medical:  How Do I Handle Stress?  What Do I Need Help With Most?  The Most Memorable Thing About Me:  Intake Info:  What is my strategic out?  Ongoing care:  Other notes:,Staff Observation,9/24/2025,05:00 PM
1784,Focus Group,A0059403490,9/24/2025 Personality:  Dog Test 1:  Dog Test 2:  Medical:  How Do I Handle Stress?  What Do I Need Help With Most?  The Most Memorable Thing About Me:  Intake Info:  What is my strategic out?  Ongoing care:  Other notes:,Staff Observation,9/24/2025,05:01 PM
1785,Focus Group,A0059346587,9/24/2025 Personality:  Dog Test 1:  Dog Test 2:  Medical:  How Do I Handle Stress?  What Do I Need Help With Most?  The Most Memorable Thing About Me:  Intake Info:  What is my strategic out?  Ongoing care:  Other notes:,Staff Observation,9/24/2025,05:02 PM
1786,Level Up/ Acronym Change,A0059217071,9/24/2025 Foster stated that dog can get destructive when not entertained and is too strong for her. She stated that she has bruises and has been nipped a couple of times. She stated that when they are working on no biting that she takes it as a challenge to bite harder. She stated that she does not do well with other dogs and can become leash reactive when seeing men or other dogs. Staff experienced hard pulling while walking the dog back to a spot. The dog also had its hackles raised but no barking or lunging. Staff leveled up to L2-OA/JM,Leveling,9/24/2025,06:51 PM
1787,Request Level Change (Down),A0059360117,"9/24/2025 L3-SF, see FG notes and write up memo",Leveling,9/24/2025,07:58 PM
1788,Request Level Change (Down),A0059095840,9/24/2025 No longer SF,Leveling,9/24/2025,08:00 PM
1789,Daily Observations,A0059410700,"9/25/2025 During my walk-through, I noticed that the top of Barb's nose was raw and red. I think she is starting to get kennel stressed and is either pushing around her food bowl or blankets.",Staff Observation,9/25/2025,10:03 AM
1790,Level Up/ Acronym Change,A0059317876,9/25/2025 Leveled up to L2-OA from L1 due to him bouncing all over the place in his kennel and being over-aroused ,Leveling,9/25/2025,10:27 AM
1791,Daily Observations,A0059349702,9/25/2025 Starting to get kennel stressed by painting kennel,Staff Observation,9/25/2025,11:16 AM
1792,Request Level Change (Down),A0059361348,"9/25/2025 Changed to L3-BH based on staff notes. They state she is easy to pet but can be iffy when moving or picking up. ""sweet with slow intros""",Leveling,9/25/2025,11:57 AM
1793,Request Level Change (Down),A0059276482,9/25/2025 No longer exhibiting SF tendencies. -RWannagot,Leveling,9/25/2025,12:01 PM
1794,Intake,A0059427008,9/25/2025 crawled for most of the way to exam room still easily handled while in intake. once in exam room she laid on scale and became frozen in place wags tail but wouldn't get up during exam.,Staff Observation,9/25/2025,12:24 PM
1795,Intake,A0059427010,9/25/2025 easily handled while in intake. very sweet but will play bite very gently during exam.,Staff Observation,9/25/2025,12:37 PM
1796,Intake,A0059427025,9/25/2025 does not like to be leashes screams and runs away no aggression shown while in intake. once in exam room and leash was off he became super friendly loose wags and buddy wiggles did better on leash the second time still got spooked and ran randomly during exam.,Staff Observation,9/25/2025,12:45 PM
1797,Level Up/ Acronym Change,A0059121860,"9/25/2025 Changed from SF to BR, Gracie stated he is no longer shy and is friendly with everyone.",Leveling,9/25/2025,12:51 PM
1798,Intake,A0059422897,9/25/2025 easily handled while in intake and during exam.,Staff Observation,9/25/2025,12:54 PM
1799,Daily Observations,A0059303488,9/25/2025 Very dog reactive. I had Tonka out today in a play yard and a volunteer had Handsome on leash walking by. She brought Handsome over to the fence before I could tell her no. (Since I saw him out yesterday and saw how reactive he was to the dog I had out) She was trying to pull Handsome away from them fence and he was pulling her trying to get to Tonka. I just think he needs to be leveled up so more experienced volunteers are handling him. An L2 volunteer had him out yesterday and he seems to do fine with people. But he is pretty scary he’s around other dogs.  -Megan,In Shelter Volunteer Observation,9/25/2025,01:03 PM
1800,Intake,A0059422967,9/25/2025 easily handled while in intake and during exam.,Staff Observation,9/25/2025,01:03 PM
1801,Level Up/ Acronym Change,A0059318122,"9/25/2025 Met her for the first time today. Tried to get her out of the kennel. Approached slowly with treats. Immediately could tell she was stressed and uncomfortable coming out of the kennel with me. I tried to open kennel to provide space but she continued to bark and air snap. Seemed very stressed, lots of anxiety and fear. Currently labeled as L2, would recommend she be an L3. Not sure if she’s more comfortable with certain people over others, but I did not feel safe getting her out. I was unable to get her out today. -Jeramiah Leveling up even though she's in foster in case she returns due to the above note",Leveling,9/25/2025,01:07 PM
1802,Intake,A0059422932,9/25/2025 easily handled while in intake and during exam.,Staff Observation,9/25/2025,01:08 PM
1803,Daily Observations,A0059318122,"9/25/2025 Met her for the first time today. Tried to get her out of the kennel. Approached slowly with treats. Immediately could tell she was stressed and uncomfortable coming out of the kennel with me. I tried to open kennel to provide space but she continued to bark and air snap. Seemed very stressed, lots of anxiety and fear. Currently labeled as L2, would recommend she be an L3. Not sure if she’s more comfortable with certain people over others, but I did not feel safe getting her out. I was unable to get her out today. -Jeramiah",In Shelter Volunteer Observation,9/25/2025,01:08 PM
1804,Daily Observations,A0059212950,9/25/2025 His behavior has improved with the humping and jumping. I used a squeaky toy and treats to get his attention away from humping/jumping on me. -Olivia,Staff Observation,9/25/2025,01:14 PM
1805,Write Up,A0059411025,9/25/2025 bit kennel tech when she was trying to clean his kennel,Staff Observation,9/25/2025,01:24 PM
1806,Intake,A0059423025,9/25/2025 easily handled while in intake and during exam.,Staff Observation,9/25/2025,01:26 PM
1807,Intake,A0059423063,9/25/2025 easily handled while in intake and during exam.,Staff Observation,9/25/2025,01:35 PM
1808,Intake,A0059423095,9/25/2025 easily handled while in intake and during exam.,Staff Observation,9/25/2025,01:44 PM
1809,Intake,A0059423131,9/25/2025 easily handled while in intake and during exam.,Staff Observation,9/25/2025,01:57 PM
1810,Intake,A0059427012,9/25/2025 easily handled while in intake. did not like vetting flailing and defecation muzzled out of precaution during exam.,Staff Observation,9/25/2025,02:02 PM
1811,Intake,A0059427308,9/25/2025 easily handled while in intake and during exam.,Staff Observation,9/25/2025,02:50 PM
1812,Intake,A0059414438,9/25/2025 easily handled while in intake and during exam.,Staff Observation,9/25/2025,03:03 PM
1813,Intake,A0059422620,9/25/2025 Alarm barked for a second before calming down easily handled while in intake. startles easily sign of stress but no aggression shown during exam.,Staff Observation,9/25/2025,04:45 PM
1814,Intake,A0059419884,9/25/2025 frozen/shut down in kennel lets you pick her up easily handled while in intake and during exam.,Staff Observation,9/25/2025,05:05 PM
1815,Intake,A0059421008,9/25/2025 Easily handled.,Staff Observation,9/25/2025,05:07 PM
1816,Intake,A0059420617,9/25/2025 easily handled while in intake and during exam.,Staff Observation,9/25/2025,05:13 PM
1817,Intake,A0059422713,9/25/2025 low growl when approached frozen in place startles easily while in intake. fast movements startle very stiff easily handled otherwise muzzled as precaution.Signs of Stress/Fear Startles easily tense muscles frozen stuck in place hiding running away head whipping whale eye.,Staff Observation,9/25/2025,05:17 PM
1818,Intake,A0059423559,nan,Staff Observation,9/25/2025,05:21 PM
1819,Intake,A0059423559,9/25/2025 Easily handled,Staff Observation,9/25/2025,05:22 PM
1820,Intake,A0059423539,9/25/2025 Easily handled,Staff Observation,9/25/2025,05:37 PM
1821,Intake,A0059427018,9/25/2025 Paces in kennel easily handled once on leash hyperactive while in intake. running away from muzzled unable to muzzle no aggression shown during exam. Hyperactive Snatching Treats Signs of stress/fear tense muscles ducking running away.,Staff Observation,9/25/2025,05:39 PM
1822,Intake,A0059423476,9/25/2025 Easily handled,Staff Observation,9/25/2025,05:42 PM
1823,Intake,A0059422669,9/25/2025 alarm barking but trying to play startles easily but easily handled once on leash while in intake. very friendly but stiff still startles easily no aggression shown during exam.,Staff Observation,9/25/2025,05:46 PM
1824,Intake,A0059423584,9/25/2025 Easily handled,Staff Observation,9/25/2025,05:47 PM
1825,Intake,A0059423515,9/25/2025 Easily handled,Staff Observation,9/25/2025,05:51 PM
1826,Intake,A0059422717,9/25/2025 easily handled while in intake and during exam.,Staff Observation,9/25/2025,05:53 PM
1827,Intake,A0059423468,9/25/2025 Easily handlled,Staff Observation,9/25/2025,05:55 PM
1828,Intake,A0059423485,nan,Staff Observation,9/25/2025,05:59 PM
1829,Intake,A0059426616,9/25/2025 easily handled while in intake and during exam.,Staff Observation,9/25/2025,05:59 PM
1830,Intake,A0059423485,9/25/2025 Easily handled,Staff Observation,9/25/2025,05:59 PM
1831,Intake,A0059426615,9/25/2025 easily handled while in intake and during exam.,Staff Observation,9/25/2025,06:05 PM
1832,Intake,A0059426622,9/25/2025 easily handled while in intake and during exam.,Staff Observation,9/25/2025,06:10 PM
1833,Intake,A0059420585,9/25/2025 easily handled while in intake and during exam.,Staff Observation,9/25/2025,06:23 PM
1834,Intake,A0059426640,9/25/2025 Easily handled in intake kennel & during exam. ,Staff Observation,9/25/2025,06:44 PM
1835,Intake,A0059426629,9/25/2025 Easily handled in intake kennel & during exam.,Staff Observation,9/25/2025,06:48 PM
1836,Intake,A0059426630,9/25/2025 Easily handled in intake kennel & during exam. ,Staff Observation,9/25/2025,06:51 PM
1837,Request Level Change (Down),A0059258400,"9/26/2025 I believe she can be changed to L2, she is no longer L3-SF. When I approached her outside while she was in her run, she was wagging her tail, jumped up on the bars to greet me and allowed me to pet her through the kennel doors.",Leveling,9/26/2025,10:09 AM
1838,Request Level Change (Down),A0059006004,"9/26/2025 No longer SF, rec L1",Leveling,9/26/2025,11:13 AM
1839,Intake,A0059412278,9/26/2025 Easily handled while in intake and during exam.,Staff Observation,9/26/2025,02:01 PM
1840,Intake,A0059430919,9/26/2025 easily handled while in intake and during exam.,Staff Observation,9/26/2025,02:05 PM
1841,Focus Group,A0059375025,"9/26/2025 Check for signs of fear reactivity, body handling. ",Staff Observation,9/26/2025,02:15 PM
1842,Intake,A0057327449,9/26/2025 Easily handled while in intake and during exam.,Staff Observation,9/26/2025,02:15 PM
1843,Intake,A0059429440,9/26/2025 easily handled while in intake and during exam.,Staff Observation,9/26/2025,02:17 PM
1844,Intake,A0059407761,9/26/2025 Easily handled while intake and during exam.,Staff Observation,9/26/2025,02:29 PM
1845,Intake,A0059429375,9/26/2025 easily handled while in intake and during exam.,Staff Observation,9/26/2025,02:29 PM
1846,Daily Observations,A0059356380,9/26/2025 Showing signs of kennel stress - NAOMI,Staff Observation,9/26/2025,02:35 PM
1847,Daily Observations,A0059095840,9/26/2025 Showing signs of kennel stress - NAOMI,Staff Observation,9/26/2025,02:36 PM
1848,Intake,A0053623564,9/26/2025 Easily handled while in care and during exam.,Staff Observation,9/26/2025,02:43 PM
1849,Intake,A0059430955,9/26/2025 easily handled while in intake and during exam.,Staff Observation,9/26/2025,02:51 PM
1850,Intake,A0053615474,"9/26/2025 occasionally will growl for a moment when first approached, easily handled after a second to warm up. While in exam room, they were pacing, unable to focus, panting, whining. Does not like to be restrained.",Staff Observation,9/26/2025,02:52 PM
1851,Intake,A0059430960,9/26/2025 easily handled while in intake and during exam.,Staff Observation,9/26/2025,02:56 PM
1852,Intake,A0059430938,9/26/2025 easily handled while in intake and during exam.,Staff Observation,9/26/2025,03:02 PM
1853,Intake,A0059420470,"9/26/2025 Ducks around leash, tries to bolt when kennel is opened. Very frantic when walking and will randomly freeze. no aggression shown.",Staff Observation,9/26/2025,03:06 PM
1854,Intake,A0059430948,9/26/2025 easily handled while in intake and during exam.,Staff Observation,9/26/2025,03:10 PM
1855,Intake,A0059437247,"9/26/2025 Nervous, moves very slowly with tense muscles. Showing signs of stress.",Staff Observation,9/26/2025,03:15 PM
1856,Intake,A0059423723,"9/26/2025 When approaching kennel, Whale eyeing, hard staring, Stiff & tense muscles, Growling.PARTIAL ON CATCHPOLE",Staff Observation,9/26/2025,03:25 PM
1857,Intake,A0059431862,"9/26/2025 When approaching kennel, lunges, Alarm barking, growling and whale eyes. Might be BR. (air snapping, alarm barking, growling, hard staring and whale eye)Partial on catchpole.",Staff Observation,9/26/2025,03:31 PM
1858,Intake,A0053631354,9/26/2025 Easily handled while handled while in intake and during exam.,Staff Observation,9/26/2025,03:43 PM
1859,Intake,A0059429096,9/26/2025 Easily handled while in intake and during exam.,Staff Observation,9/26/2025,03:52 PM
1860,Intake,A0059430155,9/26/2025 easily handled while in intake. couldn't get HW test due to flailing does not like to be vetted muzzled for precaution during exam.,Staff Observation,9/26/2025,03:55 PM
1861,Intake,A0059428714,9/26/2025 Easily handled while in intake and during exam.,Staff Observation,9/26/2025,04:04 PM
1862,Intake,A0059431810,9/26/2025 A little mouthy but easily handled while in intake and during exam.,Staff Observation,9/26/2025,04:16 PM
1863,General Information,A0059322610,9/26/2025 barking and lunging at other dogs as they pass by his kennel (indoor and outdoor),Staff Observation,9/26/2025,04:31 PM
1864,Intake,A0053630701,"9/26/2025 While in kennel very selective of women and doesn't really like men. easily handled while in intake be certain people. mouthy when playing, snatches treats, very strung but friendly.",Staff Observation,9/26/2025,04:33 PM
1865,Intake,A0059432374,"9/26/2025 When trying to get out of kennel, tried biting due to fear but was easily handled once out of kennel and during exam.",Staff Observation,9/26/2025,04:50 PM
1866,Request Level Change (Down),A0059332683,9/26/2025 Took off OD on level based on multiple dog tests - NAOMI,Leveling,9/26/2025,05:21 PM
1867,Daily Observations,A0059427018,9/26/2025 Very stressed in kennel. Pacing and jumping constantly. Walked by his kennel multiple times and saw the same behaviors. ,Staff Observation,9/26/2025,06:00 PM
1868,Intake,A0059434428,9/26/2025 easily handled while in intake and during exam.,Staff Observation,9/26/2025,06:00 PM
1869,Intake,A0059433997,9/26/2025 easily handled while in intake and during exam.,Staff Observation,9/26/2025,06:08 PM
1870,Intake,A0059432853,9/26/2025 easily handled while in intake and during exam.,Staff Observation,9/26/2025,06:15 PM
1871,Intake,A0059434792,9/26/2025 easily handled while in intake and during exam.,Staff Observation,9/26/2025,06:25 PM
1872,Daily Observations,A0059258383,"9/27/2025 When re-kenneling Ron he ran past his kennel to go to his neighbor popcorn and began barking and nipping at the kennel door. When I tried to re-kennel Ron he turned around and nipped at my jeans, he did not break skin but then bit at part of the leash closest to him. After looking at me while keeping a loose grip of the leash in his mouth easily went back into his kennel. once in his kennel he began barking and jumping. I would like to request a kennel change as he only reacted to the one kennel neighbor and was fine otherwise.",Staff Observation,9/27/2025,11:57 AM
1873,General Information,A0058101225,"9/27/2025 Accompanied Mari to assist in removing Lee from his kennel. Lee demonstrated strong treat motivation but showed aversion to the clicker. With gentle encouragement, Mari successfully leashed him, and we walked together to the mulch yard. While on leash, Lee explored the yard, sniffing and marking. Once we assessed that he was comfortable, Mari dropped the leash to allow him to free roam. Lee responded reliably to basic commands such as “sit” and “paw.” Initially, Lee approached us with stiff body language, indicating some discomfort. However, he quickly relaxed and accepted petting. When Mari left the yard to assist a volunteer, she removed her leash from Lee without issue. I was then able to re-leash him by asking for a “sit,” which he complied with easily. During re-kenneling, Lee initially avoided leash removal. After offering a treat, he allowed me to remove the leash without resistance. The process concluded smoothly. ",Staff Observation,9/27/2025,01:18 PM
1874,General Information,A0058101225,"9/27/2025 Lee exhibited significant stress in his kennel, jumping and reacting to neighboring dogs. Despite this, he accepted treats gently and responded to basic commands. With encouragement, I was able to leash him and walk him to the courtyard, where he  eliminated and then continued to follow commands. In the yard, Lee demonstrated reliable recall and remained responsive. While he had barked at an accompanying supervisor while still in his kennel, once outside, he showed no concern toward her or other staff, responding appropriately to commands from all of us. When I briefly left the yard to assist a volunteer in 200, Lee attempted to follow but responded to a firm “no” and redirected to pacing along the fence line while watching me. Overall, he presented as a sweet and cooperative dog despite his known bite history. ",Staff Observation,9/27/2025,01:35 PM
1875,Intake,A0059435849,"9/27/2025 Easily handled just very tense, tail tucked, no loose body language, sweet other than that. muzzled as a precaution.",Staff Observation,9/27/2025,01:46 PM
1876,Intake,A0059304406,"9/27/2025 When approaching kennel, stiff, hard staring no signs of aggression. Still tense in exam room, signs of stress/fear. (Startles easily, tense muscles, urination/defection during vetting, frozen/stuck in place, head whipping)Muzzled as a precaution. CAUTION WHEN VETTING, extreme flailing. Does not like vetting.",Staff Observation,9/27/2025,02:07 PM
1877,Request Level Change (Down),A0058101225,9/27/2025 Recc L3 H/BR/SD,Leveling,9/27/2025,02:15 PM
1878,Intake,A0059436460,9/27/2025 Easily handled while in intake and during exam.,Staff Observation,9/27/2025,02:17 PM
1879,General Information,A0059356861,"9/27/2025 Approached the kennel, she initially began to bark, accepted treats gently, and offered a slow wagging tail. Super hesitant to be leashed. Will revisit with full focus group notes",Staff Observation,9/27/2025,02:27 PM
1880,General Information,A0059423723,9/27/2025 Approach kennel start a wagging his tail gave a treat and he took it from me gently he acted like he wanted to go outside stuck his paws to the window allowed me to pet him through the kennel door lick my hand so I opened the door to leash and he seems scared Mari and I decided to use a clip leash and open the kennel door and he started to walk with us outside once on the yard was super relaxed let us touch him all over and even hopped in my lap there was another dog in the yard beside us he sniffed approached and then continue to walk around the yard cash was easy to take back and put back into kennel,Staff Observation,9/27/2025,02:27 PM
1881,Intake,A0059436604,9/27/2025 Easily handled while in intake and during exam. ,Staff Observation,9/27/2025,02:33 PM
1882,Intake,A0059442834,"9/27/2025 Sedated intake on ACO truck. Highly aggressive, attacked ACO Emma. Couldn't complete intake, never went fully sedated. (unable to focus/redirect, signs of stress/fear, tense muscles, air snapping, growling, hard staring, hard staring, lifting lip/showing teeth and trying to bite)",Staff Observation,9/27/2025,02:43 PM
1883,Intake,A0059437563,9/27/2025 Easily handled while in intake and during exam.,Staff Observation,9/27/2025,03:01 PM
1884,Intake,A0059436830,9/27/2025 Easily handled while in intake and during exam.,Staff Observation,9/27/2025,03:07 PM
1885,Intake,A0059431409,9/27/2025 easily handled very skittish did not like being picked up hissed and growled when picked up.,Staff Observation,9/27/2025,03:29 PM
1886,Intake,A0059431856,9/27/2025 hissing and growling whale eye shaking very unsure while in intake and during exam.,Staff Observation,9/27/2025,03:36 PM
1887,Intake,A0059437600,9/27/2025 Easily handled while in intake and during exam. understands commands.,Staff Observation,9/27/2025,03:40 PM
1888,Intake,A0059437917,9/27/2025 easily handled while in intake and during exam.,Staff Observation,9/27/2025,03:43 PM
1889,Intake,A0059428826,9/27/2025 letting pet then hissing and growling while in intake and during exam.,Staff Observation,9/27/2025,03:51 PM
1890,Daily Observations,A0059427018,"9/27/2025 showing extreme signs of kennel stress, circling kennel for hours, excessive barking and panting, licking walls, slight aggression when going back into kennel ",Staff Observation,9/27/2025,03:56 PM
1891,Intake,A0059438644,9/27/2025 Easily handled while in intake and during exam.,Staff Observation,9/27/2025,04:00 PM
1892,Intake,A0059436899,9/27/2025 after a few pets began hissing and growling while in intake and during exam.,Staff Observation,9/27/2025,04:01 PM
1893,Intake,A0059438615,9/27/2025 Easily handled while in intake and during exam.,Staff Observation,9/27/2025,04:10 PM
1894,Intake,A0059393247,9/27/2025 easily handled while in intake and during exam.,Staff Observation,9/27/2025,04:10 PM
1895,Intake,A0059438588,9/27/2025 Easily handled while in intake and during exam.,Staff Observation,9/27/2025,04:18 PM
1896,Intake,A0059438664,9/27/2025 Easily handled while in intake and during exam.,Staff Observation,9/27/2025,04:25 PM
1897,Intake,A0059442152,9/27/2025 Easily handled while in intake and during exam.,Staff Observation,9/27/2025,04:28 PM
1898,Intake,A0059393262,9/27/2025 easily handled while in intake and during exam.,Staff Observation,9/27/2025,04:32 PM
1899,Intake,A0059442106,9/27/2025 Easily handled while in intake and during exam.,Staff Observation,9/27/2025,04:34 PM
1900,Intake,A0059433799,9/27/2025 hissing/growling no aggression shown while in intake and during exam.,Staff Observation,9/27/2025,04:36 PM
1901,Intake,A0059441398,9/27/2025 easily handled while in intake and during exam.,Staff Observation,9/27/2025,04:38 PM
1902,Intake,A0059438656,"9/27/2025 With certain people approaching kennel, lunges and growls while showing teeth. muzzled as a precaution.",Staff Observation,9/27/2025,04:40 PM
1903,Intake,A0053824318,9/27/2025 Easily handled while in intake and during exam.,Staff Observation,9/27/2025,04:53 PM
1904,Intake,A0059437792,9/27/2025 Easily handled while in intake and during exam.,Staff Observation,9/27/2025,04:58 PM
1905,Intake,A0059444986,9/28/2025 Easily handled while in intake and during exam.,Staff Observation,9/28/2025,02:40 PM
1906,Intake,A0059443843,9/28/2025 Easily handled while in intake and during exam.,Staff Observation,9/28/2025,02:52 PM
1907,Intake,A0059445380,9/28/2025 Easily handled while in intake and during exam.,Staff Observation,9/28/2025,03:03 PM
1908,Intake,A0053623760,"9/28/2025 Easily handled while in intake but a bit nervous (signs of stress/fear, ducking) Completed physical but doesn't like to be vetted. Snapped at hand when attempting to muzzle. vaccines completed with partial. Couldn't complete heartworm test and microchip.",Staff Observation,9/28/2025,03:34 PM
1909,Intake,A0053634050,9/28/2025 Easily handled while in intake and during exam.,Staff Observation,9/28/2025,03:48 PM
1910,Intake,A0059442794,9/28/2025 Easily handled while in intake and during exam.,Staff Observation,9/28/2025,04:04 PM
1911,Intake,A0059442804,9/28/2025 Easily handled while in intake and during exam.,Staff Observation,9/28/2025,04:10 PM
1912,Intake,A0059442812,9/28/2025 Easily handled while in intake and during exam.,Staff Observation,9/28/2025,04:14 PM
1913,Intake,A0059442981,"9/28/2025 Very nervous, tail tucked but no aggression shown. go slow. easily handled while in exam.",Staff Observation,9/28/2025,04:19 PM
1914,Intake,A0059443094,9/28/2025 Easily handled while in intake and during exam.,Staff Observation,9/28/2025,04:26 PM
1915,Intake,A0059444981,9/28/2025 Easily handled while in intake and during exam,Staff Observation,9/28/2025,04:30 PM
1916,Intake,A0059446201,9/28/2025 Easily handled while in intake and during exam.,Staff Observation,9/28/2025,04:37 PM
1917,Intake,A0058944309,9/28/2025 easily handled in the kennel and during the intake exam,Staff Observation,9/28/2025,04:46 PM
1918,Intake,A0059444801,9/28/2025 Easily handled,Staff Observation,9/28/2025,05:29 PM
1919,Intake,A0059439973,"9/28/2025 Hissing, growling, lunging",Staff Observation,9/28/2025,05:33 PM
1920,Intake,A0059443642,9/28/2025 Easily handled,Staff Observation,9/28/2025,05:39 PM
1921,Daily Observations,A0059031231,9/28/2025 I was walking her on the leash and coming from outside and she aggressively lunged at a customer walking. She was going at the customer.  I don't know if she was just overwhelmed or overstimulated from playing outside but it is out of character for her to act like that. -bridgette ,Staff Observation,9/28/2025,05:42 PM
1922,Daily Observations,A0059346587,"9/28/2025 Snoop came right out of his kennel today. I had no issue harnessing him and didn’t see any A behaviors. He walks fine on the leash. I do think he’s BR and trending in the OA direction, but not L3 anymore. I walked by his kennel shortly after we had been on a walk and he was displaying BR behaviors -Laura HsiaoPutting in a level down req for L2-BR",In Shelter Volunteer Observation,9/28/2025,05:43 PM
1923,Intake,A0059443617,9/28/2025 Easily handled,Staff Observation,9/28/2025,05:44 PM
1924,Request Level Change (Down),A0059346587,nan,Leveling,9/28/2025,05:44 PM
1925,Intake,A0059443779,9/28/2025 Easily handled,Staff Observation,9/28/2025,05:47 PM
1926,Intake,A0059443790,9/28/2025 Easily handled,Staff Observation,9/28/2025,05:50 PM
1927,Intake,A0059443805,9/28/2025 Easily handled,Staff Observation,9/28/2025,05:54 PM
1928,Intake,A0059443811,9/28/2025 Easily handled,Staff Observation,9/28/2025,05:58 PM
1929,Intake,A0059443777,9/28/2025 Easily handled,Staff Observation,9/28/2025,06:01 PM
1930,Intake,A0059443952,9/28/2025 Easily handled,Staff Observation,9/28/2025,06:05 PM
1931,Level Up/ Acronym Change,A0058962398,"9/29/2025 Previous Level: L1Current Level: L2 - OAWhy did this level change? Kennel tech Gracie Bailey stated that Chicken Wing is jumpy and mouthy when being leashed, on leash, and when unleashing.",Leveling,9/29/2025,10:58 AM
1932,Request Level Change (Down),A0059346587,"9/29/2025 L2- BR based on the following vol notes ""Snoop came right out of his kennel today. I had no issue harnessing him and didn’t see any A behaviors. He walks fine on the leash. I do think he’s BR and trending in the OA direction, but not L3 anymore. I walked by his kennel shortly after we had been on a walk and he was displaying BR behaviors.""",Leveling,9/29/2025,05:45 PM
1933,Focus Group,A0053616676,9/30/2025 Nothing has been done behaviorally for this dog.  Was the chip a dead end?   Very fearful .,Staff Observation,9/30/2025,09:16 AM
1934,Focus Group,A0059376309,9/30/2025 Bite quarantine completed.   See notes.  ,Staff Observation,9/30/2025,09:31 AM
