,gid,Animal ID,Level,Level Reason,Special Intake Information,HW,Sex,Microchip ID,Rabies Revaccination Date,Weight,Hold,Current Status,Age,Location,Short URL,Foster Start Reason,Leash Skills,Dog Interaction,Cat Interaction,Kid Interaction,Crate Trained,Potty Skills,Cuddle Meter,Energy/Activity Level,DOB,IntakeDate,Color & Breed,More about me,Play Style,Playgroup Notes,"""Dog Test"" Notes",Behavior Notes,Foster/Home Notes,completed,parent gid,parent completed
0,1206398747849450,,,,,,,,,,,,,,,,,,,,,,,,,,,,,,,,,False,1206386867201919,False
1,1211179520215738,,,,,,,,,,,,,,,,,,,,,,,,,,,,,,,,,False,1211179381346831,False
2,1211179383174766,,,,,,,,,,,,,,,,,,,,,,,,,,,,,,,,,False,1211179456656354,False
3,1211179518484211,,,,,,,,,,,,,,,,,,,,,,,,,,,,,,,,,False,1211179383246094,False
4,1211179517336728,,,,,,,,,,,,,,,,,,,,,,,,,,,,,,,,,False,1211179379966012,False
5,1211179456468126,,,,,,,,,,,,,,,,,,,,,,,,,,,,,,,,,False,1211179381346928,False
6,1211179456030958,,,,,,,,,,,,,,,,,,,,,,,,,,,,,,,,,False,1211179452304104,False
7,1211179382866339,,,,,,,,,,,,,,,,,,,,,,,,,,,,,,,,,False,1211179521057219,False
8,1211179456368700,,,,,,,,,,,,,,,,,,,,,,,,,,,,,,,,,False,1211179519012045,False
9,1211179521010172,,,,,,,,,,,,,,,,,,,,,,,,,,,,,,,,,False,1211179455668677,False
10,1211179377270041,,,,,,,,,,,,,,,,,,,,,,,,,,,,,,,,,False,1211179456546201,False
11,1211179521007811,,,,,,,,,,,,,,,,,,,,,,,,,,,,,,,,,False,1211179383112320,False
12,1211179520569036,,,,,,,,,,,,,,,,,,,,,,,,,,,,,,,,,False,1211179377942045,False
13,1211179520916237,,,,,,,,,,,,,,,,,,,,,,,,,,,,,,,,,False,1211179456546187,False
14,1211179382812988,,,,,,,,,,,,,,,,,,,,,,,,,,,,,,,,,False,1211179518559236,False
15,1211179456570839,,,,,,,,,,,,,,,,,,,,,,,,,,,,,,,,,False,1211179456537322,False
16,1211179455137308,,,,,,,,,,,,,,,,,,,,,,,,,,,,,,,,,False,1211179520877751,False
17,1211179381890335,,,,,,,,,,,,,,,,,,,,,,,,,,,,,,,,,False,1211179456537418,False
18,1211179517501493,,,,,,,,,,,,,,,,,,,,,,,,,,,,,,,,,False,1211179455196100,False
19,1211179455680306,,,,,,,,,,,,,,,,,,,,,,,,,,,,,,,,,False,1211179517810381,False
20,1211179520470665,,,,,,,,,,,,,,,,,,,,,,,,,,,,,,,,,False,1211179380897394,False
21,1211179381536236,,,,,,,,,,,,,,,,,,,,,,,,,,,,,,,,,False,1211179514447080,False
22,1211179455986442,,,,,,,,,,,,,,,,,,,,,,,,,,,,,,,,,False,1211179452295805,False
23,1211179453802257,,,,,,,,,,,,,,,,,,,,,,,,,,,,,,,,,False,1211179516132435,False
24,1211168044721837,,,,,,,,,,,,,,,,,,,,,,,,,,,,,,,,,False,1211168045929422,False
25,1211168110979434,,,,,,,,,,,,,,,,,,,,,,,,,,,,,,,,,False,1211168045932157,False
26,1211168044539972,,,,,,,,,,,,,,,,,,,,,,,,,,,,,,,,,False,1211168045311142,False
27,1211168180178629,,,,,,,,,,,,,,,,,,,,,,,,,,,,,,,,,False,1211168045944114,False
28,1211168111220151,,,,,,,,,,,,,,,,,,,,,,,,,,,,,,,,,False,1211168045959759,False
29,1211168045520763,,,,,,,,,,,,,,,,,,,,,,,,,,,,,,,,,False,1211168111040216,False
30,1211168180183950,,,,,,,,,,,,,,,,,,,,,,,,,,,,,,,,,False,1211168179438433,False
31,1211168045163436,,,,,,,,,,,,,,,,,,,,,,,,,,,,,,,,,False,1211168044289386,False
32,1211168110884784,,,,,,,,,,,,,,,,,,,,,,,,,,,,,,,,,False,1211168044822566,False
33,1211168180481840,,,,,,,,,,,,,,,,,,,,,,,,,,,,,,,,,False,1211168045331909,False
34,1211168045102167,,,,,,,,,,,,,,,,,,,,,,,,,,,,,,,,,False,1211168109702806,False
35,1211168180562367,,,,,,,,,,,,,,,,,,,,,,,,,,,,,,,,,False,1211168045806301,False
36,1211168045141942,,,,,,,,,,,,,,,,,,,,,,,,,,,,,,,,,False,1211168045668515,False
37,1211168110790472,,,,,,,,,,,,,,,,,,,,,,,,,,,,,,,,,False,1211168110930184,False
38,1211168110434224,,,,,,,,,,,,,,,,,,,,,,,,,,,,,,,,,False,1211168180241165,False
39,1211168179951074,,,,,,,,,,,,,,,,,,,,,,,,,,,,,,,,,False,1211168110842154,False
40,1211168180230133,,,,,,,,,,,,,,,,,,,,,,,,,,,,,,,,,False,1211168110354991,False
41,1211168110882907,,,,,,,,,,,,,,,,,,,,,,,,,,,,,,,,,False,1211168043662476,False
42,1211168110753597,,,,,,,,,,,,,,,,,,,,,,,,,,,,,,,,,False,1211168044424016,False
43,1211168044972853,,,,,,,,,,,,,,,,,,,,,,,,,,,,,,,,,False,,
44,1211168180055271,,,,,,,,,,,,,,,,,,,,,,,,,,,,,,,,,False,1211168044951820,False
45,1211168179102161,,,,,,,,,,,,,,,,,,,,,,,,,,,,,,,,,False,1211168045342476,False
46,1211168180292832,,,,,,,,,,,,,,,,,,,,,,,,,,,,,,,,,False,1211168110600352,False
47,1211157513049761,,,,,,,,,,,,,,,,,,,,,,,,,,,,,,,,,False,1211157477361260,False
48,1211157615283021,,,,,,,,,,,,,,,,,,,,,,,,,,,,,,,,,False,1211157477120036,False
49,1211157509896023,,,,,,,,,,,,,,,,,,,,,,,,,,,,,,,,,False,1211157618128578,False
50,1211157615394360,,,,,,,,,,,,,,,,,,,,,,,,,,,,,,,,,False,1211157616933071,False
51,1211157614863048,,,,,,,,,,,,,,,,,,,,,,,,,,,,,,,,,False,1211157477391322,False
52,1211157511480702,,,,,,,,,,,,,,,,,,,,,,,,,,,,,,,,,False,,
53,1211157618011947,,,,,,,,,,,,,,,,,,,,,,,,,,,,,,,,,False,1211157513533997,False
54,1211157513346991,,,,,,,,,,,,,,,,,,,,,,,,,,,,,,,,,False,1211157513533770,False
55,1211157513567051,,,,,,,,,,,,,,,,,,,,,,,,,,,,,,,,,False,1211157476965440,False
56,1211157611759251,,,,,,,,,,,,,,,,,,,,,,,,,,,,,,,,,False,1211157617991929,False
57,1211157511382610,,,,,,,,,,,,,,,,,,,,,,,,,,,,,,,,,False,1211157513533642,False
58,1211157616343929,,,,,,,,,,,,,,,,,,,,,,,,,,,,,,,,,False,1211157617750527,False
59,1211157615046057,,,,,,,,,,,,,,,,,,,,,,,,,,,,,,,,,False,1211157477248073,False
60,1211157513378643,,,,,,,,,,,,,,,,,,,,,,,,,,,,,,,,,False,1211157617657684,False
61,1211157476628091,,,,,,,,,,,,,,,,,,,,,,,,,,,,,,,,,False,,
62,1211157473007927,,,,,,,,,,,,,,,,,,,,,,,,,,,,,,,,,False,1211157617475961,False
63,1211145741463634,,,,,,,,,,,,,,,,,,,,,,,,,,,,,,,,,False,1211145515760619,False
64,1211145514324494,,,,,,,,,,,,,,,,,,,,,,,,,,,,,,,,,False,1211145818962730,False
65,1211145822988025,,,,,,,,,,,,,,,,,,,,,,,,,,,,,,,,,False,1211145823017711,False
66,1211145741201868,,,,,,,,,,,,,,,,,,,,,,,,,,,,,,,,,False,1211145511439106,False
67,1211145513173878,,,,,,,,,,,,,,,,,,,,,,,,,,,,,,,,,False,1211145822476897,False
68,1211145512012529,,,,,,,,,,,,,,,,,,,,,,,,,,,,,,,,,False,1211145821532393,True
69,1211145514202503,,,,,,,,,,,,,,,,,,,,,,,,,,,,,,,,,False,1211145821052341,False
70,1211145733980404,,,,,,,,,,,,,,,,,,,,,,,,,,,,,,,,,False,1211145820688492,False
71,1211145821896960,,,,,,,,,,,,,,,,,,,,,,,,,,,,,,,,,False,1211145510345017,False
72,1211145512733567,,,,,,,,,,,,,,,,,,,,,,,,,,,,,,,,,False,1211145819891470,False
73,1211145513092230,,,,,,,,,,,,,,,,,,,,,,,,,,,,,,,,,False,1211145736997027,False
74,1211145740773153,,,,,,,,,,,,,,,,,,,,,,,,,,,,,,,,,False,1211145821728037,False
75,1211134273987835,,,,,,,,,,,,,,,,,,,,,,,,,,,,,,,,,False,1211134273724769,False
76,1211134866590850,,,,,,,,,,,,,,,,,,,,,,,,,,,,,,,,,False,1211134866146074,False
77,1211134273389987,,,,,,,,,,,,,,,,,,,,,,,,,,,,,,,,,False,1211134865789286,False
78,1211134865721030,,,,,,,,,,,,,,,,,,,,,,,,,,,,,,,,,False,1211134526884726,True
79,1211134527623414,,,,,,,,,,,,,,,,,,,,,,,,,,,,,,,,,False,1211134528057816,False
80,1211134527808575,,,,,,,,,,,,,,,,,,,,,,,,,,,,,,,,,False,1211134273162523,False
81,1211134864973686,,,,,,,,,,,,,,,,,,,,,,,,,,,,,,,,,False,1211134865624471,False
82,1211134527824903,,,,,,,,,,,,,,,,,,,,,,,,,,,,,,,,,False,1211134273161911,False
83,1211134865226934,,,,,,,,,,,,,,,,,,,,,,,,,,,,,,,,,False,1211134526680697,False
84,1211134864654275,,,,,,,,,,,,,,,,,,,,,,,,,,,,,,,,,False,1211134527801491,False
85,1211134865044989,,,,,,,,,,,,,,,,,,,,,,,,,,,,,,,,,False,1211134527800291,True
86,1211134272251144,,,,,,,,,,,,,,,,,,,,,,,,,,,,,,,,,False,1211134865089440,False
87,1211134527808289,,,,,,,,,,,,,,,,,,,,,,,,,,,,,,,,,False,1211134271526746,False
88,1211131257648845,A0059228456,STAFF ONLY,STAFF ONLY,,-,F,,,42,,Pending Behavior Assessment,04 year(s) 00 month(s) 01 day(s),Receiving 130 4,,,,,,,,,,,,,,,,,,,,False,1211131133658178,False
89,1211131257425735,A0059226901,L1,L1,,+,M,,,11,,Stray Wait,02 year(s) 00 month(s) 02 day(s),Foster Friendly Finder,,,,,,,,,,,,,,,,,,,,False,1211131257388107,False
90,1211131257568112,A0059226558,L1,L1,,-,M,,,25,,Stray Wait,00 year(s) 04 month(s) 01 day(s),Dog Pre/Post Op 135 1,,,,,,,,,,,,,,,,,,,,False,1211131133633111,False
91,1211131257374306,A0059227530,L2,L2-SF,,-,F,,,6,,Stray Wait,01 year(s) 00 month(s) 02 day(s),Foster Friendly Finder,,,,,,,,,,,,,,,,,,,,False,1211131564840594,False
92,1211131564859535,A0059226845,L1,L1,,-,N,,,55,,Microchip,03 year(s) 00 month(s) 01 day(s),Dog Pre/Post Op 135 8,,,,,,,,,,,,,,,,,,,,False,1211131133351129,False
93,1211131257431784,A0059225645,L2,L2-SF,,-,F,,,39,,Stray Wait,02 year(s) 00 month(s) 01 day(s),Dog Pre/Post Op 135 3,,,,,,,,,,,,,,,,,,,,False,1211131133396790,False
94,1211131257414552,A0059225391,L1,L1,,+,M,,,55,,Stray Wait,02 year(s) 00 month(s) 01 day(s),Dog Pre/Post Op 135 7,,,,,,,,,,,,,,,,,,,,False,1211131256623929,False
95,1211131134009718,,,,,,,,,,,,,,,,,,,,,,,,,,,,,,,,,False,1211131132988176,False
96,1211131133934817,,,,,,,,,,,,,,,,,,,,,,,,,,,,,,,,,False,1211131133036559,False
97,1211131257504161,A0059220223,L1,L1,,-,F,,,31,,Cites,00 year(s) 08 month(s) 02 day(s),Dogs 081 A8,,,,,,,,,,,,,,,,,,,,False,1211131133180426,False
98,1211131564683664,,,,,,,,,,,,,,,,,,,,,,,,,,,,,,,,,False,1211131133394208,False
99,1211131564578284,A0059224903,L1,L1,,-,M,,,73,,Cites,01 year(s) 03 month(s) 00 day(s),Dog Pre/Post Op 135 6,,,,,,,,,,,,,,,,,,,,False,1211131133560703,False
100,1211131257245276,A0059211044,L1,L1,,-,F,,,59,,Available,04 year(s) 00 month(s) 01 day(s),Dogs 602 4,,,,,,,,,,,,,,,,,,,,False,1211131133071931,False
101,1211131564775274,A0059209543,L1,L1,,-,M,,,53,,Stray Wait,03 year(s) 00 month(s) 02 day(s),Dogs 081 B3,,,,,,,,,,,,,,,,,,,,False,1211131563884959,False
102,1211131564688020,A0059211192,L3,L3-SF,,-,M,,,82,,Available,03 year(s) 00 month(s) 01 day(s),Receiving 130 6,,,,,,,,,,,,,,,,,,,,False,1211131563699634,False
103,1211128175398831,A0059218046,L1,L1,,+,M,,,76,,Available,02 year(s) 00 month(s) 02 day(s),Dogs 402 2,,,,,,,,,,,,,,,,,,,,False,1211128175714966,False
104,1211128174946843,A0059224207,L1,L1,,-,F,,,58,,Cites,03 year(s) 00 month(s) 02 day(s),Dogs 406 A6,,,,,,,,,,,,,,,,,,,,False,1211128449567867,False
105,1211128280559787,A0059223851,L3,L3-SF,,+,F,,,34,,Stray Wait,02 year(s) 00 month(s) 02 day(s),Receiving 130 12,,,,,,,,,,,,,,,,,,,,False,1211128175357570,False
106,1211128280865624,A0059223843,L2,L2-SF,,-,M,,,42,,Stray Wait,02 year(s) 00 month(s) 02 day(s),Dogs 081 A4,,,,,,,,,,,,,,,,,,,,False,1211128449686886,False
107,1211128449401946,A0059222702,L1,L1,,-,S,,,13,,Microchip,01 year(s) 06 month(s) 03 day(s),Foster Friendly Finder,,,,,,,,,,,,,,,,,,,,False,1211128175010711,False
108,1211128280375768,A0059221594,L2,L2-SF,,-,M,,,9,,Stray Wait,00 year(s) 05 month(s) 03 day(s),Foster Friendly Finder,,,,,,,,,,,,,,,,,,,,False,1211128175039257,False
109,1211128449535337,A0059223256,L1,L1,,-,M,,,49,,Stray Wait,02 year(s) 00 month(s) 02 day(s),Dogs 064 A4,,,,,,,,,,,,,,,,,,,,False,1211128280759488,False
110,1211128175092950,A0059220107,L1,L1,,-,M,,,75,,Stray Wait,None,Foster Friendly Finder,,,,,,,,,,,,,,,,,,,,False,1211128175221612,False
111,1211128175188046,A0059218081,L1,L1,,-,F,,,7,,Available,02 year(s) 00 month(s) 03 day(s),Foster Foster Home,,,,,,,,,,,,,,,,,,,,False,1211128175216464,True
112,1211128175115646,,,,,,,,,,,,,,,,,,,,,,,,,,,,,,,,,False,1211128280624258,False
113,1211128280505893,A0059221336,L1,L1,,-,F,,,27,,Stray Wait,02 year(s) 00 month(s) 02 day(s),Dog Intake 128.01,,,,,,,,,,,,,,,,,,,,False,1211128175164410,False
114,1211128174850353,A0059216974,L1,L1,,-,F,,,48,,Stray Wait,01 year(s) 06 month(s) 03 day(s),Dogs 403 B2,,,,,,,,,,,,,,,,,,,,False,1211128175132716,False
115,1211128449464457,A0059217339,L1,L1,,-,N,,,11,,Stray Wait,01 year(s) 00 month(s) 03 day(s),Dogs 502 C2,,,,,,,,,,,,,,,,,,,,False,1211128449503913,True
116,1211128175158897,A0059217079,L1,L1,,-,F,,,15,,Stray Wait,00 year(s) 10 month(s) 03 day(s),Small Animals 5,,,,,,,,,,,,,,,,,,,,False,1211128280623200,False
117,1211128175130104,A0059211703,L1,L1,,-,F,,,7,,Stray Wait,00 year(s) 11 month(s) 03 day(s),Dogs 064 B1,,,,,,,,,,,,,,,,,,,,False,1211128175132748,False
118,1211128174828885,,,,,,,,,,,,,,,,,,,,,,,,,,,,,,,,,False,1211128449402880,True
119,1211128280181180,,,,,,,,,,,,,,,,,,,,,,,,,,,,,,,,,False,,
120,1211128280237577,,,,,,,,,,,,,,,,,,,,,,,,,,,,,,,,,False,1211128280486625,False
121,1211128280290283,,,,,,,,,,,,,,,,,,,,,,,,,,,,,,,,,False,1211128449359598,True
122,1211128449412025,,,,,,,,,,,,,,,,,,,,,,,,,,,,,,,,,False,1211128448755606,True
123,1211128174007740,,,,,,,,,,,,,,,,,,,,,,,,,,,,,,,,,False,1211128280196759,True
124,1211119510557901,A0059215791,L1,L1,,-,M,,,21,,Microchip,00 year(s) 10 month(s) 03 day(s),Dogs 064 A2,,,,,,,,,,,,,,,,,,,,False,1211119355525759,False
125,1211119355219208,A0059216702,L1,L1,,-,F,,,65,,Stray Wait,06 year(s) 00 month(s) 03 day(s),Dogs 081 A5,,,,,,,,,,,,,,,,,,,,False,1211119355532562,False
126,1211119510698122,A0059215210,L1,L1,,-,M,,,17,,Stray Wait,01 year(s) 06 month(s) 03 day(s),Dogs 064 A1,,,,,,,,,,,,,,,,,,,,False,1211119510230624,True
127,1211119355582101,A0059214231,L2,L2-SF,,-,F,,,42,,Microchip,03 year(s) 00 month(s) 04 day(s),Foster Friendly Finder,,,,,,,,,,,,,,,,,,,,False,1211119354970881,False
128,1211119355496612,A0059211824,L1,L1,,-,M,,,7,,Microchip,04 year(s) 00 month(s) 04 day(s),Dogs 068 C1,,,,,,,,,,,,,,,,,,,,False,1211119631105947,True
129,1211119355245004,,,,,,,,,,,,,,,,,,,,,,,,,,,,,,,,,False,,
130,1211119355220817,,,,,,,,,,,,,,,,,,,,,,,,,,,,,,,,,False,1211119509915995,False
131,1211119355141332,A0059209550,L1,L1,,-,F,,,9,,Identifying Info,13 year(s) 00 month(s) 03 day(s),Small Animals 2,,,,,,,,,,,,,,,,,,,,False,1211119631799085,False
132,1211119355221944,A0059209398,L1,L1,,+,M,,,41,,Stray Wait,03 year(s) 00 month(s) 04 day(s),Dog Quarantine B5,,,,,,,,,,,,,,,,,,,,False,1211119631745364,False
133,1211119631576502,,,,,,,,,,,,,,,,,,,,,,,,,,,,,,,,,False,1211119631350852,False
134,1211119510472690,,,,,,,,,,,,,,,,,,,,,,,,,,,,,,,,,False,1211119510580620,False
135,1211119631379517,,,,,,,,,,,,,,,,,,,,,,,,,,,,,,,,,False,1211119355246320,False
136,1211119355215823,,,,,,,,,,,,,,,,,,,,,,,,,,,,,,,,,False,1211119355243711,False
137,1211119509759326,A0059201488,STAFF ONLY,STAFF ONLY,,-,F,,,15,,Pending Behavior Assessment,02 year(s) 00 month(s) 04 day(s),Receiving 130 10,,,,,,,,,,,,,,,,,,,,False,1211119510197491,False
138,1211109320722585,,,,,,,,,,,,,,,,,,,,,,,,,,,,,,,,,False,1211109215209680,False
139,1211109319469534,A0059208023,L1,L1-RN,,-,M,,,26,,Identifying Info,04 year(s) 00 month(s) 04 day(s),Dogs 079 A5,,,,,,,,,,,,,,,,,,,,False,1211109348343235,True
140,1211109317740867,,,,,,,,,,,,,,,,,,,,,,,,,,,,,,,,,False,1211109218126892,True
141,1211109320470075,,,,,,,,,,,,,,,,,,,,,,,,,,,,,,,,,False,1211109348397697,False
142,1211109320326508,,,,,,,,,,,,,,,,,,,,,,,,,,,,,,,,,False,1211109218856672,False
143,1211109320200474,A0059205432,L1,L1,,-,M,,,82,,Stray Wait,03 year(s) 00 month(s) 05 day(s),Dogs 401 8,,,,,,,,,,,,,,,,,,,,False,1211109320043250,True
144,1211109214871528,A0059205673,STAFF ONLY,STAFF ONLY,,+,F,,,0,,Stray Wait,None,Dogs 203 6,,,,,,,,,,,,,,,,,,,,False,,
145,1211109320256062,,,,,,,,,,,,,,,,,,,,,,,,,,,,,,,,,False,1211109350104868,False
146,1211109218513960,A0059204663,L1,L1,,+,M,,,74,,Stray Wait,03 year(s) 00 month(s) 05 day(s),Foster Friendly Finder,,,,,,,,,,,,,,,,,,,,False,1211109350102389,False
147,1211109349220099,,,,,,,,,,,,,,,,,,,,,,,,,,,,,,,,,False,1211109349532917,False
148,1211109343243241,A0059204484,L1,L1,,-,F,,,23,,Microchip,05 year(s) 00 month(s) 04 day(s),Dogs 079 A1,,,,,,,,,,,,,,,,,,,,False,1211109317897240,True
149,1211109216361668,A0059204350,L1,L1,,-,F,,,10,,Stray Wait,03 year(s) 00 month(s) 04 day(s),Clinic Clinic,,,,,,,,,,,,,,,,,,,,False,1211109218692209,False
150,1211109219076736,A0059201579,L1,L1,,-,F,,,35,,Adopted,06 year(s) 00 month(s) 05 day(s),Clinic Clinic,,,,,,,,,,,,,,,,,,,,False,1211109320043236,False
151,1211098092722757,,,,,,,,,,,,,,,,,,,,,,,,,,,,,,,,,False,1211098025626941,True
152,1211098092656310,A0059201498,L1,L1,,-,F,,,61,,Microchip,04 year(s) 00 month(s) 05 day(s),Dogs 403 A4,,,,,,,,,,,,,,,,,,,,False,1211098116841797,False
153,1211098091721447,A0059197190,L1,L1,,-,F,,,27,,Available,00 year(s) 08 month(s) 06 day(s),Dogs 081 A7,,,,,,,,,,,,,,,,,,,,False,1211098092476834,False
154,1211098117336791,A0059195704,L1,L1,,-,M,,,11,,Adopted,None,Clinic Clinic,,,,,,,,,,,,,,,,,,,,False,1211098025742263,True
155,1211098025748958,,,,,,,,,,,,,,,,,,,,,,,,,,,,,,,,,False,1211098092491126,False
156,1211098021074382,,,,,,,,,,,,,,,,,,,,,,,,,,,,,,,,,False,1211098092251821,False
157,1211087329281627,A0059191607,L1,L1,,-,F,,,37,,Available,00 year(s) 09 month(s) 06 day(s),Dogs 088 A9,,,,,,,,,,,,,,,,,,,,False,1211087559749667,False
158,1211087275724508,,,,,,,,,,,,,,,,,,,,,,,,,,,,,,,,,False,1211087329670730,True
159,1211087328998877,A0059192169,L1,L1,,-,M,,,75,,Identifying Info,03 year(s) 00 month(s) 06 day(s),Dogs 403 B5,,,,,,,,,,,,,,,,,,,,False,1211087329701490,False
160,1211087328749206,,,,,,,,,,,,,,,,,,,,,,,,,,,,,,,,,False,1211087275551950,False
161,1211087557027429,,,,,,,,,,,,,,,,,,,,,,,,,,,,,,,,,False,1211087560173489,False
162,1211087271712787,,,,,,,,,,,,,,,,,,,,,,,,,,,,,,,,,False,1211087560173457,False
163,1211087559651237,,,,,,,,,,,,,,,,,,,,,,,,,,,,,,,,,False,1211087559993604,False
164,1211074979302272,A0059126703,L1,L1,,+,F,,,46,,Available,05 year(s) 00 month(s) 08 day(s),Foster Foster Home,,,,,,,,,,,,,,,,,,,,False,1211075266830402,False
165,1211075138054074,A0059125495,L1,L1,,-,N,,,46,,Cites,01 year(s) 00 month(s) 08 day(s),Dogs 066 A5,,,,,,,,,,,,,,,,,,,,False,1211075138829422,False
166,1211072249777677,A0059124885,L2,L2-BH,,-,S,,,16,,Adopted,05 year(s) 00 month(s) 08 day(s),Small Animals 4,,,,,,,,,,,,,,,,,,,,False,1211072316902710,True
167,1211072249425426,A0059123893,L1,L1,,-,F,,,28,,Available,03 year(s) 00 month(s) 08 day(s),Dog Quarantine A8,,,,,,,,,,,,,,,,,,,,False,1211072249376986,False
168,1211072316272457,,,,,,,,,,,,,,,,,,,,,,,,,,,,,,,,,False,1211072316575068,True
169,1211072316371301,,,,,,,,,,,,,,,,,,,,,,,,,,,,,,,,,False,1211072316575100,False
170,1211072316179998,,,,,,,,,,,,,,,,,,,,,,,,,,,,,,,,,False,1211072249507186,False
171,1211072214728293,A0059123733,L1,L1,,-,M,,,58,,Available,02 year(s) 00 month(s) 09 day(s),Foster Foster Home,,,,,,,,,,,,,,,,,,,,False,1211072214445059,False
172,1211072316260906,A0059123537,L2,L2-A,,-,F,,,56,,Available,01 year(s) 00 month(s) 08 day(s),Dogs 503 A4,,,,,,,,,,,,,,,,,,,,False,1211072214644012,False
173,1211072214852065,A0059116528,L1,L1,,+,F,,,42,,Nursing Mom,03 year(s) 00 month(s) 10 day(s),Foster Foster Home,,,,,,,,,,,,,,,,,,,,False,1211072248629811,False
174,1211072316415668,A0059121809,STAFF ONLY,STAFF ONLY,,-,F,,,0,,Stray Wait,03 year(s) 00 month(s) 04 day(s),Dogs 204 5,,,,,,,,,,,,,,,,,,,,False,1211072316407108,False
175,1211070039866657,A0059116037,L1,L1,,-,F,,,23,,Identifying Info,00 year(s) 10 month(s) 09 day(s),Clinic Clinic,,,,,,,,,,,,,,,,,,,,False,1211070094913864,False
176,1211070039898436,,,,,,,,,,,,,,,,,,,,,,,,,,,,,,,,,False,,
177,1211069988386255,,,,,,,,,,,,,,,,,,,,,,,,,,,,,,,,,False,,
178,1211069988130886,A0059121408,L1,L1,,-,M,,,40,,Microchip,03 year(s) 00 month(s) 08 day(s),Dogs 502 6,,,,,,,,,,,,,,,,,,,,False,1211070039791378,False
179,1211069988586474,,,,,,,,,,,,,,,,,,,,,,,,,,,,,,,,,False,1211070094978679,True
180,1211070039698851,A0059117681,L2,L2-BH,,+,S,,,8,,Available,14 year(s) 00 month(s) 02 day(s),Dog Intake 128.02,,,,,,,,,,,,,,,,,,,,False,,
181,1211069988550474,,,,,,,,,,,,,,,,,,,,,,,,,,,,,,,,,False,1211070094913896,False
182,1211069988303879,A0059116111,L2,L2-BH,,-,M,,,14,,Identifying Info,02 year(s) 00 month(s) 09 day(s),Clinic Clinic,,,,,,,,,,,,,,,,,,,,False,1211070094672196,True
183,1211069988513639,A0059116425,L1,L1,,-,S,,,42,,Trial Adoption,06 year(s) 00 month(s) 04 day(s),Foster Trial Adoption,,,,,,,,,,,,,,,,,,,,False,1211070094913829,False
184,1211061539142969,A0059113762,L1,L1,,-,M,,,23,,Available,08 year(s) 00 month(s) 11 day(s),Foster Friendly Finder,,,,,,,,,,,,,,,,,,,,False,1211061578683231,True
185,1211061537468360,A0059114218,L1,L1,,-,M,,,49,,Cruelty Exam,01 year(s) 00 month(s) 10 day(s),Dogs 067 A2,,,,,,,,,,,,,,,,,,,,False,1211061447793165,False
186,1211061576828800,A0059114222,L1,L1,,-,M,,,42,,Cruelty Exam,02 year(s) 00 month(s) 10 day(s),Dogs 506 A3,,,,,,,,,,,,,,,,,,,,False,1211061538038676,False
187,1211061538480088,A0059114272,L2,L2-BR,,-,N,,,50,,Trial Adoption,02 year(s) 00 month(s) 09 day(s),Foster Trial Adoption,,,,,,,,,,,,,,,,,,,,False,1211061538439442,False
188,1211061537514348,A0059114202,L2,L2-A,,-,F,,,47,,Cruelty Exam,03 year(s) 00 month(s) 09 day(s),Dog Quarantine B7,,,,,,,,,,,,,,,,,,,,False,1211061538341393,False
189,1211061538407186,A0059114209,L1,L1,,-,M,,,23,,Cruelty Exam,01 year(s) 00 month(s) 10 day(s),Small Animals C2,,,,,,,,,,,,,,,,,,,,False,1211061447870611,False
190,1211061447918073,A0059114213,L1,L1,,-,F,,,32,,Cruelty Exam,01 year(s) 00 month(s) 10 day(s),Dogs 603 A5,,,,,,,,,,,,,,,,,,,,False,1211061578735933,False
191,1211061573495986,,,,,,,,,,,,,,,,,,,,,,,,,,,,,,,,,False,1211061538005825,False
192,1211061537472777,,,,,,,,,,,,,,,,,,,,,,,,,,,,,,,,,False,1211061578087622,False
193,1211061578495354,,,,,,,,,,,,,,,,,,,,,,,,,,,,,,,,,False,1211061447699210,False
194,1211061577097512,,,,,,,,,,,,,,,,,,,,,,,,,,,,,,,,,False,1211061447765500,False
195,1211061444955891,,,,,,,,,,,,,,,,,,,,,,,,,,,,,,,,,False,1211061578493997,False
196,1211061446993407,,,,,,,,,,,,,,,,,,,,,,,,,,,,,,,,,False,1211061538112265,False
197,1211061577914324,,,,,,,,,,,,,,,,,,,,,,,,,,,,,,,,,False,1211061538104603,False
198,1211061446813291,,,,,,,,,,,,,,,,,,,,,,,,,,,,,,,,,False,1211061447614744,False
199,1211061447535469,,,,,,,,,,,,,,,,,,,,,,,,,,,,,,,,,False,1211061538002556,False
200,1211061446305459,A0059111557,L1,L1,,-,N,,,72,,Available,05 year(s) 04 month(s) 25 day(s),Dogs 406 A2,,,,,,,,,,,,,,,,,,,,False,1211061578359559,False
201,1211061536838511,,,,,,,,,,,,,,,,,,,,,,,,,,,,,,,,,False,1211061447398246,False
202,1211061538039936,A0059110884,L1,L1,,-,F,,,31,,Available,01 year(s) 06 month(s) 11 day(s),Foster Foster Home,,,,,,,,,,,,,,,,,,,,False,1211061537993089,False
203,1211061578316626,A0059108996,L1,L1,,-,F,,,24,,Adopted,00 year(s) 07 month(s) 09 day(s),Dogs 088 A3,,,,,,,,,,,,,,,,,,,,False,1211061537818262,False
204,1211061447375409,A0059109376,L1,L1,,-,N,,,15,,Trial Adoption,13 year(s) 00 month(s) 09 day(s),Foster Trial Adoption,,,,,,,,,,,,,,,,,,,,False,1211061447244570,False
205,1211061445032897,,,,,,,,,,,,,,,,,,,,,,,,,,,,,,,,,False,1211061447398961,True
206,1211061445336290,A0059106772,L1,L1,,-,F,,,44,,Cruelty Exam,04 year(s) 00 month(s) 10 day(s),Dogs 506 A4,,,,,,,,,,,,,,,,,,,,False,1211061446950593,False
207,1211061577343449,A0059106777,L1,L1,,-,M,,,23,,Cruelty Exam,00 year(s) 08 month(s) 09 day(s),Dogs 602 C6,,,,,,,,,,,,,,,,,,,,False,1211061447053239,False
208,1211061446898058,,,,,,,,,,,,,,,,,,,,,,,,,,,,,,,,,False,1211061537533787,True
209,1211051749264800,A0059101335,STAFF ONLY,STAFF ONLY,,-,M,,,52,,Pending Behavior Assessment,01 year(s) 06 month(s) 11 day(s),Dogs 203 1,,,,,,,,,,,,,,,,,,,,False,,
210,1211051636055759,A0059105371,L1,L1,,-,S,,,8,,Available,04 year(s) 00 month(s) 06 day(s),Dog Visiting 060 C7,,,,,,,,,,,,,,,,,,,,False,1211051780665155,False
211,1211051636733846,,,,,,,,,,,,,,,,,,,,,,,,,,,,,,,,,False,1211051749169623,True
212,1211051785233134,,,,,,,,,,,,,,,,,,,,,,,,,,,,,,,,,False,1211051749966828,False
213,1211051780768739,A0059103552,L1,L1,,-,S,,,20,,Trial Adoption,02 year(s) 00 month(s) 10 day(s),Foster Trial Adoption,,,,,,,,,,,,,,,,,,,,False,1211051749984519,False
214,1211051748086909,A0059102424,L1,L1,,-,M,,,65,,Available,03 year(s) 00 month(s) 01 day(s),Dogs 303 B2,,,,,,,,,,,,,,,,,,,,False,1211051785262803,False
215,1211051747576372,,,,,,,,,,,,,,,,,,,,,,,,,,,,,,,,,False,1211051783894286,False
216,1211051634925091,A0059101358,L1,L1,,-,N,,,41,,Adopted,01 year(s) 06 month(s) 11 day(s),Dogs 306 B6,,,,,,,,,,,,,,,,,,,,False,1211051635973768,False
217,1211051635588687,,,,,,,,,,,,,,,,,,,,,,,,,,,,,,,,,False,,
218,1211051744497542,,,,,,,,,,,,,,,,,,,,,,,,,,,,,,,,,False,1211051634649849,True
219,1211051783927736,,,,,,,,,,,,,,,,,,,,,,,,,,,,,,,,,False,1211051782710092,True
220,1211051744910520,A0059001294,L1,L1,,-,S,,,7,,Trial Adoption,08 year(s) 00 month(s) 11 day(s),Foster Trial Adoption,,,,,,,,,,,,,,,,,,,,False,1211051783585805,False
221,1211051748455784,A0059091500,L1,L1,,-,M,,,61,,Available,02 year(s) 00 month(s) 12 day(s),Dog Quarantine A5,,,,,,,,,,,,,,,,,,,,False,1211051783240011,False
222,1211041696166086,A0059090902,L1,L1,,+,F,,,34,,Adopted,00 year(s) 10 month(s) 12 day(s),Dogs 068 B5,,,,,,,,,,,,,,,,,,,,False,1211041348986255,True
223,1211041336361767,,,,,,,,,,,,,,,,,,,,,,,,,,,,,,,,,False,1211041336843729,False
224,1211030048957380,A0059089105,L2,L2 SF,,+,S,,,44,,Available,08 year(s) 00 month(s) 11 day(s),Foster Foster Home,,,,,,,,,,,,,,,,,,,,False,1211030182320575,False
225,1211030183370237,A0059090299,L1,L1,,-,F,,,28,,Pending Medical Assessment/Treatment,00 year(s) 08 month(s) 13 day(s),Dog Pre/Post Op 138 3,,,,,,,,,,,,,,,,,,,,False,1211030048871094,False
226,1211030180558595,A0059090073,L1,L1,,-,S,,,19,,Available,00 year(s) 04 month(s) 13 day(s),Dogs 602 C4,,,,,,,,,,,,,,,,,,,,False,1211030047918209,True
227,1211030271854247,A0059088383,L1,L1,,-,M,,,10,,Stray Wait,01 year(s) 06 month(s) 07 day(s),Foster Friendly Finder,,,,,,,,,,,,,,,,,,,,False,1211030181259947,True
228,1211030270132963,A0059086837,L1,L1,,-,M,,,45,,Available,00 year(s) 10 month(s) 13 day(s),Dogs 406 B3,,,,,,,,,,,,,,,,,,,,False,1211030271075388,False
229,1211030180728478,A0059085024,L1,L1,,-,N,,,55,,Trial Adoption,04 year(s) 00 month(s) 13 day(s),Foster Trial Adoption,,,,,,,,,,,,,,,,,,,,False,1211030180425673,False
230,1211030181830788,A0059085026,L1,L1,,-,S,,,57,,Trial Adoption,01 year(s) 00 month(s) 13 day(s),Foster Trial Adoption,,,,,,,,,,,,,,,,,,,,False,1211030047521128,False
231,1211019212380005,A0059082861,L2,L2-SF,,-,F,,,9,,Adopted,11 year(s) 00 month(s) 14 day(s),Clinic Clinic,,,,,,,,,,,,,,,,,,,,False,1211019211567844,False
232,1211019132322194,A0059082703,L1,L1,,-,N,,,25,,Trial Adoption,00 year(s) 09 month(s) 14 day(s),Foster Trial Adoption,,,,,,,,,,,,,,,,,,,,False,1211019062792750,False
233,1211019132811079,A0059082483,L1,L1,,-,M,,,56,,Trial Adoption,02 year(s) 00 month(s) 14 day(s),Foster Trial Adoption,,,,,,,,,,,,,,,,,,,,False,1211019133053706,False
234,1211019063671779,A0059080152,L1,L1,,-,N,,,16,,Available,02 year(s) 00 month(s) 15 day(s),Dogs 602 C3,,,,,,,,,,,,,,,,,,,,False,1211019132972511,False
235,1211015221721119,A0059076738,L3,L3-BH,,-,M,,,6,,Adopted,10 year(s) 00 month(s) 16 day(s),Small Animals 1,,,,,,,,,,,,,,,,,,,,False,1211015221681486,False
236,1211014873766649,A0059077476,L1,L1,,-,M,,,41,,Available,04 year(s) 00 month(s) 15 day(s),Dogs 501 7,,,,,,,,,,,,,,,,,,,,False,1211014670987153,False
237,1211014743776603,A0059077471,L1,L1,,-,N,,,62,,Trial Adoption,02 year(s) 00 month(s) 15 day(s),Foster Foster Home,,,,,,,,,,,,,,,,,,,,False,1211014743908841,False
238,1211003986817099,A0059066126,L1,L1,,-,S,,,40,,Microchip,06 year(s) 00 month(s) 03 day(s),Dog Quarantine A2,,,,,,,,,,,,,,,,,,,,False,1211004242554098,False
239,1211003906928996,A0059061473,L1,L1,,-,S,,,43,,Trial Adoption,05 year(s) 00 month(s) 18 day(s),Foster Foster Home,,,,,,,,,,,,,,,,,,,,False,1211003986359468,False
240,1211003905472249,,,,,,,,,,,,,,,,,,,,,,,,,,,,,,,,,False,1211003985413787,False
241,1211003906655281,,,,,,,,,,,,,,,,,,,,,,,,,,,,,,,,,False,1211003986416898,False
242,1210993992073291,A0059057945,L1,L1,,-,N,,,42,,Trial Adoption,01 year(s) 00 month(s) 18 day(s),Foster Trial Adoption,,,,,,,,,,,,,,,,,,,,False,1210993991797909,False
243,1210993991371039,A0059056078,L1,L1,,-,N,,,37,,Available,00 year(s) 10 month(s) 19 day(s),Foster Friendly Finder,,,,,,,,,,,,,,,,,,,,False,1210993876289509,True
244,1210993881128608,A0059055438,L1,L1,,-,F,,,29,,Available,00 year(s) 07 month(s) 19 day(s),Foster Friendly Finder,,,,,,,,,,,,,,,,,,,,False,1210994059641122,False
245,1210993879650744,A0059055418,STAFF ONLY,STAFF ONLY,,-,N,,,57,,Cites,03 year(s) 00 month(s) 19 day(s),Dogs 201 1,,,,,,,,,,,,,,,,,,,,False,1210993881061650,True
246,1210993879922726,A0059047995,L1,L1,,+,N,,,37,,Available,03 year(s) 00 month(s) 19 day(s),Foster Foster Home,,,,,,,,,,,,,,,,,,,,False,1210994055673310,False
247,1210993991368255,A0059047768,L2,L2-SF,,-,N,,,65,,Available,03 year(s) 00 month(s) 20 day(s),Foster Foster Home,,,,,,,,,,,,,,,,,,,,False,1210993880154908,False
248,1210971366593489,A0059044924,L1,L1,,+,N,,,35,,Trial Adoption,01 year(s) 00 month(s) 20 day(s),Foster Trial Adoption,,,,,,,,,,,,,,,,,,,,False,1210971524704438,False
249,1210956513481148,A0059032318,L1,L1,,+,M,,,34,,Available,07 year(s) 00 month(s) 23 day(s),Foster Friendly Finder,,,,,,,,,,,,,,,,,,,,False,1210956513066789,False
250,1210956513388767,A0059032636,L1,L1,,-,M,,,11,,Available,04 year(s) 00 month(s) 23 day(s),Foster Foster Home,,,,,,,,,,,,,,,,,,,,False,1210956513313521,True
251,1210954253601825,A0059030332,L3,L3- SF/ BR,,-,M,,,66,,Available,None,Foster Foster Home,,,,,,,,,,,,,,,,,,,,False,1210954501859413,False
252,1210954253529267,A0059028888,L2,L2-SD,,-,N,,,19,,Trial Adoption,06 year(s) 00 month(s) 23 day(s),Foster Trial Adoption,,,,,,,,,,,,,,,,,,,,False,1210954177476020,False
253,1210954177063763,,,,,,,,,,,,,,,,,,,,,,,,,,,,,,,,,False,1210954502362187,False
254,1210954502407214,A0059023440,L1,L1,,-,M,,,40,,Available,01 year(s) 00 month(s) 24 day(s),Dogs 502 5,,,,,,,,,,,,,,,,,,,,False,1210954252815061,False
255,1210945596166603,A0059017730,L1,L1,,-,S,,,16,,Trial Adoption,01 year(s) 06 month(s) 25 day(s),Foster Trial Adoption,,,,,,,,,,,,,,,,,,,,False,1210945616936825,False
256,1210934353996168,,,,,,,,,,,,,,,,,,,,,,,,,,,,,,,,,False,1210934207018005,False
257,1210934206215622,,,,,,,,,,,,,,,,,,,,,,,,,,,,,,,,,False,1210934207015532,False
258,1210934206080971,A0059004104,L2,L2-BH,,-,N,,,73,,Trial Adoption,01 year(s) 06 month(s) 25 day(s),Foster Trial Adoption,,,,,,,,,,,,,,,,,,,,False,1210934354394185,False
259,1210934205211950,A0058999821,STAFF ONLY,STAFF ONLY,,-,M,,,47,,Pending Behavior Assessment,02 year(s) 00 month(s) 27 day(s),Dogs 203 2,,,,,,,,,,,,,,,,,,,,False,,
260,1210923860833471,,,,,,,,,,,,,,,,,,,,,,,,,,,,,,,,,False,1210923864770238,False
261,1210923746432281,A0059004782,L1,L1,,-,M,,,50,,Available,04 year(s) 00 month(s) 27 day(s),Foster Foster Home,,,,,,,,,,,,,,,,,,,,False,1210923618666724,False
262,1210912477228135,,,,,,,,,,,,,,,,,,,,,,,,,,,,,,,,,False,1210912354922988,False
263,1210912476026616,,,,,,,,,,,,,,,,,,,,,,,,,,,,,,,,,False,1210912354507191,False
264,1210912260629828,A0058994579,L1,L1,,-,F,,,53,,Available,01 year(s) 00 month(s) 28 day(s),Foster Friendly Finder,,,,,,,,,,,,,,,,,,,,False,1210912477011786,False
265,1210897289618275,,,,,,,,,,,,,,,,,,,,,,,,,,,,,,,,,False,1210897575433862,False
266,1210894317148687,A0058981445,L1,L1,,-,S,,,11,,Trial Adoption,05 year(s) 00 month(s) 30 day(s),Foster Trial Adoption,,,,,,,,,,,,,,,,,,,,False,1210894043604362,False
267,1210894043448324,A0058978189,L1,L1,,+,N,,,33,,Trial Adoption,03 year(s) 01 month(s) 00 day(s),Foster Trial Adoption,,,,,,,,,,,,,,,,,,,,False,1210894341513228,False
268,1210885872676971,A0058972245,L1,L1,,-,S,,,28,,Trial Adoption,02 year(s) 01 month(s) 00 day(s),Foster Trial Adoption,,,,,,,,,,,,,,,,,,,,False,1210885552047809,False
269,1210885655168015,A0058970456,L1,L1,,-,F,,,39,,Available,02 year(s) 01 month(s) 01 day(s),Foster Foster Home,,,,,,,,,,,,,,,,,,,,False,1210885552656906,False
270,1210875371102312,A0058968313,L1,L1,,-,N,,,51,,Trial Adoption,05 year(s) 01 month(s) 01 day(s),Foster Trial Adoption,,,,,,,,,,,,,,,,,,,,False,1210875313439373,False
271,1210842373453273,A0058945418,L1,L1,,-,S,,,37,,Trial Adoption,01 year(s) 01 month(s) 04 day(s),Foster Trial Adoption,,,,,,,,,,,,,,,,,,,,False,1210842373693941,True
272,1210836809086551,,,,,,,,,,,,,,,,,,,,,,,,,,,,,,,,,False,1210836808188907,False
273,1210828357947583,A0058926674,L1,L1,,+,S,,,49,,Trial Adoption,02 year(s) 01 month(s) 08 day(s),Foster Trial Adoption,,,,,,,,,,,,,,,,,,,,False,1210828590063712,False
274,1210807018958393,A0058915433,L1,L1,,-,F,,,12,,Available,13 year(s) 01 month(s) 10 day(s),Foster Foster Home,,,,,,,,,,,,,,,,,,,,False,1210807143466144,False
275,1210807017036494,,,,,,,,,,,,,,,,,,,,,,,,,,,,,,,,,False,1210807144634098,False
276,1210807087134713,,,,,,,,,,,,,,,,,,,,,,,,,,,,,,,,,False,1210807144254984,False
277,1210807086802738,,,,,,,,,,,,,,,,,,,,,,,,,,,,,,,,,False,1210807145773499,False
278,1210807084245959,,,,,,,,,,,,,,,,,,,,,,,,,,,,,,,,,False,1210807086917174,True
279,1210807084402011,,,,,,,,,,,,,,,,,,,,,,,,,,,,,,,,,False,,
280,1210807004654127,,,,,,,,,,,,,,,,,,,,,,,,,,,,,,,,,False,1210807141659200,False
281,1210807087360210,,,,,,,,,,,,,,,,,,,,,,,,,,,,,,,,,False,1210807145001863,False
282,1210807087144930,,,,,,,,,,,,,,,,,,,,,,,,,,,,,,,,,False,1210807017120104,False
283,1210796433597224,A0058902637,L2,L2-OA,,-,M,,,59,,Court,01 year(s) 01 month(s) 10 day(s),Dog ISO 155 B4,,,,,,,,,,,,,,,,,,,,False,1210796315985344,False
284,1210780960346446,A0058897336,L1,L1,,-,F,,,38,,Available,00 year(s) 07 month(s) 12 day(s),Foster Foster Home,,,,,,,,,,,,,,,,,,,,False,1210780960149530,False
285,1210780912866621,,,,,,,,,,,,,,,,,,,,,,,,,,,,,,,,,False,1210781089663141,False
286,1210781089499286,,,,,,,,,,,,,,,,,,,,,,,,,,,,,,,,,False,1210781089619249,False
287,1210780913159516,,,,,,,,,,,,,,,,,,,,,,,,,,,,,,,,,False,1210780912915942,False
288,1210778572262111,A0058890026,L1,L1,,-,M,,,22,,Available,00 year(s) 07 month(s) 14 day(s),Foster Foster Home,,,,,,,,,,,,,,,,,,,,False,1210778572455156,False
289,1210778743591157,A0058888423,L2,L2-SF,,-,N,,,10,,Trial Adoption,02 year(s) 01 month(s) 14 day(s),Foster Trial Adoption,,,,,,,,,,,,,,,,,,,,False,1210778572410722,False
290,1210769775205797,,,,,,,,,,,,,,,,,,,,,,,,,,,,,,,,,False,1210769653872250,False
291,1210769910482667,,,,,,,,,,,,,,,,,,,,,,,,,,,,,,,,,False,1210769909914501,False
292,1210748243432876,A0058866574,L1,L1,,-,S,,,23,,Trial Adoption,00 year(s) 08 month(s) 16 day(s),Foster Trial Adoption,,,,,,,,,,,,,,,,,,,,False,1210747946863574,True
293,1210736990864382,,,,,,,,,,,,,,,,,,,,,,,,,,,,,,,,,False,1210736990531604,False
294,1210737060094854,,,,,,,,,,,,,,,,,,,,,,,,,,,,,,,,,False,1210736934411768,False
295,1210721775076116,A0058846624,L2,L2-OA,,-,M,,,47,,Court,02 year(s) 01 month(s) 19 day(s),Dogs 302 3,,,,,,,,,,,,,,,,,,,,False,1210721860124741,False
296,1210721775186012,A0058846611,L2,L2-H/SF,,-,F,,,45,,Court,03 year(s) 01 month(s) 19 day(s),Dog ISO 153 B4,,,,,,,,,,,,,,,,,,,,False,1210721775212024,False
297,1210721775111424,,,,,,,,,,,,,,,,,,,,,,,,,,,,,,,,,False,1210721860145270,True
298,1210721740273363,,,,,,,,,,,,,,,,,,,,,,,,,,,,,,,,,False,1210721775147162,True
299,1210721859910768,A0058844546,L1,L1,,+,S,,,37,,Available,03 year(s) 01 month(s) 20 day(s),Foster Foster Home,,,,,,,,,,,,,,,,,,,,False,1210721775146834,False
300,1210721740188163,,,,,,,,,,,,,,,,,,,,,,,,,,,,,,,,,False,1210721860037921,True
301,1210721775056258,,,,,,,,,,,,,,,,,,,,,,,,,,,,,,,,,False,1210721774881880,True
302,1210721775084874,,,,,,,,,,,,,,,,,,,,,,,,,,,,,,,,,False,1210721775147095,True
303,1210713479097929,,,,,,,,,,,,,,,,,,,,,,,,,,,,,,,,,False,1210713626855453,True
304,1210692597024402,A0058820414,L1,L1,,-,N,,,51,,Trial Adoption,00 year(s) 11 month(s) 23 day(s),Foster Trial Adoption,,,,,,,,,,,,,,,,,,,,False,1210692459969796,False
305,1210634287487049,A0058773401,L1,L1,,-,N,,,8,,Trial Adoption,02 year(s) 02 month(s) 00 day(s),Foster Trial Adoption,,,,,,,,,,,,,,,,,,,,False,1210634289662078,True
306,1210623078689326,A0058762449,L1,L1,,-,N,,,22,,Trial Adoption,13 year(s) 02 month(s) 02 day(s),Foster Trial Adoption,,,,,,,,,,,,,,,,,,,,False,1210623088880749,False
307,1210607961612732,A0058754236,L1,L1,,-,F,,,29,,Court,02 year(s) 02 month(s) 04 day(s),Salon C3,,,,,,,,,,,,,,,,,,,,False,1210608001174892,False
308,1210607897565454,,,,,,,,,,,,,,,,,,,,,,,,,,,,,,,,,False,1210607897552274,False
309,1210605849467063,A0058754218,L2,L2-SF,,-,M,,,36,,Court,02 year(s) 02 month(s) 04 day(s),Dog ISO 156 K2,,,,,,,,,,,,,,,,,,,,False,1210605981649959,False
310,1210605981701296,,,,,,,,,,,,,,,,,,,,,,,,,,,,,,,,,False,1210605981649285,False
311,1210577922910280,,,,,,,,,,,,,,,,,,,,,,,,,,,,,,,,,False,1210577821542477,False
312,1210577821519133,,,,,,,,,,,,,,,,,,,,,,,,,,,,,,,,,False,1210577952516377,False
313,1210577953699786,,,,,,,,,,,,,,,,,,,,,,,,,,,,,,,,,False,1210577923018901,False
314,1210577817769397,,,,,,,,,,,,,,,,,,,,,,,,,,,,,,,,,False,1210577921096062,False
315,1210577949286672,,,,,,,,,,,,,,,,,,,,,,,,,,,,,,,,,False,1210577819472322,False
316,1210577950912481,,,,,,,,,,,,,,,,,,,,,,,,,,,,,,,,,False,1210577921772377,False
317,1210566087857496,,,,,,,,,,,,,,,,,,,,,,,,,,,,,,,,,False,1210566047414845,False
318,1210549129548439,,,,,,,,,,,,,,,,,,,,,,,,,,,,,,,,,False,1210549208872911,False
319,1210549120562481,,,,,,,,,,,,,,,,,,,,,,,,,,,,,,,,,False,1210549210127131,False
320,1210549120607899,A0058256030,L1,L1,,-,F,,,67,,Court,05 year(s) 04 month(s) 18 day(s),Dog ISO 153 B3,,,,,,,,,,,,,,,,,,,,False,1210549210074233,False
321,1210549120485400,,,,,,,,,,,,,,,,,,,,,,,,,,,,,,,,,False,1210549118891032,False
322,1210549129490716,,,,,,,,,,,,,,,,,,,,,,,,,,,,,,,,,False,1210549120597139,False
323,1210549120579169,,,,,,,,,,,,,,,,,,,,,,,,,,,,,,,,,False,1210549120255890,False
324,1210517923213131,A0058679072,L2,L2-SF,,-,F,,,47,,Available,02 year(s) 02 month(s) 14 day(s),Foster Foster Home,,,,,,,,,,,,,,,,,,,,False,1210517763522912,False
325,1210490056932391,,,,,,,,,,,,,,,,,,,,,,,,,,,,,,,,,False,1210490160134666,False
326,1210481321699480,,,,,,,,,,,,,,,,,,,,,,,,,,,,,,,,,False,1210481323092236,False
327,1210469615564877,A0058638515,L2,L2-SF,,-,N,,,45,,Available,05 year(s) 02 month(s) 21 day(s),Foster Foster Home,,,,,,,,,,,,,,,,,,,,False,1210469613783840,False
328,1210469683788051,A0058637692,L1,L1,,-,S,,,36,,Available,03 year(s) 02 month(s) 20 day(s),Foster Foster Home,,,,,,,,,,,,,,,,,,,,False,1210469615212724,False
329,1210431149401712,A0058615060,L2,L2-SF,,-,F,,,48,,Available,02 year(s) 02 month(s) 25 day(s),Foster Foster Home,,,,,,,,,,,,,,,,,,,,False,1210431149356466,False
330,1210428761868693,A0058609148,L3,L3-OA/BR,,-,F,,,51,,Available,06 year(s) 02 month(s) 25 day(s),Foster Foster Home,,,,,,,,,,,,,,,,,,,,False,1210428621325775,False
331,1210407998158311,A0058589648,L2,L2 - OA/LR,,-,M,,,55,,Court,02 year(s) 02 month(s) 27 day(s),Dog ISO 153 A7,,,,,,,,,,,,,,,,,,,,False,1210408099889939,False
332,1210408065292668,,,,,,,,,,,,,,,,,,,,,,,,,,,,,,,,,False,1210408063580922,False
333,1210408098516272,,,,,,,,,,,,,,,,,,,,,,,,,,,,,,,,,False,1210408096634613,False
334,1210408061942262,A0058578550,L1,L1,,-,F,,,21,,Court,00 year(s) 11 month(s) 29 day(s),Dog ISO 156 C7,,,,,,,,,,,,,,,,,,,,False,1210407997728744,False
335,1210408199961780,A0058578397,L1,L1,,-,F,,,17,,Court,00 year(s) 11 month(s) 29 day(s),Dog ISO 155 A4,,,,,,,,,,,,,,,,,,,,False,1210408097098154,False
336,1210407995245052,A0058578335,L2,L2 - SF,,-,M,,,30,,Court,04 year(s) 02 month(s) 29 day(s),Dog ISO 155 B1,,,,,,,,,,,,,,,,,,,,False,1210407997259085,False
337,1210408096611688,,,,,,,,,,,,,,,,,,,,,,,,,,,,,,,,,False,1210408062517375,False
338,1210408093478885,A0058578487,L1,L1,,-,F,,,18,,Court,00 year(s) 11 month(s) 29 day(s),Dog ISO 155 A3,,,,,,,,,,,,,,,,,,,,False,1210408098908541,False
339,1210408200271148,A0058578454,L1,L1,,-,F,,,18,,Court,00 year(s) 11 month(s) 29 day(s),Dog ISO 156 C6,,,,,,,,,,,,,,,,,,,,False,1210408063456193,False
340,1210408063884823,A0058578305,L1,L1,,-,M,,,24,,Court,03 year(s) 02 month(s) 29 day(s),Dog ISO 156 C8,,,,,,,,,,,,,,,,,,,,False,1210408058874220,False
341,1210408095843058,A0058578173,L1,L1,,-,M,,,28,,Court,02 year(s) 02 month(s) 29 day(s),Dog ISO 156 C4,,,,,,,,,,,,,,,,,,,,False,1210408095232031,False
342,1210408098517325,A0058578273,L1,L1,,-,F,,,22,,Court,02 year(s) 02 month(s) 29 day(s),Salon C2,,,,,,,,,,,,,,,,,,,,False,1210407997640505,False
343,1210408062325809,A0058578208,L1,L1,,-,F,,,24,,Court,02 year(s) 02 month(s) 29 day(s),Dog ISO 155 B2,,,,,,,,,,,,,,,,,,,,False,1210408096428092,False
344,1210408099383951,,,,,,,,,,,,,,,,,,,,,,,,,,,,,,,,,False,1210408063939142,False
345,1210408199919582,A0058578010,L2,L2 - OA,,-,M,,,29,,Court,04 year(s) 02 month(s) 29 day(s),Dog ISO 155 B1,,,,,,,,,,,,,,,,,,,,False,1210407998007606,False
346,1210408064070708,A0058577981,L1,L1,,-,F,,,24,,Court,02 year(s) 02 month(s) 29 day(s),Dog ISO 156 C5,,,,,,,,,,,,,,,,,,,,False,1210407997467930,False
347,1210408097307050,A0058577947,L1,L1,,-,F,,,19,,Court,06 year(s) 02 month(s) 29 day(s),Dog ISO 155 A2,,,,,,,,,,,,,,,,,,,,False,1210408098442858,False
348,1210408099223803,A0058577922,L1,L1,,-,F,,,21,,Court,02 year(s) 02 month(s) 29 day(s),Dog ISO 155 A2,,,,,,,,,,,,,,,,,,,,False,1210408199901085,False
349,1210408200206459,A0058578124,L1,L1,,-,F,,,28,,Court,04 year(s) 02 month(s) 29 day(s),Dog ISO 155 B3,,,,,,,,,,,,,,,,,,,,False,1210408095843471,False
350,1210408063983577,A0058577894,L1,L1,,-,F,,,26,,Court,01 year(s) 08 month(s) 29 day(s),Dog ISO 155 B2,,,,,,,,,,,,,,,,,,,,False,1210408097911466,False
351,1210408093833301,A0058577837,L1,L1,,-,S,,,23,,Court,03 year(s) 02 month(s) 28 day(s),Foster Foster Home,,,,,,,,,,,,,,,,,,,,False,1210408063756614,False
352,1210408059850220,,,,,,,,,,,,,,,,,,,,,,,,,,,,,,,,,False,1210407998002020,False
353,1210408092589763,A0058577807,L1,L1,,-,M,,,27,,Court,05 year(s) 02 month(s) 29 day(s),Dog ISO 156 C3,,,,,,,,,,,,,,,,,,,,False,1210408063230499,False
354,1210408059754714,,,,,,,,,,,,,,,,,,,,,,,,,,,,,,,,,False,1210408095553179,False
355,1210359782108026,A0058548468,L1,L1,,-,S,,,32,,Available,03 year(s) 03 month(s) 03 day(s),Dogs 503 A6,,,,,,,,,,,,,,,,,,,,False,1210359691070510,False
356,1210324217511556,A0058529024,L1,L1,,-,S,,,63,,Available,04 year(s) 03 month(s) 05 day(s),Foster Foster Home,,,,,,,,,,,,,,,,,,,,False,1210324248004030,True
357,1210282669892808,A0058520937,L1,L1,,-,S,,,56,,Available,01 year(s) 03 month(s) 07 day(s),Foster Foster Home,,,,,,,,,,,,,,,,,,,,False,1210282670385975,False
358,1210280115891416,A0058515382,L2,L2 - SF,,+,S,,,39,,Available,01 year(s) 01 month(s) 09 day(s),Foster Foster Home,,,,,,,,,,,,,,,,,,,,False,1210280171985945,False
359,1210268699535026,,,,,,,,,,,,,,,,,,,,,,,,,,,,,,,,,False,1210268789053810,False
360,1210268787506672,,,,,,,,,,,,,,,,,,,,,,,,,,,,,,,,,False,1210268786669352,False
361,1210246644570701,,,,,,,,,,,,,,,,,,,,,,,,,,,,,,,,,False,1210246642145283,False
362,1210167861651807,,,,,,,,,,,,,,,,,,,,,,,,,,,,,,,,,False,1210167991472325,False
363,1210064333116091,A0058334939,STAFF ONLY,STAFF ONLY,,-,F,,,46,,Court,03 year(s) 04 month(s) 02 day(s),Dog ISO 153 A1,,,,,,,,,,,,,,,,,,,,False,1210064332416269,False
364,1210064191411053,A0058360897,L2,L2-SF,,-,S,,,51,,Available,02 year(s) 04 month(s) 01 day(s),Foster Foster Home,,,,,,,,,,,,,,,,,,,,False,1210064014588841,False
365,1210041042581664,A0058345198,L1,L1,,-,S,,,38,,Available,03 year(s) 04 month(s) 03 day(s),Foster Foster Home,,,,,,,,,,,,,,,,,,,,False,1210041267251155,False
366,1210029666920450,A0058338338,L1,L1,,-,S,,,48,,Available,03 year(s) 04 month(s) 05 day(s),Foster Foster Home,,,,,,,,,,,,,,,,,,,,False,1210029935635719,False
367,1209957776234964,A0058279327,L2,L2 - SF,,+,M,,,53,,Available,05 year(s) 04 month(s) 13 day(s),Foster Foster Home,,,,,,,,,,,,,,,,,,,,False,1209957776969979,False
368,1209907245964520,A0058256503,L1,L1,,-,N,,,32,,Available,01 year(s) 04 month(s) 19 day(s),Foster Foster Home,,,,,,,,,,,,,,,,,,,,False,1209907246999469,False
369,1209852419216671,A0058216441,L3,L3-BH/RG,,-,N,,,50,,Available,02 year(s) 04 month(s) 24 day(s),Foster Foster Home,,,,,,,,,,,,,,,,,,,,False,1209852420273188,False
370,1209708688747189,A0058029394,STAFF ONLY,STAFF ONLY,,-,F,,,67,,Court,04 year(s) 05 month(s) 08 day(s),Dog ISO 153 B2,,,,,,,,,,,,,,,,,,,,False,1209708688585690,False
371,1209565222652385,A0057949359,L2,L2-SF,,-,N,,,16,,Court,03 year(s) 05 month(s) 21 day(s),Foster Foster Home,,,,,,,,,,,,,,,,,,,,False,1209565189015177,False
372,1209565222426244,A0057949368,L2,L2-SF,,-,M,,,12,,Court,04 year(s) 05 month(s) 21 day(s),Foster Foster Home,,,,,,,,,,,,,,,,,,,,False,1209565226075590,False
373,1209565127453501,A0057949341,L1,L1,,-,S,,,13,,Court,12 year(s) 05 month(s) 21 day(s),Foster Foster Home,,,,,,,,,,,,,,,,,,,,False,1209565225272868,False
374,1209565124384174,A0057949322,L1,L1- OD,,-,F,,,9,,Court,01 year(s) 05 month(s) 21 day(s),Foster Foster Home,,,,,,,,,,,,,,,,,,,,False,1209565222401113,False
375,1209565225651171,A0057949305,L1,L1,,-,N,,,11,,Court,06 year(s) 03 month(s) 16 day(s),Foster Foster Home,,,,,,,,,,,,,,,,,,,,False,1209565188282449,False
376,1209565130594181,A0057949290,L1,L1,,-,N,,,10,,Court,03 year(s) 05 month(s) 21 day(s),Foster Foster Home,,,,,,,,,,,,,,,,,,,,False,1209565188307207,False
377,1209565188763141,A0057949256,L1,L1,,-,F,,,9,,Court,01 year(s) 01 month(s) 21 day(s),Foster Foster Home,,,,,,,,,,,,,,,,,,,,False,1209565225603524,False
378,1209565128857873,A0057949234,L2,L2-SF,,-,F,,,11,,Court,03 year(s) 05 month(s) 21 day(s),Foster Foster Home,,,,,,,,,,,,,,,,,,,,False,1209565129980117,False
379,1209449543781550,A0057877022,L1,L1,,-,S,,,49,,Court,02 year(s) 00 month(s) 04 day(s),Dog ISO 153 A2,,,,,,,,,,,,,,,,,,,,False,1209449673792410,False
380,1209295929716899,A0057771723,L1,L1,,-,N,,,63,,Available,02 year(s) 06 month(s) 11 day(s),Foster Foster Home,,,,,,,,,,,,,,,,,,,,False,1209295930018863,False
381,1209295929537802,A0057747654,L2,L2-JM/SF,,-,S,,,46,,Available,01 year(s) 06 month(s) 25 day(s),Foster Foster Home,,,,,,,,,,,,,,,,,,,,False,1209295930078564,False
382,1209239747017512,A0057054603,L1,L1,,+,S,,,45,,Available,02 year(s) 10 month(s) 14 day(s),Foster Foster Home,,,,,,,,,,,,,,,,,,,,False,1209239869662781,False
383,1209040730323604,A0057510470,L3,L3- BH,,-,N,,,57,,Available,02 year(s) 07 month(s) 30 day(s),Foster Foster Home,,,,,,,,,,,,,,,,,,,,False,1209040786355007,False
384,1208908582470542,A0057361999,L1,L1,,-,N,,,35,,Available,03 year(s) 08 month(s) 27 day(s),Foster Foster Home,,,,,,,,,,,,,,,,,,,,False,1208908586035162,False
385,1208874692713699,A0057361999,L1,L1,,-,N,,,30,,Microchip,03 year(s) 00 month(s) 05 day(s),Dog Intake 128.01,,,,,,,,,,,,,,,,,,,,False,1208874692483204,False
386,1208829890389773,A0057321831,L1,L1,,-,S,,,42,,Available,02 year(s) 09 month(s) 03 day(s),Foster Foster Home,,,,,,,,,,,,,,,,,,,,False,1208829981210030,False
387,1208546763522544,,,,,,,,,,,,,,,,,,,,,,,,,,,,,,,,,False,1208546690283569,False
388,1208526295993757,A0057053942,L1,L1,,-,N,,,44,,Available,02 year(s) 10 month(s) 14 day(s),Foster Foster Home,,,,,,,,,,,,,,,,,,,,False,1208526220406834,False
389,1208368017179621,A0056932246,L1,L1,,+,S,,,66,,Available,04 year(s) 11 month(s) 03 day(s),Foster Foster Home,,,,,,,,,,,,,,,,,,,,False,1208368017010431,False
390,1208327769262523,A0056890782,L2,L2-H/SF,,-,F,,,44,,Court,04 year(s) 11 month(s) 07 day(s),Dog ISO 153 A3,,,,,,,,,,,,,,,,,,,,False,1208327769975042,False
391,1207884213708149,A0056417577,L1,L1,,-,S,,,52,,Available,04 year(s) 01 month(s) 02 day(s),Foster Foster Home,,,,,,,,,,,,,,,,,,,,False,1207884152777342,False
392,1207884117931748,A0056408698,L1,L1,,+,N,,,74,,Available,05 year(s) 01 month(s) 03 day(s),Foster Foster Home,,,,,,,,,,,,,,,,,,,,False,1207884213404520,False
393,1207753032981880,A0056311122,L1,L1,,-,M,,,54,,Court,04 year(s) 01 month(s) 16 day(s),Dog ISO 153 B7,,,,,,,,,,,,,,,,,,,,False,1207752894958005,False
394,1207752938249020,A0056311149,L2,L2-OA,,-,M,,,57,,Court,05 year(s) 01 month(s) 15 day(s),Dogs 201 4,,,,,,,,,,,,,,,,,,,,False,1207752937814325,False
395,1207753031028720,A0056311153,L1,L1,,-,M,,,34,,Court,01 year(s) 07 month(s) 15 day(s),Dog ISO 153 A6,,,,,,,,,,,,,,,,,,,,False,1207752896303737,False
396,1207752937475930,A0056311140,L2,L2-BR/OA,,-,F,,,49,,Court,05 year(s) 01 month(s) 19 day(s),Dog ISO 153 A5,,,,,,,,,,,,,,,,,,,,False,1207752936374646,False
397,1207752895961934,A0056311133,L3,L3-OA,,-,M,,,33,,Court,01 year(s) 09 month(s) 15 day(s),Dogs 201 3,,,,,,,,,,,,,,,,,,,,False,1207752936367562,False
398,1207752895495950,A0056311137,L1,L1,,-,F,,,67,,Court,08 year(s) 01 month(s) 15 day(s),Foster Foster Home,,,,,,,,,,,,,,,,,,,,False,1207752936367626,False
399,1207752893635824,A0056311130,L1,L1,,-,F,,,63,,Court,05 year(s) 01 month(s) 15 day(s),Dog ISO 153 A4,,,,,,,,,,,,,,,,,,,,False,1207752935358036,False
400,1207752894964869,A0056311125,L2,L2 - SD/OA,,-,F,,,57,,Court,04 year(s) 01 month(s) 15 day(s),Dogs 203 9,,,,,,,,,,,,,,,,,,,,False,1207752935343317,False
401,1207461737538923,A0056039115,STAFF ONLY,STAFF ONLY,,-,M,,,0,,Court,03 year(s) 08 month(s) 29 day(s),Dogs 202 6,,,,,,,,,,,,,,,,,,,,False,1207461737201281,False
402,1207450927686278,,,,,,,,,,,,,,,,,,,,,,,,,,,,,,,,,False,1207450857707034,False
403,1206745361286994,A0055454653,L2,L2-SF,,-,S,,,44,,Available,04 year(s) 05 month(s) 13 day(s),Foster Foster Home,,,,,,,,,,,,,,,,,,,,False,1206745362734411,False
404,1206304019705650,A0053626387,L2,A889029  L2-BR/A,,-,N,,,54,,Available,04 year(s) 05 month(s) 04 day(s),Foster Foster Home,,,,,,,,,,,,,,,,,,,,False,1202008836789657,False
405,1206096611300148,A0054884374,L2,L2-OA,,-,S,,,36,,Court,02 year(s) 08 month(s) 13 day(s),Foster Foster Home,,,,,,,,,,,,,,,,,,,,False,1206096620573920,False
406,1205458413534827,,,,,,,,,,,,,,,,,,,,,,,,,,,,,,,,,False,1205458316884146,False
407,1206398747849468,,,,,,,,,,,,,,,,,,,,,,,,,,,,,,,,,False,1206386867201919,False
408,1211179520215760,,,,,,,,,,,,,,,,,,,,,,,,,,,,,,,,,False,1211179381346831,False
409,1211179383407953,,,,,,,,,,,,,,,,,,,,,,,,,,,,,,,,,False,1211179456656354,False
410,1211179382866361,,,,,,,,,,,,,,,,,,,,,,,,,,,,,,,,,False,1211179521057219,False
411,1211179518484233,,,,,,,,,,,,,,,,,,,,,,,,,,,,,,,,,False,1211179383246094,False
412,1211179456468148,,,,,,,,,,,,,,,,,,,,,,,,,,,,,,,,,False,1211179381346928,False
413,1211179456797918,,,,,,,,,,,,,,,,,,,,,,,,,,,,,,,,,False,1211179452304104,False
414,1211179521205295,,,,,,,,,,,,,,,,,,,,,,,,,,,,,,,,,False,1211179379966012,False
415,1211179383134581,,,,,,,,,,,,,,,,,,,,,,,,,,,,,,,,,False,1211179456546201,False
416,1211179456701564,,,,,,,,,,,,,,,,,,,,,,,,,,,,,,,,,False,1211179519012045,False
417,1211179521019882,,,,,,,,,,,,,,,,,,,,,,,,,,,,,,,,,False,1211179377942045,False
418,1211179521057378,,,,,,,,,,,,,,,,,,,,,,,,,,,,,,,,,False,1211179383112320,False
419,1211179521010194,,,,,,,,,,,,,,,,,,,,,,,,,,,,,,,,,False,1211179455668677,False
420,1211179520916259,,,,,,,,,,,,,,,,,,,,,,,,,,,,,,,,,False,1211179456546187,False
421,1211179382813010,,,,,,,,,,,,,,,,,,,,,,,,,,,,,,,,,False,1211179518559236,False
422,1211179456582874,,,,,,,,,,,,,,,,,,,,,,,,,,,,,,,,,False,1211179520877751,False
423,1211179456570861,,,,,,,,,,,,,,,,,,,,,,,,,,,,,,,,,False,1211179456537322,False
424,1211179383054339,,,,,,,,,,,,,,,,,,,,,,,,,,,,,,,,,False,1211179456537418,False
425,1211179455680328,,,,,,,,,,,,,,,,,,,,,,,,,,,,,,,,,False,1211179517810381,False
426,1211179381536258,,,,,,,,,,,,,,,,,,,,,,,,,,,,,,,,,False,1211179514447080,False
427,1211179456348184,,,,,,,,,,,,,,,,,,,,,,,,,,,,,,,,,False,1211179452295805,False
428,1211179520679342,,,,,,,,,,,,,,,,,,,,,,,,,,,,,,,,,False,1211179380897394,False
429,1211179456342047,,,,,,,,,,,,,,,,,,,,,,,,,,,,,,,,,False,1211179516132435,False
430,1211179520674228,,,,,,,,,,,,,,,,,,,,,,,,,,,,,,,,,False,1211179455196100,False
431,1211168111399506,,,,,,,,,,,,,,,,,,,,,,,,,,,,,,,,,False,1211168045932157,False
432,1211168046226863,,,,,,,,,,,,,,,,,,,,,,,,,,,,,,,,,False,1211168045929422,False
433,1211168046107352,,,,,,,,,,,,,,,,,,,,,,,,,,,,,,,,,False,1211168045311142,False
434,1211168180178651,,,,,,,,,,,,,,,,,,,,,,,,,,,,,,,,,False,1211168045944114,False
435,1211168111309287,,,,,,,,,,,,,,,,,,,,,,,,,,,,,,,,,False,1211168045959759,False
436,1211168045520785,,,,,,,,,,,,,,,,,,,,,,,,,,,,,,,,,False,1211168111040216,False
437,1211168181014065,,,,,,,,,,,,,,,,,,,,,,,,,,,,,,,,,False,1211168045331909,False
438,1211168045163458,,,,,,,,,,,,,,,,,,,,,,,,,,,,,,,,,False,1211168044289386,False
439,1211168045832554,,,,,,,,,,,,,,,,,,,,,,,,,,,,,,,,,False,1211168109702806,False
440,1211168110884806,,,,,,,,,,,,,,,,,,,,,,,,,,,,,,,,,False,1211168044822566,False
441,1211168180984806,,,,,,,,,,,,,,,,,,,,,,,,,,,,,,,,,False,1211168179438433,False
442,1211168180562389,,,,,,,,,,,,,,,,,,,,,,,,,,,,,,,,,False,1211168045806301,False
443,1211168180868178,,,,,,,,,,,,,,,,,,,,,,,,,,,,,,,,,False,1211168110354991,False
444,1211168180877285,,,,,,,,,,,,,,,,,,,,,,,,,,,,,,,,,False,1211168110842154,False
445,1211168111010155,,,,,,,,,,,,,,,,,,,,,,,,,,,,,,,,,False,1211168180241165,False
446,1211168045141964,,,,,,,,,,,,,,,,,,,,,,,,,,,,,,,,,False,1211168045668515,False
447,1211168110963794,,,,,,,,,,,,,,,,,,,,,,,,,,,,,,,,,False,1211168110930184,False
448,1211168110882929,,,,,,,,,,,,,,,,,,,,,,,,,,,,,,,,,False,1211168043662476,False
449,1211168180598319,,,,,,,,,,,,,,,,,,,,,,,,,,,,,,,,,False,1211168044951820,False
450,1211168045460693,,,,,,,,,,,,,,,,,,,,,,,,,,,,,,,,,False,,
451,1211168110753619,,,,,,,,,,,,,,,,,,,,,,,,,,,,,,,,,False,1211168044424016,False
452,1211168180292854,,,,,,,,,,,,,,,,,,,,,,,,,,,,,,,,,False,1211168110600352,False
453,1211168179102183,,,,,,,,,,,,,,,,,,,,,,,,,,,,,,,,,False,1211168045342476,False
454,1211157513930276,,,,,,,,,,,,,,,,,,,,,,,,,,,,,,,,,False,1211157477361260,False
455,1211157618289824,,,,,,,,,,,,,,,,,,,,,,,,,,,,,,,,,False,1211157616933071,False
456,1211157618294055,,,,,,,,,,,,,,,,,,,,,,,,,,,,,,,,,False,1211157477120036,False
457,1211157513831582,,,,,,,,,,,,,,,,,,,,,,,,,,,,,,,,,False,1211157618128578,False
458,1211157614863070,,,,,,,,,,,,,,,,,,,,,,,,,,,,,,,,,False,1211157477391322,False
459,1211157511382632,,,,,,,,,,,,,,,,,,,,,,,,,,,,,,,,,False,1211157513533642,False
460,1211157618011969,,,,,,,,,,,,,,,,,,,,,,,,,,,,,,,,,False,1211157513533997,False
461,1211157618046801,,,,,,,,,,,,,,,,,,,,,,,,,,,,,,,,,False,1211157617991929,False
462,1211157513347013,,,,,,,,,,,,,,,,,,,,,,,,,,,,,,,,,False,1211157513533770,False
463,1211157513567073,,,,,,,,,,,,,,,,,,,,,,,,,,,,,,,,,False,1211157476965440,False
464,1211157511480724,,,,,,,,,,,,,,,,,,,,,,,,,,,,,,,,,False,,
465,1211157617845851,,,,,,,,,,,,,,,,,,,,,,,,,,,,,,,,,False,1211157477248073,False
466,1211157476628113,,,,,,,,,,,,,,,,,,,,,,,,,,,,,,,,,False,,
467,1211157617833595,,,,,,,,,,,,,,,,,,,,,,,,,,,,,,,,,False,1211157617750527,False
468,1211157513378665,,,,,,,,,,,,,,,,,,,,,,,,,,,,,,,,,False,1211157617657684,False
469,1211157477315660,,,,,,,,,,,,,,,,,,,,,,,,,,,,,,,,,False,1211157617475961,False
470,1211145741463656,,,,,,,,,,,,,,,,,,,,,,,,,,,,,,,,,False,1211145515760619,False
471,1211145514780344,,,,,,,,,,,,,,,,,,,,,,,,,,,,,,,,,False,1211145821532393,True
472,1211145514202525,,,,,,,,,,,,,,,,,,,,,,,,,,,,,,,,,False,1211145821052341,False
473,1211145514731677,,,,,,,,,,,,,,,,,,,,,,,,,,,,,,,,,False,1211145822476897,False
474,1211145741201890,,,,,,,,,,,,,,,,,,,,,,,,,,,,,,,,,False,1211145511439106,False
475,1211145822988047,,,,,,,,,,,,,,,,,,,,,,,,,,,,,,,,,False,1211145823017711,False
476,1211145514324516,,,,,,,,,,,,,,,,,,,,,,,,,,,,,,,,,False,1211145818962730,False
477,1211145741059260,,,,,,,,,,,,,,,,,,,,,,,,,,,,,,,,,False,1211145820688492,False
478,1211145514466878,,,,,,,,,,,,,,,,,,,,,,,,,,,,,,,,,False,1211145736997027,False
479,1211145514475166,,,,,,,,,,,,,,,,,,,,,,,,,,,,,,,,,False,1211145819891470,False
480,1211145740773175,,,,,,,,,,,,,,,,,,,,,,,,,,,,,,,,,False,1211145821728037,False
481,1211145822842648,,,,,,,,,,,,,,,,,,,,,,,,,,,,,,,,,False,1211145510345017,False
482,1211145514472362,,,,,,,,,,,,,,,,,,,,,,,,,,,,,,,,,False,1211145740882609,False
483,1211134274362030,,,,,,,,,,,,,,,,,,,,,,,,,,,,,,,,,False,1211134273724769,False
484,1211134274351640,,,,,,,,,,,,,,,,,,,,,,,,,,,,,,,,,False,1211134865789286,False
485,1211134866882849,,,,,,,,,,,,,,,,,,,,,,,,,,,,,,,,,False,1211134866146074,False
486,1211134528229856,,,,,,,,,,,,,,,,,,,,,,,,,,,,,,,,,False,1211134273162523,False
487,1211134865721052,,,,,,,,,,,,,,,,,,,,,,,,,,,,,,,,,False,1211134526884726,True
488,1211134527824925,,,,,,,,,,,,,,,,,,,,,,,,,,,,,,,,,False,1211134273161911,False
489,1211134527623436,,,,,,,,,,,,,,,,,,,,,,,,,,,,,,,,,False,1211134528057816,False
490,1211134864973708,,,,,,,,,,,,,,,,,,,,,,,,,,,,,,,,,False,1211134865624471,False
491,1211134865732311,,,,,,,,,,,,,,,,,,,,,,,,,,,,,,,,,False,1211134526680697,False
492,1211134273047908,,,,,,,,,,,,,,,,,,,,,,,,,,,,,,,,,False,1211134864967325,False
493,1211134527856494,,,,,,,,,,,,,,,,,,,,,,,,,,,,,,,,,False,1211134271526746,False
494,1211134273022181,,,,,,,,,,,,,,,,,,,,,,,,,,,,,,,,,False,1211134865089440,False
495,1211134865464402,,,,,,,,,,,,,,,,,,,,,,,,,,,,,,,,,False,1211134527800291,True
496,1211134865466922,,,,,,,,,,,,,,,,,,,,,,,,,,,,,,,,,False,1211134272940912,False
497,1211134865456414,,,,,,,,,,,,,,,,,,,,,,,,,,,,,,,,,False,1211134527801491,False
498,1211131257725436,A0059228456,STAFF ONLY,STAFF ONLY,,-,F,,,42,,Pending Behavior Assessment,04 year(s) 00 month(s) 01 day(s),Receiving 130 4,,,,,,,,,,,,,,,,,,,,False,1211131133658178,False
499,1211131257636857,A0059227530,L2,L2-SF,,-,F,,,6,,Stray Wait,01 year(s) 00 month(s) 02 day(s),Foster Friendly Finder,,,,,,,,,,,,,,,,,,,,False,1211131564840594,False
500,1211131134009740,,,,,,,,,,,,,,,,,,,,,,,,,,,,,,,,,False,1211131132988176,False
501,1211131257568134,A0059226558,L1,L1,,-,M,,,25,,Stray Wait,00 year(s) 04 month(s) 01 day(s),Dog Pre/Post Op 135 1,,,,,,,,,,,,,,,,,,,,False,1211131133633111,False
502,1211131257616397,A0059226901,L1,L1,,+,M,,,11,,Stray Wait,02 year(s) 00 month(s) 02 day(s),Foster Friendly Finder,,,,,,,,,,,,,,,,,,,,False,1211131257388107,False
503,1211131257487633,A0059226693,L2,L2-SF,,-,N,,,60,,Microchip,None,Dogs 303 A4,,,,,,,,,,,,,,,,,,,,False,1211131257383004,True
504,1211131257607217,A0059225645,L2,L2-SF,,-,F,,,39,,Stray Wait,02 year(s) 00 month(s) 01 day(s),Dog Pre/Post Op 135 3,,,,,,,,,,,,,,,,,,,,False,1211131133396790,False
505,1211131257604386,A0059225391,L1,L1,,+,M,,,55,,Stray Wait,02 year(s) 00 month(s) 01 day(s),Dog Pre/Post Op 135 7,,,,,,,,,,,,,,,,,,,,False,1211131256623929,False
506,1211131564927292,A0059226845,L1,L1,,-,N,,,55,,Microchip,03 year(s) 00 month(s) 01 day(s),Dog Pre/Post Op 135 8,,,,,,,,,,,,,,,,,,,,False,1211131133351129,False
507,1211131564915193,A0059224364,L1,L1,,-,F,,,27,,Stray Wait,01 year(s) 06 month(s) 02 day(s),Dogs 088 A1,,,,,,,,,,,,,,,,,,,,False,1211131133643484,False
508,1211131564864875,A0059224903,L1,L1,,-,M,,,73,,Cites,01 year(s) 03 month(s) 00 day(s),Dog Pre/Post Op 135 6,,,,,,,,,,,,,,,,,,,,False,1211131133560703,False
509,1211131257504183,A0059220223,L1,L1,,-,F,,,31,,Cites,00 year(s) 08 month(s) 02 day(s),Dogs 081 A8,,,,,,,,,,,,,,,,,,,,False,1211131133180426,False
510,1211131133955167,A0059221224,L1,L1,,+,M,,,29,,Stray Wait,02 year(s) 00 month(s) 02 day(s),Dogs 067 A1,,,,,,,,,,,,,,,,,,,,False,1211131133932546,False
511,1211131564861710,,,,,,,,,,,,,,,,,,,,,,,,,,,,,,,,,False,1211131133394208,False
512,1211131133934839,,,,,,,,,,,,,,,,,,,,,,,,,,,,,,,,,False,1211131133036559,False
513,1211131564855028,A0059211223,L2,L2-SF,,-,M,,,81,,Available,02 year(s) 00 month(s) 01 day(s),Receiving 130 7,,,,,,,,,,,,,,,,,,,,False,1211131564170594,False
514,1211131564803189,A0059211166,L2,L2-SF,,-,F,,,74,,Available,02 year(s) 00 month(s) 01 day(s),Receiving 129 K4,,,,,,,,,,,,,,,,,,,,False,1211131256368598,False
515,1211131564775296,A0059209543,L1,L1,,-,M,,,53,,Stray Wait,03 year(s) 00 month(s) 02 day(s),Dogs 081 B3,,,,,,,,,,,,,,,,,,,,False,1211131563884959,False
516,1211131564801036,A0059217071,L1,L1,,-,F,,,42,,Stray Wait,01 year(s) 00 month(s) 02 day(s),Dogs 066 B2,,,,,,,,,,,,,,,,,,,,False,1211131133519655,False
517,1211131564688042,A0059211192,L3,L3-SF,,-,M,,,82,,Available,03 year(s) 00 month(s) 01 day(s),Receiving 130 6,,,,,,,,,,,,,,,,,,,,False,1211131563699634,False
518,1211131257464582,A0059211044,L1,L1,,-,F,,,59,,Available,04 year(s) 00 month(s) 01 day(s),Dogs 602 4,,,,,,,,,,,,,,,,,,,,False,1211131133071931,False
519,1211128175398853,A0059218046,L1,L1,,+,M,,,76,,Available,02 year(s) 00 month(s) 02 day(s),Dogs 402 2,,,,,,,,,,,,,,,,,,,,False,1211128175714966,False
520,1211128175742199,A0059218047,L1,L1,,-,M,,,53,,Identifying Info,00 year(s) 11 month(s) 02 day(s),Puppy 47 3,,,,,,,,,,,,,,,,,,,,False,1211128449955371,False
521,1211128280867988,A0059223851,L3,L3-SF,,+,F,,,34,,Stray Wait,02 year(s) 00 month(s) 02 day(s),Receiving 130 12,,,,,,,,,,,,,,,,,,,,False,1211128175357570,False
522,1211128280865646,A0059223843,L2,L2-SF,,-,M,,,42,,Stray Wait,02 year(s) 00 month(s) 02 day(s),Dogs 081 A4,,,,,,,,,,,,,,,,,,,,False,1211128449686886,False
523,1211128175420041,A0059224207,L1,L1,,-,F,,,58,,Cites,03 year(s) 00 month(s) 02 day(s),Dogs 406 A6,,,,,,,,,,,,,,,,,,,,False,1211128449567867,False
524,1211128280792365,A0059221594,L2,L2-SF,,-,M,,,9,,Stray Wait,00 year(s) 05 month(s) 03 day(s),Foster Friendly Finder,,,,,,,,,,,,,,,,,,,,False,1211128175039257,False
525,1211128449401968,A0059222702,L1,L1,,-,S,,,13,,Microchip,01 year(s) 06 month(s) 03 day(s),Foster Friendly Finder,,,,,,,,,,,,,,,,,,,,False,1211128175010711,False
526,1211128280804669,A0059223836,L1,L1,,+,M,,,39,,Stray Wait,01 year(s) 00 month(s) 02 day(s),Dogs 606 A5,,,,,,,,,,,,,,,,,,,,False,1211128449200454,False
527,1211128449535359,A0059223256,L1,L1,,-,M,,,49,,Stray Wait,02 year(s) 00 month(s) 02 day(s),Dogs 064 A4,,,,,,,,,,,,,,,,,,,,False,1211128280759488,False
528,1211128280713450,A0059218068,L1,L1,,+,F,,,54,,Identifying Info,03 year(s) 00 month(s) 02 day(s),Puppy 47 3,,,,,,,,,,,,,,,,,,,,False,1211128449567852,False
529,1211128280731000,A0059221336,L1,L1,,-,F,,,27,,Stray Wait,02 year(s) 00 month(s) 02 day(s),Dog Intake 128.01,,,,,,,,,,,,,,,,,,,,False,1211128175164410,False
530,1211128175249368,,,,,,,,,,,,,,,,,,,,,,,,,,,,,,,,,False,1211128280624258,False
531,1211128175188068,A0059218081,L1,L1,,-,F,,,7,,Available,02 year(s) 00 month(s) 03 day(s),Foster Foster Home,,,,,,,,,,,,,,,,,,,,False,1211128175216464,True
532,1211128175254114,A0059220107,L1,L1,,-,M,,,75,,Stray Wait,None,Foster Friendly Finder,,,,,,,,,,,,,,,,,,,,False,1211128175221612,False
533,1211128449536060,A0059209562,L2,L2-OA,,+,M,,,54,,Stray Wait,02 year(s) 00 month(s) 03 day(s),Dogs 403 A2,,,,,,,,,,,,,,,,,,,,False,1211128280623168,False
534,1211128175158919,A0059217079,L1,L1,,-,F,,,15,,Stray Wait,00 year(s) 10 month(s) 03 day(s),Small Animals 5,,,,,,,,,,,,,,,,,,,,False,1211128280623200,False
535,1211128175130126,A0059211703,L1,L1,,-,F,,,7,,Stray Wait,00 year(s) 11 month(s) 03 day(s),Dogs 064 B1,,,,,,,,,,,,,,,,,,,,False,1211128175132748,False
536,1211128175184403,A0059216974,L1,L1,,-,F,,,48,,Stray Wait,01 year(s) 06 month(s) 03 day(s),Dogs 403 B2,,,,,,,,,,,,,,,,,,,,False,1211128175132716,False
537,1211128449546331,A0059217339,L1,L1,,-,N,,,11,,Stray Wait,01 year(s) 00 month(s) 03 day(s),Dogs 502 C2,,,,,,,,,,,,,,,,,,,,False,1211128449503913,True
538,1211128280570836,,,,,,,,,,,,,,,,,,,,,,,,,,,,,,,,,False,1211128449359598,True
539,1211128280529677,,,,,,,,,,,,,,,,,,,,,,,,,,,,,,,,,False,,
540,1211128280534982,,,,,,,,,,,,,,,,,,,,,,,,,,,,,,,,,False,1211128280486625,False
541,1211128175064764,,,,,,,,,,,,,,,,,,,,,,,,,,,,,,,,,False,1211128449402880,True
542,1211128449412047,,,,,,,,,,,,,,,,,,,,,,,,,,,,,,,,,False,1211128448755606,True
543,1211128175060596,,,,,,,,,,,,,,,,,,,,,,,,,,,,,,,,,False,1211128280196759,True
544,1211119632933102,A0059217133,L1,L1,,-,F,,,53,,Stray Wait,02 year(s) 06 month(s) 04 day(s),Dogs 306 B5,,,,,,,,,,,,,,,,,,,,False,1211119511918136,False
545,1211119511092046,A0059215791,L1,L1,,-,M,,,21,,Microchip,00 year(s) 10 month(s) 03 day(s),Dogs 064 A2,,,,,,,,,,,,,,,,,,,,False,1211119355525759,False
546,1211119355670533,A0059216702,L1,L1,,-,F,,,65,,Stray Wait,06 year(s) 00 month(s) 03 day(s),Dogs 081 A5,,,,,,,,,,,,,,,,,,,,False,1211119355532562,False
547,1211119355610246,A0059211824,L1,L1,,-,M,,,7,,Microchip,04 year(s) 00 month(s) 04 day(s),Dogs 068 C1,,,,,,,,,,,,,,,,,,,,False,1211119631105947,True
548,1211119355582123,A0059214231,L2,L2-SF,,-,F,,,42,,Microchip,03 year(s) 00 month(s) 04 day(s),Foster Friendly Finder,,,,,,,,,,,,,,,,,,,,False,1211119354970881,False
549,1211119510971964,A0059215210,L1,L1,,-,M,,,17,,Stray Wait,01 year(s) 06 month(s) 03 day(s),Dogs 064 A1,,,,,,,,,,,,,,,,,,,,False,1211119510230624,True
550,1211119355610367,A0059212500,L2,L2-BR,,+,M,,,63,,Available,08 year(s) 00 month(s) 04 day(s),Dogs 079 B6,,,,,,,,,,,,,,,,,,,,False,1211119510761034,False
551,1211119355141354,A0059209550,L1,L1,,-,F,,,9,,Identifying Info,13 year(s) 00 month(s) 03 day(s),Small Animals 2,,,,,,,,,,,,,,,,,,,,False,1211119631799085,False
552,1211119355224276,A0059209048,L2,L2-SF,,-,F,,,33,,Stray Wait,02 year(s) 00 month(s) 04 day(s),Dogs 068 A1,,,,,,,,,,,,,,,,,,,,False,1211119355368178,False
553,1211119355220839,,,,,,,,,,,,,,,,,,,,,,,,,,,,,,,,,False,1211119509915995,False
554,1211119355221966,A0059209398,L1,L1,,+,M,,,41,,Stray Wait,03 year(s) 00 month(s) 04 day(s),Dog Quarantine B5,,,,,,,,,,,,,,,,,,,,False,1211119631745364,False
555,1211119631576524,,,,,,,,,,,,,,,,,,,,,,,,,,,,,,,,,False,1211119631350852,False
556,1211119355245026,,,,,,,,,,,,,,,,,,,,,,,,,,,,,,,,,False,,
557,1211119631694091,,,,,,,,,,,,,,,,,,,,,,,,,,,,,,,,,False,1211119510580588,False
558,1211119510645648,A0059201488,STAFF ONLY,STAFF ONLY,,-,F,,,15,,Pending Behavior Assessment,02 year(s) 00 month(s) 04 day(s),Receiving 130 10,,,,,,,,,,,,,,,,,,,,False,1211119510197491,False
559,1211119510472712,,,,,,,,,,,,,,,,,,,,,,,,,,,,,,,,,False,1211119510580620,False
560,1211119631379539,,,,,,,,,,,,,,,,,,,,,,,,,,,,,,,,,False,1211119355246320,False
561,1211119355215845,,,,,,,,,,,,,,,,,,,,,,,,,,,,,,,,,False,1211119355243711,False
562,1211109320866071,A0059208675,L1,L1-RN,,-,F,,,22,,Microchip,05 year(s) 00 month(s) 04 day(s),Dogs 067 B4,,,,,,,,,,,,,,,,,,,,False,1211109318682685,False
563,1211109320722607,,,,,,,,,,,,,,,,,,,,,,,,,,,,,,,,,False,1211109215209680,False
564,1211109320622650,,,,,,,,,,,,,,,,,,,,,,,,,,,,,,,,,False,1211109218126892,True
565,1211109320589144,,,,,,,,,,,,,,,,,,,,,,,,,,,,,,,,,False,1211109218856672,False
566,1211109350392023,A0059207050,L1,L1,,-,F,,,45,,Stray Wait,04 year(s) 00 month(s) 04 day(s),Dogs 081 B9,,,,,,,,,,,,,,,,,,,,False,1211109320417901,False
567,1211109219274305,A0059206576,L1,L1,,+,M,,,93,,Stray Wait,04 year(s) 00 month(s) 04 day(s),Dogs 501 2,,,,,,,,,,,,,,,,,,,,False,1211109320417804,False
568,1211109320470097,,,,,,,,,,,,,,,,,,,,,,,,,,,,,,,,,False,1211109348397697,False
569,1211109320594510,A0059208023,L1,L1-RN,,-,M,,,26,,Identifying Info,04 year(s) 00 month(s) 04 day(s),Dogs 079 A5,,,,,,,,,,,,,,,,,,,,False,1211109348343235,True
570,1211109219557935,A0059205673,STAFF ONLY,STAFF ONLY,,+,F,,,0,,Stray Wait,None,Dogs 203 6,,,,,,,,,,,,,,,,,,,,False,,
571,1211109320200496,A0059205432,L1,L1,,-,M,,,82,,Stray Wait,03 year(s) 00 month(s) 05 day(s),Dogs 401 8,,,,,,,,,,,,,,,,,,,,False,1211109320043250,True
572,1211109350289858,A0059205759,L1,L1,,-,M,,,36,,Stray Wait,01 year(s) 06 month(s) 04 day(s),Dogs 406 B2,,,,,,,,,,,,,,,,,,,,False,1211109314595092,False
573,1211109319320094,,,,,,,,,,,,,,,,,,,,,,,,,,,,,,,,,False,1211109318755497,False
574,1211109320256084,,,,,,,,,,,,,,,,,,,,,,,,,,,,,,,,,False,1211109350104868,False
575,1211109219434137,A0059204663,L1,L1,,+,M,,,74,,Stray Wait,03 year(s) 00 month(s) 05 day(s),Foster Friendly Finder,,,,,,,,,,,,,,,,,,,,False,1211109350102389,False
576,1211109350147931,,,,,,,,,,,,,,,,,,,,,,,,,,,,,,,,,False,1211109349532917,False
577,1211109350160084,A0059204484,L1,L1,,-,F,,,23,,Microchip,05 year(s) 00 month(s) 04 day(s),Dogs 079 A1,,,,,,,,,,,,,,,,,,,,False,1211109317897240,True
578,1211109218815230,A0059201841,L1,L1,,-,F,,,40,,Available,00 year(s) 09 month(s) 05 day(s),Dogs 088 B6,,,,,,,,,,,,,,,,,,,,False,1211109320015100,False
579,1211109317967030,A0059196963,L1,L1,,-,F,,,42,,Adopted,01 year(s) 00 month(s) 05 day(s),Flex 85,,,,,,,,,,,,,,,,,,,,False,1211109219209280,True
580,1211109219267280,A0059204350,L1,L1,,-,F,,,10,,Stray Wait,03 year(s) 00 month(s) 04 day(s),Clinic Clinic,,,,,,,,,,,,,,,,,,,,False,1211109218692209,False
581,1211109349848916,A0059201452,L2,L2-SF,,+,M,,,36,,Available,03 year(s) 00 month(s) 05 day(s),Dogs 403 B6,,,,,,,,,,,,,,,,,,,,False,1211109348343217,False
582,1211109219076758,A0059201579,L1,L1,,-,F,,,35,,Adopted,06 year(s) 00 month(s) 05 day(s),Clinic Clinic,,,,,,,,,,,,,,,,,,,,False,1211109320043236,False
583,1211098092782991,A0059197190,L1,L1,,-,F,,,27,,Available,00 year(s) 08 month(s) 06 day(s),Dogs 081 A7,,,,,,,,,,,,,,,,,,,,False,1211098092476834,False
584,1211098092735144,A0059201498,L1,L1,,-,F,,,61,,Microchip,04 year(s) 00 month(s) 05 day(s),Dogs 403 A4,,,,,,,,,,,,,,,,,,,,False,1211098116841797,False
585,1211098092722779,,,,,,,,,,,,,,,,,,,,,,,,,,,,,,,,,False,1211098025626941,True
586,1211098092738658,A0059201506,L1,L1,,-,M,,,30,,Available,01 year(s) 00 month(s) 05 day(s),Dogs 506 B4,,,,,,,,,,,,,,,,,,,,False,1211098025848942,False
587,1211098025782954,A0059193435,L1,L1,,-,M,,,52,,Available,05 year(s) 00 month(s) 06 day(s),Dogs 503 A1,,,,,,,,,,,,,,,,,,,,False,1211098023281299,False
588,1211098025748980,,,,,,,,,,,,,,,,,,,,,,,,,,,,,,,,,False,1211098092491126,False
589,1211098117336813,A0059195704,L1,L1,,-,M,,,11,,Adopted,None,Clinic Clinic,,,,,,,,,,,,,,,,,,,,False,1211098025742263,True
590,1211098025659288,,,,,,,,,,,,,,,,,,,,,,,,,,,,,,,,,False,1211098092251821,False
591,1211098092425544,A0059187326,L1,L1,,-,M,,,34,,Available,00 year(s) 10 month(s) 06 day(s),Dogs 067 B5,,,,,,,,,,,,,,,,,,,,False,1211098024873374,False
592,1211098117170285,A0059194156,L1,L1,,-,F,,,39,,Available,02 year(s) 00 month(s) 06 day(s),Dogs 088 B7,,,,,,,,,,,,,,,,,,,,False,1211098024887546,False
593,1211098092442150,A0059121527,L1,L1,,+,F,,,39,,Available,04 year(s) 00 month(s) 07 day(s),Dogs 068 B1,,,,,,,,,,,,,,,,,,,,False,1211098092331672,False
594,1211098092416823,A0059187897,L1,L1,,-,F,,,36,,Available,01 year(s) 06 month(s) 07 day(s),Dogs 081 A10,,,,,,,,,,,,,,,,,,,,False,1211098024016204,False
595,1211087331131186,A0059191607,L1,L1,,-,F,,,37,,Available,00 year(s) 09 month(s) 06 day(s),Dogs 088 A9,,,,,,,,,,,,,,,,,,,,False,1211087559749667,False
596,1211087277390096,A0059193088,L2,L2-BR,,-,F,,,38,,Available,05 year(s) 00 month(s) 06 day(s),Dogs 502 4,,,,,,,,,,,,,,,,,,,,False,1211087560321440,False
597,1211087277240440,,,,,,,,,,,,,,,,,,,,,,,,,,,,,,,,,False,1211087329670730,True
598,1211087275116228,A0059192800,L1,L1,,-,M,,,55,,Available,02 year(s) 00 month(s) 06 day(s),Dogs 088 A2,,,,,,,,,,,,,,,,,,,,False,1211087329694641,False
599,1211087330881377,A0059192169,L1,L1,,-,M,,,75,,Identifying Info,03 year(s) 00 month(s) 06 day(s),Dogs 403 B5,,,,,,,,,,,,,,,,,,,,False,1211087329701490,False
600,1211087328749228,,,,,,,,,,,,,,,,,,,,,,,,,,,,,,,,,False,1211087275551950,False
601,1211087328802442,A0059188894,L1,L1,,-,M,,,50,,Stray Wait,None,Dogs 066 A4,,,,,,,,,,,,,,,,,,,,False,1211087274987797,False
602,1211087560244479,A0059188328,L1,L1,,-,M,,,37,,Available,00 year(s) 08 month(s) 06 day(s),Dogs 088 B2,,,,,,,,,,,,,,,,,,,,False,1211087559102265,False
603,1211087560234376,,,,,,,,,,,,,,,,,,,,,,,,,,,,,,,,,False,1211087560173489,False
604,1211087276119275,,,,,,,,,,,,,,,,,,,,,,,,,,,,,,,,,False,1211087560173457,False
605,1211087559651259,,,,,,,,,,,,,,,,,,,,,,,,,,,,,,,,,False,1211087559993604,False
606,1211087275907304,A0059186726,L1,L1,,-,M,,,51,,Available,00 year(s) 10 month(s) 07 day(s),Dog Quarantine B4,,,,,,,,,,,,,,,,,,,,False,1211087275786591,False
607,1211074981236791,A0059126703,L1,L1,,+,F,,,46,,Available,05 year(s) 00 month(s) 08 day(s),Foster Foster Home,,,,,,,,,,,,,,,,,,,,False,1211075266830402,False
608,1211075138879749,A0059122741,L1,L1,,-,M,,,76,,Available,08 year(s) 00 month(s) 08 day(s),Flex 84,,,,,,,,,,,,,,,,,,,,False,1211075266685217,False
609,1211075138054096,A0059125495,L1,L1,,-,N,,,46,,Cites,01 year(s) 00 month(s) 08 day(s),Dogs 066 A5,,,,,,,,,,,,,,,,,,,,False,1211075138829422,False
610,1211074981035703,A0059121860,L2,L2 - SF,,-,M,,,58,,Available,02 year(s) 00 month(s) 09 day(s),Dogs 406 B4,,,,,,,,,,,,,,,,,,,,False,1211075138826826,False
611,1211075266644457,A0059121452,L1,L1,,-,F,,,59,,Available,02 year(s) 00 month(s) 08 day(s),Dogs 306 B3,,,,,,,,,,,,,,,,,,,,False,1211075266516896,False
612,1211074980773555,A0059109550,L1,L1,,+,M,,,92,,Available,08 year(s) 00 month(s) 07 day(s),Dogs 306 A3,,,,,,,,,,,,,,,,,,,,False,1211074980756314,False
613,1211074980913146,A0059109555,L2,L2 - SF,,-,M,,,84,,Available,06 year(s) 00 month(s) 07 day(s),Dogs 603 A3,,,,,,,,,,,,,,,,,,,,False,1211075138655638,False
614,1211075138734863,A0059117737,L1,L1,,-,M,,,59,,Available,07 year(s) 00 month(s) 05 day(s),Dogs 079 B3,,,,,,,,,,,,,,,,,,,,False,1211075264570862,False
615,1211075138728864,A0053303339,L1,L1,,-,F,,,72,,Available,09 year(s) 10 month(s) 08 day(s),Flex 84,,,,,,,,,,,,,,,,,,,,False,1211075266368905,False
616,1211072250055274,A0059124885,L2,L2-BH,,-,S,,,16,,Adopted,05 year(s) 00 month(s) 08 day(s),Small Animals 4,,,,,,,,,,,,,,,,,,,,False,1211072316902710,True
617,1211072249827332,A0059123893,L1,L1,,-,F,,,28,,Available,03 year(s) 00 month(s) 08 day(s),Dog Quarantine A8,,,,,,,,,,,,,,,,,,,,False,1211072249376986,False
618,1211072316609024,,,,,,,,,,,,,,,,,,,,,,,,,,,,,,,,,False,1211072316575068,True
619,1211072316180020,,,,,,,,,,,,,,,,,,,,,,,,,,,,,,,,,False,1211072249507186,False
620,1211072316610086,,,,,,,,,,,,,,,,,,,,,,,,,,,,,,,,,False,1211072316575100,False
621,1211072215182341,A0059123733,L1,L1,,-,M,,,58,,Available,02 year(s) 00 month(s) 09 day(s),Foster Foster Home,,,,,,,,,,,,,,,,,,,,False,1211072214445059,False
622,1211072316587716,A0059123537,L2,L2-A,,-,F,,,56,,Available,01 year(s) 00 month(s) 08 day(s),Dogs 503 A4,,,,,,,,,,,,,,,,,,,,False,1211072214644012,False
623,1211072316584736,A0059123747,L2,L2-SF,,-,F,,,41,,Available,01 year(s) 06 month(s) 08 day(s),Dogs 301 3,,,,,,,,,,,,,,,,,,,,False,1211072316539711,False
624,1211072316526865,A0059122204,L1,L1,,-,F,,,28,,Available,00 year(s) 10 month(s) 08 day(s),Dogs 088 B5,,,,,,,,,,,,,,,,,,,,False,1211072249176081,False
625,1211072316388571,A0053616553,L1,L1    A878732,,+,M,,,55,,Available,05 year(s) 07 month(s) 29 day(s),Dogs 506 B7,,,,,,,,,,,,,,,,,,,,False,1211072215101444,True
626,1211072316506844,A0059121809,STAFF ONLY,STAFF ONLY,,-,F,,,0,,Stray Wait,03 year(s) 00 month(s) 04 day(s),Dogs 204 5,,,,,,,,,,,,,,,,,,,,False,1211072316407108,False
627,1211072215112721,A0059116528,L1,L1,,+,F,,,42,,Nursing Mom,03 year(s) 00 month(s) 10 day(s),Foster Foster Home,,,,,,,,,,,,,,,,,,,,False,1211072248629811,False
628,1211070039866679,A0059116037,L1,L1,,-,F,,,23,,Identifying Info,00 year(s) 10 month(s) 09 day(s),Clinic Clinic,,,,,,,,,,,,,,,,,,,,False,1211070094913864,False
629,1211070039898458,,,,,,,,,,,,,,,,,,,,,,,,,,,,,,,,,False,,
630,1211069988771759,,,,,,,,,,,,,,,,,,,,,,,,,,,,,,,,,False,,
631,1211069988732296,A0059121408,L1,L1,,-,M,,,40,,Microchip,03 year(s) 00 month(s) 08 day(s),Dogs 502 6,,,,,,,,,,,,,,,,,,,,False,1211070039791378,False
632,1211069988691941,A0059117627,L1,L1,,-,N,,,59,,Available,03 year(s) 00 month(s) 09 day(s),Dogs 081 B6,,,,,,,,,,,,,,,,,,,,False,1211070094880986,False
633,1211069988586496,,,,,,,,,,,,,,,,,,,,,,,,,,,,,,,,,False,1211070094978679,True
634,1211070039698873,A0059117681,L2,L2-BH,,+,S,,,8,,Available,14 year(s) 00 month(s) 02 day(s),Dog Intake 128.02,,,,,,,,,,,,,,,,,,,,False,,
635,1211069988550496,,,,,,,,,,,,,,,,,,,,,,,,,,,,,,,,,False,1211070094913896,False
636,1211069988629019,A0059116111,L2,L2-BH,,-,M,,,14,,Identifying Info,02 year(s) 00 month(s) 09 day(s),Clinic Clinic,,,,,,,,,,,,,,,,,,,,False,1211070094672196,True
637,1211069988632957,A0059116425,L1,L1,,-,S,,,42,,Trial Adoption,06 year(s) 00 month(s) 04 day(s),Foster Trial Adoption,,,,,,,,,,,,,,,,,,,,False,1211070094913829,False
638,1211070039843578,A0059105531,L1,L1,,-,F,,,33,,Available,12 year(s) 00 month(s) 10 day(s),Dogs 079 A6,,,,,,,,,,,,,,,,,,,,False,1211069988528319,False
639,1211070094874046,A0059106400,L3,L3-BH,,-,F,,,28,,Priority,00 year(s) 07 month(s) 10 day(s),Dogs 081 A3,,,,,,,,,,,,,,,,,,,,False,1211070094666213,False
640,1211070094879193,A0059105707,L2,L2-SF,,-,F,,,53,,Available,06 year(s) 00 month(s) 12 day(s),Clinic Clinic,,,,,,,,,,,,,,,,,,,,False,1211069988386780,False
641,1211070039786515,A0059106761,L1,L1,,-,M,,,54,,Available,01 year(s) 00 month(s) 10 day(s),Dogs 402 5,,,,,,,,,,,,,,,,,,,,False,1211070039766495,False
642,1211061539142991,A0059113762,L1,L1,,-,M,,,23,,Available,08 year(s) 00 month(s) 11 day(s),Foster Friendly Finder,,,,,,,,,,,,,,,,,,,,False,1211061578683231,True
643,1211061538634223,A0059114517,L1,L1,,-,F,,,55,,Available,01 year(s) 00 month(s) 09 day(s),Dogs 406 A5,,,,,,,,,,,,,,,,,,,,False,1211061538258136,False
644,1211061538480110,A0059114272,L2,L2-BR,,-,N,,,50,,Trial Adoption,02 year(s) 00 month(s) 09 day(s),Foster Trial Adoption,,,,,,,,,,,,,,,,,,,,False,1211061538439442,False
645,1211061578906888,A0059114222,L1,L1,,-,M,,,42,,Cruelty Exam,02 year(s) 00 month(s) 10 day(s),Dogs 506 A3,,,,,,,,,,,,,,,,,,,,False,1211061538038676,False
646,1211061446849265,A0059114457,L1,L1,,-,N,,,35,,Available,01 year(s) 06 month(s) 09 day(s),Dogs 081 B2,,,,,,,,,,,,,,,,,,,,False,1211061578508269,False
647,1211061538500055,A0059114218,L1,L1,,-,M,,,49,,Cruelty Exam,01 year(s) 00 month(s) 10 day(s),Dogs 067 A2,,,,,,,,,,,,,,,,,,,,False,1211061447793165,False
648,1211061537514370,A0059114202,L2,L2-A,,-,F,,,47,,Cruelty Exam,03 year(s) 00 month(s) 09 day(s),Dog Quarantine B7,,,,,,,,,,,,,,,,,,,,False,1211061538341393,False
649,1211061447918095,A0059114213,L1,L1,,-,F,,,32,,Cruelty Exam,01 year(s) 00 month(s) 10 day(s),Dogs 603 A5,,,,,,,,,,,,,,,,,,,,False,1211061578735933,False
650,1211061538407208,A0059114209,L1,L1,,-,M,,,23,,Cruelty Exam,01 year(s) 00 month(s) 10 day(s),Small Animals C2,,,,,,,,,,,,,,,,,,,,False,1211061447870611,False
651,1211061578738661,,,,,,,,,,,,,,,,,,,,,,,,,,,,,,,,,False,1211061538005825,False
652,1211061538296445,,,,,,,,,,,,,,,,,,,,,,,,,,,,,,,,,False,1211061538249326,False
653,1211061537472799,,,,,,,,,,,,,,,,,,,,,,,,,,,,,,,,,False,1211061578087622,False
654,1211061578495376,,,,,,,,,,,,,,,,,,,,,,,,,,,,,,,,,False,1211061447699210,False
655,1211061578686373,,,,,,,,,,,,,,,,,,,,,,,,,,,,,,,,,False,1211061447765500,False
656,1211061446993429,,,,,,,,,,,,,,,,,,,,,,,,,,,,,,,,,False,1211061538112265,False
657,1211061447381809,A0053630143,L1,L1,,-,S,,,37,,Available,06 year(s) 00 month(s) 14 day(s),Dogs 303 B3,,,,,,,,,,,,,,,,,,,,False,1211061578141923,False
658,1211061447673854,,,,,,,,,,,,,,,,,,,,,,,,,,,,,,,,,False,1211061578493997,False
659,1211061577914346,,,,,,,,,,,,,,,,,,,,,,,,,,,,,,,,,False,1211061538104603,False
660,1211061447676441,,,,,,,,,,,,,,,,,,,,,,,,,,,,,,,,,False,1211061447614744,False
661,1211061537942635,A0059110103,L2,L2-SF,,-,F,,,70,,Available,03 year(s) 00 month(s) 11 day(s),Dogs 501 8,,,,,,,,,,,,,,,,,,,,False,1211061578389944,False
662,1211061447547498,A0059111557,L1,L1,,-,N,,,72,,Available,05 year(s) 04 month(s) 25 day(s),Dogs 406 A2,,,,,,,,,,,,,,,,,,,,False,1211061578359559,False
663,1211061538060279,,,,,,,,,,,,,,,,,,,,,,,,,,,,,,,,,False,1211061447398246,False
664,1211061538039958,A0059110884,L1,L1,,-,F,,,31,,Available,01 year(s) 06 month(s) 11 day(s),Foster Foster Home,,,,,,,,,,,,,,,,,,,,False,1211061537993089,False
665,1211061447535491,,,,,,,,,,,,,,,,,,,,,,,,,,,,,,,,,False,1211061538002556,False
666,1211061578302190,A0059108642,L1,L1,,-,N,,,34,,Available,00 year(s) 08 month(s) 09 day(s),Dogs 406 A4,,,,,,,,,,,,,,,,,,,,False,1211061537791578,False
667,1211061447375431,A0059109376,L1,L1,,-,N,,,15,,Trial Adoption,13 year(s) 00 month(s) 09 day(s),Foster Trial Adoption,,,,,,,,,,,,,,,,,,,,False,1211061447244570,False
668,1211061578316648,A0059108996,L1,L1,,-,F,,,24,,Adopted,00 year(s) 07 month(s) 09 day(s),Dogs 088 A3,,,,,,,,,,,,,,,,,,,,False,1211061537818262,False
669,1211061447443387,,,,,,,,,,,,,,,,,,,,,,,,,,,,,,,,,False,1211061447398961,True
670,1211061578197968,A0059106777,L1,L1,,-,M,,,23,,Cruelty Exam,00 year(s) 08 month(s) 09 day(s),Dogs 602 C6,,,,,,,,,,,,,,,,,,,,False,1211061447053239,False
671,1211061535646216,A0059102342,L2,L2-BR,,-,F,,,41,,Available,02 year(s) 00 month(s) 10 day(s),Dogs 501 1,,,,,,,,,,,,,,,,,,,,False,1211061447244556,False
672,1211061447330156,,,,,,,,,,,,,,,,,,,,,,,,,,,,,,,,,False,1211061537533787,True
673,1211061537861761,A0059105810,L2,L2-SF,,-,M,,,53,,Available,02 year(s) 00 month(s) 09 day(s),Dogs 503 B5,,,,,,,,,,,,,,,,,,,,False,1211061447255371,False
674,1211061447330665,A0059106772,L1,L1,,-,F,,,44,,Cruelty Exam,04 year(s) 00 month(s) 10 day(s),Dogs 506 A4,,,,,,,,,,,,,,,,,,,,False,1211061446950593,False
675,1211051633140537,A0059104668,L1,L1,,-,F,,,47,,Available,05 year(s) 00 month(s) 10 day(s),Dogs 081 A6,,,,,,,,,,,,,,,,,,,,False,1211051636833825,False
676,1211051749264822,A0059101335,STAFF ONLY,STAFF ONLY,,-,M,,,52,,Pending Behavior Assessment,01 year(s) 06 month(s) 11 day(s),Dogs 203 1,,,,,,,,,,,,,,,,,,,,False,,
677,1211051636923743,A0059105728,L1,L1 RN,,-,M,,,62,,Available,08 year(s) 00 month(s) 10 day(s),Dogs 306 A4,,,,,,,,,,,,,,,,,,,,False,1211051785355467,False
678,1211051636907275,A0059105371,L1,L1,,-,S,,,8,,Available,04 year(s) 00 month(s) 06 day(s),Dog Visiting 060 C7,,,,,,,,,,,,,,,,,,,,False,1211051780665155,False
679,1211051785029155,A0059101291,L2,L2-A,,-,F,,,35,,Available,05 year(s) 00 month(s) 11 day(s),Dog Visiting 060 C1,,,,,,,,,,,,,,,,,,,,False,1211051748673118,False
680,1211051785461619,A0059103552,L1,L1,,-,S,,,20,,Trial Adoption,02 year(s) 00 month(s) 10 day(s),Foster Trial Adoption,,,,,,,,,,,,,,,,,,,,False,1211051749984519,False
681,1211051636733868,,,,,,,,,,,,,,,,,,,,,,,,,,,,,,,,,False,1211051749169623,True
682,1211051785233156,,,,,,,,,,,,,,,,,,,,,,,,,,,,,,,,,False,1211051749966828,False
683,1211051749878800,A0059102424,L1,L1,,-,M,,,65,,Available,03 year(s) 00 month(s) 01 day(s),Dogs 303 B2,,,,,,,,,,,,,,,,,,,,False,1211051785262803,False
684,1211051785116555,A0059101770,L1,L1,,-,F,,,27,,Available,00 year(s) 06 month(s) 10 day(s),Dog Visiting 060 C3,,,,,,,,,,,,,,,,,,,,False,1211051785165069,False
685,1211051747576394,,,,,,,,,,,,,,,,,,,,,,,,,,,,,,,,,False,1211051783894286,False
686,1211051785048757,A0059101512,L1,L1,,-,M,,,58,,Available,05 year(s) 00 month(s) 11 day(s),Dogs 079 B2,,,,,,,,,,,,,,,,,,,,False,1211051749549096,False
687,1211051749617966,A0059101670,L2,L2-OA,,-,M,,,65,,Priority,05 year(s) 00 month(s) 10 day(s),Dogs 303 A5,,,,,,,,,,,,,,,,,,,,False,1211051636275587,False
688,1211051784953913,A0059101393,L1,L1,,-,M,,,74,,Available,02 year(s) 00 month(s) 11 day(s),Dogs 303 A2,,,,,,,,,,,,,,,,,,,,False,1211051634010583,False
689,1211051634925113,A0059101358,L1,L1,,-,N,,,41,,Adopted,01 year(s) 06 month(s) 11 day(s),Dogs 306 B6,,,,,,,,,,,,,,,,,,,,False,1211051635973768,False
690,1211051635792132,,,,,,,,,,,,,,,,,,,,,,,,,,,,,,,,,False,,
691,1211051748975531,,,,,,,,,,,,,,,,,,,,,,,,,,,,,,,,,False,1211051634649849,True
692,1211051784461607,A0059098998,L1,L1,,+,F,,,40,,Available,00 year(s) 10 month(s) 12 day(s),Foster Foster Home,,,,,,,,,,,,,,,,,,,,False,1211051746132643,False
693,1211051784462317,A0059100213,L2,L2 - A,,-,N,,,59,,Available,10 year(s) 00 month(s) 11 day(s),Dogs 502 1,,,,,,,,,,,,,,,,,,,,False,1211051748161361,False
694,1211051784471587,,,,,,,,,,,,,,,,,,,,,,,,,,,,,,,,,False,1211051782710092,True
695,1211051748818857,A0059091250,L1,L1,,-,F,,,22,,Available,00 year(s) 08 month(s) 12 day(s),Small Animals C1,,,,,,,,,,,,,,,,,,,,False,1211051784168906,False
696,1211051784209207,A0059091185,L1,L1,,-,M,,,23,,Available,00 year(s) 08 month(s) 12 day(s),Foster Foster Home,,,,,,,,,,,,,,,,,,,,False,1211051784068183,False
697,1211051748681209,A0059001294,L1,L1,,-,S,,,7,,Trial Adoption,08 year(s) 00 month(s) 11 day(s),Foster Trial Adoption,,,,,,,,,,,,,,,,,,,,False,1211051783585805,False
698,1211051748455807,A0059091500,L1,L1,,-,M,,,61,,Available,02 year(s) 00 month(s) 12 day(s),Dog Quarantine A5,,,,,,,,,,,,,,,,,,,,False,1211051783240011,False
699,1211041340150346,A0059097186,L2,L2 - SF,,-,S,,,72,,Available,04 year(s) 00 month(s) 12 day(s),Dogs 401 1,,,,,,,,,,,,,,,,,,,,False,1211041697479570,False
700,1211041696221369,,,,,,,,,,,,,,,,,,,,,,,,,,,,,,,,,False,1211041339852186,False
701,1211041697855300,A0059096501,L1,L1,,-,M,,,73,,Available,03 year(s) 00 month(s) 12 day(s),Dogs 306 A2,,,,,,,,,,,,,,,,,,,,False,1211041349248393,False
702,1211041340004153,A0059095840,L2,L2 - SF,,-,M,,,81,,Available,08 year(s) 00 month(s) 12 day(s),Dogs 601 1,,,,,,,,,,,,,,,,,,,,False,1211041339282436,False
703,1211041339981027,A0059095523,L2,L2 - OA,,-,N,,,30,,Available,00 year(s) 09 month(s) 12 day(s),Foster Foster Home,,,,,,,,,,,,,,,,,,,,False,1211041697632489,False
704,1211041697831599,A0059096476,L2,L2 - SF,,-,F,,,43,,Available,04 year(s) 00 month(s) 12 day(s),Dogs 406 A3,,,,,,,,,,,,,,,,,,,,False,1211041339941564,False
705,1211041349279553,,,,,,,,,,,,,,,,,,,,,,,,,,,,,,,,,False,1211041338824079,False
706,1211041339867977,A0059095126,L1,L1,,-,F,,,27,,Available,00 year(s) 07 month(s) 12 day(s),Dogs 068 B2,,,,,,,,,,,,,,,,,,,,False,1211041339424906,True
707,1211041694141100,A0059093171,L1,L1,,-,N,,,33,,Available,00 year(s) 11 month(s) 12 day(s),Foster Foster Home,,,,,,,,,,,,,,,,,,,,False,1211041349128070,False
708,1211041339240947,,,,,,,,,,,,,,,,,,,,,,,,,,,,,,,,,False,1211041697631109,False
709,1211041349164840,A0059093794,L1,L1,,-,S,,,51,,Available,00 year(s) 09 month(s) 12 day(s),Dogs 088 A6,,,,,,,,,,,,,,,,,,,,False,1211041697632393,False
710,1211041696166108,A0059090902,L1,L1,,+,F,,,34,,Adopted,00 year(s) 10 month(s) 12 day(s),Dogs 068 B5,,,,,,,,,,,,,,,,,,,,False,1211041348986255,True
711,1211041339760094,,,,,,,,,,,,,,,,,,,,,,,,,,,,,,,,,False,1211041336843729,False
712,1211041338698186,A0059090536,L1,L1,,-,N,,,31,,Available,00 year(s) 10 month(s) 13 day(s),Dogs 088 A7,,,,,,,,,,,,,,,,,,,,False,1211041339573890,False
713,1211041697407746,A0059083921,L1,L1,,-,F,,,33,,Available,00 year(s) 08 month(s) 13 day(s),Dogs 067 B1,,,,,,,,,,,,,,,,,,,,False,1211041697290117,False
714,1211041697403038,,,,,,,,,,,,,,,,,,,,,,,,,,,,,,,,,False,1211041694968721,False
715,1211030051465613,A0059089132,L3,L3-SF/A,,-,M,,,47,,Available,04 year(s) 00 month(s) 11 day(s),Dogs 601 7,,,,,,,,,,,,,,,,,,,,False,1211030182374402,False
716,1211030048957398,A0059089105,L2,L2 SF,,+,S,,,44,,Available,08 year(s) 00 month(s) 11 day(s),Foster Foster Home,,,,,,,,,,,,,,,,,,,,False,1211030182320575,False
717,1211030183373109,A0059089540,L3,L3-SF/BR,,-,F,,,68,,Priority,03 year(s) 00 month(s) 13 day(s),Dogs 502 2,,,,,,,,,,,,,,,,,,,,False,,
718,1211030183370255,A0059090299,L1,L1,,-,F,,,28,,Pending Medical Assessment/Treatment,00 year(s) 08 month(s) 13 day(s),Dog Pre/Post Op 138 3,,,,,,,,,,,,,,,,,,,,False,1211030048871094,False
719,1211030183373918,A0059090073,L1,L1,,-,S,,,19,,Available,00 year(s) 04 month(s) 13 day(s),Dogs 602 C4,,,,,,,,,,,,,,,,,,,,False,1211030047918209,True
720,1211030051314674,,,,,,,,,,,,,,,,,,,,,,,,,,,,,,,,,False,1211030268442931,False
721,1211030271854265,A0059088383,L1,L1,,-,M,,,10,,Stray Wait,01 year(s) 06 month(s) 07 day(s),Foster Friendly Finder,,,,,,,,,,,,,,,,,,,,False,1211030181259947,True
722,1211030050484977,A0059087305,L1,L1,,-,S,,,41,,Available,00 year(s) 10 month(s) 13 day(s),Dogs 088 B4,,,,,,,,,,,,,,,,,,,,False,1211030183106055,False
723,1211030270132981,A0059086837,L1,L1,,-,M,,,45,,Available,00 year(s) 10 month(s) 13 day(s),Dogs 406 B3,,,,,,,,,,,,,,,,,,,,False,1211030271075388,False
724,1211030051001592,A0059080810,L1,L1,,-,M,,,38,,Available,03 year(s) 00 month(s) 14 day(s),Dogs 067 A3,,,,,,,,,,,,,,,,,,,,False,1211030270443309,False
725,1211030050926182,A0059083932,L1,L1,,+,F,,,45,,Available,05 year(s) 00 month(s) 07 day(s),Dogs 079 B1,,,,,,,,,,,,,,,,,,,,False,1211030182792188,False
726,1211030183038444,A0059085026,L1,L1,,-,S,,,57,,Trial Adoption,01 year(s) 00 month(s) 13 day(s),Foster Trial Adoption,,,,,,,,,,,,,,,,,,,,False,1211030047521128,False
727,1211030183026582,A0059085024,L1,L1,,-,N,,,55,,Trial Adoption,04 year(s) 00 month(s) 13 day(s),Foster Trial Adoption,,,,,,,,,,,,,,,,,,,,False,1211030180425673,False
728,1211030050924010,A0059084840,L1,L1,,-,M,,,30,,Available,00 year(s) 06 month(s) 13 day(s),Foster Foster Home,,,,,,,,,,,,,,,,,,,,False,1211030270455398,False
729,1211019133267925,A0059082703,L1,L1,,-,N,,,25,,Trial Adoption,00 year(s) 09 month(s) 14 day(s),Foster Trial Adoption,,,,,,,,,,,,,,,,,,,,False,1211019062792750,False
730,1211019213462997,A0059082861,L2,L2-SF,,-,F,,,9,,Adopted,11 year(s) 00 month(s) 14 day(s),Clinic Clinic,,,,,,,,,,,,,,,,,,,,False,1211019211567844,False
731,1211019213459923,A0059083104,L3,L3-SF,,+,M,,,48,,Priority,02 year(s) 00 month(s) 09 day(s),Dogs 402 4,,,,,,,,,,,,,,,,,,,,False,1211019132480683,False
732,1211019132811097,A0059082483,L1,L1,,-,M,,,56,,Trial Adoption,02 year(s) 00 month(s) 14 day(s),Foster Trial Adoption,,,,,,,,,,,,,,,,,,,,False,1211019133053706,False
733,1211019063671797,A0059080152,L1,L1,,-,N,,,16,,Available,02 year(s) 00 month(s) 15 day(s),Dogs 602 C3,,,,,,,,,,,,,,,,,,,,False,1211019132972511,False
734,1211019133027486,A0059080672,L1,L1,,-,F,,,38,,Cites,01 year(s) 00 month(s) 15 day(s),Dogs 066 A1,,,,,,,,,,,,,,,,,,,,False,1211019130875198,False
735,1211019132490108,A0059080643,L2,L2-A,,-,F,,,40,,Priority,02 year(s) 00 month(s) 15 day(s),Dogs 088 A8,,,,,,,,,,,,,,,,,,,,False,1211019211421481,False
736,1211014874142204,A0059079264,L2,L2-JM/RG,,-,M,,,37,,Priority,01 year(s) 00 month(s) 15 day(s),Dogs 602 5,,,,,,,,,,,,,,,,,,,,False,1211014743952075,False
737,1211014874072435,A0059079840,L1,L1,,-,F,,,56,,Available,07 year(s) 00 month(s) 15 day(s),Foster Foster Home,,,,,,,,,,,,,,,,,,,,False,1211015221147905,False
738,1211014874055554,A0059077476,L1,L1,,-,M,,,41,,Available,04 year(s) 00 month(s) 15 day(s),Dogs 501 7,,,,,,,,,,,,,,,,,,,,False,1211014670987153,False
739,1211014743956263,A0059077471,L1,L1,,-,N,,,62,,Trial Adoption,02 year(s) 00 month(s) 15 day(s),Foster Foster Home,,,,,,,,,,,,,,,,,,,,False,1211014743908841,False
740,1211015221721137,A0059076738,L3,L3-BH,,-,M,,,6,,Adopted,10 year(s) 00 month(s) 16 day(s),Small Animals 1,,,,,,,,,,,,,,,,,,,,False,1211015221681486,False
741,1211015221669817,A0059076639,L1,L1,,+,F,,,72,,Priority,08 year(s) 00 month(s) 16 day(s),Foster Foster Home,,,,,,,,,,,,,,,,,,,,False,1211014873933320,False
742,1211015221649920,A0059069956,L2,L2-OA,,-,F,,,47,,Priority,02 year(s) 00 month(s) 17 day(s),Dogs 606 B7,,,,,,,,,,,,,,,,,,,,False,1211015221162819,False
743,1211015221644628,A0059076505,L2,L2 - SF,,-,F,,,45,,Available,01 year(s) 06 month(s) 16 day(s),Dogs 068 B3,,,,,,,,,,,,,,,,,,,,False,1211014670929617,False
744,1211014873971951,A0059076443,L1,L1,,-,F,,,75,,Available,05 year(s) 00 month(s) 16 day(s),Clinic Clinic,,,,,,,,,,,,,,,,,,,,False,1211015221633091,True
745,1211014743768548,,,,,,,,,,,,,,,,,,,,,,,,,,,,,,,,,False,1211014671132573,False
746,1211012897313129,A0059072898,L1,L1,,-,F,,,32,,Stray Wait,01 year(s) 00 month(s) 16 day(s),Foster Foster Home,,,,,,,,,,,,,,,,,,,,False,1211012548213287,False
747,1211012549293993,A0059071245,L1,L1,,-,F,,,44,,Available,02 year(s) 00 month(s) 16 day(s),Dogs 303 B4,,,,,,,,,,,,,,,,,,,,False,1211012672605860,False
748,1211012549304815,A0059070942,L1,L1,,-,F,,,40,,Available,05 year(s) 00 month(s) 16 day(s),Dog Quarantine A6,,,,,,,,,,,,,,,,,,,,False,1211012672194165,False
749,1211012673008700,A0059068907,L1,L1,,+,N,,,67,,Available,10 year(s) 00 month(s) 17 day(s),Dogs 306 A6,,,,,,,,,,,,,,,,,,,,False,1211012548213275,False
750,1211012672840643,A0059061882,L3,L3-SF,,-,M,,,39,,Available,02 year(s) 00 month(s) 10 day(s),Dogs 601 3,,,,,,,,,,,,,,,,,,,,False,1211012672434772,False
751,1211012897184270,A0059069721,L1,L1,,-,F,,,18,,Available,00 year(s) 04 month(s) 16 day(s),Flex 82,,,,,,,,,,,,,,,,,,,,False,1211012672649949,False
752,1211012897204916,A0059069720,L1,L1,,+,F,,,59,,Available,03 year(s) 00 month(s) 16 day(s),Flex 82,,,,,,,,,,,,,,,,,,,,False,1211012897088140,False
753,1211012897134277,,,,,,,,,,,,,,,,,,,,,,,,,,,,,,,,,False,1211012672419816,False
754,1211004243782826,A0059068647,L1,L1,,-,F,,,54,,Available,02 year(s) 00 month(s) 17 day(s),Dogs 406 B6,,,,,,,,,,,,,,,,,,,,False,1211003907123381,False
755,1211003907333821,A0059069137,L1,L1,,+,F,,,49,,Available,12 year(s) 00 month(s) 17 day(s),Dogs 079 A3,,,,,,,,,,,,,,,,,,,,False,1211004244660580,False
756,1211003906597790,A0059069127,L1,L1,,-,S,,,41,,Available,03 year(s) 00 month(s) 17 day(s),Foster Foster Home,,,,,,,,,,,,,,,,,,,,False,1211003906420086,False
757,1211003986817117,A0059066126,L1,L1,,-,S,,,40,,Microchip,06 year(s) 00 month(s) 03 day(s),Dog Quarantine A2,,,,,,,,,,,,,,,,,,,,False,1211004242554098,False
758,1211004244519189,A0059064014,L1,L1,,-,N,,,50,,Available,01 year(s) 07 month(s) 05 day(s),Dog Quarantine A3,,,,,,,,,,,,,,,,,,,,False,1211003986249232,False
759,1211003905753616,A0059061467,L1,L1,,-,S,,,30,,Trial Adoption,07 year(s) 00 month(s) 18 day(s),Foster Trial Adoption,,,,,,,,,,,,,,,,,,,,False,1211003986072277,False
760,1211004244356917,A0059061547,L1,L1,,-,F,,,37,,Available,03 year(s) 00 month(s) 18 day(s),Foster Foster Home,,,,,,,,,,,,,,,,,,,,False,1211003985285893,False
761,1211003906929014,A0059061473,L1,L1,,-,S,,,43,,Trial Adoption,05 year(s) 00 month(s) 18 day(s),Foster Foster Home,,,,,,,,,,,,,,,,,,,,False,1211003986359468,False
762,1211004241363846,A0059062583,L1,L1,,-,M,,,26,,Available,00 year(s) 06 month(s) 16 day(s),Dogs 303 B6,,,,,,,,,,,,,,,,,,,,False,1211004243553353,False
763,1211003906931471,,,,,,,,,,,,,,,,,,,,,,,,,,,,,,,,,False,1211003985413787,False
764,1211003986569620,A0059059299,L3,L3-SF,,-,M,,,33,,Priority,06 year(s) 00 month(s) 18 day(s),Dogs 402 1,,,,,,,,,,,,,,,,,,,,False,1211004241994235,False
765,1211003906655299,,,,,,,,,,,,,,,,,,,,,,,,,,,,,,,,,False,1211003986416898,False
766,1211003905120948,A0059057788,L2,L2-SF,,-,F,,,37,,Available,01 year(s) 00 month(s) 18 day(s),Dogs 066 B3,,,,,,,,,,,,,,,,,,,,False,1211003986184777,False
767,1210993882638653,A0059060477,L1,L1,,-,M,,,64,,Available,04 year(s) 08 month(s) 30 day(s),Dogs 401 2,,,,,,,,,,,,,,,,,,,,False,1210993993083889,False
768,1210994060369491,A0059057737,STAFF ONLY,STAFF ONLY,,+,M,,,27,,Bite Quarantine,02 year(s) 00 month(s) 18 day(s),Dogs 302 2,,,,,,,,,,,,,,,,,,,,False,1210993881454305,False
769,1210993992073309,A0059057945,L1,L1,,-,N,,,42,,Trial Adoption,01 year(s) 00 month(s) 18 day(s),Foster Trial Adoption,,,,,,,,,,,,,,,,,,,,False,1210993991797909,False
770,1210993992006650,A0059056078,L1,L1,,-,N,,,37,,Available,00 year(s) 10 month(s) 19 day(s),Foster Friendly Finder,,,,,,,,,,,,,,,,,,,,False,1210993876289509,True
771,1210993881161221,A0059053543,L2,L2-SF,,+,F,,,46,,Priority,05 year(s) 00 month(s) 19 day(s),Dogs 602 2,,,,,,,,,,,,,,,,,,,,False,1210993989400116,False
772,1210994058953613,A0059053506,L1,L1,,-,F,,,31,,Available,00 year(s) 08 month(s) 19 day(s),Dogs 502 C4,,,,,,,,,,,,,,,,,,,,False,1210994057644310,False
773,1210993881128626,A0059055438,L1,L1,,-,F,,,29,,Available,00 year(s) 07 month(s) 19 day(s),Foster Friendly Finder,,,,,,,,,,,,,,,,,,,,False,1210994059641122,False
774,1210993881147343,A0059055418,STAFF ONLY,STAFF ONLY,,-,N,,,57,,Cites,03 year(s) 00 month(s) 19 day(s),Dogs 201 1,,,,,,,,,,,,,,,,,,,,False,1210993881061650,True
775,1210993991410073,A0059048069,L2,L2-SF,,-,M,,,36,,Available,03 year(s) 00 month(s) 19 day(s),Dogs 067 B3,,,,,,,,,,,,,,,,,,,,False,1210993991370946,False
776,1210993880962936,A0059050743,L2,L2-SF,,-,F,,,40,,Available,03 year(s) 00 month(s) 20 day(s),Dogs 079 B4,,,,,,,,,,,,,,,,,,,,False,1210994057201928,False
777,1210993880907997,A0059047525,L1,L1-2025009795,,-,F,,,38,,Available,02 year(s) 00 month(s) 04 day(s),Dog Pre/Post Op 138 4,,,,,,,,,,,,,,,,,,,,False,1210993985454385,False
778,1210993880936193,A0059047995,L1,L1,,+,N,,,37,,Available,03 year(s) 00 month(s) 19 day(s),Foster Foster Home,,,,,,,,,,,,,,,,,,,,False,1210994055673310,False
779,1210993991412239,A0059047768,L2,L2-SF,,-,N,,,65,,Available,03 year(s) 00 month(s) 20 day(s),Foster Foster Home,,,,,,,,,,,,,,,,,,,,False,1210993880154908,False
780,1210994059370981,A0059045973,L1,L1,,-,N,,,70,,Available,02 year(s) 00 month(s) 19 day(s),Dogs 401 3,,,,,,,,,,,,,,,,,,,,False,1210994058705346,False
781,1210994059344596,A0059047527,L1,L1,,-,N,,,56,,Priority,06 year(s) 00 month(s) 19 day(s),Puppy 48 1,,,,,,,,,,,,,,,,,,,,False,1210993880778023,False
782,1210993991346523,A0059047534,L1,L1,,-,F,,,53,,Priority,06 year(s) 00 month(s) 19 day(s),Puppy 48 1,,,,,,,,,,,,,,,,,,,,False,1210994055253490,False
783,1210993880845288,A0059045111,L1,L1,,-,F,,,23,,Available,00 year(s) 06 month(s) 20 day(s),Dogs 502 3,,,,,,,,,,,,,,,,,,,,False,1210994055970856,False
784,1210993991136274,A0059044513,L2,L2-SF,,+,F,,,59,,Available,04 year(s) 00 month(s) 20 day(s),Foster Foster Home,,,,,,,,,,,,,,,,,,,,False,1210993989711391,False
785,1210993991134661,A0053600249,L1,L1     A861954,,+,S,,,65,,Available,08 year(s) 06 month(s) 05 day(s),Foster Foster Home,,,,,,,,,,,,,,,,,,,,False,1210993878160676,False
786,1210993991189826,A0059045109,L1,L1,,-,M,,,25,,Available,00 year(s) 07 month(s) 20 day(s),Foster Foster Home,,,,,,,,,,,,,,,,,,,,False,1210994054325794,False
787,1210971366895617,A0059044924,L1,L1,,+,N,,,35,,Trial Adoption,01 year(s) 00 month(s) 20 day(s),Foster Trial Adoption,,,,,,,,,,,,,,,,,,,,False,1210971524704438,False
788,1210971523907783,A0059042443,L1,L1,,-,N,,,65,,Available,03 year(s) 00 month(s) 20 day(s),Dogs 506 A5,,,Walks politely on leash,,,,Has done well in a crate.,Has done well in a home. ,Super cuddler,2-Medium energy,,,,,,,,,,False,1210971523429619,False
789,1210971522907631,A0059042315,L1,L1,,-,M,,,50,,Available,01 year(s) 00 month(s) 20 day(s),Dogs 603 B4,,,,,,,,,,,,,,,,,,,,False,1210971365627661,False
790,1210971737494689,A0059041470,L1,L1,,-,M,,,50,,Available,03 year(s) 00 month(s) 20 day(s),Dogs 064 A3,,,,,,,,,,,,,,,,,,,,False,1210971523500562,False
791,1210971523300830,,,,,,,,,,,,,,,,,,,,,,,,,,,,,,,,,False,1210971364350038,False
792,1210971737087948,A0059037942,L1,L1,,-,M,,,51,,Available,01 year(s) 00 month(s) 21 day(s),Dogs 067 A4,,,,,,,,,,,,,,,,,,,,False,1210971736996007,False
793,1210959747114393,A0059026165,L3,L3-SF,,-,M,,,35,,Available,00 year(s) 08 month(s) 22 day(s),Foster Foster Home,,,,,,,,,,,,,,,,,,,,False,1210959870284648,False
794,1210959845776807,A0053589757,L1,L1,,-,S,,,33,,Available,12 year(s) 07 month(s) 06 day(s),Receiving 129 K1,,,,,,,,,,,,,,,,,,,,False,1210959872571037,True
795,1210959747120400,,,,,,,,,,,,,,,,,,,,,,,,,,,,,,,,,False,1210959747041238,False
796,1210956798204674,A0059031231,L1,L1,,-,F,,,41,,Available,02 year(s) 00 month(s) 23 day(s),Dogs 601 8,,,,,,,,,,,,,,,,,,,,False,1210956478563331,False
797,1210956513701847,A0059032318,L1,L1,,+,M,,,34,,Available,07 year(s) 00 month(s) 23 day(s),Foster Friendly Finder,,,,,,,,,,,,,,,,,,,,False,1210956513066789,False
798,1210956797922639,A0059031986,L1,L1,,-,F,,,35,,Available,00 year(s) 09 month(s) 22 day(s),Dogs 306 B1,,,,,,,,,,,,,,,,,,,,False,1210956797712926,False
799,1210956513545369,A0059032636,L1,L1,,-,M,,,11,,Available,04 year(s) 00 month(s) 23 day(s),Foster Foster Home,,,,,,,,,,,,,,,,,,,,False,1210956513313521,True
800,1210956513458923,A0059033724,L1,L1,,-,N,,,34,,Available,00 year(s) 08 month(s) 22 day(s),Foster Foster Home,,,,,,,,,,,,,,,,,,,,False,1210956797726418,False
801,1210956797553677,A0059015809,L1,L1,,-,N,,,46,,Trial Adoption,01 year(s) 00 month(s) 23 day(s),Foster Trial Adoption,,,,,,,,,,,,,,,,,,,,False,1210956513312319,False
802,1210956513244686,,,,,,,,,,,,,,,,,,,,,,,,,,,,,,,,,False,1210956797610682,False
803,1210954177705459,A0059027650,L1,L1,,-,F,,,45,,Priority,07 year(s) 00 month(s) 23 day(s),Dogs 068 A3,,,,,,,,,,,,,,,,,,,,False,1210954177235125,False
804,1210954502822583,A0059030945,L1,L1,,-,M,,,41,,Priority,03 year(s) 00 month(s) 23 day(s),Dogs 403 A5,,,,,,,,,,,,,,,,,,,,False,1210954502303494,False
805,1210954502562690,A0059028091,L1,L1,,-,M,,,67,,Available,02 year(s) 00 month(s) 24 day(s),Dogs 088 B9,,,,,,,,,,,,,,,,,,,,False,1210954253257382,False
806,1210954502596022,A0059026601,L2,L2-BH,,+,S,,,54,,Priority,03 year(s) 00 month(s) 23 day(s),Dogs 081 A8,,,,,,,,,,,,,,,,,,,,False,1210954177389571,False
807,1210954253529285,A0059028888,L2,L2-SD,,-,N,,,19,,Trial Adoption,06 year(s) 00 month(s) 23 day(s),Foster Trial Adoption,,,,,,,,,,,,,,,,,,,,False,1210954177476020,False
808,1210954177459411,A0059025512,L1,L1,,-,M,,,55,,Available,05 year(s) 00 month(s) 23 day(s),Dogs 306 B2,,,,,,,,,,,,,,,,,,,,False,1210954177386835,False
809,1210954502407232,A0059023440,L1,L1,,-,M,,,40,,Available,01 year(s) 00 month(s) 24 day(s),Dogs 502 5,,,,,,,,,,,,,,,,,,,,False,1210954252815061,False
810,1210954253341346,A0059023830,L1,L1,,-,F,,,33,,Available,06 year(s) 00 month(s) 24 day(s),Dogs 303 B1,,,,,,,,,,,,,,,,,,,,False,1210954253272283,False
811,1210954177322793,,,,,,,,,,,,,,,,,,,,,,,,,,,,,,,,,False,1210954502362187,False
812,1210945531127920,A0059018919,L2,L2-SF,,-,M,,,48,,Available,02 year(s) 00 month(s) 25 day(s),Dogs 501 4,,,,,,,,,,,,,,,,,,,,False,1210945598455550,False
813,1210945598250970,A0059019474,L2,L2-SF,,-,M,,,42,,Available,01 year(s) 00 month(s) 24 day(s),Foster Foster Home,,,,,,,,,,,,,,,,,,,,False,1210945616416032,False
814,1210945531131852,A0059018741,L2,L2 - RG,,-,M,,,55,,Priority,03 year(s) 00 month(s) 24 day(s),Dogs 603 B6,,,,,,,,,,,,,,,,,,,,False,1210945598208839,False
815,1210945598384811,A0059017730,L1,L1,,-,S,,,16,,Trial Adoption,01 year(s) 06 month(s) 25 day(s),Foster Trial Adoption,,,,,,,,,,,,,,,,,,,,False,1210945616936825,False
816,1210945598389784,A0059015488,L1,L1,,-,N,,,58,,Available,03 year(s) 00 month(s) 25 day(s),Dogs 306 A1,,,,,,,,,,,,,,,,,,,,False,1210945598316492,False
817,1210934206855492,A0059011050,L1,L1 - EA,,-,M,,,64,,Available,01 year(s) 06 month(s) 25 day(s),Dogs 066 B6,,,,,,,,,,,,,,,,,,,,False,1210934277938303,False
818,1210934277986681,A0059008519,L2,L2-A,,-,M,,,42,,Priority,03 year(s) 00 month(s) 25 day(s),Dogs 068 A4,,,,,,,,,,,,,,,,,,,,False,1210934207017941,False
819,1210934354735207,,,,,,,,,,,,,,,,,,,,,,,,,,,,,,,,,False,1210934207018005,False
820,1210934207113547,A0059010208,L1,L1,,-,F,,,53,,Available,02 year(s) 00 month(s) 25 day(s),Dogs 067 B2,,,,,,,,,,,,,,,,,,,,False,1210934354716305,False
821,1210934207073985,A0059007743,L1,L1,,-,M,,,39,,Available,03 year(s) 00 month(s) 26 day(s),Dogs 068 B4,,,,,,,,,,,,,,,,,,,,False,1210934353422475,False
822,1210934354486747,A0059007738,L1,L1,,-,M,,,30,,Available,00 year(s) 09 month(s) 26 day(s),Foster Foster Home,,,,,,,,,,,,,,,,,,,,False,1210934207011091,False
823,1210934206215640,,,,,,,,,,,,,,,,,,,,,,,,,,,,,,,,,False,1210934207015532,False
824,1210934277310992,A0058991756,L2,L2-SF,,-,M,,,56,,Available,03 year(s) 00 month(s) 26 day(s),Dogs 501 9,,,,,,,,,,,,,,,,,,,,False,1210934277628637,False
825,1210934354404861,,,,,,,,,,,,,,,,,,,,,,,,,,,,,,,,,False,1210934205455767,False
826,1210934206920909,A0059004104,L2,L2-BH,,-,N,,,73,,Trial Adoption,01 year(s) 06 month(s) 25 day(s),Foster Trial Adoption,,,,,,,,,,,,,,,,,,,,False,1210934354394185,False
827,1210934354070433,,,,,,,,,,,,,,,,,,,,,,,,,,,,,,,,,False,1210934276494883,False
828,1210934206946389,A0058999821,STAFF ONLY,STAFF ONLY,,-,M,,,47,,Pending Behavior Assessment,02 year(s) 00 month(s) 27 day(s),Dogs 203 2,,,,,,,,,,,,,,,,,,,,False,,
829,1210923745636438,A0059006699,L2,L2 - OA,,-,M,,,42,,Priority,01 year(s) 00 month(s) 26 day(s),Dogs 068 A2,,,,,,,,,,,,,,,,,,,,False,1210923618834361,True
830,1210923619061732,A0059005850,L1,L1,,-,F,,,49,,Priority,04 year(s) 00 month(s) 26 day(s),Dogs 603 B5,,,,,,,,,,,,,,,,,,,,False,1210923618648647,False
831,1210923618134136,A0059006751,L1,L1,,-,M,,,41,,Available,02 year(s) 00 month(s) 26 day(s),Foster Foster Home,,,,,,,,,,,,,,,,,,,,False,1210923618833270,False
832,1210923865579417,A0059005876,L1,L1,,-,M,,,57,,Available,04 year(s) 00 month(s) 26 day(s),Dogs 506 A2,,,,,,,,,,,,,,,,,,,,False,1210923865435011,False
833,1210923865507601,,,,,,,,,,,,,,,,,,,,,,,,,,,,,,,,,False,1210923864770238,False
834,1210923748566813,A0059004782,L1,L1,,-,M,,,50,,Available,04 year(s) 00 month(s) 27 day(s),Foster Foster Home,,,,,,,,,,,,,,,,,,,,False,1210923618666724,False
835,1210923865542353,,,,,,,,,,,,,,,,,,,,,,,,,,,,,,,,,False,1210923618654245,False
836,1210923617030957,,,,,,,,,,,,,,,,,,,,,,,,,,,,,,,,,False,1210923748522033,False
837,1210923615721112,A0058999342,L1,L1,,-,S,,,81,,Trial Adoption,05 year(s) 00 month(s) 27 day(s),Foster Trial Adoption,,,,,,,,,,,,,,,,,,,,False,1210923748315108,False
838,1210923748405931,,,,,,,,,,,,,,,,,,,,,,,,,,,,,,,,,False,1210923865184759,False
839,1210923748434633,A0058999518,L1,L1,,-,M,,,51,,Available,04 year(s) 00 month(s) 27 day(s),Dogs 303 A1,,,,,,,,,,,,,,,,,,,,False,1210923748402925,False
840,1210923864166725,A0058996287,L2,L2 - SF,,-,N,,,25,,Available,00 year(s) 11 month(s) 27 day(s),Foster Foster Home,,,,,,,,,,,,,,,,,,,,False,1210923747555340,False
841,1210912477459790,,,,,,,,,,,,,,,,,,,,,,,,,,,,,,,,,False,1210912354922988,False
842,1210912477318037,A0058998237,L1,L1,,-,M,,,79,,Available,04 year(s) 00 month(s) 22 day(s),Dogs 601 5,,,,,,,,,,,,,,,,,,,,False,1210912340223458,False
843,1210912477324404,,,,,,,,,,,,,,,,,,,,,,,,,,,,,,,,,False,1210912354796990,False
844,1210912260897642,A0058996759,L2,L2 - BR/LB,,-,M,,,44,,Available,03 year(s) 00 month(s) 27 day(s),Foster Foster Home,,,,,,,,,,,,,,,,,,,,False,1210912476919398,False
845,1210912260724869,A0058993234,L1,L1,,-,M,,,47,,Available,00 year(s) 09 month(s) 22 day(s),Dogs 503 A3,,,,,,,,,,,,,,,,,,,,False,1210912257026464,False
846,1210912353560935,A0058992977,L2,L2-SF,,-,M,,,47,,Priority,00 year(s) 10 month(s) 28 day(s),Dog Quarantine B6,,,,,,,,,,,,,,,,,,,,False,1210912256750544,False
847,1210912262029365,A0058992970,L1,L1,,-,S,,,50,,Trial Adoption,03 year(s) 00 month(s) 27 day(s),Foster Trial Adoption,,,,,,,,,,,,,,,,,,,,False,1210912351832257,False
848,1210912477132970,,,,,,,,,,,,,,,,,,,,,,,,,,,,,,,,,False,1210912354507191,False
849,1210912260629846,A0058994579,L1,L1,,-,F,,,53,,Available,01 year(s) 00 month(s) 28 day(s),Foster Friendly Finder,,,,,,,,,,,,,,,,,,,,False,1210912477011786,False
850,1210912476981918,A0058992373,L2,L2-BR/SF,,-,S,,,51,,Priority,02 year(s) 00 month(s) 28 day(s),Dogs 606 B5,,,,,,,,,,,,,,,,,,,,False,1210912261775286,False
851,1210912259222672,A0058991484,L1,L1,,-,N,,,40,,Available,00 year(s) 10 month(s) 29 day(s),Dogs 501 6,,,,,,,,,,,,,,,,,,,,False,1210912476507890,True
852,1210897289866815,A0058988613,L2,L2-BR,,-,M,,,61,,Priority,03 year(s) 00 month(s) 29 day(s),Dogs 088 B1,,,,,,,,,,,,,,,,,,,,False,1210897288631773,False
853,1210897289618293,,,,,,,,,,,,,,,,,,,,,,,,,,,,,,,,,False,1210897575433862,False
854,1210897289769246,A0058985496,L1,L1,,+,M,,,63,,Available,04 year(s) 00 month(s) 29 day(s),Dogs 503 B2,,,,,,,,,,,,,,,,,,,,False,1210897482544808,False
855,1210897575822601,A0058961542,L1,L1,,-,S,,,58,,Trial Adoption,03 year(s) 00 month(s) 29 day(s),Foster Trial Adoption,,,,,,,,,,,,,,,,,,,,False,1210897575798450,False
856,1210897575824199,A0058985823,L2,L2-SF,,-,F,,,35,,Available,02 year(s) 00 month(s) 30 day(s),Dogs 067 A5,,,,,,,,,,,,,,,,,,,,False,1210897482553497,False
857,1210894317709469,A0058981944,L2,L2-SF,,-,F,,,29,,Available,00 year(s) 07 month(s) 30 day(s),Dog Quarantine B1,,,,,,,,,,,,,,,,,,,,False,1210894044159700,True
858,1210894317239887,A0058981445,L1,L1,,-,S,,,11,,Trial Adoption,05 year(s) 00 month(s) 30 day(s),Foster Trial Adoption,,,,,,,,,,,,,,,,,,,,False,1210894043604362,False
859,1210894342028323,A0058978654,L1,L1,,-,M,,,56,,Available,03 year(s) 00 month(s) 30 day(s),Dogs 303 A6,,,,,,,,,,,,,,,,,,,,False,1210894316372729,False
860,1210894043317583,A0058978213,L1,L1,,-,N,,,53,,Available,02 year(s) 01 month(s) 00 day(s),Dogs 081 B5,,,,,,,,,,,,,,,,,,,,False,1210894316328107,False
861,1210894043497307,A0058978246,L1,L1,,+,F,,,33,,Trial Adoption,04 year(s) 00 month(s) 30 day(s),Foster Trial Adoption,,,,,,,,,,,,,,,,,,,,False,1210894341722510,False
862,1210894043514266,A0058978189,L1,L1,,+,N,,,33,,Trial Adoption,03 year(s) 01 month(s) 00 day(s),Foster Trial Adoption,,,,,,,,,,,,,,,,,,,,False,1210894341513228,False
863,1210885872123753,A0058978092,L1,L1,,-,F,,,46,,Available,03 year(s) 01 month(s) 00 day(s),Dogs 503 B1,,,,,,,,,,,,,,,,,,,,False,1210885546677145,False
864,1210885872713481,A0058970953,L1,L1,,-,S,,,54,,Available,04 year(s) 01 month(s) 00 day(s),Dogs 606 A4,,,,,,,,,,,,,,,,,,,,False,1210885654270641,False
865,1210885872676989,A0058972245,L1,L1,,-,S,,,28,,Trial Adoption,02 year(s) 01 month(s) 00 day(s),Foster Trial Adoption,,,,,,,,,,,,,,,,,,,,False,1210885552047809,False
866,1210885871896574,A0058972613,L1,L1,,+,M,,,55,,Available,05 year(s) 01 month(s) 00 day(s),Foster Foster Home,,,,,,,,,,,,,,,,,,,,False,1210885552774924,False
867,1210885872639988,A0058970450,L2,L2-BR/A,,-,N,,,32,,Available,01 year(s) 01 month(s) 01 day(s),Foster Foster Home,,,,,,,,,,,,,,,,,,,,False,1210885654900837,False
868,1210885655168033,A0058970456,L1,L1,,-,F,,,39,,Available,02 year(s) 01 month(s) 01 day(s),Foster Foster Home,,,,,,,,,,,,,,,,,,,,False,1210885552656906,False
869,1210885655085456,A0058965409,L2,L2-SF,,-,M,,,55,,Available,01 year(s) 01 month(s) 01 day(s),Dogs 601 2,,,,,,,,,,,,,,,,,,,,False,1210885552084955,False
870,1210885552592584,A0058964495,L1,L1,,-,N,,,43,,Trial Adoption,01 year(s) 07 month(s) 01 day(s),Foster Trial Adoption,,,,,,,,,,,,,,,,,,,,False,1210885872364154,False
871,1210875313895811,,,,,,,,,,,,,,,,,,,,,,,,,,,,,,,,,False,1210875370189383,False
872,1210875371102330,A0058968313,L1,L1,,-,N,,,51,,Trial Adoption,05 year(s) 01 month(s) 01 day(s),Foster Trial Adoption,,,,,,,,,,,,,,,,,,,,False,1210875313439373,False
873,1210875677204485,A0058964897,L1,L1,,+,F,,,56,,Available,05 year(s) 01 month(s) 01 day(s),Dogs 081 B8,,,,,,,,,,,,,,,,,,,,False,1210875676962837,False
874,1210875313901685,A0058964571,L1,L1,,-,N,,,47,,Trial Adoption,02 year(s) 01 month(s) 01 day(s),Foster Trial Adoption,,,,,,,,,,,,,,,,,,,,False,1210875313746482,False
875,1210875313876924,A0058955017,L1,L1,,-,N,,,53,,Available,00 year(s) 10 month(s) 02 day(s),Dogs 603 A2,,,,,,,,,,,,,,,,,,,,False,1210875370727429,True
876,1210875675015643,A0058962398,L1,L1,,-,M,,,20,,Available,00 year(s) 08 month(s) 03 day(s),Dogs 081 B7,,,,,,,,,,,,,,,,,,,,False,1210875674673976,False
877,1210875675575199,A0058962394,L1,L1,,-,M,,,21,,Available,00 year(s) 08 month(s) 03 day(s),Dogs 403 B1,,,,,,,,,,,,,,,,,,,,False,1210875313746470,False
878,1210864055581272,A0058956679,L2,L2 - OA,,-,F,,,41,,Available,02 year(s) 01 month(s) 02 day(s),Foster Foster Home,,,,,,,,,,,,,,,,,,,,False,1210863967447590,False
879,1210863993810899,A0058961127,L2,L2-SF,,-,F,,,41,,Available,01 year(s) 01 month(s) 02 day(s),Dogs 306 A5,,,,,,,,,,,,,,,,,,,,False,1210863991804026,False
880,1210863991783433,A0058956717,L1,L1,,-,N,,,36,,Trial Adoption,03 year(s) 01 month(s) 03 day(s),Foster Trial Adoption,,,,,,,,,,,,,,,,,,,,False,1210863966696174,False
881,1210864055344884,A0058955722,L1,L1,,-,N,,,47,,Trial Adoption,02 year(s) 01 month(s) 02 day(s),Foster Foster Home,,,,,,,,,,,,,,,,,,,,False,1210863965205894,False
882,1210864055338949,A0058956070,L1,L1,,-,S,,,46,,Available,02 year(s) 07 month(s) 03 day(s),Dogs 501 3,,,,,,,,,,,,,,,,,,,,False,1210864051431655,False
883,1210863967232808,A0058953978,L1,L1,,-,F,,,56,,Available,02 year(s) 01 month(s) 03 day(s),Puppy 47 1,,,,,,,,,,,,,,,,,,,,False,1210863993395627,False
884,1210864055204425,A0058952168,L1,L1,,-,M,,,48,,Available,03 year(s) 01 month(s) 04 day(s),Dogs 601 4,,,,,,,,,,,,,,,,,,,,False,1210863967173904,False
885,1210863992854646,A0058953982,L1,L1,,+,F,,,56,,Available,03 year(s) 01 month(s) 03 day(s),Puppy 48 3,,,,,,,,,,,,,,,,,,,,False,1210863965694728,False
886,1210853450454295,A0058950523,L1,L1,,-,M,,,51,,Available,01 year(s) 01 month(s) 04 day(s),Dogs 601 6,,,,,,,,,,,,,,,,,,,,False,1210853351017167,False
887,1210853351733548,A0058950235,L1,L1,,-,M,,,68,,Available,02 year(s) 01 month(s) 03 day(s),Dogs 606 A2,,,,,,,,,,,,,,,,,,,,False,1210853561839628,False
888,1210853351399382,A0058948812,L1,L1,,-,F,,,42,,Available,03 year(s) 01 month(s) 03 day(s),Featured Dogs 52,,,,,,,,,,,,,,,,,,,,False,1210853212800183,False
889,1210853351398214,,,,,,,,,,,,,,,,,,,,,,,,,,,,,,,,,False,1210853561565348,False
890,1210842310437462,A0058945559,L1,L1,,-,M,,,56,,Available,02 year(s) 01 month(s) 04 day(s),Dogs 606 B6,,,,,,,,,,,,,,,,,,,,False,1210842544489447,False
891,1210842375376812,A0058945418,L1,L1,,-,S,,,37,,Trial Adoption,01 year(s) 01 month(s) 04 day(s),Foster Trial Adoption,,,,,,,,,,,,,,,,,,,,False,1210842373693941,True
892,1210842309965230,A0058943550,L2,L2 - RG/BR,,-,N,,,46,,Priority,08 year(s) 01 month(s) 05 day(s),Dogs 501 5,,,,,,,,,,,,,,,,,,,,False,,
893,1210842309990069,A0058945194,L2,L2-A,,-,N,,,58,,Priority,02 year(s) 01 month(s) 04 day(s),Dogs 601 9,,,,,,,,,,,,,,,,,,,,False,1210842543502337,False
894,1210842542885007,A0058937435,L1,L1,,-,N,,,65,,Priority,04 year(s) 01 month(s) 04 day(s),Dogs 403 A6,,,,,,,,,,,,,,,,,,,,False,1210842304467953,False
895,1210842375203735,A0058941410,L2,L2-SF,,-,F,,,34,,Available,00 year(s) 11 month(s) 05 day(s),Dogs 602 1,,,,,,,,,,,,,,,,,,,,False,1210842373547441,False
896,1210838875546958,A0058943849,L2,L2-SF,,+,M,,,53,,Available,04 year(s) 01 month(s) 05 day(s),Foster Foster Home,,,,,,,,,,,,,,,,,,,,False,1210838770636512,False
897,1210838770637022,A0058943866,L1,L1,,+,F,,,48,,Available,08 year(s) 01 month(s) 05 day(s),Foster Foster Home,,,,,,,,,,,,,,,,,,,,False,1210838769926860,False
898,1210838981199551,A0058943859,L2,L2-SF,,+,F,,,47,,Available,03 year(s) 01 month(s) 05 day(s),Foster Foster Home,,,,,,,,,,,,,,,,,,,,False,1210838770636544,False
899,1210838981273632,A0058943403,L1,L1,,+,S,,,39,,Available,02 year(s) 00 month(s) 03 day(s),Foster Foster Home,,,,,,,,,,,,,,,,,,,,False,1210838981265427,False
900,1210838875635615,A0058943248,L1,L1,,-,M,,,40,,Available,01 year(s) 01 month(s) 05 day(s),Dogs 406 B7,,,,,,,,,,,,,,,,,,,,False,1210838770392391,True
901,1210838875547212,A0058940587,L2,L2-SF/BR,,-,M,,,60,,Priority,03 year(s) 07 month(s) 08 day(s),Dogs 602 3,,,,,,,,,,,,,,,,,,,,False,1210838875099934,False
902,1210836875786689,A0058935553,L1,L1,,+,N,,,76,,Trial Adoption,04 year(s) 01 month(s) 06 day(s),Foster Trial Adoption,,,,,,,,,,,,,,,,,,,,False,1210836874795064,False
903,1210836875788948,A0058936565,L2,L2-SF,,-,N,,,53,,Available,03 year(s) 01 month(s) 06 day(s),Dog Quarantine B3,,,,,,,,,,,,,,,,,,,,False,1210836873870210,False
904,1210836875512543,A0058938802,L1,L1,,-,F,,,32,,Trial Adoption,06 year(s) 01 month(s) 05 day(s),Foster Foster Home,,,,,,,,,,,,,,,,,,,,False,1210836913851775,False
905,1210836809210428,A0058937667,L1,L1,,-,M,,,49,,Available,01 year(s) 01 month(s) 06 day(s),Dogs 506 A6,,,,,,,,,,,,,,,,,,,,False,1210836808648442,False
906,1210836875256208,A0058933580,L1,L1,,-,M,,,44,,Available,01 year(s) 01 month(s) 07 day(s),Featured Dogs 58,,,,,,,,,,,,,,,,,,,,False,1210836874740707,False
907,1210836809086573,,,,,,,,,,,,,,,,,,,,,,,,,,,,,,,,,False,1210836808188907,False
908,1210836875189000,A0058923804,L1,L1,,-,N,,,79,,Available,05 year(s) 01 month(s) 06 day(s),Foster Foster Home,,,,,,,,,,,,,,,,,,,,False,1210836875117691,False
909,1210836808964460,A0058923968,L1,L1,,-,M,,,65,,Priority,02 year(s) 01 month(s) 06 day(s),Flex 83,,,,,,,,,,,,,,,,,,,,False,1210836808919681,False
910,1210836875128653,A0058932264,L1,L1,,+,M,,,55,,Available,03 year(s) 01 month(s) 07 day(s),Dogs 503 B4,,,,,,,,,,,,,,,,,,,,False,1210836874867915,False
911,1210836808957327,A0058923964,L1,L1,,-,S,,,43,,Priority,04 year(s) 01 month(s) 06 day(s),Dogs 606 A1,,,,,,,,,,,,,,,,,,,,False,1210836875118811,False
912,1210817415777952,A0058923121,L1,L1,,+,F,,,71,,Available,03 year(s) 01 month(s) 09 day(s),Dogs 506 B6,,,,,,,,,,,,,,,,,,,,False,1210817332649142,False
913,1210817412772497,A0058916541,L1,L1,,-,M,,,76,,Available,02 year(s) 01 month(s) 09 day(s),Foster Foster Home,,,,,,,,,,,,,,,,,,,,False,1210817332649432,False
914,1210818231926087,A0058920051,L1,L1,,-,S,,,71,,Available,05 year(s) 01 month(s) 08 day(s),Foster Foster Home,,,,,,,,,,,,,,,,,,,,False,1210818230822750,False
915,1210817332764081,A0058916889,L1,L1,,-,N,,,50,,Available,05 year(s) 01 month(s) 09 day(s),Foster Foster Home,,,,,,,,,,,,,,,,,,,,False,1210817413627687,False
916,1210807087941509,A0058916951,L1,L1,,+,M,,,42,,Trial Adoption,04 year(s) 01 month(s) 09 day(s),Foster Foster Home,,,,,,,,,,,,,,,,,,,,False,1210807087231838,False
917,1210807018958415,A0058915433,L1,L1,,-,F,,,12,,Available,13 year(s) 01 month(s) 10 day(s),Foster Foster Home,,,,,,,,,,,,,,,,,,,,False,1210807143466144,False
918,1210807018993723,,,,,,,,,,,,,,,,,,,,,,,,,,,,,,,,,False,1210807144634098,False
919,1210807087627971,,,,,,,,,,,,,,,,,,,,,,,,,,,,,,,,,False,1210807145773499,False
920,1210807087634689,,,,,,,,,,,,,,,,,,,,,,,,,,,,,,,,,False,1210807144254984,False
921,1210807087631409,,,,,,,,,,,,,,,,,,,,,,,,,,,,,,,,,False,1210807086917174,True
922,1210807145732678,,,,,,,,,,,,,,,,,,,,,,,,,,,,,,,,,False,1210807141659200,False
923,1210807087414314,,,,,,,,,,,,,,,,,,,,,,,,,,,,,,,,,False,,
924,1210807087360232,,,,,,,,,,,,,,,,,,,,,,,,,,,,,,,,,False,1210807145001863,False
925,1210807087144952,,,,,,,,,,,,,,,,,,,,,,,,,,,,,,,,,False,1210807017120104,False
926,1210807087079011,A0058908520,L1,L1,,+,M,,,72,,Available,02 year(s) 01 month(s) 10 day(s),Dogs 506 B2,,,,,,,,,,,,,,,,,,,,False,1210807085229137,False
927,1210796316268848,,,,,,,,,,,,,,,,,,,,,,,,,,,,,,,,,False,1210796315159573,False
928,1210796531980533,A0058901520,L1,L1,,-,M,,,60,,Available,05 year(s) 01 month(s) 11 day(s),Dogs 603 B1,,,,,,,,,,,,,,,,,,,,False,1210796437217764,False
929,1210796437519667,A0058902637,L2,L2-OA,,-,M,,,59,,Court,01 year(s) 01 month(s) 10 day(s),Dog ISO 155 B4,,,,,,,,,,,,,,,,,,,,False,1210796315985344,False
930,1210796315924156,A0058900557,L1,L1,,+,M,,,36,,Available,03 year(s) 01 month(s) 11 day(s),Dog Quarantine A1,,,,,,,,,,,,,,,,,,,,False,1210796437217686,False
931,1210784069519976,A0058900098,L1,L1 - EA,,-,F,,,50,,Priority,02 year(s) 01 month(s) 12 day(s),Dogs 606 B1,,,,,,,,,,,,,,,,,,,,False,1210784192612663,False
932,1210784193745822,A0058892857,L2,L2-RG/OD,,-,F,,,71,,Trial Adoption,07 year(s) 01 month(s) 12 day(s),Foster Trial Adoption,,,,,,,,,,,,,,,,,,,,False,1210784187114681,False
933,1210784069218407,A0058798244,L1,L1,,-,S,,,44,,Trial Adoption,00 year(s) 10 month(s) 11 day(s),Foster Trial Adoption,,,,,,,,,,,,,,,,,,,,False,1210784193674393,False
934,1210780960451632,A0058897336,L1,L1,,-,F,,,38,,Available,00 year(s) 07 month(s) 12 day(s),Foster Foster Home,,,,,,,,,,,,,,,,,,,,False,1210780960149530,False
935,1210781089685270,A0058896193,L2,L2-SF,,-,F,,,44,,Available,02 year(s) 01 month(s) 12 day(s),Dogs 401 6,,,,,,,,,,,,,,,,,,,,False,1210780959794613,False
936,1210780913235612,,,,,,,,,,,,,,,,,,,,,,,,,,,,,,,,,False,1210781089663141,False
937,1210781089650784,,,,,,,,,,,,,,,,,,,,,,,,,,,,,,,,,False,1210781089619249,False
938,1210780913179336,,,,,,,,,,,,,,,,,,,,,,,,,,,,,,,,,False,1210780912915942,False
939,1210781089595186,A0058886253,L2,L2-SF,,-,N,,,50,,Trial Adoption,03 year(s) 01 month(s) 13 day(s),Foster Trial Adoption,,,,,,,,,,,,,,,,,,,,False,1210780913037610,False
940,1210781089575918,A0058886275,L2,L2-SF,,-,S,,,42,,Trial Adoption,03 year(s) 01 month(s) 13 day(s),Foster Trial Adoption,,,,,,,,,,,,,,,,,,,,False,1210780960211874,True
941,1210781089571012,,,,,,,,,,,,,,,,,,,,,,,,,,,,,,,,,False,1210781089277469,False
942,1210778572564586,A0058890026,L1,L1,,-,M,,,22,,Available,00 year(s) 07 month(s) 14 day(s),Foster Foster Home,,,,,,,,,,,,,,,,,,,,False,1210778572455156,False
943,1210778572464468,A0058889019,L1,L1,,-,S,,,48,,Available,00 year(s) 11 month(s) 13 day(s),Dogs 068 A5,,,,,,,,,,,,,,,,,,,,False,1210778620368250,True
944,1210778743657561,A0058886517,L1,L1,,-,M,,,49,,Available,02 year(s) 01 month(s) 13 day(s),Featured Dogs 56,,,,,,,,,,,,,,,,,,,,False,1210778620223836,False
945,1210778743591179,A0058888423,L2,L2-SF,,-,N,,,10,,Trial Adoption,02 year(s) 01 month(s) 14 day(s),Foster Trial Adoption,,,,,,,,,,,,,,,,,,,,False,1210778572410722,False
946,1210778620746131,A0058875618,L2,L2-RH,,+,S,,,54,,Available,04 year(s) 01 month(s) 14 day(s),Dogs 303 A3,,,,,,,,,,,,,,,,,,,,False,1210778572261171,False
947,1210778572340929,A0058880090,L1,L1,,-,N,,,51,,Trial Adoption,01 year(s) 07 month(s) 14 day(s),Foster Trial Adoption,,,,,,,,,,,,,,,,,,,,False,1210778620288032,False
948,1210769793311404,A0058881259,L1,L1,,-,F,,,41,,Available,03 year(s) 01 month(s) 14 day(s),Dogs 088 B10,,,,,,,,,,,,,,,,,,,,False,1210769911481506,False
949,1210769775205819,,,,,,,,,,,,,,,,,,,,,,,,,,,,,,,,,False,1210769653872250,False
950,1210769775486488,A0058883962,L1,L1,,-,F,,,51,,Available,05 year(s) 01 month(s) 13 day(s),Dogs 406  B1,,,,,,,,,,,,,,,,,,,,False,1210769774928290,False
951,1210769792549313,A0058879473,L1,L1,,+,M,,,50,,Available,02 year(s) 01 month(s) 14 day(s),Foster Foster Home,,,,,,,,,,,,,,,,,,,,False,1210769909517851,False
952,1210769792546313,A0058882547,L1,L1,,+,F,,,58,,Priority,06 year(s) 01 month(s) 13 day(s),Dogs 079 A2,,,,,,,,,,,,,,,,,,,,False,1210769910371812,False
953,1210769775142876,A0058879483,L1,L1,,-,S,,,43,,Trial Adoption,03 year(s) 01 month(s) 14 day(s),Foster Trial Adoption,,,,,,,,,,,,,,,,,,,,False,1210769774447624,False
954,1210769911018707,,,,,,,,,,,,,,,,,,,,,,,,,,,,,,,,,False,1210769909914501,False
955,1210769791353694,A0058786148,L2,L2 - SF,,-,N,,,50,,Trial Adoption,03 year(s) 01 month(s) 14 day(s),Foster Trial Adoption,,,,,,,,,,,,,,,,,,,,False,1210769771057196,False
956,1210769910704878,A0058786151,L2,L2 - SF,,+,F,,,49,,Priority,03 year(s) 01 month(s) 14 day(s),Dogs 402 3,,,,,,,,,,,,,,,,,,,,False,1210769774447610,True
957,1210758504006628,A0058872755,L2,L2 - RG,,-,F,,,55,,Priority,02 year(s) 01 month(s) 15 day(s),Dogs 403 B3,,,,,,,,,,,,,,,,,,,,False,1210758502923704,False
958,1210758503999288,A0058870368,L3,L3-SF,,-,S,,,52,,Available,00 year(s) 08 month(s) 16 day(s),Foster Foster Home,,,,,,,,,,,,,,,,,,,,False,1210758736218202,False
959,1210758736136410,A0058870423,L1,L1,,-,N,,,50,,Available,06 year(s) 01 month(s) 16 day(s),Foster Foster Home,,,,,,,,,,,,,,,,,,,,False,1210758735175843,False
960,1210758437674092,A0058870361,L3,L3-SF,,-,F,,,40,,Available,00 year(s) 08 month(s) 16 day(s),Foster Foster Home,,,,,,,,,,,,,,,,,,,,False,1210758736218042,False
961,1210758437688238,A0058871529,L1,L1,,-,M,,,57,,Available,05 year(s) 01 month(s) 15 day(s),Dogs 503 B3,,,,,,,,,,,,,,,,,,,,False,1210758735747006,False
962,1210758736129825,A0058870343,L3,L3 - SF,,-,N,,,49,,Trial Adoption,00 year(s) 08 month(s) 16 day(s),Foster Trial Adoption,,,,,,,,,,,,,,,,,,,,False,1210758503069912,False
963,1210758436040647,A0058870352,L3,L3-SF,,-,F,,,42,,Available,00 year(s) 08 month(s) 16 day(s),Foster Foster Home,,,,,,,,,,,,,,,,,,,,False,1210758436789330,False
964,1210748243684669,A0058866574,L1,L1,,-,S,,,23,,Trial Adoption,00 year(s) 08 month(s) 16 day(s),Foster Trial Adoption,,,,,,,,,,,,,,,,,,,,False,1210747946863574,True
965,1210747947526795,A0058867555,L1,L1,,+,M,,,84,,Available,04 year(s) 01 month(s) 16 day(s),Dogs 503 A5,,,,,,,,,,,,,,,,,,,,False,1210748242984157,False
966,1210748243577282,A0058864035,L1,L1,,-,N,,,53,,Available,03 year(s) 01 month(s) 16 day(s),Dogs 064 B2,,,,,,,,,,,,,,,,,,,,False,1210748020930671,False
967,1210747947064926,A0058855116,L1,L1,,-,F,,,34,,Available,07 year(s) 01 month(s) 17 day(s),Foster Foster Home,,,,,,,,,,,,,,,,,,,,False,1210748241598435,False
968,1210748243303077,A0058855570,L1,L1,,-,N,,,51,,Available,01 year(s) 00 month(s) 17 day(s),Foster Foster Home,,,,,,,,,,,,,,,,,,,,False,1210748020560897,True
969,1210747947153520,A0058861302,L1,L1,,-,S,,,43,,Trial Adoption,03 year(s) 01 month(s) 17 day(s),Foster Trial Adoption,,,,,,,,,,,,,,,,,,,,False,1210748243113694,False
970,1210736934743105,A0058859172,L1,L1,,-,F,,,44,,Available,02 year(s) 01 month(s) 17 day(s),Dogs 402 6,,,,,,,,,,,,,,,,,,,,False,1210737059651944,False
971,1210737058733943,A0058858235,L2,L2 - OA,,-,N,,,46,,Available,04 year(s) 01 month(s) 17 day(s),Foster Foster Home,,,,,,,,,,,,,,,,,,,,False,1210737060620246,False
972,1210736990722604,A0058857283,STAFF ONLY,STAFF ONLY,,-,N,,,62,,Available,03 year(s) 01 month(s) 18 day(s),Foster Foster Home,,,,,,,,,,,,,,,,,,,,False,1210736989600163,False
973,1210736991110324,,,,,,,,,,,,,,,,,,,,,,,,,,,,,,,,,False,1210736990531604,False
974,1210737060469302,A0058855489,L2,L2 - SF,,-,N,,,61,,Available,03 year(s) 01 month(s) 17 day(s),Foster Foster Home,,,,,,,,,,,,,,,,,,,,False,1210736934206601,False
975,1210736934524495,A0058856656,L3,L3 - SF,,-,S,,,41,,Available,03 year(s) 01 month(s) 17 day(s),Foster Foster Home,,,,,,,,,,,,,,,,,,,,False,1210736934414725,False
976,1210737060094876,,,,,,,,,,,,,,,,,,,,,,,,,,,,,,,,,False,1210736934411768,False
977,1210736934303203,A0058853970,L1,L1,,-,M,,,53,,Priority,04 year(s) 01 month(s) 18 day(s),Dogs 401 4,,,,,,,,,,,,,,,,,,,,False,1210736934231104,True
978,1210736990701010,A0058853857,L1,L1,,-,F,,,25,,Available,00 year(s) 09 month(s) 18 day(s),Foster Foster Home,,,,,,,,,,,,,,,,,,,,False,1210737059476311,False
979,1210724810857715,A0058852011,L2,L2-BR,,-,F,,,55,,Available,02 year(s) 01 month(s) 18 day(s),Foster Foster Home,,,,,,,,,,,,,,,,,,,,False,1210724534372693,False
980,1210721860241106,A0058850516,L2,L2 - BR/OA,,-,F,,,54,,Available,02 year(s) 01 month(s) 19 day(s),Foster Foster Home,,,,,,,,,,,,,,,,,,,,False,1210721775186498,False
981,1210721775186034,A0058846611,L2,L2-H/SF,,-,F,,,45,,Court,03 year(s) 01 month(s) 19 day(s),Dog ISO 153 B4,,,,,,,,,,,,,,,,,,,,False,1210721775212024,False
982,1210721775316640,A0058846624,L2,L2-OA,,-,M,,,47,,Court,02 year(s) 01 month(s) 19 day(s),Dogs 302 3,,,,,,,,,,,,,,,,,,,,False,1210721860124741,False
983,1210721775269531,A0058848637,L1,L1,,+,F,,,65,,Available,03 year(s) 01 month(s) 19 day(s),Dogs 079 A4,,,,,,,,,,,,,,,,,,,,False,1210721774988459,False
984,1210721740431360,A0058847356,L1,L1,,-,M,,,50,,Priority,02 year(s) 01 month(s) 19 day(s),Featured Dogs 55,,,,,,,,,,,,,,,,,,,,False,1210721860202189,False
985,1210721775084896,,,,,,,,,,,,,,,,,,,,,,,,,,,,,,,,,False,1210721775147095,True
986,1210721860162598,A0058844546,L1,L1,,+,S,,,37,,Available,03 year(s) 01 month(s) 20 day(s),Foster Foster Home,,,,,,,,,,,,,,,,,,,,False,1210721775146834,False
987,1210721740188185,,,,,,,,,,,,,,,,,,,,,,,,,,,,,,,,,False,1210721860037921,True
988,1210721740273385,,,,,,,,,,,,,,,,,,,,,,,,,,,,,,,,,False,1210721775147162,True
989,1210721775111446,,,,,,,,,,,,,,,,,,,,,,,,,,,,,,,,,False,1210721860145270,True
990,1210721775167946,,,,,,,,,,,,,,,,,,,,,,,,,,,,,,,,,False,1210721774881880,True
991,1210721775069512,A0058843976,STAFF ONLY,STAFF ONLY,,-,F,,,67,,Bite Quarantine - Not Visible,05 year(s) 01 month(s) 20 day(s),Dogs 203 8,,,,,,,,,,,,,,,,,,,,False,,
992,1210721859994867,A0058835165,L1,L1,,+,S,,,51,,Trial Adoption,06 year(s) 01 month(s) 19 day(s),Foster Foster Home,,,,,,,,,,,,,,,,,,,,False,1210721740237234,False
993,1210713479097951,,,,,,,,,,,,,,,,,,,,,,,,,,,,,,,,,False,1210713626855453,True
994,1210713704772744,A0058841665,L1,L1,,+,M,,,68,,Available,02 year(s) 01 month(s) 21 day(s),Puppy 48 2,,,,,,,,,,,,,,,,,,,,False,1210713627390287,False
995,1210713704894153,A0058838545,L1,L1,,-,S,,,50,,Trial Adoption,05 year(s) 01 month(s) 21 day(s),Foster Trial Adoption,,,,,,,,,,,,,,,,,,,,False,1210713626335465,False
996,1210713627605003,A0058836173,L2,L2-SF,,-,N,,,43,,Trial Adoption,01 year(s) 01 month(s) 22 day(s),Foster Trial Adoption,,,,,,,,,,,,,,,,,,,,False,1210713627571284,False
997,1210703080832934,A0058831101,L1,L1,,-,S,,,52,,Available,05 year(s) 01 month(s) 22 day(s),Foster Foster Home,,,,,,,,,,,,,,,,,,,,False,1210702992558586,False
998,1210703257522881,A0058831083,L1,L1,,-,N,,,61,,Trial Adoption,04 year(s) 01 month(s) 22 day(s),Foster Trial Adoption,,,,,,,,,,,,,,,,,,,,False,1210703078845612,False
999,1210692465331713,,,,,,,,,,,,,,,,,,,,,,,,,,,,,,,,,False,,
1000,1210692724510916,A0058822047,L1,L1- FJ,,+,S,,,58,,Available,06 year(s) 01 month(s) 23 day(s),Foster Foster Home,,,,,,,,,,,,,,,,,,,,False,1210692600449623,False
1001,1210692600849611,A0058820414,L1,L1,,-,N,,,51,,Trial Adoption,00 year(s) 11 month(s) 23 day(s),Foster Trial Adoption,,,,,,,,,,,,,,,,,,,,False,1210692459969796,False
1002,1210692464235412,A0058820168,L2,L2-SF,,+,M,,,47,,Available,00 year(s) 11 month(s) 09 day(s),Foster Foster Home,,,,,,,,,,,,,,,,,,,,False,1210692598709401,False
1003,1210692724213720,A0058820818,L2,L2- H/JM,,-,N,,,56,,Available,02 year(s) 01 month(s) 23 day(s),Foster Foster Home,,,,,,,,,,,,,,,,,,,,False,1210692718226274,False
1004,1210692723834929,A0058812039,L2,L2-SF,,-,F,,,61,,Trial Adoption,05 year(s) 01 month(s) 26 day(s),Foster Trial Adoption,,,,,,,,,,,,,,,,,,,,False,1210692715593880,False
1005,1210670481998385,A0058809387,L2,L2-SF,,-,S,,,61,,Priority,05 year(s) 01 month(s) 26 day(s),Foster Foster Home,,,,,,,,,,,,,,,,,,,,False,1210670479452154,False
1006,1210667373045424,,,,,,,,,,,,,,,,,,,,,,,,,,,,,,,,,False,1210667372876276,True
1007,1210665023246504,A0058795391,L2,L2 - SF,,-,S,,,33,,Trial Adoption,01 year(s) 01 month(s) 28 day(s),Foster Trial Adoption,,,,,,,,,,,,,,,,,,,,False,1210665023248395,False
1008,1210665023276781,A0058795005,L2,L2-OA,,-,S,,,41,,Available,00 year(s) 09 month(s) 28 day(s),Foster Foster Home,,,,,,,,,,,,,,,,,,,,False,1210665299319485,False
1009,1210664992669101,A0058795125,L2,L2-SF,,-,S,,,24,,Trial Adoption,02 year(s) 01 month(s) 29 day(s),Foster Trial Adoption,,,,,,,,,,,,,,,,,,,,False,1210665299870150,False
1010,1210655315378594,A0058788000,L2,L2-BR,,-,M,,,71,,Trial Adoption,02 year(s) 01 month(s) 30 day(s),Foster Trial Adoption,,,,,,,,,,,,,,,,,,,,False,1210655557399500,False
1011,1210655556398124,,,,,,,,,,,,,,,,,,,,,,,,,,,,,,,,,False,1210655315080377,True
1012,1210655557309578,A0058782548,L1,L1,,-,M,,,39,,Available,02 year(s) 01 month(s) 30 day(s),Foster Foster Home,,,,,,,,,,,,,,,,,,,,False,1210655435934170,False
1013,1210645351053920,A0058778620,L1,L1,,-,F,,,56,,Priority,04 year(s) 02 month(s) 00 day(s),Dogs 064 B4,,,,,,,,,,,,,,,,,,,,False,1210645273108490,False
1014,1210645215897348,A0058778619,L1,L1,,+,M,,,54,,Priority,05 year(s) 02 month(s) 00 day(s),Dogs 081 B1,,,,,,,,,,,,,,,,,,,,False,1210645214389008,False
1015,1210634289689524,A0058775597,L1,L1,,+,S,,,39,,Trial Adoption,05 year(s) 02 month(s) 00 day(s),Foster Trial Adoption,,,,,,,,,,,,,,,,,,,,False,1210634723656311,False
1016,1210634289763805,A0058773401,L1,L1,,-,N,,,8,,Trial Adoption,02 year(s) 02 month(s) 00 day(s),Foster Trial Adoption,,,,,,,,,,,,,,,,,,,,False,1210634289662078,True
1017,1210634723659112,A0058771841,L1,L1,,+,F,,,41,,Trial Adoption,02 year(s) 02 month(s) 00 day(s),Foster Trial Adoption,,,,,,,,,,,,,,,,,,,,False,1210634287652739,False
1018,1210634406677264,,,,,,,,,,,,,,,,,,,,,,,,,,,,,,,,,False,1210634722030362,True
1019,1210634286628261,A0058769922,L1,L1,,-,N,,,51,,Trial Adoption,04 year(s) 02 month(s) 01 day(s),Foster Trial Adoption,,,,,,,,,,,,,,,,,,,,False,1210634406063564,False
1020,1210634289425733,A0058763780,L2,L2-RG,,+,N,,,63,,Available,03 year(s) 02 month(s) 01 day(s),Foster Foster Home,,,,,,,,,,,,,,,,,,,,False,1210634721466533,False
1021,1210634289430246,A0058769639,L2,L2-A/OA,,-,S,,,41,,Trial Adoption,01 year(s) 02 month(s) 30 day(s),Foster Trial Adoption,,,,,,,,,,,,,,,,,,,,False,1210634287711067,False
1022,1210623095148524,A0058766779,L1,L1,,-,S,,,31,,Available,00 year(s) 11 month(s) 01 day(s),Foster Foster Home,,,,,,,,,,,,,,,,,,,,False,1210623089863907,False
1023,1210623152877482,A0058762902,L1,L1,,-,S,,,35,,Trial Adoption,00 year(s) 10 month(s) 01 day(s),Foster Trial Adoption,,,,,,,,,,,,,,,,,,,,False,1210623079828079,False
1024,1210623095092233,A0058762439,L1,L1,,+,N,,,45,,Available,11 year(s) 02 month(s) 22 day(s),Foster Foster Home,,,,,,,,,,,,,,,,,,,,False,1210623092517378,False
1025,1210623078689348,A0058762449,L1,L1,,-,N,,,22,,Trial Adoption,13 year(s) 02 month(s) 02 day(s),Foster Trial Adoption,,,,,,,,,,,,,,,,,,,,False,1210623088880749,False
1026,1210623094899437,A0058762135,L1,L1,,+,S,,,40,,Available,04 year(s) 02 month(s) 02 day(s),Foster Foster Home,,,Walks politely on leash,,,,,,Super cuddler,2-Medium energy,,,,,,,,,,False,1210623094774344,False
1027,1210623094851528,A0053626727,L1,L1,,-,S,,,51,,Priority,06 year(s) 05 month(s) 01 day(s),Foster Foster Home,,,,,,,,,,,,,,,,,,,,False,1210623094773974,False
1028,1210608001131660,A0058757108,L2,L2-SF,,-,S,,,36,,Available,01 year(s) 01 month(s) 04 day(s),Foster Foster Home,,,,,,,,,,,,,,,,,,,,False,1210607962092894,False
1029,1210607897565476,,,,,,,,,,,,,,,,,,,,,,,,,,,,,,,,,False,1210607897552274,False
1030,1210607962002479,A0058754236,L1,L1,,-,F,,,29,,Court,02 year(s) 02 month(s) 04 day(s),Salon C3,,,,,,,,,,,,,,,,,,,,False,1210608001174892,False
1031,1210607897506674,A0058754933,L1,L1,,-,F,,,51,,Trial Adoption,04 year(s) 02 month(s) 04 day(s),Foster Trial Adoption,,,,,,,,,,,,,,,,,,,,False,1210607961966023,False
1032,1210605849467085,A0058754218,L2,L2-SF,,-,M,,,36,,Court,02 year(s) 02 month(s) 04 day(s),Dog ISO 156 K2,,,,,,,,,,,,,,,,,,,,False,1210605981649959,False
1033,1210605981701318,,,,,,,,,,,,,,,,,,,,,,,,,,,,,,,,,False,1210605981649285,False
1034,1210605849433378,A0058751578,L2,L2-A,,-,M,,,28,,Available,02 year(s) 02 month(s) 05 day(s),Foster Foster Home,,,,,,,,,,,,,,,,,,,,False,1210605848405809,False
1035,1210596699356616,A0058743820,L1,L1,,-,N,,,70,,Priority,04 year(s) 02 month(s) 06 day(s),Foster Foster Home,,,,,,,,,,,,,,,,,,,,False,1210596794840881,False
1036,1210596825779310,A0058740777,L1,L1,,-,N,,,59,,Trial Adoption,01 year(s) 02 month(s) 06 day(s),Foster Trial Adoption,,,,,,,,,,,,,,,,,,,,False,1210596822560499,False
1037,1210596795237709,A0058740566,L1,L1,,-,F,,,46,,Available,05 year(s) 02 month(s) 06 day(s),Foster Foster Home,,,,,,,,,,,,,,,,,,,,False,1210596699069307,False
1038,1210588779543793,A0058735374,L2,L2-SF,,-,M,,,63,,Trial Adoption,04 year(s) 02 month(s) 06 day(s),Foster Trial Adoption,,,,,,,,,,,,,,,,,,,,False,1210588782194794,False
1039,1210588467387503,A0058734729,L1,L1,,+,M,,,69,,Trial Adoption,01 year(s) 02 month(s) 06 day(s),Foster Trial Adoption,,,,,,,,,,,,,,,,,,,,False,1210588578687073,False
1040,1210577954721112,A0058728584,L1,L1,,-,F,,,43,,Trial Adoption,04 year(s) 02 month(s) 07 day(s),Foster Trial Adoption,,,,,,,,,,,,,,,,,,,,False,1210577923209871,False
1041,1210577954624666,A0058728521,L1,L1,,-,N,,,32,,Trial Adoption,00 year(s) 08 month(s) 07 day(s),Foster Trial Adoption,,,,,,,,,,,,,,,,,,,,False,1210577953355727,False
1042,1210577923491967,,,,,,,,,,,,,,,,,,,,,,,,,,,,,,,,,False,1210577821542477,False
1043,1210577821519155,,,,,,,,,,,,,,,,,,,,,,,,,,,,,,,,,False,1210577952516377,False
1044,1210577954323314,,,,,,,,,,,,,,,,,,,,,,,,,,,,,,,,,False,1210577923018901,False
1045,1210577923006965,A0058728393,L1,L1,,-,S,,,53,,Available,02 year(s) 02 month(s) 07 day(s),Foster Foster Home,,,,,,,,,,,,,,,,,,,,False,1210577821236885,False
1046,1210577922566411,A0058725961,L2,L2-SF/BR,,-,N,,,43,,Trial Adoption,01 year(s) 02 month(s) 07 day(s),Foster Foster Home,,,,,,,,,,,,,,,,,,,,False,1210577922650716,True
1047,1210577953658324,,,,,,,,,,,,,,,,,,,,,,,,,,,,,,,,,False,1210577921772377,False
1048,1210577820883871,,,,,,,,,,,,,,,,,,,,,,,,,,,,,,,,,False,1210577921096062,False
1049,1210577953605522,,,,,,,,,,,,,,,,,,,,,,,,,,,,,,,,,False,1210577819472322,False
1050,1210566089199642,,,,,,,,,,,,,,,,,,,,,,,,,,,,,,,,,False,1210566047414845,False
1051,1210566047465149,A0058716047,L1,L1,,-,N,,,57,,Trial Adoption,03 year(s) 02 month(s) 08 day(s),Foster Foster Home,,,,,,,,,,,,,,,,,,,,False,1210566047414877,False
1052,1210566047231074,A0058716040,L1,L1,,+,S,,,54,,Trial Adoption,04 year(s) 02 month(s) 09 day(s),Foster Trial Adoption,,,,,,,,,,,,,,,,,,,,False,1210566268436701,False
1053,1210549129713104,A0058706791,L1,L1,,-,M,,,58,,Available,02 year(s) 02 month(s) 11 day(s),Foster Foster Home,,,,,,,,,,,,,,,,,,,,False,1210549128984149,False
1054,1210549210242215,A0058701597,L1,L1,,-,N,,,67,,Available,03 year(s) 02 month(s) 12 day(s),Foster Foster Home,,,,,,,,,,,,,,,,,,,,False,1210549209641954,True
1055,1210549120678757,,,,,,,,,,,,,,,,,,,,,,,,,,,,,,,,,False,1210549210127131,False
1056,1210549129548461,,,,,,,,,,,,,,,,,,,,,,,,,,,,,,,,,False,1210549208872911,False
1057,1210549120485422,,,,,,,,,,,,,,,,,,,,,,,,,,,,,,,,,False,1210549118891032,False
1058,1210549210061979,A0053312831,L1,L1     A498704,,-,N,,,41,,Available,09 year(s) 05 month(s) 06 day(s),Foster Foster Home,,,,,,,,,,,,,,,,,,,,False,1210549120546376,False
1059,1210549129490738,,,,,,,,,,,,,,,,,,,,,,,,,,,,,,,,,False,1210549120597139,False
1060,1210549120579191,,,,,,,,,,,,,,,,,,,,,,,,,,,,,,,,,False,1210549120255890,False
1061,1210549120607921,A0058256030,L1,L1,,-,F,,,67,,Court,05 year(s) 04 month(s) 18 day(s),Dog ISO 153 B3,,,,,,,,,,,,,,,,,,,,False,1210549210074233,False
1062,1210517848062173,A0058682196,L1,L1,,-,S,,,50,,Priority,01 year(s) 08 month(s) 13 day(s),Dogs 306 A7,,,,,,,,,,,,,,,,,,,,False,1210517847884887,True
1063,1210517924353963,A0058679072,L2,L2-SF,,-,F,,,47,,Available,02 year(s) 02 month(s) 14 day(s),Foster Foster Home,,,,,,,,,,,,,,,,,,,,False,1210517763522912,False
1064,1210506641388861,A0058673118,L1,L1,,-,N,,,45,,Trial Adoption,00 year(s) 11 month(s) 15 day(s),Foster Trial Adoption,,,,,,,,,,,,,,,,,,,,False,1210506694549733,False
1065,1210506641399840,A0058673772,L2,L2-JM,,-,F,,,32,,Available,00 year(s) 08 month(s) 16 day(s),Foster Foster Home,,,,,,,,,,,,,,,,,,,,False,1210506754649983,False
1066,1210506641374665,A0058674924,L1,L1,,-,N,,,88,,Trial Adoption,03 year(s) 09 month(s) 24 day(s),Foster Trial Adoption,,,,,,,,,,,,,,,,,,,,False,1210506693395258,False
1067,1210506694412262,A0053612126,L1,L1-A873957,,-,S,,,68,,Available,07 year(s) 02 month(s) 22 day(s),Foster Foster Home,,,,,,,,,,,,,,,,,,,,False,1210506693823521,False
1068,1210495425864606,,,,,,,,,,,,,,,,,,,,,,,,,,,,,,,,,False,1210495458650043,False
1069,1210492455011379,A0058662435,L1,L1,,-,F,,,78,,Trial Adoption,05 year(s) 02 month(s) 17 day(s),Foster Trial Adoption,,,,,,,,,,,,,,,,,,,,False,1210492455001228,False
1070,1210492571491363,A0058660752,L1,L1,,+,S,,,62,,Available,02 year(s) 02 month(s) 18 day(s),Foster Foster Home,,,,,,,,,,,,,,,,,,,,False,1210492571456578,False
1071,1210490057392091,,,,,,,,,,,,,,,,,,,,,,,,,,,,,,,,,False,1210490160134666,False
1072,1210490099992536,A0058659823,L1,L1,,-,S,,,57,,Available,02 year(s) 02 month(s) 18 day(s),Foster Foster Home,,,,,,,,,,,,,,,,,,,,False,1210490056545466,False
1073,1210490099734190,A0058652764,L1,L1,,-,S,,,48,,Available,02 year(s) 02 month(s) 19 day(s),Foster Foster Home,,,,,,,,,,,,,,,,,,,,False,1210490057026751,False
1074,1210481254866149,A0058648841,L2,L2-SF,,-,S,,,39,,Available,02 year(s) 02 month(s) 19 day(s),Foster Foster Home,,,,,,,,,,,,,,,,,,,,False,1210481323115617,False
1075,1210481323153396,,,,,,,,,,,,,,,,,,,,,,,,,,,,,,,,,False,1210481323092236,False
1076,1210469615676427,A0058638515,L2,L2-SF,,-,N,,,45,,Available,05 year(s) 02 month(s) 21 day(s),Foster Foster Home,,,,,,,,,,,,,,,,,,,,False,1210469613783840,False
1077,1210469685980820,A0058640735,L3,L3-SD/A/BR,,+,S,,,58,,Available,02 year(s) 01 month(s) 09 day(s),Foster Foster Home,,,,,,,,,,,,,,,,,,,,False,1210469685158787,False
1078,1210469685608004,A0058637692,L1,L1,,-,S,,,36,,Available,03 year(s) 02 month(s) 20 day(s),Foster Foster Home,,,,,,,,,,,,,,,,,,,,False,1210469615212724,False
1079,1210469819842209,A0058635759,L2,L2 - SF/BR,,+,F,,,64,,Available,04 year(s) 02 month(s) 21 day(s),Foster Foster Home,,,,,,,,,,,,,,,,,,,,False,1210469819664062,False
1080,1210469614652934,A0058636018,L1,L1,,-,N,,,60,,Available,01 year(s) 08 month(s) 11 day(s),Foster Foster Home,,,,,,,,,,,,,,,,,,,,False,1210469819664094,False
1081,1210458686679162,A0058619294,L2,L2-SF,,-,S,,,36,,Trial Adoption,00 year(s) 10 month(s) 22 day(s),Foster Trial Adoption,,,,,,,,,,,,,,,,,,,,False,1210458688568503,False
1082,1210447461213764,A0058625088,L3,L3-SF/BR,,-,N,,,64,,Available,03 year(s) 02 month(s) 22 day(s),Foster Foster Home,,,,,,,,,,,,,,,,,,,,False,1210447246176361,False
1083,1210447459094320,A0058620616,L1,L1,,-,S,,,51,,Available,01 year(s) 08 month(s) 22 day(s),Dogs 406 A7,,,,,,,,,,,,,,,,,,,,False,1210447460090958,False
1084,1210434303445959,A0058616717,L2,L2-A,,-,S,,,49,,Available,03 year(s) 02 month(s) 23 day(s),Foster Foster Home,,,,,,,,,,,,,,,,,,,,False,1210434600153888,False
1085,1210431149443192,A0058615060,L2,L2-SF,,-,F,,,48,,Available,02 year(s) 02 month(s) 25 day(s),Foster Foster Home,,,,,,,,,,,,,,,,,,,,False,1210431149356466,False
1086,1210431234595527,A0058613596,L2,L2-SD,,+,F,,,43,,Available,04 year(s) 00 month(s) 02 day(s),Foster Foster Home,,,,,,,,,,,,,,,,,,,,False,1210431234574907,False
1087,1210431149254930,A0058612311,L2,L2-SF,,-,M,,,51,,Available,03 year(s) 02 month(s) 24 day(s),Foster Foster Home,,,,,,,,,,,,,,,,,,,,False,1210431234493964,False
1088,1210428761868715,A0058609148,L3,L3-OA/BR,,-,F,,,51,,Available,06 year(s) 02 month(s) 25 day(s),Foster Foster Home,,,,,,,,,,,,,,,,,,,,False,1210428621325775,False
1089,1210428761968777,A0058607804,L1,L1 - EA,,-,N,,,43,,Available,01 year(s) 08 month(s) 24 day(s),Foster Foster Home,,,,,,,,,,,,,,,,,,,,False,1210428761501920,False
1090,1210428761868066,A0058607230,L2,L2 - SF,,-,M,,,63,,Available,02 year(s) 02 month(s) 25 day(s),Foster Foster Home,,,,,,,,,,,,,,,,,,,,False,1210428705511466,False
1091,1210418608880025,A0058602321,L1,L1,,-,S,,,41,,Available,10 year(s) 02 month(s) 27 day(s),Foster Foster Home,,,,,,,,,,,,,,,,,,,,False,1210418605393408,False
1092,1210418679580215,A0058592959,L1,L1,,-,S,,,47,,Trial Adoption,03 year(s) 02 month(s) 27 day(s),Foster Trial Adoption,,,,,,,,,,,,,,,,,,,,False,1210418607733654,False
1093,1210408201632749,A0058589648,L2,L2 - OA/LR,,-,M,,,55,,Court,02 year(s) 02 month(s) 27 day(s),Dog ISO 153 A7,,,,,,,,,,,,,,,,,,,,False,1210408099889939,False
1094,1210408065292690,,,,,,,,,,,,,,,,,,,,,,,,,,,,,,,,,False,1210408063580922,False
1095,1210408063268171,A0058588407,L1,L1,,-,N,,,38,,Available,03 year(s) 02 month(s) 27 day(s),Foster Foster Home,,,,,,,,,,,,,,,,,,,,False,1210408099719357,False
1096,1210408064736255,A0058578550,L1,L1,,-,F,,,21,,Court,00 year(s) 11 month(s) 29 day(s),Dog ISO 156 C7,,,,,,,,,,,,,,,,,,,,False,1210407997728744,False
1097,1210408099919474,,,,,,,,,,,,,,,,,,,,,,,,,,,,,,,,,False,1210408096634613,False
1098,1210408099707346,,,,,,,,,,,,,,,,,,,,,,,,,,,,,,,,,False,1210408062517375,False
1099,1210408200703973,A0058578397,L1,L1,,-,F,,,17,,Court,00 year(s) 11 month(s) 29 day(s),Dog ISO 155 A4,,,,,,,,,,,,,,,,,,,,False,1210408097098154,False
1100,1210408200696978,A0058578454,L1,L1,,-,F,,,18,,Court,00 year(s) 11 month(s) 29 day(s),Dog ISO 156 C6,,,,,,,,,,,,,,,,,,,,False,1210408063456193,False
1101,1210408200683493,A0058578335,L2,L2 - SF,,-,M,,,30,,Court,04 year(s) 02 month(s) 29 day(s),Dog ISO 155 B1,,,,,,,,,,,,,,,,,,,,False,1210407997259085,False
1102,1210408099698557,A0058578487,L1,L1,,-,F,,,18,,Court,00 year(s) 11 month(s) 29 day(s),Dog ISO 155 A3,,,,,,,,,,,,,,,,,,,,False,1210408098908541,False
1103,1210408064354095,A0058578208,L1,L1,,-,F,,,24,,Court,02 year(s) 02 month(s) 29 day(s),Dog ISO 155 B2,,,,,,,,,,,,,,,,,,,,False,1210408096428092,False
1104,1210408099488315,A0058578273,L1,L1,,-,F,,,22,,Court,02 year(s) 02 month(s) 29 day(s),Salon C2,,,,,,,,,,,,,,,,,,,,False,1210407997640505,False
1105,1210408099485899,A0058578173,L1,L1,,-,M,,,28,,Court,02 year(s) 02 month(s) 29 day(s),Dog ISO 156 C4,,,,,,,,,,,,,,,,,,,,False,1210408095232031,False
1106,1210408063884845,A0058578305,L1,L1,,-,M,,,24,,Court,03 year(s) 02 month(s) 29 day(s),Dog ISO 156 C8,,,,,,,,,,,,,,,,,,,,False,1210408058874220,False
1107,1210408099383973,,,,,,,,,,,,,,,,,,,,,,,,,,,,,,,,,False,1210408063939142,False
1108,1210408099272272,A0058577947,L1,L1,,-,F,,,19,,Court,06 year(s) 02 month(s) 29 day(s),Dog ISO 155 A2,,,,,,,,,,,,,,,,,,,,False,1210408098442858,False
1109,1210408200291635,A0058578124,L1,L1,,-,F,,,28,,Court,04 year(s) 02 month(s) 29 day(s),Dog ISO 155 B3,,,,,,,,,,,,,,,,,,,,False,1210408095843471,False
1110,1210408064128482,A0058577981,L1,L1,,-,F,,,24,,Court,02 year(s) 02 month(s) 29 day(s),Dog ISO 156 C5,,,,,,,,,,,,,,,,,,,,False,1210407997467930,False
1111,1210408200281821,A0058578010,L2,L2 - OA,,-,M,,,29,,Court,04 year(s) 02 month(s) 29 day(s),Dog ISO 155 B1,,,,,,,,,,,,,,,,,,,,False,1210407998007606,False
1112,1210408099223825,A0058577922,L1,L1,,-,F,,,21,,Court,02 year(s) 02 month(s) 29 day(s),Dog ISO 155 A2,,,,,,,,,,,,,,,,,,,,False,1210408199901085,False
1113,1210408064039885,A0058577894,L1,L1,,-,F,,,26,,Court,01 year(s) 08 month(s) 29 day(s),Dog ISO 155 B2,,,,,,,,,,,,,,,,,,,,False,1210408097911466,False
1114,1210408099080842,A0058577837,L1,L1,,-,S,,,23,,Court,03 year(s) 02 month(s) 28 day(s),Foster Foster Home,,,,,,,,,,,,,,,,,,,,False,1210408063756614,False
1115,1210408063950205,,,,,,,,,,,,,,,,,,,,,,,,,,,,,,,,,False,1210408095553179,False
1116,1210408099074054,A0058577807,L1,L1,,-,M,,,27,,Court,05 year(s) 02 month(s) 29 day(s),Dog ISO 156 C3,,,,,,,,,,,,,,,,,,,,False,1210408063230499,False
1117,1210408063949141,,,,,,,,,,,,,,,,,,,,,,,,,,,,,,,,,False,1210407998002020,False
1118,1210384405777445,A0058575776,L2,L2-SF,,-,S,,,55,,Available,02 year(s) 02 month(s) 29 day(s),Foster Foster Home,,,,,,,,,,,,,,,,,,,,False,1210384555854679,False
1119,1210376573408226,A0058574390,L3,L3-SF,,-,N,,,50,,Available,02 year(s) 03 month(s) 00 day(s),Foster Foster Home,,,,,,,,,,,,,,,,,,,,False,1210376573170076,False
1120,1210373489355316,A0058532519,L1,L1,,-,N,,,56,,Available,02 year(s) 03 month(s) 00 day(s),Foster Foster Home,,,,,,,,,,,,,,,,,,,,False,1210373389496517,False
1121,1210371111096407,A0058560639,L1,L1,,+,N,,,37,,Available,02 year(s) 03 month(s) 02 day(s),Foster Foster Home,,,,,,,,,,,,,,,,,,,,False,1210371144538633,False
1122,1210359784949966,A0058548468,L1,L1,,-,S,,,32,,Available,03 year(s) 03 month(s) 03 day(s),Dogs 503 A6,,,,,,,,,,,,,,,,,,,,False,1210359691070510,False
1123,1210348872093230,A0058544482,L1,L1,,-,N,,,53,,Available,02 year(s) 03 month(s) 03 day(s),Foster Foster Home,,,,,,,,,,,,,,,,,,,,False,1210349007311575,False
1124,1210349093558609,A0058542594,L1,L1,,-,S,,,58,,Available,04 year(s) 03 month(s) 04 day(s),Foster Foster Home,,,,,,,,,,,,,,,,,,,,False,1210349012059874,False
1125,1210338022357463,A0058535722,L2,L2-JM,,-,N,,,52,,Available,02 year(s) 03 month(s) 05 day(s),Foster Foster Home,,,,,,,,,,,,,,,,,,,,False,1210337932974974,False
1126,1210324220102006,A0058529024,L1,L1,,-,S,,,63,,Available,04 year(s) 03 month(s) 05 day(s),Foster Foster Home,,,,,,,,,,,,,,,,,,,,False,1210324248004030,True
1127,1210286000502421,A0058526024,L1,L1,,+,M,,,52,,Available,08 year(s) 03 month(s) 06 day(s),Foster Foster Home,,,,,,,,,,,,,,,,,,,,False,1210286043579160,False
1128,1210282817872743,A0058523873,L1,L1,,+,S,,,52,,Trial Adoption,04 year(s) 03 month(s) 07 day(s),Foster Trial Adoption,,,,,,,,,,,,,,,,,,,,False,1210282772432977,False
1129,1210282670398871,A0058520937,L1,L1,,-,S,,,56,,Available,01 year(s) 03 month(s) 07 day(s),Foster Foster Home,,,,,,,,,,,,,,,,,,,,False,1210282670385975,False
1130,1210282670366095,A0058519911,L1,L1,,+,N,,,58,,Available,05 year(s) 03 month(s) 08 day(s),Foster Foster Home,,,,,,,,,,,,,,,,,,,,False,1210282770609760,False
1131,1210280115891438,A0058515382,L2,L2 - SF,,+,S,,,39,,Available,01 year(s) 01 month(s) 09 day(s),Foster Foster Home,,,,,,,,,,,,,,,,,,,,False,1210280171985945,False
1132,1210268839007638,,,,,,,,,,,,,,,,,,,,,,,,,,,,,,,,,False,1210268789053810,False
1133,1210268789142543,,,,,,,,,,,,,,,,,,,,,,,,,,,,,,,,,False,1210268786669352,False
1134,1210246758762101,A0058492824,L2,L2-SF,,-,S,,,48,,Trial Adoption,01 year(s) 09 month(s) 12 day(s),Foster Trial Adoption,,,,,,,,,,,,,,,,,,,,False,1210246754215120,False
1135,1210246644570723,,,,,,,,,,,,,,,,,,,,,,,,,,,,,,,,,False,1210246642145283,False
1136,1210246644588427,A0058479830,L1,L1,,-,S,,,53,,Available,03 year(s) 03 month(s) 10 day(s),Foster Foster Home,,,,,,,,,,,,,,,,,,,,False,1210246640737737,False
1137,1210203855146953,A0058463804,L1,L1,,-,S,,,50,,Available,02 year(s) 03 month(s) 16 day(s),Foster Foster Home,,,,,,,,,,,,,,,,,,,,False,1210203854155444,False
1138,1210203854971981,A0058463089,L1,L1,,-,N,,,53,,Trial Adoption,01 year(s) 03 month(s) 16 day(s),Foster Trial Adoption,,,,,,,,,,,,,,,,,,,,False,1210203704517958,False
1139,1210203854979727,A0058463186,L2,L2-SF,,-,N,,,57,,Available,03 year(s) 03 month(s) 16 day(s),Foster Foster Home,,,,,,,,,,,,,,,,,,,,False,1210203704414457,False
1140,1210203703609328,A0058450905,L1,L1,,+,S,,,40,,Available,03 year(s) 03 month(s) 18 day(s),Foster Foster Home,,,,,,,,,,,,,,,,,,,,False,1210203852521488,False
1141,1210203704090811,A0058455126,L1,L1,,-,N,,,63,,Available,02 year(s) 03 month(s) 18 day(s),Foster Foster Home,,,,,,,,,,,,,,,,,,,,False,1210203703924759,False
1142,1210181856169372,A0058435739,L1,L1,,-,N,,,42,,Available,01 year(s) 03 month(s) 19 day(s),Foster Foster Home,,,,,,,,,,,,,,,,,,,,False,1210181648110579,False
1143,1210167865045178,A0058436120,L1,L1,,-,N,,,50,,Available,07 year(s) 03 month(s) 19 day(s),Foster Foster Home,,,,,,,,,,,,,,,,,,,,False,1210167864897920,False
1144,1210167864786984,,,,,,,,,,,,,,,,,,,,,,,,,,,,,,,,,False,1210167991472325,False
1145,1210151453841216,A0058373394,L3,L3-SF,,-,N,,,31,,Available,02 year(s) 04 month(s) 00 day(s),Foster Foster Home,,,,,,,,,,,,,,,,,,,,False,1210151507664788,False
1146,1210151410250623,A0058416589,L2,L2-SF,,-,N,,,57,,Available,04 year(s) 03 month(s) 23 day(s),Foster Foster Home,,,,,,,,,,,,,,,,,,,,False,1210151409644062,False
1147,1210131563587352,A0053596658,L1,L1-A857655,,+,N,,,47,,Available,07 year(s) 02 month(s) 00 day(s),Foster Foster Home,,,,,,,,,,,,,,,,,,,,False,1210131649526777,False
1148,1210120259092613,A0058398208,L2,L2-SF/BR,,-,S,,,50,,Available,01 year(s) 03 month(s) 26 day(s),Foster Foster Home,,,,,,,,,,,,,,,,,,,,False,1210120238823351,False
1149,1210105951699362,A0058385779,L1,L1,,-,N,,,35,,Available,01 year(s) 03 month(s) 28 day(s),Foster Foster Home,,,,,,,,,,,,,,,,,,,,False,1210105948332293,False
1150,1210090252716777,A0058381553,L1,L1,,+,S,,,58,,Trial Adoption,04 year(s) 03 month(s) 29 day(s),Foster Trial Adoption,,,,,,,,,,,,,,,,,,,,False,1210090151533960,True
1151,1210087128564382,A0058371891,L1,L1,,-,N,,,41,,Available,02 year(s) 03 month(s) 24 day(s),Foster Foster Home,,,,,,,,,,,,,,,,,,,,False,1210087126777352,False
1152,1210064333116113,A0058334939,STAFF ONLY,STAFF ONLY,,-,F,,,46,,Court,03 year(s) 04 month(s) 02 day(s),Dog ISO 153 A1,,,,,,,,,,,,,,,,,,,,False,1210064332416269,False
1153,1210064191411075,A0058360897,L2,L2-SF,,-,S,,,51,,Available,02 year(s) 04 month(s) 01 day(s),Foster Foster Home,,,,,,,,,,,,,,,,,,,,False,1210064014588841,False
1154,1210056990490564,A0058349231,L2,L2-A,,+,N,,,56,,Trial Adoption,03 year(s) 04 month(s) 02 day(s),Foster Trial Adoption,,,,,,,,,,,,,,,,,,,,False,1210056982667290,False
1155,1210041268259366,A0058344455,L1,L1,,-,M,,,53,,Available,02 year(s) 04 month(s) 03 day(s),Foster Foster Home,,,,,,,,,,,,,,,,,,,,False,1210041039867765,False
1156,1210041043325191,A0058345198,L1,L1,,-,S,,,38,,Available,03 year(s) 04 month(s) 03 day(s),Foster Foster Home,,,,,,,,,,,,,,,,,,,,False,1210041267251155,False
1157,1210032488897578,A0058340859,L1,L1-MG,,-,F,,,55,,Available,03 year(s) 04 month(s) 04 day(s),Foster Foster Home,,,,,,,,,,,,,,,,,,,,False,1210032486063365,False
1158,1210029667872725,A0058338338,L1,L1,,-,S,,,48,,Available,03 year(s) 04 month(s) 05 day(s),Foster Foster Home,,,,,,,,,,,,,,,,,,,,False,1210029935635719,False
1159,1210019002590219,,,,,,,,,,,,,,,,,,,,,,,,,,,,,,,,,False,1210018999624490,False
1160,1210008879391707,A0058314640,L1,L1,,-,S,,,28,,Available,01 year(s) 02 month(s) 09 day(s),Foster Foster Home,,,,,,,,,,,,,,,,,,,,False,1210008877316903,False
1161,1209998082442938,A0058308340,L3,L3-BH/DR,,-,S,,,41,,Available,01 year(s) 04 month(s) 09 day(s),Foster Foster Home,,,,,,,,,,,,,,,,,,,,False,1209998037092053,False
1162,1209957777346168,A0058279327,L2,L2 - SF,,+,M,,,53,,Available,05 year(s) 04 month(s) 13 day(s),Foster Foster Home,,,,,,,,,,,,,,,,,,,,False,1209957776969979,False
1163,1209944311980931,,,,,,,,,,,,,,,,,,,,,,,,,,,,,,,,,False,1209944311110520,False
1164,1209933131508079,A0058262262,L2,L2 - SF,,-,S,,,67,,Available,05 year(s) 04 month(s) 17 day(s),Foster Foster Home,,,,,,,,,,,,,,,,,,,,False,1209933196955664,True
1165,1209919104707028,A0058258051,L2,L2-JM,,-,N,,,47,,Trial Adoption,02 year(s) 04 month(s) 17 day(s),Foster Trial Adoption,,,,,,,,,,,,,,,,,,,,False,1209919141973941,False
1166,1209907245964542,A0058256503,L1,L1,,-,N,,,32,,Available,01 year(s) 04 month(s) 19 day(s),Foster Foster Home,,,,,,,,,,,,,,,,,,,,False,1209907246999469,False
1167,1209903688758000,A0058252924,L1,L1,,+,S,,,44,,Available,01 year(s) 04 month(s) 20 day(s),Foster Foster Home,,,,,,,,,,,,,,,,,,,,False,1209903614582639,False
1168,1209903688430259,A0058240878,L1,L1,,+,S,,,41,,Available,04 year(s) 04 month(s) 22 day(s),Foster Foster Home,,,,,,,,,,,,,,,,,,,,False,1209903448927912,False
1169,1209852276986802,A0058216663,L1,L1,,-,S,,,36,,Available,01 year(s) 00 month(s) 24 day(s),Dogs 506 B1,,,,,,,,,,,,,,,,,,,,False,1209852276104399,False
1170,1209852420497978,A0058216441,L3,L3-BH/RG,,-,N,,,50,,Available,02 year(s) 04 month(s) 24 day(s),Foster Foster Home,,,,,,,,,,,,,,,,,,,,False,1209852420273188,False
1171,1209840362405847,A0058214995,L1,L1,,+,N,,,46,,Available,02 year(s) 04 month(s) 25 day(s),Foster Foster Home,,,,,,,,,,,,,,,,,,,,False,1209840362330620,False
1172,1209836005088508,A0058104749,L1,L1,,-,S,,,63,,Available,03 year(s) 04 month(s) 26 day(s),Foster Foster Home,,,,,,,,,,,,,,,,,,,,False,1209835883505030,False
1173,1209831939939138,A0058100843,L1,L1,,-,S,,,55,,Available,07 year(s) 03 month(s) 16 day(s),Foster Foster Home,,,,,,,,,,,,,,,,,,,,False,1209831993915464,False
1174,1209821553872563,A0053600299,L1,L1   A861769,,-,N,,,48,,Available,07 year(s) 02 month(s) 11 day(s),Foster Foster Home,,,,,,,,,,,,,,,,,,,,False,1209821553546931,False
1175,1209807163146943,A0053591163,L2,L2-SF A852878,,+,N,,,51,,Available,07 year(s) 06 month(s) 14 day(s),Foster Foster Home,,,,,,,,,,,,,,,,,,,,False,1209807163039023,False
1176,1209779496007844,A0058070653,L1,L1,,-,N,,,56,,Available,04 year(s) 04 month(s) 29 day(s),Foster Foster Home,,,,,,,,,,,,,,,,,,,,False,1209779494931526,False
1177,1209779404710699,A0058069967,L1,L1,,+,S,,,50,,Available,03 year(s) 05 month(s) 00 day(s),Foster Foster Home,,,,,,,,,,,,,,,,,,,,False,1209779444152475,False
1178,1209779495577576,A0058069584,L2,L2-SF,,-,S,,,73,,Available,03 year(s) 04 month(s) 24 day(s),Foster Foster Home,,,,,,,,,,,,,,,,,,,,False,1209779403593763,False
1179,1209735053057845,,,,,,,,,,,,,,,,,,,,,,,,,,,,,,,,,False,1209735127221236,False
1180,1209720943389035,A0058038278,L1,L1,,-,S,,,49,,Available,04 year(s) 05 month(s) 05 day(s),Foster Foster Home,,,,,,,,,,,,,,,,,,,,False,1209720865878179,False
1181,1209720942900867,A0058036198,L1,L1,,+,S,,,48,,Available,02 year(s) 05 month(s) 06 day(s),Foster Foster Home,,,,,,,,,,,,,,,,,,,,False,1209720942398993,False
1182,1209708688747211,A0058029394,STAFF ONLY,STAFF ONLY,,-,F,,,67,,Court,04 year(s) 05 month(s) 08 day(s),Dog ISO 153 B2,,,,,,,,,,,,,,,,,,,,False,1209708688585690,False
1183,1209709018454273,A0058031872,L1,L1,,-,S,,,47,,Available,03 year(s) 05 month(s) 07 day(s),Foster Foster Home,,,,,,,,,,,,,,,,,,,,False,1209708765705975,False
1184,1209675897440237,A0058006377,L1,L1,,-,S,,,47,,Available,03 year(s) 05 month(s) 13 day(s),Foster Foster Home,,,,,,,,,,,,,,,,,,,,False,1209675929209920,False
1185,1209675699662909,A0058006328,L1,L1,,+,N,,,65,,Available,03 year(s) 05 month(s) 11 day(s),Foster Foster Home,,,,,,,,,,,,,,,,,,,,False,1209675699588073,False
1186,1209664443841762,A0058000573,L2,L2-OA/JM,,+,N,,,71,,Available,03 year(s) 05 month(s) 13 day(s),Foster Foster Home,,,,,,,,,,,,,,,,,,,,False,1209664443087416,False
1187,1209649647307999,A0057985936,L2,L2-BR,,-,S,,,46,,Available,02 year(s) 05 month(s) 14 day(s),Foster Foster Home,,,,,,,,,,,,,,,,,,,,False,1209649513598545,False
1188,1209565226178873,A0057949368,L2,L2-SF,,-,M,,,12,,Court,04 year(s) 05 month(s) 21 day(s),Foster Foster Home,,,,,,,,,,,,,,,,,,,,False,1209565226075590,False
1189,1209565226026609,A0057949359,L2,L2-SF,,-,N,,,16,,Court,03 year(s) 05 month(s) 21 day(s),Foster Foster Home,,,,,,,,,,,,,,,,,,,,False,1209565189015177,False
1190,1209565225927182,A0057949305,L1,L1,,-,N,,,11,,Court,06 year(s) 03 month(s) 16 day(s),Foster Foster Home,,,,,,,,,,,,,,,,,,,,False,1209565188282449,False
1191,1209565131710265,A0057949341,L1,L1,,-,S,,,13,,Court,12 year(s) 05 month(s) 21 day(s),Foster Foster Home,,,,,,,,,,,,,,,,,,,,False,1209565225272868,False
1192,1209565131734486,A0057949290,L1,L1,,-,N,,,10,,Court,03 year(s) 05 month(s) 21 day(s),Foster Foster Home,,,,,,,,,,,,,,,,,,,,False,1209565188307207,False
1193,1209565188763163,A0057949256,L1,L1,,-,F,,,9,,Court,01 year(s) 01 month(s) 21 day(s),Foster Foster Home,,,,,,,,,,,,,,,,,,,,False,1209565225603524,False
1194,1209565131499119,A0057949234,L2,L2-SF,,-,F,,,11,,Court,03 year(s) 05 month(s) 21 day(s),Foster Foster Home,,,,,,,,,,,,,,,,,,,,False,1209565129980117,False
1195,1209548971840992,A0057938358,L1,L1,,+,N,,,56,,Available,03 year(s) 05 month(s) 24 day(s),Foster Foster Home,,,,,,,,,,,,,,,,,,,,False,1209548920531517,False
1196,1209532406213820,A0057918810,L2,L2-A,,-,N,,,62,,Available,03 year(s) 05 month(s) 30 day(s),Foster Foster Home,,,,,,,,,,,,,,,,,,,,False,1209532163857572,False
1197,1209520678038328,A0057918582,L1,L1,,-,N,,,58,,Available,02 year(s) 05 month(s) 29 day(s),Foster Foster Home,,,,,,,,,,,,,,,,,,,,False,1209520402865159,False
1198,1209461606335310,A0057885171,L2,L2- SF/BR,,+,S,,,52,,Available,03 year(s) 06 month(s) 04 day(s),Foster Foster Home,,,,,,,,,,,,,,,,,,,,False,1209461682551222,False
1199,1209449544074314,A0057877022,L1,L1,,-,S,,,49,,Court,02 year(s) 00 month(s) 04 day(s),Dog ISO 153 A2,,,,,,,,,,,,,,,,,,,,False,1209449673792410,False
1200,1209439645087213,A0057867271,L2,L2-BR,,-,S,,,43,,Available,04 year(s) 06 month(s) 06 day(s),Foster Foster Home,,,,,,,,,,,,,,,,,,,,False,1209439673917180,False
1201,1209373268298317,A0057821053,L1,L1,,+,N,,,56,,Available,03 year(s) 02 month(s) 28 day(s),Foster Foster Home,,,,,,,,,,,,,,,,,,,,False,1209373267599139,False
1202,1209356712086243,A0057809416,L1,L1,,+,S,,,53,,Available,12 year(s) 06 month(s) 18 day(s),Foster Foster Home,,,,,,,,,,,,,,,,,,,,False,1209356661635151,False
1203,1209315390020793,A0057782104,L1,L1,,-,N,,,42,,Available,01 year(s) 05 month(s) 21 day(s),Foster Foster Home,,,,,,,,,,,,,,,,,,,,False,1209315419882527,False
1204,1209315319524362,A0057778590,L1,L1,,-,N,,,54,,Available,05 year(s) 06 month(s) 16 day(s),Foster Foster Home,,,,,,,,,,,,,,,,,,,,False,1209315275549202,False
1205,1209301347478011,A0057776766,L2,L2-SF,,+,N,,,61,,Available,02 year(s) 06 month(s) 23 day(s),Foster Foster Home,,,,,,,,,,,,,,,,,,,,False,1209301345925690,False
1206,1209298055978052,A0057774743,L1,L1,,-,S,,,46,,Available,02 year(s) 06 month(s) 23 day(s),Foster Foster Home,,,,,,,,,,,,,,,,,,,,False,1209297945587449,False
1207,1209295930398099,A0057771723,L1,L1,,-,N,,,63,,Available,02 year(s) 06 month(s) 11 day(s),Foster Foster Home,,,,,,,,,,,,,,,,,,,,False,1209295930018863,False
1208,1209295930182648,A0057747654,L2,L2-JM/SF,,-,S,,,46,,Available,01 year(s) 06 month(s) 25 day(s),Foster Foster Home,,,,,,,,,,,,,,,,,,,,False,1209295930078564,False
1209,1209239747260759,A0057054603,L1,L1,,+,S,,,45,,Available,02 year(s) 10 month(s) 14 day(s),Foster Foster Home,,,,,,,,,,,,,,,,,,,,False,1209239869662781,False
1210,1209175246310855,A0057663603,L1,L1,,-,S,,,69,,Available,03 year(s) 07 month(s) 09 day(s),Foster Foster Home,,,,,,,,,,,,,,,,,,,,False,1209175245383652,False
1211,1209175245697683,A0057656410,L3,L3-JM,,-,S,,,51,,Available,02 year(s) 07 month(s) 08 day(s),Foster Foster Home,,,,,,,,,,,,,,,,,,,,False,1209175291430004,False
1212,1209156351110882,A0057639779,L1,L1,,+,S,,,56,,Available,06 year(s) 07 month(s) 10 day(s),Foster Foster Home,,,,,,,,,,,,,,,,,,,,False,1209156451004784,False
1213,1209156451100482,A0057639835,L2,L2- LB,,+,S,,,54,,Available,03 year(s) 07 month(s) 10 day(s),Foster Foster Home,,,,,,,,,,,,,,,,,,,,False,1209156449076991,False
1214,1209122582382781,A0057614005,L1,L1,,-,S,,,48,,Available,03 year(s) 07 month(s) 14 day(s),Foster Foster Home,,,,,,,,,,,,,,,,,,,,False,1209122581568160,False
1215,1209122519817290,A0057609567,L1,L1,,-,N,,,50,,Available,03 year(s) 07 month(s) 14 day(s),Foster Foster Home,,,,,,,,,,,,,,,,,,,,False,1209122581735609,False
1216,1209080012814658,A0057572441,L2,L2-OA,,-,S,,,47,,Available,02 year(s) 07 month(s) 21 day(s),Foster Foster Home,,,,,,,,,,,,,,,,,,,,False,1209080058558990,False
1217,1209040730323626,A0057510470,L3,L3- BH,,-,N,,,57,,Available,02 year(s) 07 month(s) 30 day(s),Foster Foster Home,,,,,,,,,,,,,,,,,,,,False,1209040786355007,False
1218,1209027761439779,A0057500992,L1,L1,,+,S,,,44,,Available,08 year(s) 07 month(s) 25 day(s),Foster Foster Home,,,,,,,,,,,,,,,,,,,,False,1209027761405506,False
1219,1209027808166055,A0057489230,L2,L2 RG/H,,-,S,,,41,,Available,02 year(s) 02 month(s) 04 day(s),Foster Foster Home,,,,,,,,,,,,,,,,,,,,False,1209027808015852,False
1220,1209027761345929,A0057500056,L2,L2-SF/BR,,-,S,,,63,,Available,02 year(s) 08 month(s) 04 day(s),Foster Foster Home,,,,,,,,,,,,,,,,,,,,False,1209027707921820,False
1221,1209004160941279,A0057478759,L1,L1,,+,S,,,60,,Available,03 year(s) 08 month(s) 07 day(s),Foster Foster Home,,,,,,,,,,,,,,,,,,,,False,1209004160233895,False
1222,1208980588147654,A0057455043,L1,L1,,-,S,,,47,,Available,02 year(s) 08 month(s) 10 day(s),Foster Foster Home,,,,,,,,,,,,,,,,,,,,False,1208980587482092,False
1223,1208972043377732,A0057439713,L2,L2-BR,,-,N,,,62,,Available,03 year(s) 08 month(s) 14 day(s),Foster Foster Home,,,,,,,,,,,,,,,,,,,,False,1208971940024857,False
1224,1208951706413288,A0057425727,L2,L2-LB,,-,N,,,48,,Available,03 year(s) 08 month(s) 14 day(s),Foster Foster Home,,,,,,,,,,,,,,,,,,,,False,1208951800762075,False
1225,1208908586775774,A0057361999,L1,L1,,-,N,,,35,,Available,03 year(s) 08 month(s) 27 day(s),Foster Foster Home,,,,,,,,,,,,,,,,,,,,False,1208908586035162,False
1226,1208874692768306,A0057361999,L1,L1,,-,N,,,30,,Microchip,03 year(s) 00 month(s) 05 day(s),Dog Intake 128.01,,,,,,,,,,,,,,,,,,,,False,1208874692483204,False
1227,1208831519790718,A0057331299,L1,L1,,-,S,,,50,,Available,04 year(s) 09 month(s) 02 day(s),Foster Foster Home,,,,,,,,,,,,,,,,,,,,False,1208831734274837,False
1228,1208829891712172,A0057327449,L1,L1,,-,S,,,58,,Available,06 year(s) 06 month(s) 23 day(s),Foster Foster Home,,,,,,,,,,,,,,,,,,,,False,1208829981209967,False
1229,1208829891388425,A0057321831,L1,L1,,-,S,,,42,,Available,02 year(s) 09 month(s) 03 day(s),Foster Foster Home,,,,,,,,,,,,,,,,,,,,False,1208829981210030,False
1230,1208813852176286,A0057311730,L1,L1,,-,N,,,52,,Available,02 year(s) 09 month(s) 01 day(s),Foster Foster Home,,,,,,,,,,,,,,,,,,,,False,1208813872339126,False
1231,1208802678625950,A0057303592,L2,L2-OA,,-,S,,,45,,Available,02 year(s) 09 month(s) 05 day(s),Foster Foster Home,,,,,,,,,,,,,,,,,,,,False,1208802676612663,False
1232,1208793734404556,A0057292992,STAFF ONLY,STAFF ONLY,,+,S,,,54,,Bite Quarantine - Not Visible,04 year(s) 02 month(s) 20 day(s),Foster Foster Home,,,,,,,,,,,,,,,,,,,,False,1208793769525876,False
1233,1208761782042432,A0057261805,L2,L2 - SF,,-,S,,,40,,Available,01 year(s) 09 month(s) 13 day(s),Foster Foster Home,,,,,,,,,,,,,,,,,,,,False,1208761746993664,False
1234,1208753107648203,A0057261594,L1,L1,,-,S,,,43,,Available,04 year(s) 09 month(s) 12 day(s),Foster Foster Home,,,,,,,,,,,,,,,,,,,,False,1208753021265347,False
1235,1208680978294842,A0057203236,L1,L1,,-,N,,,51,,Available,02 year(s) 03 month(s) 20 day(s),Foster Foster Home,,,,,,,,,,,,,,,,,,,,False,1208680978090679,False
1236,1208645841323897,A0057165881,L2,L2 - OA/RG,,-,N,,,53,,Available,02 year(s) 09 month(s) 27 day(s),Foster Foster Home,,,,,,,,,,,,,,,,,,,,False,1208645775840851,False
1237,1208645779710440,A0057165899,L1,L1,,-,N,,,56,,Available,02 year(s) 03 month(s) 26 day(s),Foster Foster Home,,,,,,,,,,,,,,,,,,,,False,1208645776917420,False
1238,1208636092365031,A0057161815,L1,L1,,-,N,,,61,,Available,02 year(s) 09 month(s) 28 day(s),Foster Foster Home,,,,,,,,,,,,,,,,,,,,False,1208636018081576,False
1239,1208635862069037,A0053293515,L1,A480832 - L1,,+,M,,,83,,Court,10 year(s) 08 month(s) 17 day(s),Dog ISO 156 K1,,,,,,,,,,,,,,,,,,,,False,1208635856247196,False
1240,1208624817480252,A0057149974,L1,L1,,-,F,,,47,,Court,03 year(s) 10 month(s) 00 day(s),Dog ISO 153 B5,,,,,,,,,,,,,,,,,,,,False,1208624816198315,False
1241,1208605117073849,A0053618690,L2,L2 - SF,,-,S,,,51,,Available,05 year(s) 04 month(s) 29 day(s),Foster Foster Home,,,,,,,,,,,,,,,,,,,,False,1208605811658411,False
1242,1208596559375981,A0057120707,L1,L1,,-,S,,,54,,Available,02 year(s) 04 month(s) 02 day(s),Foster Foster Home,,,,,,,,,,,,,,,,,,,,False,1208596558721683,False
1243,1208564095901902,A0057072729,L2,L2 JM/LB,,-,N,,,66,,Available,01 year(s) 03 month(s) 08 day(s),Foster Foster Home,,,,,,,,,,,,,,,,,,,,False,1208564478477483,False
1244,1208555844454370,A0057081101,L2,L2 - JM,,-,S,,,44,,Available,02 year(s) 10 month(s) 09 day(s),Foster Foster Home,,,,,,,,,,,,,,,,,,,,False,1208555841715724,False
1245,1208546898686618,,,,,,,,,,,,,,,,,,,,,,,,,,,,,,,,,False,1208546690283569,False
1246,1208534957186954,A0057066775,L1,L1,,+,N,,,62,,Available,03 year(s) 10 month(s) 12 day(s),Foster Foster Home,,,,,,,,,,,,,,,,,,,,False,1208534906400017,False
1247,1208526295780891,A0057053942,L1,L1,,-,N,,,44,,Available,02 year(s) 10 month(s) 14 day(s),Foster Foster Home,,,,,,,,,,,,,,,,,,,,False,1208526220406834,False
1248,1208526219786582,A0057054603,L1,L1,,+,S,,,42,,Available,02 year(s) 03 month(s) 12 day(s),Foster Foster Home,,,,,,,,,,,,,,,,,,,,False,1208526219232571,False
1249,1208526293679693,A0057051256,L1,L1,,-,S,,,54,,Available,01 year(s) 09 month(s) 17 day(s),Foster Foster Home,,,,,,,,,,,,,,,,,,,,False,1208526217014165,False
1250,1208487546203951,A0057025902,L1,L1,,+,S,,,50,,Available,02 year(s) 10 month(s) 18 day(s),Foster Foster Home,,,,,,,,,,,,,,,,,,,,False,1208486785354860,False
1251,1208473240471971,A0057005310,L2,L2-OA/LB,,-,S,,,33,,Available,02 year(s) 10 month(s) 21 day(s),Foster Foster Home,,,,,,,,,,,,,,,,,,,,False,1208472393134242,False
1252,1208453613584033,A0056996026,L2,L2 - OA,,-,N,,,69,,Available,02 year(s) 10 month(s) 22 day(s),Foster Foster Home,,,,,,,,,,,,,,,,,,,,False,1208453410433790,False
1253,1208443258303197,A0056989366,L1,L1,,-,N,,,62,,Available,01 year(s) 10 month(s) 23 day(s),Foster Foster Home,,,,,,,,,,,,,,,,,,,,False,1208443258739161,False
1254,1208443576584434,A0056988473,L1,L1,,-,S,,,61,,Trial Adoption,02 year(s) 10 month(s) 23 day(s),Foster Trial Adoption,,,,,,,,,,,,,,,,,,,,False,1208443576481658,True
1255,1208395740646436,A0056944879,L1,L1,,-,S,,,58,,Available,04 year(s) 11 month(s) 00 day(s),Foster Foster Home,,,,,,,,,,,,,,,,,,,,False,1208395566629876,False
1256,1208371256654439,A0056934062,L2,L2 - OA/LB,,-,N,,,41,,Available,01 year(s) 10 month(s) 12 day(s),Foster Foster Home,,,,,,,,,,,,,,,,,,,,False,1208371360884522,False
1257,1208368238886163,A0056932246,L1,L1,,+,S,,,66,,Available,04 year(s) 11 month(s) 03 day(s),Foster Foster Home,,,,,,,,,,,,,,,,,,,,False,1208368017010431,False
1258,1208365994078280,A0056927704,L1,L1,,-,S,,,27,,Available,05 year(s) 11 month(s) 04 day(s),Foster Foster Home,,,,,,,,,,,,,,,,,,,,False,1208365994110851,False
1259,1208328418553718,A0056895909,L1,L1,,-,S,,,52,,Available,04 year(s) 11 month(s) 08 day(s),Foster Foster Home,,,,,,,,,,,,,,,,,,,,False,1208328418681793,False
1260,1208327770540917,A0056890782,L2,L2-H/SF,,-,F,,,44,,Court,04 year(s) 11 month(s) 07 day(s),Dog ISO 153 A3,,,,,,,,,,,,,,,,,,,,False,1208327769975042,False
1261,1208310601518727,A0056878500,L1,L1,,-,S,,,46,,Available,03 year(s) 11 month(s) 11 day(s),Foster Foster Home,,,,,,,,,,,,,,,,,,,,False,1208310966096389,False
1262,1208279960168938,A0056853475,L1,L1,,-,S,,,53,,Available,03 year(s) 11 month(s) 14 day(s),Foster Foster Home,,,,,,,,,,,,,,,,,,,,False,1208279960450710,False
1263,1208250857531972,A0056689698,L2,L2-SF,,-,S,,,44,,Available,05 year(s) 11 month(s) 20 day(s),Foster Foster Home,,,,,,,,,,,,,,,,,,,,False,1208250971087119,False
1264,1208194949246212,A0056673936,L1,L1,,-,N,,,60,,Available,04 year(s) 11 month(s) 25 day(s),Foster Foster Home,,,,,,,,,,,,,,,,,,,,False,1208195045655479,False
1265,1208165351098540,A0056647661,L1,L1,,-,N,,,55,,Available,03 year(s) 11 month(s) 28 day(s),Foster Foster Home,,,,,,,,,,,,,,,,,,,,False,1208164975919439,False
1266,1208141014623329,A0056629500,L2,L2-SF,,-,S,,,42,,Available,04 year(s) 00 month(s) 01 day(s),Foster Foster Home,,,,,,,,,,,,,,,,,,,,False,1208140761246278,False
1267,1207985889138413,A0056500648,L2,L2-LR/BR,,+,S,,,48,,Available,07 year(s) 00 month(s) 20 day(s),Foster Foster Home,,,,,,,,,,,,,,,,,,,,False,1207985754471290,False
1268,1207985891751529,A0056503718,L1,L1,,+,N,,,93,,Available,06 year(s) 00 month(s) 19 day(s),Foster Foster Home,,,,,,,,,,,,,,,,,,,,False,1207985847331840,False
1269,1207903349389667,A0056432711,L1,L1,,-,N,,,56,,Available,02 year(s) 00 month(s) 30 day(s),Foster Foster Home,,,,,,,,,,,,,,,,,,,,False,1207903348356703,False
1270,1207884151979315,A0056417577,L1,L1,,-,S,,,52,,Available,04 year(s) 01 month(s) 02 day(s),Foster Foster Home,,,,,,,,,,,,,,,,,,,,False,1207884152777342,False
1271,1207884117043770,A0056408698,L1,L1,,+,N,,,74,,Available,05 year(s) 01 month(s) 03 day(s),Foster Foster Home,,,,,,,,,,,,,,,,,,,,False,1207884213404520,False
1272,1207838465992751,A0056378001,L1,L1,,-,S,,,43,,Available,10 year(s) 00 month(s) 10 day(s),Foster Foster Home,,,,,,,,,,,,,,,,,,,,False,1207838466278475,False
1273,1207793537130194,A0056337146,L1,L1,,+,N,,,67,,Available,03 year(s) 01 month(s) 12 day(s),Foster Foster Home,,,,,,,,,,,,,,,,,,,,False,1207793478405715,True
1274,1207752939664132,A0056311122,L1,L1,,-,M,,,54,,Court,04 year(s) 01 month(s) 16 day(s),Dog ISO 153 B7,,,,,,,,,,,,,,,,,,,,False,1207752894958005,False
1275,1207752938220317,A0056311149,L2,L2-OA,,-,M,,,57,,Court,05 year(s) 01 month(s) 15 day(s),Dogs 201 4,,,,,,,,,,,,,,,,,,,,False,1207752937814325,False
1276,1207752938089272,A0056311146,STAFF ONLY,STAFF ONLY,,-,M,,,50,,Court,02 year(s) 07 month(s) 16 day(s),Dogs 203 4,,,,,,,,,,,,,,,,,,,,False,1207752982550260,False
1277,1207752938023773,A0056311153,L1,L1,,-,M,,,34,,Court,01 year(s) 07 month(s) 15 day(s),Dog ISO 153 A6,,,,,,,,,,,,,,,,,,,,False,1207752896303737,False
1278,1207752936989766,A0056311140,L2,L2-BR/OA,,-,F,,,49,,Court,05 year(s) 01 month(s) 19 day(s),Dog ISO 153 A5,,,,,,,,,,,,,,,,,,,,False,1207752936374646,False
1279,1207752937092154,A0056311133,L3,L3-OA,,-,M,,,33,,Court,01 year(s) 09 month(s) 15 day(s),Dogs 201 3,,,,,,,,,,,,,,,,,,,,False,1207752936367562,False
1280,1207752895576454,A0056311137,L1,L1,,-,F,,,67,,Court,08 year(s) 01 month(s) 15 day(s),Foster Foster Home,,,,,,,,,,,,,,,,,,,,False,1207752936367626,False
1281,1207752895346766,A0056311125,L2,L2 - SD/OA,,-,F,,,57,,Court,04 year(s) 01 month(s) 15 day(s),Dogs 203 9,,,,,,,,,,,,,,,,,,,,False,1207752935343317,False
1282,1207596904184880,A0056144644,L1,L1,,-,F,,,38,,Available,02 year(s) 00 month(s) 22 day(s),Dogs 081 A1,,,,,,,,,,,,,,,,,,,,False,1207596868097214,False
1283,1207461737601690,A0056039115,STAFF ONLY,STAFF ONLY,,-,M,,,0,,Court,03 year(s) 08 month(s) 29 day(s),Dogs 202 6,,,,,,,,,,,,,,,,,,,,False,1207461737201281,False
1284,1207450810801058,,,,,,,,,,,,,,,,,,,,,,,,,,,,,,,,,False,1207450857707034,False
1285,1207450857598082,A0056025635,L1,L1,,+,N,,,71,,Available,05 year(s) 02 month(s) 25 day(s),Foster Foster Home,,,,,,,,,,,,,,,,,,,,False,1207450858820421,False
1286,1207378104988255,A0055971280,L1,L1,,+,N,,,41,,Available,02 year(s) 09 month(s) 01 day(s),Foster Foster Home,,,,,,,,,,,,,,,,,,,,False,1207378143273338,False
1287,1207367614573481,A0055952142,L2,L2-SF,,-,S,,,37,,Available,03 year(s) 03 month(s) 05 day(s),Foster Foster Home,,,,,,,,,,,,,,,,,,,,False,1207367614349461,False
1288,1207354660945877,A0055954982,L2,L2-OA/H,,+,S,,,46,,Available,04 year(s) 03 month(s) 05 day(s),Foster Foster Home,,,,,,,,,,,,,,,,,,,,False,1207354675796740,False
1289,1207352639514947,A0055941918,L1,L1,,-,S,,,37,,Available,04 year(s) 03 month(s) 07 day(s),Foster Foster Home,,,,,,,,,,,,,,,,,,,,False,1207352707550568,False
1290,1207328085517760,A0055923266,L1,L1,,+,S,,,47,,Available,04 year(s) 03 month(s) 10 day(s),Foster Foster Home,,,,,,,,,,,,,,,,,,,,False,1207328193275184,False
1291,1207311138964542,A0055894440,L1,L1,,+,S,,,63,,Available,06 year(s) 03 month(s) 13 day(s),Foster Foster Home,,,,,,,,,,,,,,,,,,,,False,1207311138080258,False
1292,1207059117348422,A0055697269,L1,L1,,-,S,,,44,,Available,03 year(s) 05 month(s) 07 day(s),Foster Foster Home,,,,,,,,,,,,,,,,,,,,False,1207058787633762,False
1293,1206959135478599,A0055612570,L2,L2-BR,,-,S,,,50,,Available,02 year(s) 04 month(s) 27 day(s),Foster Foster Home,,,,,,,,,,,,,,,,,,,,False,1206959133497959,False
1294,1206468266630024,A0055170623,L2,L2 - BR,,-,S,,,24,,Available,05 year(s) 06 month(s) 29 day(s),Foster Foster Home,,,,,,,,,,,,,,,,,,,,False,1206468408858929,False
1295,1206376819808508,A0055111834,L2,L2-OA/LB,,-,S,,,48,,Available,02 year(s) 07 month(s) 08 day(s),Foster Foster Home,,,,,,,,,,,,,,,,,,,,False,1206377034263834,False
1296,1206313456597248,,,,,,,,,,,,,,,,,,,,,,,,,,,,,,,,,False,1206313227995843,False
1297,1206304019705665,A0053626387,L2,A889029  L2-BR/A,,-,N,,,54,,Available,04 year(s) 05 month(s) 04 day(s),Foster Foster Home,,,,,,,,,,,,,,,,,,,,False,1202008836789657,False
1298,1206293324306617,A0055028046,L1,L1,,-,S,,,67,,Available,09 year(s) 06 month(s) 30 day(s),Foster Foster Home,,,,,,,,,,,,,,,,,,,,False,1206293324030231,False
1299,1206293675112054,A0055062948,L1,L1-2024-000263,,+,S,,,44,,Available,04 year(s) 07 month(s) 16 day(s),Foster Foster Home,,,,,,,,,,,,,,,,,,,,False,1206293674881509,False
1300,1206096622549566,A0054884374,L2,L2-OA,,-,S,,,36,,Court,02 year(s) 08 month(s) 13 day(s),Foster Foster Home,,,,,,,,,,,,,,,,,,,,False,1206096620573920,False
1301,1205944372886806,A0054765121,L1,L1,,-,N,,,70,,Available,03 year(s) 09 month(s) 14 day(s),Foster Foster Home,,,,,,,,,,,,,,,,,,,,False,1205944402220985,False
1302,1205511209018174,,,,,,,,,,,,,,,,,,,,,,,,,,,,,,,,,False,1205511187368438,False
1303,1205458413757420,,,,,,,,,,,,,,,,,,,,,,,,,,,,,,,,,False,1205458316884146,False
1304,1204896006773960,A899774,,,,,,,,,,EVIDENCE,,Foster,,,,,,,,,,,,,,,,,,,,False,1204896504491939,False
1305,1204121327256115,A0053634174,STAFF ONLY,,,-,M,,,0,Bite Quarantine,Court,3y 3m 1d,Q 17,,,,,,,,,,,,,,,,,,,,False,1204121320200161,False
1306,1203812684592623,A0053615371,L1,L1    A877663,,-,S,,,64,Bite Quarantine,Pending Behavior Assessment,08 year(s) 09 month(s) 23 day(s),Foster Foster Home,,,,,,,,,,,,,,,,,,,,False,1201684030098748,False
1307,1206437491753040,A0055110303,L1,L1,,+,S,,,53,,Available,09 year(s) 07 month(s) 08 day(s),Foster Foster Home,,,,,,,,,,,,,,,,,,,,False,1206387313315075,False
1308,1206398747861283,,,,,,,,,,,,,,,,,,,,,,,,,,,,,,,,,False,1206386867201919,False
1309,1211179521464270,,,,,,,,,,,,,,,,,,,,,,,,,,,,,,,,,False,1211179381346831,False
1310,1211179383407963,,,,,,,,,,,,,,,,,,,,,,,,,,,,,,,,,False,1211179456656354,False
1311,1211179521205305,,,,,,,,,,,,,,,,,,,,,,,,,,,,,,,,,False,1211179379966012,False
1312,1211179521214564,,,,,,,,,,,,,,,,,,,,,,,,,,,,,,,,,False,1211179383246094,False
1313,1211179456797928,,,,,,,,,,,,,,,,,,,,,,,,,,,,,,,,,False,1211179452304104,False
1314,1211179383320391,,,,,,,,,,,,,,,,,,,,,,,,,,,,,,,,,False,1211179521057219,False
1315,1211179456810845,,,,,,,,,,,,,,,,,,,,,,,,,,,,,,,,,False,1211179381346928,False
1316,1211179521057388,,,,,,,,,,,,,,,,,,,,,,,,,,,,,,,,,False,1211179383112320,False
1317,1211179521019892,,,,,,,,,,,,,,,,,,,,,,,,,,,,,,,,,False,1211179377942045,False
1318,1211179456701574,,,,,,,,,,,,,,,,,,,,,,,,,,,,,,,,,False,1211179519012045,False
1319,1211179521051746,,,,,,,,,,,,,,,,,,,,,,,,,,,,,,,,,False,1211179455668677,False
1320,1211179383134591,,,,,,,,,,,,,,,,,,,,,,,,,,,,,,,,,False,1211179456546201,False
1321,1211179383054349,,,,,,,,,,,,,,,,,,,,,,,,,,,,,,,,,False,1211179456537418,False
1322,1211179383077542,,,,,,,,,,,,,,,,,,,,,,,,,,,,,,,,,False,1211179518559236,False
1323,1211179456582884,,,,,,,,,,,,,,,,,,,,,,,,,,,,,,,,,False,1211179520877751,False
1324,1211179456591770,,,,,,,,,,,,,,,,,,,,,,,,,,,,,,,,,False,1211179456537322,False
1325,1211179520942995,,,,,,,,,,,,,,,,,,,,,,,,,,,,,,,,,False,1211179456546187,False
1326,1211179456400887,,,,,,,,,,,,,,,,,,,,,,,,,,,,,,,,,False,1211179517810381,False
1327,1211179456342057,,,,,,,,,,,,,,,,,,,,,,,,,,,,,,,,,False,1211179516132435,False
1328,1211179382784425,,,,,,,,,,,,,,,,,,,,,,,,,,,,,,,,,False,1211179514447080,False
1329,1211179520674238,,,,,,,,,,,,,,,,,,,,,,,,,,,,,,,,,False,1211179455196100,False
1330,1211179520679352,,,,,,,,,,,,,,,,,,,,,,,,,,,,,,,,,False,1211179380897394,False
1331,1211179456348194,,,,,,,,,,,,,,,,,,,,,,,,,,,,,,,,,False,1211179452295805,False
1332,1211168111399516,,,,,,,,,,,,,,,,,,,,,,,,,,,,,,,,,False,1211168045932157,False
1333,1211168046226873,,,,,,,,,,,,,,,,,,,,,,,,,,,,,,,,,False,1211168045929422,False
1334,1211168181179214,,,,,,,,,,,,,,,,,,,,,,,,,,,,,,,,,False,1211168045944114,False
1335,1211168046107362,,,,,,,,,,,,,,,,,,,,,,,,,,,,,,,,,False,1211168045311142,False
1336,1211168111309297,,,,,,,,,,,,,,,,,,,,,,,,,,,,,,,,,False,1211168045959759,False
1337,1211168045922548,,,,,,,,,,,,,,,,,,,,,,,,,,,,,,,,,False,1211168111040216,False
1338,1211168181014075,,,,,,,,,,,,,,,,,,,,,,,,,,,,,,,,,False,1211168045331909,False
1339,1211168111083076,,,,,,,,,,,,,,,,,,,,,,,,,,,,,,,,,False,1211168044822566,False
1340,1211168180968058,,,,,,,,,,,,,,,,,,,,,,,,,,,,,,,,,False,1211168045806301,False
1341,1211168180984816,,,,,,,,,,,,,,,,,,,,,,,,,,,,,,,,,False,1211168179438433,False
1342,1211168045867451,,,,,,,,,,,,,,,,,,,,,,,,,,,,,,,,,False,1211168044289386,False
1343,1211168045832564,,,,,,,,,,,,,,,,,,,,,,,,,,,,,,,,,False,1211168109702806,False
1344,1211168180868188,,,,,,,,,,,,,,,,,,,,,,,,,,,,,,,,,False,1211168110354991,False
1345,1211168180877295,,,,,,,,,,,,,,,,,,,,,,,,,,,,,,,,,False,1211168110842154,False
1346,1211168111010165,,,,,,,,,,,,,,,,,,,,,,,,,,,,,,,,,False,1211168180241165,False
1347,1211168045725444,,,,,,,,,,,,,,,,,,,,,,,,,,,,,,,,,False,1211168045668515,False
1348,1211168110963804,,,,,,,,,,,,,,,,,,,,,,,,,,,,,,,,,False,1211168110930184,False
1349,1211168110901141,,,,,,,,,,,,,,,,,,,,,,,,,,,,,,,,,False,1211168043662476,False
1350,1211168180603520,,,,,,,,,,,,,,,,,,,,,,,,,,,,,,,,,False,1211168110600352,False
1351,1211168180598826,,,,,,,,,,,,,,,,,,,,,,,,,,,,,,,,,False,1211168045342476,False
1352,1211168110811243,,,,,,,,,,,,,,,,,,,,,,,,,,,,,,,,,False,1211168044424016,False
1353,1211168180598329,,,,,,,,,,,,,,,,,,,,,,,,,,,,,,,,,False,1211168044951820,False
1354,1211168045460703,,,,,,,,,,,,,,,,,,,,,,,,,,,,,,,,,False,,
1355,1211157513930286,,,,,,,,,,,,,,,,,,,,,,,,,,,,,,,,,False,1211157477361260,False
1356,1211157618294065,,,,,,,,,,,,,,,,,,,,,,,,,,,,,,,,,False,1211157477120036,False
1357,1211157513831592,,,,,,,,,,,,,,,,,,,,,,,,,,,,,,,,,False,1211157618128578,False
1358,1211157618289834,,,,,,,,,,,,,,,,,,,,,,,,,,,,,,,,,False,1211157616933071,False
1359,1211157618117151,,,,,,,,,,,,,,,,,,,,,,,,,,,,,,,,,False,1211157477391322,False
1360,1211157513599129,,,,,,,,,,,,,,,,,,,,,,,,,,,,,,,,,False,1211157513533770,False
1361,1211157513595657,,,,,,,,,,,,,,,,,,,,,,,,,,,,,,,,,False,1211157476965440,False
1362,1211157618046811,,,,,,,,,,,,,,,,,,,,,,,,,,,,,,,,,False,1211157617991929,False
1363,1211157513595725,,,,,,,,,,,,,,,,,,,,,,,,,,,,,,,,,False,1211157513533642,False
1364,1211157618051385,,,,,,,,,,,,,,,,,,,,,,,,,,,,,,,,,False,1211157513533997,False
1365,1211157513501788,,,,,,,,,,,,,,,,,,,,,,,,,,,,,,,,,False,,
1366,1211157477323578,,,,,,,,,,,,,,,,,,,,,,,,,,,,,,,,,False,,
1367,1211157477315670,,,,,,,,,,,,,,,,,,,,,,,,,,,,,,,,,False,1211157617475961,False
1368,1211157513405087,,,,,,,,,,,,,,,,,,,,,,,,,,,,,,,,,False,1211157617657684,False
1369,1211157617845861,,,,,,,,,,,,,,,,,,,,,,,,,,,,,,,,,False,1211157477248073,False
1370,1211157617833605,,,,,,,,,,,,,,,,,,,,,,,,,,,,,,,,,False,1211157617750527,False
1371,1211145742314814,,,,,,,,,,,,,,,,,,,,,,,,,,,,,,,,,False,1211145515760619,False
1372,1211145514780354,,,,,,,,,,,,,,,,,,,,,,,,,,,,,,,,,False,1211145821532393,True
1373,1211145514732926,,,,,,,,,,,,,,,,,,,,,,,,,,,,,,,,,False,1211145821052341,False
1374,1211145823136939,,,,,,,,,,,,,,,,,,,,,,,,,,,,,,,,,False,1211145823017711,False
1375,1211145514731745,,,,,,,,,,,,,,,,,,,,,,,,,,,,,,,,,False,1211145818962730,False
1376,1211145741247829,,,,,,,,,,,,,,,,,,,,,,,,,,,,,,,,,False,1211145511439106,False
1377,1211145514731687,,,,,,,,,,,,,,,,,,,,,,,,,,,,,,,,,False,1211145822476897,False
1378,1211145741059270,,,,,,,,,,,,,,,,,,,,,,,,,,,,,,,,,False,1211145820688492,False
1379,1211145822842658,,,,,,,,,,,,,,,,,,,,,,,,,,,,,,,,,False,1211145510345017,False
1380,1211145514472372,,,,,,,,,,,,,,,,,,,,,,,,,,,,,,,,,False,1211145740882609,False
1381,1211145514475176,,,,,,,,,,,,,,,,,,,,,,,,,,,,,,,,,False,1211145819891470,False
1382,1211145740963736,,,,,,,,,,,,,,,,,,,,,,,,,,,,,,,,,False,1211145821728037,False
1383,1211145514466888,,,,,,,,,,,,,,,,,,,,,,,,,,,,,,,,,False,1211145736997027,False
1384,1211134274351650,,,,,,,,,,,,,,,,,,,,,,,,,,,,,,,,,False,1211134865789286,False
1385,1211134866882859,,,,,,,,,,,,,,,,,,,,,,,,,,,,,,,,,False,1211134866146074,False
1386,1211134274362040,,,,,,,,,,,,,,,,,,,,,,,,,,,,,,,,,False,1211134273724769,False
1387,1211134528229866,,,,,,,,,,,,,,,,,,,,,,,,,,,,,,,,,False,1211134273162523,False
1388,1211134865749836,,,,,,,,,,,,,,,,,,,,,,,,,,,,,,,,,False,1211134526884726,True
1389,1211134528161834,,,,,,,,,,,,,,,,,,,,,,,,,,,,,,,,,False,1211134528057816,False
1390,1211134528163239,,,,,,,,,,,,,,,,,,,,,,,,,,,,,,,,,False,1211134273161911,False
1391,1211134865740533,,,,,,,,,,,,,,,,,,,,,,,,,,,,,,,,,False,1211134865624471,False
1392,1211134865732321,,,,,,,,,,,,,,,,,,,,,,,,,,,,,,,,,False,1211134526680697,False
1393,1211134273079917,,,,,,,,,,,,,,,,,,,,,,,,,,,,,,,,,False,1211134864967325,False
1394,1211134273022191,,,,,,,,,,,,,,,,,,,,,,,,,,,,,,,,,False,1211134865089440,False
1395,1211134527856504,,,,,,,,,,,,,,,,,,,,,,,,,,,,,,,,,False,1211134271526746,False
1396,1211134865456424,,,,,,,,,,,,,,,,,,,,,,,,,,,,,,,,,False,1211134527801491,False
1397,1211134865466932,,,,,,,,,,,,,,,,,,,,,,,,,,,,,,,,,False,1211134272940912,False
1398,1211134865464412,,,,,,,,,,,,,,,,,,,,,,,,,,,,,,,,,False,1211134527800291,True
1399,1211131257725446,A0059228456,STAFF ONLY,STAFF ONLY,,-,F,,,42,,Pending Behavior Assessment,04 year(s) 00 month(s) 01 day(s),Receiving 130 4,,,,,,,,,,,,,,,,,,,,False,1211131133658178,False
1400,1211131257632766,A0059226558,L1,L1,,-,M,,,25,,Stray Wait,00 year(s) 04 month(s) 01 day(s),Dog Pre/Post Op 135 1,,,,,,,,,,,,,,,,,,,,False,1211131133633111,False
1401,1211131257636867,A0059227530,L2,L2-SF,,-,F,,,6,,Stray Wait,01 year(s) 00 month(s) 02 day(s),Foster Friendly Finder,,,,,,,,,,,,,,,,,,,,False,1211131564840594,False
1402,1211131134045823,,,,,,,,,,,,,,,,,,,,,,,,,,,,,,,,,False,1211131132988176,False
1403,1211131257607227,A0059225645,L2,L2-SF,,-,F,,,39,,Stray Wait,02 year(s) 00 month(s) 01 day(s),Dog Pre/Post Op 135 3,,,,,,,,,,,,,,,,,,,,False,1211131133396790,False
1404,1211131257616407,A0059226901,L1,L1,,+,M,,,11,,Stray Wait,02 year(s) 00 month(s) 02 day(s),Foster Friendly Finder,,,,,,,,,,,,,,,,,,,,False,1211131257388107,False
1405,1211131564915203,A0059224364,L1,L1,,-,F,,,27,,Stray Wait,01 year(s) 06 month(s) 02 day(s),Dogs 088 A1,,,,,,,,,,,,,,,,,,,,False,1211131133643484,False
1406,1211131257604396,A0059225391,L1,L1,,+,M,,,55,,Stray Wait,02 year(s) 00 month(s) 01 day(s),Dog Pre/Post Op 135 7,,,,,,,,,,,,,,,,,,,,False,1211131256623929,False
1407,1211131257585517,A0059226693,L2,L2-SF,,-,N,,,60,,Microchip,None,Dogs 303 A4,,,,,,,,,,,,,,,,,,,,False,1211131257383004,True
1408,1211131564927302,A0059226845,L1,L1,,-,N,,,55,,Microchip,03 year(s) 00 month(s) 01 day(s),Dog Pre/Post Op 135 8,,,,,,,,,,,,,,,,,,,,False,1211131133351129,False
1409,1211131564864885,A0059224903,L1,L1,,-,M,,,73,,Cites,01 year(s) 03 month(s) 00 day(s),Dog Pre/Post Op 135 6,,,,,,,,,,,,,,,,,,,,False,1211131133560703,False
1410,1211131564861720,,,,,,,,,,,,,,,,,,,,,,,,,,,,,,,,,False,1211131133394208,False
1411,1211131133955177,A0059221224,L1,L1,,+,M,,,29,,Stray Wait,02 year(s) 00 month(s) 02 day(s),Dogs 067 A1,,,,,,,,,,,,,,,,,,,,False,1211131133932546,False
1412,1211131133953981,,,,,,,,,,,,,,,,,,,,,,,,,,,,,,,,,False,1211131133036559,False
1413,1211131564855038,A0059211223,L2,L2-SF,,-,M,,,81,,Available,02 year(s) 00 month(s) 01 day(s),Receiving 130 7,,,,,,,,,,,,,,,,,,,,False,1211131564170594,False
1414,1211131257507414,A0059220223,L1,L1,,-,F,,,31,,Cites,00 year(s) 08 month(s) 02 day(s),Dogs 081 A8,,,,,,,,,,,,,,,,,,,,False,1211131133180426,False
1415,1211131564807929,A0059209543,L1,L1,,-,M,,,53,,Stray Wait,03 year(s) 00 month(s) 02 day(s),Dogs 081 B3,,,,,,,,,,,,,,,,,,,,False,1211131563884959,False
1416,1211131257464592,A0059211044,L1,L1,,-,F,,,59,,Available,04 year(s) 00 month(s) 01 day(s),Dogs 602 4,,,,,,,,,,,,,,,,,,,,False,1211131133071931,False
1417,1211131564810171,A0059217071,L1,L1,,-,F,,,42,,Stray Wait,01 year(s) 00 month(s) 02 day(s),Dogs 066 B2,,,,,,,,,,,,,,,,,,,,False,1211131133519655,False
1418,1211131564803199,A0059211166,L2,L2-SF,,-,F,,,74,,Available,02 year(s) 00 month(s) 01 day(s),Receiving 129 K4,,,,,,,,,,,,,,,,,,,,False,1211131256368598,False
1419,1211131564807574,A0059211192,L3,L3-SF,,-,M,,,82,,Available,03 year(s) 00 month(s) 01 day(s),Receiving 130 6,,,,,,,,,,,,,,,,,,,,False,1211131563699634,False
1420,1211128175742922,A0059218046,L1,L1,,+,M,,,76,,Available,02 year(s) 00 month(s) 02 day(s),Dogs 402 2,,,,,,,,,,,,,,,,,,,,False,1211128175714966,False
1421,1211128175742209,A0059218047,L1,L1,,-,M,,,53,,Identifying Info,00 year(s) 11 month(s) 02 day(s),Puppy 47 3,,,,,,,,,,,,,,,,,,,,False,1211128449955371,False
1422,1211128175420051,A0059224207,L1,L1,,-,F,,,58,,Cites,03 year(s) 00 month(s) 02 day(s),Dogs 406 A6,,,,,,,,,,,,,,,,,,,,False,1211128449567867,False
1423,1211128280867998,A0059223851,L3,L3-SF,,+,F,,,34,,Stray Wait,02 year(s) 00 month(s) 02 day(s),Receiving 130 12,,,,,,,,,,,,,,,,,,,,False,1211128175357570,False
1424,1211128280877300,A0059223843,L2,L2-SF,,-,M,,,42,,Stray Wait,02 year(s) 00 month(s) 02 day(s),Dogs 081 A4,,,,,,,,,,,,,,,,,,,,False,1211128449686886,False
1425,1211128449670380,A0059222702,L1,L1,,-,S,,,13,,Microchip,01 year(s) 06 month(s) 03 day(s),Foster Friendly Finder,,,,,,,,,,,,,,,,,,,,False,1211128175010711,False
1426,1211128280792375,A0059221594,L2,L2-SF,,-,M,,,9,,Stray Wait,00 year(s) 05 month(s) 03 day(s),Foster Friendly Finder,,,,,,,,,,,,,,,,,,,,False,1211128175039257,False
1427,1211128280804679,A0059223836,L1,L1,,+,M,,,39,,Stray Wait,01 year(s) 00 month(s) 02 day(s),Dogs 606 A5,,,,,,,,,,,,,,,,,,,,False,1211128449200454,False
1428,1211128449672437,A0059223256,L1,L1,,-,M,,,49,,Stray Wait,02 year(s) 00 month(s) 02 day(s),Dogs 064 A4,,,,,,,,,,,,,,,,,,,,False,1211128280759488,False
1429,1211128280731010,A0059221336,L1,L1,,-,F,,,27,,Stray Wait,02 year(s) 00 month(s) 02 day(s),Dog Intake 128.01,,,,,,,,,,,,,,,,,,,,False,1211128175164410,False
1430,1211128175249378,,,,,,,,,,,,,,,,,,,,,,,,,,,,,,,,,False,1211128280624258,False
1431,1211128280713460,A0059218068,L1,L1,,+,F,,,54,,Identifying Info,03 year(s) 00 month(s) 02 day(s),Puppy 47 3,,,,,,,,,,,,,,,,,,,,False,1211128449567852,False
1432,1211128175254124,A0059220107,L1,L1,,-,M,,,75,,Stray Wait,None,Foster Friendly Finder,,,,,,,,,,,,,,,,,,,,False,1211128175221612,False
1433,1211128175253529,A0059218081,L1,L1,,-,F,,,7,,Available,02 year(s) 00 month(s) 03 day(s),Foster Foster Home,,,,,,,,,,,,,,,,,,,,False,1211128175216464,True
1434,1211128175199351,A0059211703,L1,L1,,-,F,,,7,,Stray Wait,00 year(s) 11 month(s) 03 day(s),Dogs 064 B1,,,,,,,,,,,,,,,,,,,,False,1211128175132748,False
1435,1211128175192393,A0059217079,L1,L1,,-,F,,,15,,Stray Wait,00 year(s) 10 month(s) 03 day(s),Small Animals 5,,,,,,,,,,,,,,,,,,,,False,1211128280623200,False
1436,1211128449536070,A0059209562,L2,L2-OA,,+,M,,,54,,Stray Wait,02 year(s) 00 month(s) 03 day(s),Dogs 403 A2,,,,,,,,,,,,,,,,,,,,False,1211128280623168,False
1437,1211128449546341,A0059217339,L1,L1,,-,N,,,11,,Stray Wait,01 year(s) 00 month(s) 03 day(s),Dogs 502 C2,,,,,,,,,,,,,,,,,,,,False,1211128449503913,True
1438,1211128175184413,A0059216974,L1,L1,,-,F,,,48,,Stray Wait,01 year(s) 06 month(s) 03 day(s),Dogs 403 B2,,,,,,,,,,,,,,,,,,,,False,1211128175132716,False
1439,1211128280570846,,,,,,,,,,,,,,,,,,,,,,,,,,,,,,,,,False,1211128449359598,True
1440,1211128175060606,,,,,,,,,,,,,,,,,,,,,,,,,,,,,,,,,False,1211128280196759,True
1441,1211128449447386,,,,,,,,,,,,,,,,,,,,,,,,,,,,,,,,,False,1211128448755606,True
1442,1211128280529687,,,,,,,,,,,,,,,,,,,,,,,,,,,,,,,,,False,,
1443,1211128175064774,,,,,,,,,,,,,,,,,,,,,,,,,,,,,,,,,False,1211128449402880,True
1444,1211128280534992,,,,,,,,,,,,,,,,,,,,,,,,,,,,,,,,,False,1211128280486625,False
1445,1211119632933112,A0059217133,L1,L1,,-,F,,,53,,Stray Wait,02 year(s) 06 month(s) 04 day(s),Dogs 306 B5,,,,,,,,,,,,,,,,,,,,False,1211119511918136,False
1446,1211119511092056,A0059215791,L1,L1,,-,M,,,21,,Microchip,00 year(s) 10 month(s) 03 day(s),Dogs 064 A2,,,,,,,,,,,,,,,,,,,,False,1211119355525759,False
1447,1211119355670543,A0059216702,L1,L1,,-,F,,,65,,Stray Wait,06 year(s) 00 month(s) 03 day(s),Dogs 081 A5,,,,,,,,,,,,,,,,,,,,False,1211119355532562,False
1448,1211119355610755,A0059214231,L2,L2-SF,,-,F,,,42,,Microchip,03 year(s) 00 month(s) 04 day(s),Foster Friendly Finder,,,,,,,,,,,,,,,,,,,,False,1211119354970881,False
1449,1211119510971974,A0059215210,L1,L1,,-,M,,,17,,Stray Wait,01 year(s) 06 month(s) 03 day(s),Dogs 064 A1,,,,,,,,,,,,,,,,,,,,False,1211119510230624,True
1450,1211119355610256,A0059211824,L1,L1,,-,M,,,7,,Microchip,04 year(s) 00 month(s) 04 day(s),Dogs 068 C1,,,,,,,,,,,,,,,,,,,,False,1211119631105947,True
1451,1211119355610377,A0059212500,L2,L2-BR,,+,M,,,63,,Available,08 year(s) 00 month(s) 04 day(s),Dogs 079 B6,,,,,,,,,,,,,,,,,,,,False,1211119510761034,False
1452,1211119355460105,A0059209550,L1,L1,,-,F,,,9,,Identifying Info,13 year(s) 00 month(s) 03 day(s),Small Animals 2,,,,,,,,,,,,,,,,,,,,False,1211119631799085,False
1453,1211119631847212,,,,,,,,,,,,,,,,,,,,,,,,,,,,,,,,,False,1211119631350852,False
1454,1211119355459942,A0059209398,L1,L1,,+,M,,,41,,Stray Wait,03 year(s) 00 month(s) 04 day(s),Dog Quarantine B5,,,,,,,,,,,,,,,,,,,,False,1211119631745364,False
1455,1211119355465864,,,,,,,,,,,,,,,,,,,,,,,,,,,,,,,,,False,1211119509915995,False
1456,1211119355460164,A0059209048,L2,L2-SF,,-,F,,,33,,Stray Wait,02 year(s) 00 month(s) 04 day(s),Dogs 068 A1,,,,,,,,,,,,,,,,,,,,False,1211119355368178,False
1457,1211119355406606,,,,,,,,,,,,,,,,,,,,,,,,,,,,,,,,,False,,
1458,1211119510645658,A0059201488,STAFF ONLY,STAFF ONLY,,-,F,,,15,,Pending Behavior Assessment,02 year(s) 00 month(s) 04 day(s),Receiving 130 10,,,,,,,,,,,,,,,,,,,,False,1211119510197491,False
1459,1211119355338446,,,,,,,,,,,,,,,,,,,,,,,,,,,,,,,,,False,1211119355243711,False
1460,1211119631694101,,,,,,,,,,,,,,,,,,,,,,,,,,,,,,,,,False,1211119510580588,False
1461,1211119510659398,,,,,,,,,,,,,,,,,,,,,,,,,,,,,,,,,False,1211119510580620,False
1462,1211119631700844,,,,,,,,,,,,,,,,,,,,,,,,,,,,,,,,,False,1211119355246320,False
1463,1211109320866081,A0059208675,L1,L1-RN,,-,F,,,22,,Microchip,05 year(s) 00 month(s) 04 day(s),Dogs 067 B4,,,,,,,,,,,,,,,,,,,,False,1211109318682685,False
1464,1211109320868867,,,,,,,,,,,,,,,,,,,,,,,,,,,,,,,,,False,1211109215209680,False
1465,1211109320622660,,,,,,,,,,,,,,,,,,,,,,,,,,,,,,,,,False,1211109218126892,True
1466,1211109320631952,,,,,,,,,,,,,,,,,,,,,,,,,,,,,,,,,False,1211109348397697,False
1467,1211109320589154,,,,,,,,,,,,,,,,,,,,,,,,,,,,,,,,,False,1211109218856672,False
1468,1211109320594520,A0059208023,L1,L1-RN,,-,M,,,26,,Identifying Info,04 year(s) 00 month(s) 04 day(s),Dogs 079 A5,,,,,,,,,,,,,,,,,,,,False,1211109348343235,True
1469,1211109219645202,A0059206576,L1,L1,,+,M,,,93,,Stray Wait,04 year(s) 00 month(s) 04 day(s),Dogs 501 2,,,,,,,,,,,,,,,,,,,,False,1211109320417804,False
1470,1211109350392033,A0059207050,L1,L1,,-,F,,,45,,Stray Wait,04 year(s) 00 month(s) 04 day(s),Dogs 081 B9,,,,,,,,,,,,,,,,,,,,False,1211109320417901,False
1471,1211109219557945,A0059205673,STAFF ONLY,STAFF ONLY,,+,F,,,0,,Stray Wait,None,Dogs 203 6,,,,,,,,,,,,,,,,,,,,False,,
1472,1211109320457073,,,,,,,,,,,,,,,,,,,,,,,,,,,,,,,,,False,1211109318755497,False
1473,1211109350289868,A0059205759,L1,L1,,-,M,,,36,,Stray Wait,01 year(s) 06 month(s) 04 day(s),Dogs 406 B2,,,,,,,,,,,,,,,,,,,,False,1211109314595092,False
1474,1211109320441433,A0059205432,L1,L1,,-,M,,,82,,Stray Wait,03 year(s) 00 month(s) 05 day(s),Dogs 401 8,,,,,,,,,,,,,,,,,,,,False,1211109320043250,True
1475,1211109219434147,A0059204663,L1,L1,,+,M,,,74,,Stray Wait,03 year(s) 00 month(s) 05 day(s),Foster Friendly Finder,,,,,,,,,,,,,,,,,,,,False,1211109350102389,False
1476,1211109350147941,,,,,,,,,,,,,,,,,,,,,,,,,,,,,,,,,False,1211109349532917,False
1477,1211109350160094,A0059204484,L1,L1,,-,F,,,23,,Microchip,05 year(s) 00 month(s) 04 day(s),Dogs 079 A1,,,,,,,,,,,,,,,,,,,,False,1211109317897240,True
1478,1211109320306714,,,,,,,,,,,,,,,,,,,,,,,,,,,,,,,,,False,1211109350104868,False
1479,1211109219370083,A0059201841,L1,L1,,-,F,,,40,,Available,00 year(s) 09 month(s) 05 day(s),Dogs 088 B6,,,,,,,,,,,,,,,,,,,,False,1211109320015100,False
1480,1211109219267290,A0059204350,L1,L1,,-,F,,,10,,Stray Wait,03 year(s) 00 month(s) 04 day(s),Clinic Clinic,,,,,,,,,,,,,,,,,,,,False,1211109218692209,False
1481,1211109350028328,A0059201452,L2,L2-SF,,+,M,,,36,,Available,03 year(s) 00 month(s) 05 day(s),Dogs 403 B6,,,,,,,,,,,,,,,,,,,,False,1211109348343217,False
1482,1211109219280940,A0059201579,L1,L1,,-,F,,,35,,Adopted,06 year(s) 00 month(s) 05 day(s),Clinic Clinic,,,,,,,,,,,,,,,,,,,,False,1211109320043236,False
1483,1211109320114976,A0059196963,L1,L1,,-,F,,,42,,Adopted,01 year(s) 00 month(s) 05 day(s),Flex 85,,,,,,,,,,,,,,,,,,,,False,1211109219209280,True
1484,1211098092783001,A0059197190,L1,L1,,-,F,,,27,,Available,00 year(s) 08 month(s) 06 day(s),Dogs 081 A7,,,,,,,,,,,,,,,,,,,,False,1211098092476834,False
1485,1211098092738668,A0059201506,L1,L1,,-,M,,,30,,Available,01 year(s) 00 month(s) 05 day(s),Dogs 506 B4,,,,,,,,,,,,,,,,,,,,False,1211098025848942,False
1486,1211098092743189,,,,,,,,,,,,,,,,,,,,,,,,,,,,,,,,,False,1211098025626941,True
1487,1211098092735154,A0059201498,L1,L1,,-,F,,,61,,Microchip,04 year(s) 00 month(s) 05 day(s),Dogs 403 A4,,,,,,,,,,,,,,,,,,,,False,1211098116841797,False
1488,1211098117370728,A0059195704,L1,L1,,-,M,,,11,,Adopted,None,Clinic Clinic,,,,,,,,,,,,,,,,,,,,False,1211098025742263,True
1489,1211098025789318,,,,,,,,,,,,,,,,,,,,,,,,,,,,,,,,,False,1211098092491126,False
1490,1211098025782964,A0059193435,L1,L1,,-,M,,,52,,Available,05 year(s) 00 month(s) 06 day(s),Dogs 503 A1,,,,,,,,,,,,,,,,,,,,False,1211098023281299,False
1491,1211098117196137,A0059194156,L1,L1,,-,F,,,39,,Available,02 year(s) 00 month(s) 06 day(s),Dogs 088 B7,,,,,,,,,,,,,,,,,,,,False,1211098024887546,False
1492,1211098092425554,A0059187326,L1,L1,,-,M,,,34,,Available,00 year(s) 10 month(s) 06 day(s),Dogs 067 B5,,,,,,,,,,,,,,,,,,,,False,1211098024873374,False
1493,1211098092455549,A0059187897,L1,L1,,-,F,,,36,,Available,01 year(s) 06 month(s) 07 day(s),Dogs 081 A10,,,,,,,,,,,,,,,,,,,,False,1211098024016204,False
1494,1211098092442160,A0059121527,L1,L1,,+,F,,,39,,Available,04 year(s) 00 month(s) 07 day(s),Dogs 068 B1,,,,,,,,,,,,,,,,,,,,False,1211098092331672,False
1495,1211098025659298,,,,,,,,,,,,,,,,,,,,,,,,,,,,,,,,,False,1211098092251821,False
1496,1211087331131196,A0059191607,L1,L1,,-,F,,,37,,Available,00 year(s) 09 month(s) 06 day(s),Dogs 088 A9,,,,,,,,,,,,,,,,,,,,False,1211087559749667,False
1497,1211087277427705,A0059193088,L2,L2-BR,,-,F,,,38,,Available,05 year(s) 00 month(s) 06 day(s),Dogs 502 4,,,,,,,,,,,,,,,,,,,,False,1211087560321440,False
1498,1211087330881387,A0059192169,L1,L1,,-,M,,,75,,Identifying Info,03 year(s) 00 month(s) 06 day(s),Dogs 403 B5,,,,,,,,,,,,,,,,,,,,False,1211087329701490,False
1499,1211087277240450,,,,,,,,,,,,,,,,,,,,,,,,,,,,,,,,,False,1211087329670730,True
1500,1211087277254925,A0059192800,L1,L1,,-,M,,,55,,Available,02 year(s) 00 month(s) 06 day(s),Dogs 088 A2,,,,,,,,,,,,,,,,,,,,False,1211087329694641,False
1501,1211087329834864,,,,,,,,,,,,,,,,,,,,,,,,,,,,,,,,,False,1211087275551950,False
1502,1211087329786229,A0059188894,L1,L1,,-,M,,,50,,Stray Wait,None,Dogs 066 A4,,,,,,,,,,,,,,,,,,,,False,1211087274987797,False
1503,1211087560244489,A0059188328,L1,L1,,-,M,,,37,,Available,00 year(s) 08 month(s) 06 day(s),Dogs 088 B2,,,,,,,,,,,,,,,,,,,,False,1211087559102265,False
1504,1211087560234386,,,,,,,,,,,,,,,,,,,,,,,,,,,,,,,,,False,1211087560173489,False
1505,1211087276119285,,,,,,,,,,,,,,,,,,,,,,,,,,,,,,,,,False,1211087560173457,False
1506,1211087275907314,A0059186726,L1,L1,,-,M,,,51,,Available,00 year(s) 10 month(s) 07 day(s),Dog Quarantine B4,,,,,,,,,,,,,,,,,,,,False,1211087275786591,False
1507,1211087560065257,,,,,,,,,,,,,,,,,,,,,,,,,,,,,,,,,False,1211087559993604,False
1508,1211074981236801,A0059126703,L1,L1,,+,F,,,46,,Available,05 year(s) 00 month(s) 08 day(s),Foster Foster Home,,,,,,,,,,,,,,,,,,,,False,1211075266830402,False
1509,1211074981035713,A0059121860,L2,L2 - SF,,-,M,,,58,,Available,02 year(s) 00 month(s) 09 day(s),Dogs 406 B4,,,,,,,,,,,,,,,,,,,,False,1211075138826826,False
1510,1211075138879759,A0059122741,L1,L1,,-,M,,,76,,Available,08 year(s) 00 month(s) 08 day(s),Flex 84,,,,,,,,,,,,,,,,,,,,False,1211075266685217,False
1511,1211075138896134,A0059125495,L1,L1,,-,N,,,46,,Cites,01 year(s) 00 month(s) 08 day(s),Dogs 066 A5,,,,,,,,,,,,,,,,,,,,False,1211075138829422,False
1512,1211075266644467,A0059121452,L1,L1,,-,F,,,59,,Available,02 year(s) 00 month(s) 08 day(s),Dogs 306 B3,,,,,,,,,,,,,,,,,,,,False,1211075266516896,False
1513,1211075138728874,A0053303339,L1,L1,,-,F,,,72,,Available,09 year(s) 10 month(s) 08 day(s),Flex 84,,,,,,,,,,,,,,,,,,,,False,1211075266368905,False
1514,1211074980913156,A0059109555,L2,L2 - SF,,-,M,,,84,,Available,06 year(s) 00 month(s) 07 day(s),Dogs 603 A3,,,,,,,,,,,,,,,,,,,,False,1211075138655638,False
1515,1211075138734873,A0059117737,L1,L1,,-,M,,,59,,Available,07 year(s) 00 month(s) 05 day(s),Dogs 079 B3,,,,,,,,,,,,,,,,,,,,False,1211075264570862,False
1516,1211074980915745,A0059109550,L1,L1,,+,M,,,92,,Available,08 year(s) 00 month(s) 07 day(s),Dogs 306 A3,,,,,,,,,,,,,,,,,,,,False,1211074980756314,False
1517,1211072250055284,A0059124885,L2,L2-BH,,-,S,,,16,,Adopted,05 year(s) 00 month(s) 08 day(s),Small Animals 4,,,,,,,,,,,,,,,,,,,,False,1211072316902710,True
1518,1211072249827342,A0059123893,L1,L1,,-,F,,,28,,Available,03 year(s) 00 month(s) 08 day(s),Dog Quarantine A8,,,,,,,,,,,,,,,,,,,,False,1211072249376986,False
1519,1211072316609034,,,,,,,,,,,,,,,,,,,,,,,,,,,,,,,,,False,1211072316575068,True
1520,1211072316606472,,,,,,,,,,,,,,,,,,,,,,,,,,,,,,,,,False,1211072249507186,False
1521,1211072316610096,,,,,,,,,,,,,,,,,,,,,,,,,,,,,,,,,False,1211072316575100,False
1522,1211072316584746,A0059123747,L2,L2-SF,,-,F,,,41,,Available,01 year(s) 06 month(s) 08 day(s),Dogs 301 3,,,,,,,,,,,,,,,,,,,,False,1211072316539711,False
1523,1211072316587726,A0059123537,L2,L2-A,,-,F,,,56,,Available,01 year(s) 00 month(s) 08 day(s),Dogs 503 A4,,,,,,,,,,,,,,,,,,,,False,1211072214644012,False
1524,1211072215182351,A0059123733,L1,L1,,-,M,,,58,,Available,02 year(s) 00 month(s) 09 day(s),Foster Foster Home,,,,,,,,,,,,,,,,,,,,False,1211072214445059,False
1525,1211072316526875,A0059122204,L1,L1,,-,F,,,28,,Available,00 year(s) 10 month(s) 08 day(s),Dogs 088 B5,,,,,,,,,,,,,,,,,,,,False,1211072249176081,False
1526,1211072316506854,A0059121809,STAFF ONLY,STAFF ONLY,,-,F,,,0,,Stray Wait,03 year(s) 00 month(s) 04 day(s),Dogs 204 5,,,,,,,,,,,,,,,,,,,,False,1211072316407108,False
1527,1211072316508187,A0053616553,L1,L1    A878732,,+,M,,,55,,Available,05 year(s) 07 month(s) 29 day(s),Dogs 506 B7,,,,,,,,,,,,,,,,,,,,False,1211072215101444,True
1528,1211072215112731,A0059116528,L1,L1,,+,F,,,42,,Nursing Mom,03 year(s) 00 month(s) 10 day(s),Foster Foster Home,,,,,,,,,,,,,,,,,,,,False,1211072248629811,False
1529,1211070040064261,A0059116037,L1,L1,,-,F,,,23,,Identifying Info,00 year(s) 10 month(s) 09 day(s),Clinic Clinic,,,,,,,,,,,,,,,,,,,,False,1211070094913864,False
1530,1211069988771769,,,,,,,,,,,,,,,,,,,,,,,,,,,,,,,,,False,,
1531,1211070040005313,,,,,,,,,,,,,,,,,,,,,,,,,,,,,,,,,False,,
1532,1211069988732306,A0059121408,L1,L1,,-,M,,,40,,Microchip,03 year(s) 00 month(s) 08 day(s),Dogs 502 6,,,,,,,,,,,,,,,,,,,,False,1211070039791378,False
1533,1211069988691951,A0059117627,L1,L1,,-,N,,,59,,Available,03 year(s) 00 month(s) 09 day(s),Dogs 081 B6,,,,,,,,,,,,,,,,,,,,False,1211070094880986,False
1534,1211069988702036,,,,,,,,,,,,,,,,,,,,,,,,,,,,,,,,,False,1211070094978679,True
1535,1211070039938745,A0059117681,L2,L2-BH,,+,S,,,8,,Available,14 year(s) 00 month(s) 02 day(s),Dog Intake 128.02,,,,,,,,,,,,,,,,,,,,False,,
1536,1211069988634080,,,,,,,,,,,,,,,,,,,,,,,,,,,,,,,,,False,1211070094913896,False
1537,1211070039843588,A0059105531,L1,L1,,-,F,,,33,,Available,12 year(s) 00 month(s) 10 day(s),Dogs 079 A6,,,,,,,,,,,,,,,,,,,,False,1211069988528319,False
1538,1211069988632967,A0059116425,L1,L1,,-,S,,,42,,Trial Adoption,06 year(s) 00 month(s) 04 day(s),Foster Trial Adoption,,,,,,,,,,,,,,,,,,,,False,1211070094913829,False
1539,1211069988629029,A0059116111,L2,L2-BH,,-,M,,,14,,Identifying Info,02 year(s) 00 month(s) 09 day(s),Clinic Clinic,,,,,,,,,,,,,,,,,,,,False,1211070094672196,True
1540,1211070094879203,A0059105707,L2,L2-SF,,-,F,,,53,,Available,06 year(s) 00 month(s) 12 day(s),Clinic Clinic,,,,,,,,,,,,,,,,,,,,False,1211069988386780,False
1541,1211070039786525,A0059106761,L1,L1,,-,M,,,54,,Available,01 year(s) 00 month(s) 10 day(s),Dogs 402 5,,,,,,,,,,,,,,,,,,,,False,1211070039766495,False
1542,1211070094874056,A0059106400,L3,L3-BH,,-,F,,,28,,Priority,00 year(s) 07 month(s) 10 day(s),Dogs 081 A3,,,,,,,,,,,,,,,,,,,,False,1211070094666213,False
1543,1211061539186923,A0059113762,L1,L1,,-,M,,,23,,Available,08 year(s) 00 month(s) 11 day(s),Foster Friendly Finder,,,,,,,,,,,,,,,,,,,,False,1211061578683231,True
1544,1211061538634233,A0059114517,L1,L1,,-,F,,,55,,Available,01 year(s) 00 month(s) 09 day(s),Dogs 406 A5,,,,,,,,,,,,,,,,,,,,False,1211061538258136,False
1545,1211061538500065,A0059114218,L1,L1,,-,M,,,49,,Cruelty Exam,01 year(s) 00 month(s) 10 day(s),Dogs 067 A2,,,,,,,,,,,,,,,,,,,,False,1211061447793165,False
1546,1211061448033239,A0059114457,L1,L1,,-,N,,,35,,Available,01 year(s) 06 month(s) 09 day(s),Dogs 081 B2,,,,,,,,,,,,,,,,,,,,False,1211061578508269,False
1547,1211061578906898,A0059114222,L1,L1,,-,M,,,42,,Cruelty Exam,02 year(s) 00 month(s) 10 day(s),Dogs 506 A3,,,,,,,,,,,,,,,,,,,,False,1211061538038676,False
1548,1211061538510669,A0059114272,L2,L2-BR,,-,N,,,50,,Trial Adoption,02 year(s) 00 month(s) 09 day(s),Foster Trial Adoption,,,,,,,,,,,,,,,,,,,,False,1211061538439442,False
1549,1211061538420640,A0059114202,L2,L2-A,,-,F,,,47,,Cruelty Exam,03 year(s) 00 month(s) 09 day(s),Dog Quarantine B7,,,,,,,,,,,,,,,,,,,,False,1211061538341393,False
1550,1211061447935094,A0059114213,L1,L1,,-,F,,,32,,Cruelty Exam,01 year(s) 00 month(s) 10 day(s),Dogs 603 A5,,,,,,,,,,,,,,,,,,,,False,1211061578735933,False
1551,1211061538421446,A0059114209,L1,L1,,-,M,,,23,,Cruelty Exam,01 year(s) 00 month(s) 10 day(s),Small Animals C2,,,,,,,,,,,,,,,,,,,,False,1211061447870611,False
1552,1211061578738671,,,,,,,,,,,,,,,,,,,,,,,,,,,,,,,,,False,1211061538005825,False
1553,1211061538298856,,,,,,,,,,,,,,,,,,,,,,,,,,,,,,,,,False,1211061578087622,False
1554,1211061578686383,,,,,,,,,,,,,,,,,,,,,,,,,,,,,,,,,False,1211061447765500,False
1555,1211061538296455,,,,,,,,,,,,,,,,,,,,,,,,,,,,,,,,,False,1211061538249326,False
1556,1211061578699390,,,,,,,,,,,,,,,,,,,,,,,,,,,,,,,,,False,1211061447699210,False
1557,1211061447661755,A0053630143,L1,L1,,-,S,,,37,,Available,06 year(s) 00 month(s) 14 day(s),Dogs 303 B3,,,,,,,,,,,,,,,,,,,,False,1211061578141923,False
1558,1211061447685794,,,,,,,,,,,,,,,,,,,,,,,,,,,,,,,,,False,1211061538112265,False
1559,1211061578553592,,,,,,,,,,,,,,,,,,,,,,,,,,,,,,,,,False,1211061538104603,False
1560,1211061447673864,,,,,,,,,,,,,,,,,,,,,,,,,,,,,,,,,False,1211061578493997,False
1561,1211061447676451,,,,,,,,,,,,,,,,,,,,,,,,,,,,,,,,,False,1211061447614744,False
1562,1211061538053896,A0059110103,L2,L2-SF,,-,F,,,70,,Available,03 year(s) 00 month(s) 11 day(s),Dogs 501 8,,,,,,,,,,,,,,,,,,,,False,1211061578389944,False
1563,1211061447554142,,,,,,,,,,,,,,,,,,,,,,,,,,,,,,,,,False,1211061538002556,False
1564,1211061538060289,,,,,,,,,,,,,,,,,,,,,,,,,,,,,,,,,False,1211061447398246,False
1565,1211061538060183,A0059110884,L1,L1,,-,F,,,31,,Available,01 year(s) 06 month(s) 11 day(s),Foster Foster Home,,,,,,,,,,,,,,,,,,,,False,1211061537993089,False
1566,1211061447547508,A0059111557,L1,L1,,-,N,,,72,,Available,05 year(s) 04 month(s) 25 day(s),Dogs 406 A2,,,,,,,,,,,,,,,,,,,,False,1211061578359559,False
1567,1211061578334894,A0059108642,L1,L1,,-,N,,,34,,Available,00 year(s) 08 month(s) 09 day(s),Dogs 406 A4,,,,,,,,,,,,,,,,,,,,False,1211061537791578,False
1568,1211061447443397,,,,,,,,,,,,,,,,,,,,,,,,,,,,,,,,,False,1211061447398961,True
1569,1211061447442169,A0059109376,L1,L1,,-,N,,,15,,Trial Adoption,13 year(s) 00 month(s) 09 day(s),Foster Trial Adoption,,,,,,,,,,,,,,,,,,,,False,1211061447244570,False
1570,1211061578335053,A0059108996,L1,L1,,-,F,,,24,,Adopted,00 year(s) 07 month(s) 09 day(s),Dogs 088 A3,,,,,,,,,,,,,,,,,,,,False,1211061537818262,False
1571,1211061537871152,A0059102342,L2,L2-BR,,-,F,,,41,,Available,02 year(s) 00 month(s) 10 day(s),Dogs 501 1,,,,,,,,,,,,,,,,,,,,False,1211061447244556,False
1572,1211061578197978,A0059106777,L1,L1,,-,M,,,23,,Cruelty Exam,00 year(s) 08 month(s) 09 day(s),Dogs 602 C6,,,,,,,,,,,,,,,,,,,,False,1211061447053239,False
1573,1211061447330675,A0059106772,L1,L1,,-,F,,,44,,Cruelty Exam,04 year(s) 00 month(s) 10 day(s),Dogs 506 A4,,,,,,,,,,,,,,,,,,,,False,1211061446950593,False
1574,1211061447330166,,,,,,,,,,,,,,,,,,,,,,,,,,,,,,,,,False,1211061537533787,True
1575,1211061537861771,A0059105810,L2,L2-SF,,-,M,,,53,,Available,02 year(s) 00 month(s) 09 day(s),Dogs 503 B5,,,,,,,,,,,,,,,,,,,,False,1211061447255371,False
1576,1211051637125684,A0059104668,L1,L1,,-,F,,,47,,Available,05 year(s) 00 month(s) 10 day(s),Dogs 081 A6,,,,,,,,,,,,,,,,,,,,False,1211051636833825,False
1577,1211051750229245,A0059101335,STAFF ONLY,STAFF ONLY,,-,M,,,52,,Pending Behavior Assessment,01 year(s) 06 month(s) 11 day(s),Dogs 203 1,,,,,,,,,,,,,,,,,,,,False,,
1578,1211051636907285,A0059105371,L1,L1,,-,S,,,8,,Available,04 year(s) 00 month(s) 06 day(s),Dog Visiting 060 C7,,,,,,,,,,,,,,,,,,,,False,1211051780665155,False
1579,1211051636923753,A0059105728,L1,L1 RN,,-,M,,,62,,Available,08 year(s) 00 month(s) 10 day(s),Dogs 306 A4,,,,,,,,,,,,,,,,,,,,False,1211051785355467,False
1580,1211051785487294,A0059101291,L2,L2-A,,-,F,,,35,,Available,05 year(s) 00 month(s) 11 day(s),Dog Visiting 060 C1,,,,,,,,,,,,,,,,,,,,False,1211051748673118,False
1581,1211051785455514,,,,,,,,,,,,,,,,,,,,,,,,,,,,,,,,,False,1211051749966828,False
1582,1211051785461629,A0059103552,L1,L1,,-,S,,,20,,Trial Adoption,02 year(s) 00 month(s) 10 day(s),Foster Trial Adoption,,,,,,,,,,,,,,,,,,,,False,1211051749984519,False
1583,1211051636806290,,,,,,,,,,,,,,,,,,,,,,,,,,,,,,,,,False,1211051749169623,True
1584,1211051749878810,A0059102424,L1,L1,,-,M,,,65,,Available,03 year(s) 00 month(s) 01 day(s),Dogs 303 B2,,,,,,,,,,,,,,,,,,,,False,1211051785262803,False
1585,1211051785205864,A0059101770,L1,L1,,-,F,,,27,,Available,00 year(s) 06 month(s) 10 day(s),Dog Visiting 060 C3,,,,,,,,,,,,,,,,,,,,False,1211051785165069,False
1586,1211051749762655,,,,,,,,,,,,,,,,,,,,,,,,,,,,,,,,,False,1211051783894286,False
1587,1211051785048767,A0059101512,L1,L1,,-,M,,,58,,Available,05 year(s) 00 month(s) 11 day(s),Dogs 079 B2,,,,,,,,,,,,,,,,,,,,False,1211051749549096,False
1588,1211051749617976,A0059101670,L2,L2-OA,,-,M,,,65,,Priority,05 year(s) 00 month(s) 10 day(s),Dogs 303 A5,,,,,,,,,,,,,,,,,,,,False,1211051636275587,False
1589,1211051784953923,A0059101393,L1,L1,,-,M,,,74,,Available,02 year(s) 00 month(s) 11 day(s),Dogs 303 A2,,,,,,,,,,,,,,,,,,,,False,1211051634010583,False
1590,1211051636009966,A0059101358,L1,L1,,-,N,,,41,,Adopted,01 year(s) 06 month(s) 11 day(s),Dogs 306 B6,,,,,,,,,,,,,,,,,,,,False,1211051635973768,False
1591,1211051784461617,A0059098998,L1,L1,,+,F,,,40,,Available,00 year(s) 10 month(s) 12 day(s),Foster Foster Home,,,,,,,,,,,,,,,,,,,,False,1211051746132643,False
1592,1211051784471597,,,,,,,,,,,,,,,,,,,,,,,,,,,,,,,,,False,1211051782710092,True
1593,1211051635792142,,,,,,,,,,,,,,,,,,,,,,,,,,,,,,,,,False,,
1594,1211051748975541,,,,,,,,,,,,,,,,,,,,,,,,,,,,,,,,,False,1211051634649849,True
1595,1211051784462327,A0059100213,L2,L2 - A,,-,N,,,59,,Available,10 year(s) 00 month(s) 11 day(s),Dogs 502 1,,,,,,,,,,,,,,,,,,,,False,1211051748161361,False
1596,1211051748818867,A0059091250,L1,L1,,-,F,,,22,,Available,00 year(s) 08 month(s) 12 day(s),Small Animals C1,,,,,,,,,,,,,,,,,,,,False,1211051784168906,False
1597,1211051748681219,A0059001294,L1,L1,,-,S,,,7,,Trial Adoption,08 year(s) 00 month(s) 11 day(s),Foster Trial Adoption,,,,,,,,,,,,,,,,,,,,False,1211051783585805,False
1598,1211051635529856,A0059098188,L2,L2 - OA/JM/EA,,+,M,,,66,,Priority,01 year(s) 06 month(s) 12 day(s),Dogs 066 A6,,,,,,,,,,,,,,,,,,,,False,1211051633148409,True
1599,1211051748678093,A0059091500,L1,L1,,-,M,,,61,,Available,02 year(s) 00 month(s) 12 day(s),Dog Quarantine A5,,,,,,,,,,,,,,,,,,,,False,1211051783240011,False
1600,1211051784209217,A0059091185,L1,L1,,-,M,,,23,,Available,00 year(s) 08 month(s) 12 day(s),Foster Foster Home,,,,,,,,,,,,,,,,,,,,False,1211051784068183,False
1601,1211041340150356,A0059097186,L2,L2 - SF,,-,S,,,72,,Available,04 year(s) 00 month(s) 12 day(s),Dogs 401 1,,,,,,,,,,,,,,,,,,,,False,1211041697479570,False
1602,1211041698002707,A0059096501,L1,L1,,-,M,,,73,,Available,03 year(s) 00 month(s) 12 day(s),Dogs 306 A2,,,,,,,,,,,,,,,,,,,,False,1211041349248393,False
1603,1211041697995972,,,,,,,,,,,,,,,,,,,,,,,,,,,,,,,,,False,1211041339852186,False
1604,1211041340004163,A0059095840,L2,L2 - SF,,-,M,,,81,,Available,08 year(s) 00 month(s) 12 day(s),Dogs 601 1,,,,,,,,,,,,,,,,,,,,False,1211041339282436,False
1605,1211041697874082,A0059096476,L2,L2 - SF,,-,F,,,43,,Available,04 year(s) 00 month(s) 12 day(s),Dogs 406 A3,,,,,,,,,,,,,,,,,,,,False,1211041339941564,False
1606,1211041349279563,,,,,,,,,,,,,,,,,,,,,,,,,,,,,,,,,False,1211041338824079,False
1607,1211041339981037,A0059095523,L2,L2 - OA,,-,N,,,30,,Available,00 year(s) 09 month(s) 12 day(s),Foster Foster Home,,,,,,,,,,,,,,,,,,,,False,1211041697632489,False
1608,1211041697706335,A0059093171,L1,L1,,-,N,,,33,,Available,00 year(s) 11 month(s) 12 day(s),Foster Foster Home,,,,,,,,,,,,,,,,,,,,False,1211041349128070,False
1609,1211041339876230,,,,,,,,,,,,,,,,,,,,,,,,,,,,,,,,,False,1211041697631109,False
1610,1211041339867987,A0059095126,L1,L1,,-,F,,,27,,Available,00 year(s) 07 month(s) 12 day(s),Dogs 068 B2,,,,,,,,,,,,,,,,,,,,False,1211041339424906,True
1611,1211041349164850,A0059093794,L1,L1,,-,S,,,51,,Available,00 year(s) 09 month(s) 12 day(s),Dogs 088 A6,,,,,,,,,,,,,,,,,,,,False,1211041697632393,False
1612,1211041339760104,,,,,,,,,,,,,,,,,,,,,,,,,,,,,,,,,False,1211041336843729,False
1613,1211041697566692,A0059090902,L1,L1,,+,F,,,34,,Adopted,00 year(s) 10 month(s) 12 day(s),Dogs 068 B5,,,,,,,,,,,,,,,,,,,,False,1211041348986255,True
1614,1211041339764927,A0059090536,L1,L1,,-,N,,,31,,Available,00 year(s) 10 month(s) 13 day(s),Dogs 088 A7,,,,,,,,,,,,,,,,,,,,False,1211041339573890,False
1615,1211041697407756,A0059083921,L1,L1,,-,F,,,33,,Available,00 year(s) 08 month(s) 13 day(s),Dogs 067 B1,,,,,,,,,,,,,,,,,,,,False,1211041697290117,False
1616,1211041697403048,,,,,,,,,,,,,,,,,,,,,,,,,,,,,,,,,False,1211041694968721,False
1617,1211030051465621,A0059089132,L3,L3-SF/A,,-,M,,,47,,Available,04 year(s) 00 month(s) 11 day(s),Dogs 601 7,,,,,,,,,,,,,,,,,,,,False,1211030182374402,False
1618,1211030048957406,A0059089105,L2,L2 SF,,+,S,,,44,,Available,08 year(s) 00 month(s) 11 day(s),Foster Foster Home,,,,,,,,,,,,,,,,,,,,False,1211030182320575,False
1619,1211030183373926,A0059090073,L1,L1,,-,S,,,19,,Available,00 year(s) 04 month(s) 13 day(s),Dogs 602 C4,,,,,,,,,,,,,,,,,,,,False,1211030047918209,True
1620,1211030183370263,A0059090299,L1,L1,,-,F,,,28,,Pending Medical Assessment/Treatment,00 year(s) 08 month(s) 13 day(s),Dog Pre/Post Op 138 3,,,,,,,,,,,,,,,,,,,,False,1211030048871094,False
1621,1211030051314682,,,,,,,,,,,,,,,,,,,,,,,,,,,,,,,,,False,1211030268442931,False
1622,1211030271854273,A0059088383,L1,L1,,-,M,,,10,,Stray Wait,01 year(s) 06 month(s) 07 day(s),Foster Friendly Finder,,,,,,,,,,,,,,,,,,,,False,1211030181259947,True
1623,1211030183373117,A0059089540,L3,L3-SF/BR,,-,F,,,68,,Priority,03 year(s) 00 month(s) 13 day(s),Dogs 502 2,,,,,,,,,,,,,,,,,,,,False,,
1624,1211030270132989,A0059086837,L1,L1,,-,M,,,45,,Available,00 year(s) 10 month(s) 13 day(s),Dogs 406 B3,,,,,,,,,,,,,,,,,,,,False,1211030271075388,False
1625,1211030051166822,A0059087305,L1,L1,,-,S,,,41,,Available,00 year(s) 10 month(s) 13 day(s),Dogs 088 B4,,,,,,,,,,,,,,,,,,,,False,1211030183106055,False
1626,1211030051001600,A0059080810,L1,L1,,-,M,,,38,,Available,03 year(s) 00 month(s) 14 day(s),Dogs 067 A3,,,,,,,,,,,,,,,,,,,,False,1211030270443309,False
1627,1211030050926190,A0059083932,L1,L1,,+,F,,,45,,Available,05 year(s) 00 month(s) 07 day(s),Dogs 079 B1,,,,,,,,,,,,,,,,,,,,False,1211030182792188,False
1628,1211030050924018,A0059084840,L1,L1,,-,M,,,30,,Available,00 year(s) 06 month(s) 13 day(s),Foster Foster Home,,,,,,,,,,,,,,,,,,,,False,1211030270455398,False
1629,1211030183026590,A0059085024,L1,L1,,-,N,,,55,,Trial Adoption,04 year(s) 00 month(s) 13 day(s),Foster Trial Adoption,,,,,,,,,,,,,,,,,,,,False,1211030180425673,False
1630,1211030183038452,A0059085026,L1,L1,,-,S,,,57,,Trial Adoption,01 year(s) 00 month(s) 13 day(s),Foster Trial Adoption,,,,,,,,,,,,,,,,,,,,False,1211030047521128,False
1631,1211019133278260,A0059082483,L1,L1,,-,M,,,56,,Trial Adoption,02 year(s) 00 month(s) 14 day(s),Foster Trial Adoption,,,,,,,,,,,,,,,,,,,,False,1211019133053706,False
1632,1211019213463005,A0059082861,L2,L2-SF,,-,F,,,9,,Adopted,11 year(s) 00 month(s) 14 day(s),Clinic Clinic,,,,,,,,,,,,,,,,,,,,False,1211019211567844,False
1633,1211019213459931,A0059083104,L3,L3-SF,,+,M,,,48,,Priority,02 year(s) 00 month(s) 09 day(s),Dogs 402 4,,,,,,,,,,,,,,,,,,,,False,1211019132480683,False
1634,1211019133267933,A0059082703,L1,L1,,-,N,,,25,,Trial Adoption,00 year(s) 09 month(s) 14 day(s),Foster Trial Adoption,,,,,,,,,,,,,,,,,,,,False,1211019062792750,False
1635,1211019133027494,A0059080672,L1,L1,,-,F,,,38,,Cites,01 year(s) 00 month(s) 15 day(s),Dogs 066 A1,,,,,,,,,,,,,,,,,,,,False,1211019130875198,False
1636,1211019063671805,A0059080152,L1,L1,,-,N,,,16,,Available,02 year(s) 00 month(s) 15 day(s),Dogs 602 C3,,,,,,,,,,,,,,,,,,,,False,1211019132972511,False
1637,1211019133036455,A0059080643,L2,L2-A,,-,F,,,40,,Priority,02 year(s) 00 month(s) 15 day(s),Dogs 088 A8,,,,,,,,,,,,,,,,,,,,False,1211019211421481,False
1638,1211014874142212,A0059079264,L2,L2-JM/RG,,-,M,,,37,,Priority,01 year(s) 00 month(s) 15 day(s),Dogs 602 5,,,,,,,,,,,,,,,,,,,,False,1211014743952075,False
1639,1211014874072443,A0059079840,L1,L1,,-,F,,,56,,Available,07 year(s) 00 month(s) 15 day(s),Foster Foster Home,,,,,,,,,,,,,,,,,,,,False,1211015221147905,False
1640,1211014743956271,A0059077471,L1,L1,,-,N,,,62,,Trial Adoption,02 year(s) 00 month(s) 15 day(s),Foster Foster Home,,,,,,,,,,,,,,,,,,,,False,1211014743908841,False
1641,1211014874055562,A0059077476,L1,L1,,-,M,,,41,,Available,04 year(s) 00 month(s) 15 day(s),Dogs 501 7,,,,,,,,,,,,,,,,,,,,False,1211014670987153,False
1642,1211015221721145,A0059076738,L3,L3-BH,,-,M,,,6,,Adopted,10 year(s) 00 month(s) 16 day(s),Small Animals 1,,,,,,,,,,,,,,,,,,,,False,1211015221681486,False
1643,1211015221669825,A0059076639,L1,L1,,+,F,,,72,,Priority,08 year(s) 00 month(s) 16 day(s),Foster Foster Home,,,,,,,,,,,,,,,,,,,,False,1211014873933320,False
1644,1211014873971959,A0059076443,L1,L1,,-,F,,,75,,Available,05 year(s) 00 month(s) 16 day(s),Clinic Clinic,,,,,,,,,,,,,,,,,,,,False,1211015221633091,True
1645,1211015221649928,A0059069956,L2,L2-OA,,-,F,,,47,,Priority,02 year(s) 00 month(s) 17 day(s),Dogs 606 B7,,,,,,,,,,,,,,,,,,,,False,1211015221162819,False
1646,1211015221644636,A0059076505,L2,L2 - SF,,-,F,,,45,,Available,01 year(s) 06 month(s) 16 day(s),Dogs 068 B3,,,,,,,,,,,,,,,,,,,,False,1211014670929617,False
1647,1211014743881452,,,,,,,,,,,,,,,,,,,,,,,,,,,,,,,,,False,1211014671132573,False
1648,1211012549304823,A0059070942,L1,L1,,-,F,,,40,,Available,05 year(s) 00 month(s) 16 day(s),Dog Quarantine A6,,,,,,,,,,,,,,,,,,,,False,1211012672194165,False
1649,1211012897313137,A0059072898,L1,L1,,-,F,,,32,,Stray Wait,01 year(s) 00 month(s) 16 day(s),Foster Foster Home,,,,,,,,,,,,,,,,,,,,False,1211012548213287,False
1650,1211012549294001,A0059071245,L1,L1,,-,F,,,44,,Available,02 year(s) 00 month(s) 16 day(s),Dogs 303 B4,,,,,,,,,,,,,,,,,,,,False,1211012672605860,False
1651,1211012673008708,A0059068907,L1,L1,,+,N,,,67,,Available,10 year(s) 00 month(s) 17 day(s),Dogs 306 A6,,,,,,,,,,,,,,,,,,,,False,1211012548213275,False
1652,1211012897184278,A0059069721,L1,L1,,-,F,,,18,,Available,00 year(s) 04 month(s) 16 day(s),Flex 82,,,,,,,,,,,,,,,,,,,,False,1211012672649949,False
1653,1211012897222824,,,,,,,,,,,,,,,,,,,,,,,,,,,,,,,,,False,1211012672419816,False
1654,1211012672985352,A0059061882,L3,L3-SF,,-,M,,,39,,Available,02 year(s) 00 month(s) 10 day(s),Dogs 601 3,,,,,,,,,,,,,,,,,,,,False,1211012672434772,False
1655,1211012897204924,A0059069720,L1,L1,,+,F,,,59,,Available,03 year(s) 00 month(s) 16 day(s),Flex 82,,,,,,,,,,,,,,,,,,,,False,1211012897088140,False
1656,1211004244857761,A0059068647,L1,L1,,-,F,,,54,,Available,02 year(s) 00 month(s) 17 day(s),Dogs 406 B6,,,,,,,,,,,,,,,,,,,,False,1211003907123381,False
1657,1211003907333829,A0059069137,L1,L1,,+,F,,,49,,Available,12 year(s) 00 month(s) 17 day(s),Dogs 079 A3,,,,,,,,,,,,,,,,,,,,False,1211004244660580,False
1658,1211003987053400,A0059069300,L1,L1,,-,N,,,51,,Priority,05 year(s) 00 month(s) 16 day(s),Dogs 306 B7,,,,,,,,,,,,,,,,,,,,False,1211004244300646,True
1659,1211003906597798,A0059069127,L1,L1,,-,S,,,41,,Available,03 year(s) 00 month(s) 17 day(s),Foster Foster Home,,,,,,,,,,,,,,,,,,,,False,1211003906420086,False
1660,1211003986817125,A0059066126,L1,L1,,-,S,,,40,,Microchip,06 year(s) 00 month(s) 03 day(s),Dog Quarantine A2,,,,,,,,,,,,,,,,,,,,False,1211004242554098,False
1661,1211004244519197,A0059064014,L1,L1,,-,N,,,50,,Available,01 year(s) 07 month(s) 05 day(s),Dog Quarantine A3,,,,,,,,,,,,,,,,,,,,False,1211003986249232,False
1662,1211004244356925,A0059061547,L1,L1,,-,F,,,37,,Available,03 year(s) 00 month(s) 18 day(s),Foster Foster Home,,,,,,,,,,,,,,,,,,,,False,1211003985285893,False
1663,1211003906931479,,,,,,,,,,,,,,,,,,,,,,,,,,,,,,,,,False,1211003985413787,False
1664,1211003906947113,A0059061467,L1,L1,,-,S,,,30,,Trial Adoption,07 year(s) 00 month(s) 18 day(s),Foster Trial Adoption,,,,,,,,,,,,,,,,,,,,False,1211003986072277,False
1665,1211004244366102,A0059062583,L1,L1,,-,M,,,26,,Available,00 year(s) 06 month(s) 16 day(s),Dogs 303 B6,,,,,,,,,,,,,,,,,,,,False,1211004243553353,False
1666,1211003906929022,A0059061473,L1,L1,,-,S,,,43,,Trial Adoption,05 year(s) 00 month(s) 18 day(s),Foster Foster Home,,,,,,,,,,,,,,,,,,,,False,1211003986359468,False
1667,1211003986569628,A0059059299,L3,L3-SF,,-,M,,,33,,Priority,06 year(s) 00 month(s) 18 day(s),Dogs 402 1,,,,,,,,,,,,,,,,,,,,False,1211004241994235,False
1668,1211003906655307,,,,,,,,,,,,,,,,,,,,,,,,,,,,,,,,,False,1211003986416898,False
1669,1211003906791948,A0059057788,L2,L2-SF,,-,F,,,37,,Available,01 year(s) 00 month(s) 18 day(s),Dogs 066 B3,,,,,,,,,,,,,,,,,,,,False,1211003986184777,False
1670,1210993882638661,A0059060477,L1,L1,,-,M,,,64,,Available,04 year(s) 08 month(s) 30 day(s),Dogs 401 2,,,,,,,,,,,,,,,,,,,,False,1210993993083889,False
1671,1210994060369499,A0059057737,STAFF ONLY,STAFF ONLY,,+,M,,,27,,Bite Quarantine,02 year(s) 00 month(s) 18 day(s),Dogs 302 2,,,,,,,,,,,,,,,,,,,,False,1210993881454305,False
1672,1210993992073317,A0059057945,L1,L1,,-,N,,,42,,Trial Adoption,01 year(s) 00 month(s) 18 day(s),Foster Trial Adoption,,,,,,,,,,,,,,,,,,,,False,1210993991797909,False
1673,1210993992006658,A0059056078,L1,L1,,-,N,,,37,,Available,00 year(s) 10 month(s) 19 day(s),Foster Friendly Finder,,,,,,,,,,,,,,,,,,,,False,1210993876289509,True
1674,1210993881161229,A0059053543,L2,L2-SF,,+,F,,,46,,Priority,05 year(s) 00 month(s) 19 day(s),Dogs 602 2,,,,,,,,,,,,,,,,,,,,False,1210993989400116,False
1675,1210993881128634,A0059055438,L1,L1,,-,F,,,29,,Available,00 year(s) 07 month(s) 19 day(s),Foster Friendly Finder,,,,,,,,,,,,,,,,,,,,False,1210994059641122,False
1676,1210994059716384,A0059053506,L1,L1,,-,F,,,31,,Available,00 year(s) 08 month(s) 19 day(s),Dogs 502 C4,,,,,,,,,,,,,,,,,,,,False,1210994057644310,False
1677,1210993881147351,A0059055418,STAFF ONLY,STAFF ONLY,,-,N,,,57,,Cites,03 year(s) 00 month(s) 19 day(s),Dogs 201 1,,,,,,,,,,,,,,,,,,,,False,1210993881061650,True
1678,1210993880962944,A0059050743,L2,L2-SF,,-,F,,,40,,Available,03 year(s) 00 month(s) 20 day(s),Dogs 079 B4,,,,,,,,,,,,,,,,,,,,False,1210994057201928,False
1679,1210993991410081,A0059048069,L2,L2-SF,,-,M,,,36,,Available,03 year(s) 00 month(s) 19 day(s),Dogs 067 B3,,,,,,,,,,,,,,,,,,,,False,1210993991370946,False
1680,1210993991412247,A0059047768,L2,L2-SF,,-,N,,,65,,Available,03 year(s) 00 month(s) 20 day(s),Foster Foster Home,,,,,,,,,,,,,,,,,,,,False,1210993880154908,False
1681,1210994059370989,A0059045973,L1,L1,,-,N,,,70,,Available,02 year(s) 00 month(s) 19 day(s),Dogs 401 3,,,,,,,,,,,,,,,,,,,,False,1210994058705346,False
1682,1210993880936201,A0059047995,L1,L1,,+,N,,,37,,Available,03 year(s) 00 month(s) 19 day(s),Foster Foster Home,,,,,,,,,,,,,,,,,,,,False,1210994055673310,False
1683,1210994059344604,A0059047527,L1,L1,,-,N,,,56,,Priority,06 year(s) 00 month(s) 19 day(s),Puppy 48 1,,,,,,,,,,,,,,,,,,,,False,1210993880778023,False
1684,1210993880908005,A0059047525,L1,L1-2025009795,,-,F,,,38,,Available,02 year(s) 00 month(s) 04 day(s),Dog Pre/Post Op 138 4,,,,,,,,,,,,,,,,,,,,False,1210993985454385,False
1685,1210993991346531,A0059047534,L1,L1,,-,F,,,53,,Priority,06 year(s) 00 month(s) 19 day(s),Puppy 48 1,,,,,,,,,,,,,,,,,,,,False,1210994055253490,False
1686,1210993880845296,A0059045111,L1,L1,,-,F,,,23,,Available,00 year(s) 06 month(s) 20 day(s),Dogs 502 3,,,,,,,,,,,,,,,,,,,,False,1210994055970856,False
1687,1210993991189834,A0059045109,L1,L1,,-,M,,,25,,Available,00 year(s) 07 month(s) 20 day(s),Foster Foster Home,,,,,,,,,,,,,,,,,,,,False,1210994054325794,False
1688,1210993991134669,A0053600249,L1,L1     A861954,,+,S,,,65,,Available,08 year(s) 06 month(s) 05 day(s),Foster Foster Home,,,,,,,,,,,,,,,,,,,,False,1210993878160676,False
1689,1210993991136282,A0059044513,L2,L2-SF,,+,F,,,59,,Available,04 year(s) 00 month(s) 20 day(s),Foster Foster Home,,,,,,,,,,,,,,,,,,,,False,1210993989711391,False
1690,1210971366895625,A0059044924,L1,L1,,+,N,,,35,,Trial Adoption,01 year(s) 00 month(s) 20 day(s),Foster Trial Adoption,,,,,,,,,,,,,,,,,,,,False,1210971524704438,False
1691,1210971523907791,A0059042443,L1,L1,,-,N,,,65,,Available,03 year(s) 00 month(s) 20 day(s),Dogs 506 A5,,,,,,,,,,,,,,,,,,,,False,1210971523429619,False
1692,1210971523846281,A0059042315,L1,L1,,-,M,,,50,,Available,01 year(s) 00 month(s) 20 day(s),Dogs 603 B4,,,,,,,,,,,,,,,,,,,,False,1210971365627661,False
1693,1210971737494697,A0059041470,L1,L1,,-,M,,,50,,Available,03 year(s) 00 month(s) 20 day(s),Dogs 064 A3,,,,,,,,,,,,,,,,,,,,False,1210971523500562,False
1694,1210971523300838,,,,,,,,,,,,,,,,,,,,,,,,,,,,,,,,,False,1210971364350038,False
1695,1210971737087956,A0059037942,L1,L1,,-,M,,,51,,Available,01 year(s) 00 month(s) 21 day(s),Dogs 067 A4,,,,,,,,,,,,,,,,,,,,False,1210971736996007,False
1696,1210959845776815,A0053589757,L1,L1,,-,S,,,33,,Available,12 year(s) 07 month(s) 06 day(s),Receiving 129 K1,,,,,,,,,,,,,,,,,,,,False,1210959872571037,True
1697,1210959747120408,,,,,,,,,,,,,,,,,,,,,,,,,,,,,,,,,False,1210959747041238,False
1698,1210959747114401,A0059026165,L3,L3-SF,,-,M,,,35,,Available,00 year(s) 08 month(s) 22 day(s),Foster Foster Home,,,,,,,,,,,,,,,,,,,,False,1210959870284648,False
1699,1210956798204682,A0059031231,L1,L1,,-,F,,,41,,Available,02 year(s) 00 month(s) 23 day(s),Dogs 601 8,,,,,,,,,,,,,,,,,,,,False,1210956478563331,False
1700,1210956513701855,A0059032318,L1,L1,,+,M,,,34,,Available,07 year(s) 00 month(s) 23 day(s),Foster Friendly Finder,,,,,,,,,,,,,,,,,,,,False,1210956513066789,False
1701,1210956797922647,A0059031986,L1,L1,,-,F,,,35,,Available,00 year(s) 09 month(s) 22 day(s),Dogs 306 B1,,,,,,,,,,,,,,,,,,,,False,1210956797712926,False
1702,1210956513545377,A0059032636,L1,L1,,-,M,,,11,,Available,04 year(s) 00 month(s) 23 day(s),Foster Foster Home,,,,,,,,,,,,,,,,,,,,False,1210956513313521,True
1703,1210956513458931,A0059033724,L1,L1,,-,N,,,34,,Available,00 year(s) 08 month(s) 22 day(s),Foster Foster Home,,,,,,,,,,,,,,,,,,,,False,1210956797726418,False
1704,1210956797685288,A0059015809,L1,L1,,-,N,,,46,,Trial Adoption,01 year(s) 00 month(s) 23 day(s),Foster Trial Adoption,,,,,,,,,,,,,,,,,,,,False,1210956513312319,False
1705,1210956513244694,,,,,,,,,,,,,,,,,,,,,,,,,,,,,,,,,False,1210956797610682,False
1706,1210954177705467,A0059027650,L1,L1,,-,F,,,45,,Priority,07 year(s) 00 month(s) 23 day(s),Dogs 068 A3,,,,,,,,,,,,,,,,,,,,False,1210954177235125,False
1707,1210954502822591,A0059030945,L1,L1,,-,M,,,41,,Priority,03 year(s) 00 month(s) 23 day(s),Dogs 403 A5,,,,,,,,,,,,,,,,,,,,False,1210954502303494,False
1708,1210954253601851,A0059030332,L3,L3- SF/ BR,,-,M,,,66,,Available,None,Foster Foster Home,,,,,,,,,,,,,,,,,,,,False,1210954501859413,False
1709,1210954502618087,A0059026601,L2,L2-BH,,+,S,,,54,,Priority,03 year(s) 00 month(s) 23 day(s),Dogs 081 A8,,,,,,,,,,,,,,,,,,,,False,1210954177389571,False
1710,1210954502562698,A0059028091,L1,L1,,-,M,,,67,,Available,02 year(s) 00 month(s) 24 day(s),Dogs 088 B9,,,,,,,,,,,,,,,,,,,,False,1210954253257382,False
1711,1210954253529293,A0059028888,L2,L2-SD,,-,N,,,19,,Trial Adoption,06 year(s) 00 month(s) 23 day(s),Foster Trial Adoption,,,,,,,,,,,,,,,,,,,,False,1210954177476020,False
1712,1210954177459419,A0059025512,L1,L1,,-,M,,,55,,Available,05 year(s) 00 month(s) 23 day(s),Dogs 306 B2,,,,,,,,,,,,,,,,,,,,False,1210954177386835,False
1713,1210954502407240,A0059023440,L1,L1,,-,M,,,40,,Available,01 year(s) 00 month(s) 24 day(s),Dogs 502 5,,,,,,,,,,,,,,,,,,,,False,1210954252815061,False
1714,1210954177322801,,,,,,,,,,,,,,,,,,,,,,,,,,,,,,,,,False,1210954502362187,False
1715,1210954253341354,A0059023830,L1,L1,,-,F,,,33,,Available,06 year(s) 00 month(s) 24 day(s),Dogs 303 B1,,,,,,,,,,,,,,,,,,,,False,1210954253272283,False
1716,1210945531127928,A0059018919,L2,L2-SF,,-,M,,,48,,Available,02 year(s) 00 month(s) 25 day(s),Dogs 501 4,,,,,,,,,,,,,,,,,,,,False,1210945598455550,False
1717,1210945531131860,A0059018741,L2,L2 - RG,,-,M,,,55,,Priority,03 year(s) 00 month(s) 24 day(s),Dogs 603 B6,,,,,,,,,,,,,,,,,,,,False,1210945598208839,False
1718,1210945598250978,A0059019474,L2,L2-SF,,-,M,,,42,,Available,01 year(s) 00 month(s) 24 day(s),Foster Foster Home,,,,,,,,,,,,,,,,,,,,False,1210945616416032,False
1719,1210945598384819,A0059017730,L1,L1,,-,S,,,16,,Trial Adoption,01 year(s) 06 month(s) 25 day(s),Foster Trial Adoption,,,,,,,,,,,,,,,,,,,,False,1210945616936825,False
1720,1210945598389792,A0059015488,L1,L1,,-,N,,,58,,Available,03 year(s) 00 month(s) 25 day(s),Dogs 306 A1,,,,,,,,,,,,,,,,,,,,False,1210945598316492,False
1721,1210934207285835,A0059011050,L1,L1 - EA,,-,M,,,64,,Available,01 year(s) 06 month(s) 25 day(s),Dogs 066 B6,,,,,,,,,,,,,,,,,,,,False,1210934277938303,False
1722,1210934277986689,A0059008519,L2,L2-A,,-,M,,,42,,Priority,03 year(s) 00 month(s) 25 day(s),Dogs 068 A4,,,,,,,,,,,,,,,,,,,,False,1210934207017941,False
1723,1210934207185983,A0059010208,L1,L1,,-,F,,,53,,Available,02 year(s) 00 month(s) 25 day(s),Dogs 067 B2,,,,,,,,,,,,,,,,,,,,False,1210934354716305,False
1724,1210934354735215,,,,,,,,,,,,,,,,,,,,,,,,,,,,,,,,,False,1210934207018005,False
1725,1210934277311000,A0058991756,L2,L2-SF,,-,M,,,56,,Available,03 year(s) 00 month(s) 26 day(s),Dogs 501 9,,,,,,,,,,,,,,,,,,,,False,1210934277628637,False
1726,1210934354625784,A0059007738,L1,L1,,-,M,,,30,,Available,00 year(s) 09 month(s) 26 day(s),Foster Foster Home,,,,,,,,,,,,,,,,,,,,False,1210934207011091,False
1727,1210934207078778,,,,,,,,,,,,,,,,,,,,,,,,,,,,,,,,,False,1210934207015532,False
1728,1210934207073993,A0059007743,L1,L1,,-,M,,,39,,Available,03 year(s) 00 month(s) 26 day(s),Dogs 068 B4,,,,,,,,,,,,,,,,,,,,False,1210934353422475,False
1729,1210934354471143,,,,,,,,,,,,,,,,,,,,,,,,,,,,,,,,,False,1210934276494883,False
1730,1210934354474801,,,,,,,,,,,,,,,,,,,,,,,,,,,,,,,,,False,1210934205455767,False
1731,1210934206920917,A0059004104,L2,L2-BH,,-,N,,,73,,Trial Adoption,01 year(s) 06 month(s) 25 day(s),Foster Trial Adoption,,,,,,,,,,,,,,,,,,,,False,1210934354394185,False
1732,1210934206946397,A0058999821,STAFF ONLY,STAFF ONLY,,-,M,,,47,,Pending Behavior Assessment,02 year(s) 00 month(s) 27 day(s),Dogs 203 2,,,,,,,,,,,,,,,,,,,,False,,
1733,1210923619061740,A0059005850,L1,L1,,-,F,,,49,,Priority,04 year(s) 00 month(s) 26 day(s),Dogs 603 B5,,,,,,,,,,,,,,,,,,,,False,1210923618648647,False
1734,1210923618883809,A0059006751,L1,L1,,-,M,,,41,,Available,02 year(s) 00 month(s) 26 day(s),Foster Foster Home,,,,,,,,,,,,,,,,,,,,False,1210923618833270,False
1735,1210923865579425,A0059005876,L1,L1,,-,M,,,57,,Available,04 year(s) 00 month(s) 26 day(s),Dogs 506 A2,,,,,,,,,,,,,,,,,,,,False,1210923865435011,False
1736,1210923618759289,,,,,,,,,,,,,,,,,,,,,,,,,,,,,,,,,False,1210923748522033,False
1737,1210923748566821,A0059004782,L1,L1,,-,M,,,50,,Available,04 year(s) 00 month(s) 27 day(s),Foster Foster Home,,,,,,,,,,,,,,,,,,,,False,1210923618666724,False
1738,1210923865542361,,,,,,,,,,,,,,,,,,,,,,,,,,,,,,,,,False,1210923618654245,False
1739,1210923865507609,,,,,,,,,,,,,,,,,,,,,,,,,,,,,,,,,False,1210923864770238,False
1740,1210923618551862,A0058999342,L1,L1,,-,S,,,81,,Trial Adoption,05 year(s) 00 month(s) 27 day(s),Foster Trial Adoption,,,,,,,,,,,,,,,,,,,,False,1210923748315108,False
1741,1210923748434641,A0058999518,L1,L1,,-,M,,,51,,Available,04 year(s) 00 month(s) 27 day(s),Dogs 303 A1,,,,,,,,,,,,,,,,,,,,False,1210923748402925,False
1742,1210923748405939,,,,,,,,,,,,,,,,,,,,,,,,,,,,,,,,,False,1210923865184759,False
1743,1210923864166733,A0058996287,L2,L2 - SF,,-,N,,,25,,Available,00 year(s) 11 month(s) 27 day(s),Foster Foster Home,,,,,,,,,,,,,,,,,,,,False,1210923747555340,False
1744,1210912477459798,,,,,,,,,,,,,,,,,,,,,,,,,,,,,,,,,False,1210912354922988,False
1745,1210912477324412,,,,,,,,,,,,,,,,,,,,,,,,,,,,,,,,,False,1210912354796990,False
1746,1210912477318045,A0058998237,L1,L1,,-,M,,,79,,Available,04 year(s) 00 month(s) 22 day(s),Dogs 601 5,,,,,,,,,,,,,,,,,,,,False,1210912340223458,False
1747,1210912262131049,A0058996759,L2,L2 - BR/LB,,-,M,,,44,,Available,03 year(s) 00 month(s) 27 day(s),Foster Foster Home,,,,,,,,,,,,,,,,,,,,False,1210912476919398,False
1748,1210912477132978,,,,,,,,,,,,,,,,,,,,,,,,,,,,,,,,,False,1210912354507191,False
1749,1210912262029373,A0058992970,L1,L1,,-,S,,,50,,Trial Adoption,03 year(s) 00 month(s) 27 day(s),Foster Trial Adoption,,,,,,,,,,,,,,,,,,,,False,1210912351832257,False
1750,1210912262043814,A0058993234,L1,L1,,-,M,,,47,,Available,00 year(s) 09 month(s) 22 day(s),Dogs 503 A3,,,,,,,,,,,,,,,,,,,,False,1210912257026464,False
1751,1210912260629854,A0058994579,L1,L1,,-,F,,,53,,Available,01 year(s) 00 month(s) 28 day(s),Foster Friendly Finder,,,,,,,,,,,,,,,,,,,,False,1210912477011786,False
1752,1210912353560943,A0058992977,L2,L2-SF,,-,M,,,47,,Priority,00 year(s) 10 month(s) 28 day(s),Dog Quarantine B6,,,,,,,,,,,,,,,,,,,,False,1210912256750544,False
1753,1210912476981926,A0058992373,L2,L2-BR/SF,,-,S,,,51,,Priority,02 year(s) 00 month(s) 28 day(s),Dogs 606 B5,,,,,,,,,,,,,,,,,,,,False,1210912261775286,False
1754,1210912261859675,A0058991484,L1,L1,,-,N,,,40,,Available,00 year(s) 10 month(s) 29 day(s),Dogs 501 6,,,,,,,,,,,,,,,,,,,,False,1210912476507890,True
1755,1210897289866823,A0058988613,L2,L2-BR,,-,M,,,61,,Priority,03 year(s) 00 month(s) 29 day(s),Dogs 088 B1,,,,,,,,,,,,,,,,,,,,False,1210897288631773,False
1756,1210897289821722,A0058985496,L1,L1,,+,M,,,63,,Available,04 year(s) 00 month(s) 29 day(s),Dogs 503 B2,,,,,,,,,,,,,,,,,,,,False,1210897482544808,False
1757,1210897289828660,,,,,,,,,,,,,,,,,,,,,,,,,,,,,,,,,False,1210897575433862,False
1758,1210897575824207,A0058985823,L2,L2-SF,,-,F,,,35,,Available,02 year(s) 00 month(s) 30 day(s),Dogs 067 A5,,,,,,,,,,,,,,,,,,,,False,1210897482553497,False
1759,1210897575822609,A0058961542,L1,L1,,-,S,,,58,,Trial Adoption,03 year(s) 00 month(s) 29 day(s),Foster Trial Adoption,,,,,,,,,,,,,,,,,,,,False,1210897575798450,False
1760,1210894317709477,A0058981944,L2,L2-SF,,-,F,,,29,,Available,00 year(s) 07 month(s) 30 day(s),Dog Quarantine B1,,,,,,,,,,,,,,,,,,,,False,1210894044159700,True
1761,1210894317239895,A0058981445,L1,L1,,-,S,,,11,,Trial Adoption,05 year(s) 00 month(s) 30 day(s),Foster Trial Adoption,,,,,,,,,,,,,,,,,,,,False,1210894043604362,False
1762,1210894342028331,A0058978654,L1,L1,,-,M,,,56,,Available,03 year(s) 00 month(s) 30 day(s),Dogs 303 A6,,,,,,,,,,,,,,,,,,,,False,1210894316372729,False
1763,1210894043497315,A0058978246,L1,L1,,+,F,,,33,,Trial Adoption,04 year(s) 00 month(s) 30 day(s),Foster Trial Adoption,,,,,,,,,,,,,,,,,,,,False,1210894341722510,False
1764,1210894043520189,A0058978213,L1,L1,,-,N,,,53,,Available,02 year(s) 01 month(s) 00 day(s),Dogs 081 B5,,,,,,,,,,,,,,,,,,,,False,1210894316328107,False
1765,1210894043514274,A0058978189,L1,L1,,+,N,,,33,,Trial Adoption,03 year(s) 01 month(s) 00 day(s),Foster Trial Adoption,,,,,,,,,,,,,,,,,,,,False,1210894341513228,False
1766,1210885872123761,A0058978092,L1,L1,,-,F,,,46,,Available,03 year(s) 01 month(s) 00 day(s),Dogs 503 B1,,,,,,,,,,,,,,,,,,,,False,1210885546677145,False
1767,1210885655236449,,,,,,,,,,,,,,,,,,,,,,,,,,,,,,,,,False,1210885870607890,False
1768,1210885872713489,A0058970953,L1,L1,,-,S,,,54,,Available,04 year(s) 01 month(s) 00 day(s),Dogs 606 A4,,,,,,,,,,,,,,,,,,,,False,1210885654270641,False
1769,1210885871896582,A0058972613,L1,L1,,+,M,,,55,,Available,05 year(s) 01 month(s) 00 day(s),Foster Foster Home,,,,,,,,,,,,,,,,,,,,False,1210885552774924,False
1770,1210885872676997,A0058972245,L1,L1,,-,S,,,28,,Trial Adoption,02 year(s) 01 month(s) 00 day(s),Foster Trial Adoption,,,,,,,,,,,,,,,,,,,,False,1210885552047809,False
1771,1210885872639996,A0058970450,L2,L2-BR/A,,-,N,,,32,,Available,01 year(s) 01 month(s) 01 day(s),Foster Foster Home,,,,,,,,,,,,,,,,,,,,False,1210885654900837,False
1772,1210885655168041,A0058970456,L1,L1,,-,F,,,39,,Available,02 year(s) 01 month(s) 01 day(s),Foster Foster Home,,,,,,,,,,,,,,,,,,,,False,1210885552656906,False
1773,1210885552592592,A0058964495,L1,L1,,-,N,,,43,,Trial Adoption,01 year(s) 07 month(s) 01 day(s),Foster Trial Adoption,,,,,,,,,,,,,,,,,,,,False,1210885872364154,False
1774,1210885655085464,A0058965409,L2,L2-SF,,-,M,,,55,,Available,01 year(s) 01 month(s) 01 day(s),Dogs 601 2,,,,,,,,,,,,,,,,,,,,False,1210885552084955,False
1775,1210875371102338,A0058968313,L1,L1,,-,N,,,51,,Trial Adoption,05 year(s) 01 month(s) 01 day(s),Foster Trial Adoption,,,,,,,,,,,,,,,,,,,,False,1210875313439373,False
1776,1210875314160085,,,,,,,,,,,,,,,,,,,,,,,,,,,,,,,,,False,1210875370189383,False
1777,1210875677204493,A0058964897,L1,L1,,+,F,,,56,,Available,05 year(s) 01 month(s) 01 day(s),Dogs 081 B8,,,,,,,,,,,,,,,,,,,,False,1210875676962837,False
1778,1210875313901693,A0058964571,L1,L1,,-,N,,,47,,Trial Adoption,02 year(s) 01 month(s) 01 day(s),Foster Trial Adoption,,,,,,,,,,,,,,,,,,,,False,1210875313746482,False
1779,1210875313876932,A0058955017,L1,L1,,-,N,,,53,,Available,00 year(s) 10 month(s) 02 day(s),Dogs 603 A2,,,,,,,,,,,,,,,,,,,,False,1210875370727429,True
1780,1210875675015651,A0058962398,L1,L1,,-,M,,,20,,Available,00 year(s) 08 month(s) 03 day(s),Dogs 081 B7,,,,,,,,,,,,,,,,,,,,False,1210875674673976,False
1781,1210875677155177,A0058962394,L1,L1,,-,M,,,21,,Available,00 year(s) 08 month(s) 03 day(s),Dogs 403 B1,,,,,,,,,,,,,,,,,,,,False,1210875313746470,False
1782,1210864055581280,A0058956679,L2,L2 - OA,,-,F,,,41,,Available,02 year(s) 01 month(s) 02 day(s),Foster Foster Home,,,,,,,,,,,,,,,,,,,,False,1210863967447590,False
1783,1210863993812623,A0058956717,L1,L1,,-,N,,,36,,Trial Adoption,03 year(s) 01 month(s) 03 day(s),Foster Trial Adoption,,,,,,,,,,,,,,,,,,,,False,1210863966696174,False
1784,1210863993810907,A0058961127,L2,L2-SF,,-,F,,,41,,Available,01 year(s) 01 month(s) 02 day(s),Dogs 306 A5,,,,,,,,,,,,,,,,,,,,False,1210863991804026,False
1785,1210864055344892,A0058955722,L1,L1,,-,N,,,47,,Trial Adoption,02 year(s) 01 month(s) 02 day(s),Foster Foster Home,,,,,,,,,,,,,,,,,,,,False,1210863965205894,False
1786,1210864055338957,A0058956070,L1,L1,,-,S,,,46,,Available,02 year(s) 07 month(s) 03 day(s),Dogs 501 3,,,,,,,,,,,,,,,,,,,,False,1210864051431655,False
1787,1210863992854654,A0058953982,L1,L1,,+,F,,,56,,Available,03 year(s) 01 month(s) 03 day(s),Puppy 48 3,,,,,,,,,,,,,,,,,,,,False,1210863965694728,False
1788,1210864055204433,A0058952168,L1,L1,,-,M,,,48,,Available,03 year(s) 01 month(s) 04 day(s),Dogs 601 4,,,,,,,,,,,,,,,,,,,,False,1210863967173904,False
1789,1210863967232816,A0058953978,L1,L1,,-,F,,,56,,Available,02 year(s) 01 month(s) 03 day(s),Puppy 47 1,,,,,,,,,,,,,,,,,,,,False,1210863993395627,False
1790,1210853351733558,A0058950235,L1,L1,,-,M,,,68,,Available,02 year(s) 01 month(s) 03 day(s),Dogs 606 A2,,,,,,,,,,,,,,,,,,,,False,1210853561839628,False
1791,1210853450454305,A0058950523,L1,L1,,-,M,,,51,,Available,01 year(s) 01 month(s) 04 day(s),Dogs 601 6,,,,,,,,,,,,,,,,,,,,False,1210853351017167,False
1792,1210853351399392,A0058948812,L1,L1,,-,F,,,42,,Available,03 year(s) 01 month(s) 03 day(s),Featured Dogs 52,,,,,,,,,,,,,,,,,,,,False,1210853212800183,False
1793,1210853351398224,,,,,,,,,,,,,,,,,,,,,,,,,,,,,,,,,False,1210853561565348,False
1794,1210842310908783,A0058945559,L1,L1,,-,M,,,56,,Available,02 year(s) 01 month(s) 04 day(s),Dogs 606 B6,,,,,,,,,,,,,,,,,,,,False,1210842544489447,False
1795,1210842309990079,A0058945194,L2,L2-A,,-,N,,,58,,Priority,02 year(s) 01 month(s) 04 day(s),Dogs 601 9,,,,,,,,,,,,,,,,,,,,False,1210842543502337,False
1796,1210842309965240,A0058943550,L2,L2 - RG/BR,,-,N,,,46,,Priority,08 year(s) 01 month(s) 05 day(s),Dogs 501 5,,,,,,,,,,,,,,,,,,,,False,,
1797,1210842375376822,A0058945418,L1,L1,,-,S,,,37,,Trial Adoption,01 year(s) 01 month(s) 04 day(s),Foster Trial Adoption,,,,,,,,,,,,,,,,,,,,False,1210842373693941,True
1798,1210842543461332,A0058937435,L1,L1,,-,N,,,65,,Priority,04 year(s) 01 month(s) 04 day(s),Dogs 403 A6,,,,,,,,,,,,,,,,,,,,False,1210842304467953,False
1799,1210842375203745,A0058941410,L2,L2-SF,,-,F,,,34,,Available,00 year(s) 11 month(s) 05 day(s),Dogs 602 1,,,,,,,,,,,,,,,,,,,,False,1210842373547441,False
1800,1210838981324419,A0058943859,L2,L2-SF,,+,F,,,47,,Available,03 year(s) 01 month(s) 05 day(s),Foster Foster Home,,,,,,,,,,,,,,,,,,,,False,1210838770636544,False
1801,1210838770702903,A0058943866,L1,L1,,+,F,,,48,,Available,08 year(s) 01 month(s) 05 day(s),Foster Foster Home,,,,,,,,,,,,,,,,,,,,False,1210838769926860,False
1802,1210838875635625,A0058943248,L1,L1,,-,M,,,40,,Available,01 year(s) 01 month(s) 05 day(s),Dogs 406 B7,,,,,,,,,,,,,,,,,,,,False,1210838770392391,True
1803,1210838981273642,A0058943403,L1,L1,,+,S,,,39,,Available,02 year(s) 00 month(s) 03 day(s),Foster Foster Home,,,,,,,,,,,,,,,,,,,,False,1210838981265427,False
1804,1210838875547222,A0058940587,L2,L2-SF/BR,,-,M,,,60,,Priority,03 year(s) 07 month(s) 08 day(s),Dogs 602 3,,,,,,,,,,,,,,,,,,,,False,1210838875099934,False
1805,1210836875786699,A0058935553,L1,L1,,+,N,,,76,,Trial Adoption,04 year(s) 01 month(s) 06 day(s),Foster Trial Adoption,,,,,,,,,,,,,,,,,,,,False,1210836874795064,False
1806,1210836875788958,A0058936565,L2,L2-SF,,-,N,,,53,,Available,03 year(s) 01 month(s) 06 day(s),Dog Quarantine B3,,,,,,,,,,,,,,,,,,,,False,1210836873870210,False
1807,1210836875512553,A0058938802,L1,L1,,-,F,,,32,,Trial Adoption,06 year(s) 01 month(s) 05 day(s),Foster Foster Home,,,,,,,,,,,,,,,,,,,,False,1210836913851775,False
1808,1210836809210438,A0058937667,L1,L1,,-,M,,,49,,Available,01 year(s) 01 month(s) 06 day(s),Dogs 506 A6,,,,,,,,,,,,,,,,,,,,False,1210836808648442,False
1809,1210836809092351,,,,,,,,,,,,,,,,,,,,,,,,,,,,,,,,,False,1210836808188907,False
1810,1210836875256218,A0058933580,L1,L1,,-,M,,,44,,Available,01 year(s) 01 month(s) 07 day(s),Featured Dogs 58,,,,,,,,,,,,,,,,,,,,False,1210836874740707,False
1811,1210836875189010,A0058923804,L1,L1,,-,N,,,79,,Available,05 year(s) 01 month(s) 06 day(s),Foster Foster Home,,,,,,,,,,,,,,,,,,,,False,1210836875117691,False
1812,1210836808964470,A0058923968,L1,L1,,-,M,,,65,,Priority,02 year(s) 01 month(s) 06 day(s),Flex 83,,,,,,,,,,,,,,,,,,,,False,1210836808919681,False
1813,1210836808957337,A0058923964,L1,L1,,-,S,,,43,,Priority,04 year(s) 01 month(s) 06 day(s),Dogs 606 A1,,,,,,,,,,,,,,,,,,,,False,1210836875118811,False
1814,1210836875144747,A0058932264,L1,L1,,+,M,,,55,,Available,03 year(s) 01 month(s) 07 day(s),Dogs 503 B4,,,,,,,,,,,,,,,,,,,,False,1210836874867915,False
1815,1210828358189952,A0058926674,L1,L1,,+,S,,,49,,Trial Adoption,02 year(s) 01 month(s) 08 day(s),Foster Trial Adoption,,,,,,,,,,,,,,,,,,,,False,1210828590063712,False
1816,1210817415777962,A0058923121,L1,L1,,+,F,,,71,,Available,03 year(s) 01 month(s) 09 day(s),Dogs 506 B6,,,,,,,,,,,,,,,,,,,,False,1210817332649142,False
1817,1210817415507843,A0058916541,L1,L1,,-,M,,,76,,Available,02 year(s) 01 month(s) 09 day(s),Foster Foster Home,,,,,,,,,,,,,,,,,,,,False,1210817332649432,False
1818,1210818231956402,A0058920051,L1,L1,,-,S,,,71,,Available,05 year(s) 01 month(s) 08 day(s),Foster Foster Home,,,,,,,,,,,,,,,,,,,,False,1210818230822750,False
1819,1210817332764091,A0058916889,L1,L1,,-,N,,,50,,Available,05 year(s) 01 month(s) 09 day(s),Foster Foster Home,,,,,,,,,,,,,,,,,,,,False,1210817413627687,False
1820,1210807087941519,A0058916951,L1,L1,,+,M,,,42,,Trial Adoption,04 year(s) 01 month(s) 09 day(s),Foster Foster Home,,,,,,,,,,,,,,,,,,,,False,1210807087231838,False
1821,1210807019285083,A0058915433,L1,L1,,-,F,,,12,,Available,13 year(s) 01 month(s) 10 day(s),Foster Foster Home,,,,,,,,,,,,,,,,,,,,False,1210807143466144,False
1822,1210807018993733,,,,,,,,,,,,,,,,,,,,,,,,,,,,,,,,,False,1210807144634098,False
1823,1210807087631419,,,,,,,,,,,,,,,,,,,,,,,,,,,,,,,,,False,1210807086917174,True
1824,1210807087634699,,,,,,,,,,,,,,,,,,,,,,,,,,,,,,,,,False,1210807144254984,False
1825,1210807087627981,,,,,,,,,,,,,,,,,,,,,,,,,,,,,,,,,False,1210807145773499,False
1826,1210807145732688,,,,,,,,,,,,,,,,,,,,,,,,,,,,,,,,,False,1210807141659200,False
1827,1210807087422107,,,,,,,,,,,,,,,,,,,,,,,,,,,,,,,,,False,1210807145001863,False
1828,1210807087408384,,,,,,,,,,,,,,,,,,,,,,,,,,,,,,,,,False,1210807017120104,False
1829,1210807087414324,,,,,,,,,,,,,,,,,,,,,,,,,,,,,,,,,False,,
1830,1210807087357422,A0058911318,L1,L1,,-,S,,,56,,Available,05 year(s) 01 month(s) 09 day(s),Dogs 081 A9,,,,,,,,,,,,,,,,,,,,False,1210807084364093,False
1831,1210807018344472,A0058904828,L1,L1,,-,F,,,43,,Available,02 year(s) 01 month(s) 10 day(s),Foster Foster Home,,,,,,,,,,,,,,,,,,,,False,1210807145125770,False
1832,1210807087079021,A0058908520,L1,L1,,+,M,,,72,,Available,02 year(s) 01 month(s) 10 day(s),Dogs 506 B2,,,,,,,,,,,,,,,,,,,,False,1210807085229137,False
1833,1210769910704888,A0058786151,L2,L2 - SF,,+,F,,,49,,Priority,03 year(s) 01 month(s) 14 day(s),Dogs 402 3,,,,,,,,,,,,,,,,,,,,False,1210769774447610,True
1834,1210769791833256,A0058786148,L2,L2 - SF,,-,N,,,50,,Trial Adoption,03 year(s) 01 month(s) 14 day(s),Foster Trial Adoption,,,,,,,,,,,,,,,,,,,,False,1210769771057196,False
1835,1210758504006638,A0058872755,L2,L2 - RG,,-,F,,,55,,Priority,02 year(s) 01 month(s) 15 day(s),Dogs 403 B3,,,,,,,,,,,,,,,,,,,,False,1210758502923704,False
1836,1210758503999298,A0058870368,L3,L3-SF,,-,S,,,52,,Available,00 year(s) 08 month(s) 16 day(s),Foster Foster Home,,,,,,,,,,,,,,,,,,,,False,1210758736218202,False
1837,1210758437674102,A0058870361,L3,L3-SF,,-,F,,,40,,Available,00 year(s) 08 month(s) 16 day(s),Foster Foster Home,,,,,,,,,,,,,,,,,,,,False,1210758736218042,False
1838,1210758736260494,A0058870423,L1,L1,,-,N,,,50,,Available,06 year(s) 01 month(s) 16 day(s),Foster Foster Home,,,,,,,,,,,,,,,,,,,,False,1210758735175843,False
1839,1210758736129835,A0058870343,L3,L3 - SF,,-,N,,,49,,Trial Adoption,00 year(s) 08 month(s) 16 day(s),Foster Trial Adoption,,,,,,,,,,,,,,,,,,,,False,1210758503069912,False
1840,1210758437521340,A0058870352,L3,L3-SF,,-,F,,,42,,Available,00 year(s) 08 month(s) 16 day(s),Foster Foster Home,,,,,,,,,,,,,,,,,,,,False,1210758436789330,False
1841,1210748243684679,A0058866574,L1,L1,,-,S,,,23,,Trial Adoption,00 year(s) 08 month(s) 16 day(s),Foster Trial Adoption,,,,,,,,,,,,,,,,,,,,False,1210747946863574,True
1842,1210747947526805,A0058867555,L1,L1,,+,M,,,84,,Available,04 year(s) 01 month(s) 16 day(s),Dogs 503 A5,,,,,,,,,,,,,,,,,,,,False,1210748242984157,False
1843,1210748243577292,A0058864035,L1,L1,,-,N,,,53,,Available,03 year(s) 01 month(s) 16 day(s),Dogs 064 B2,,,,,,,,,,,,,,,,,,,,False,1210748020930671,False
1844,1210747947242582,A0058855116,L1,L1,,-,F,,,34,,Available,07 year(s) 01 month(s) 17 day(s),Foster Foster Home,,,,,,,,,,,,,,,,,,,,False,1210748241598435,False
1845,1210748243303087,A0058855570,L1,L1,,-,N,,,51,,Available,01 year(s) 00 month(s) 17 day(s),Foster Foster Home,,,,,,,,,,,,,,,,,,,,False,1210748020560897,True
1846,1210747947153530,A0058861302,L1,L1,,-,S,,,43,,Trial Adoption,03 year(s) 01 month(s) 17 day(s),Foster Trial Adoption,,,,,,,,,,,,,,,,,,,,False,1210748243113694,False
1847,1210736934865089,A0058859172,L1,L1,,-,F,,,44,,Available,02 year(s) 01 month(s) 17 day(s),Dogs 402 6,,,,,,,,,,,,,,,,,,,,False,1210737059651944,False
1848,1210737060702075,A0058858235,L2,L2 - OA,,-,N,,,46,,Available,04 year(s) 01 month(s) 17 day(s),Foster Foster Home,,,,,,,,,,,,,,,,,,,,False,1210737060620246,False
1849,1210736991110334,,,,,,,,,,,,,,,,,,,,,,,,,,,,,,,,,False,1210736990531604,False
1850,1210737060636670,A0058855489,L2,L2 - SF,,-,N,,,61,,Available,03 year(s) 01 month(s) 17 day(s),Foster Foster Home,,,,,,,,,,,,,,,,,,,,False,1210736934206601,False
1851,1210736991127784,A0058857283,STAFF ONLY,STAFF ONLY,,-,N,,,62,,Available,03 year(s) 01 month(s) 18 day(s),Foster Foster Home,,,,,,,,,,,,,,,,,,,,False,1210736989600163,False
1852,1210737060562491,,,,,,,,,,,,,,,,,,,,,,,,,,,,,,,,,False,1210736934411768,False
1853,1210736934524505,A0058856656,L3,L3 - SF,,-,S,,,41,,Available,03 year(s) 01 month(s) 17 day(s),Foster Foster Home,,,,,,,,,,,,,,,,,,,,False,1210736934414725,False
1854,1210736990736656,A0058853857,L1,L1,,-,F,,,25,,Available,00 year(s) 09 month(s) 18 day(s),Foster Foster Home,,,,,,,,,,,,,,,,,,,,False,1210737059476311,False
1855,1210736934303213,A0058853970,L1,L1,,-,M,,,53,,Priority,04 year(s) 01 month(s) 18 day(s),Dogs 401 4,,,,,,,,,,,,,,,,,,,,False,1210736934231104,True
1856,1210724810857725,A0058852011,L2,L2-BR,,-,F,,,55,,Available,02 year(s) 01 month(s) 18 day(s),Foster Foster Home,,,,,,,,,,,,,,,,,,,,False,1210724534372693,False
1857,1210721860398186,A0058850516,L2,L2 - BR/OA,,-,F,,,54,,Available,02 year(s) 01 month(s) 19 day(s),Foster Foster Home,,,,,,,,,,,,,,,,,,,,False,1210721775186498,False
1858,1210721775317779,A0058846611,L2,L2-H/SF,,-,F,,,45,,Court,03 year(s) 01 month(s) 19 day(s),Dog ISO 153 B4,,,,,,,,,,,,,,,,,,,,False,1210721775212024,False
1859,1210721775316650,A0058846624,L2,L2-OA,,-,M,,,47,,Court,02 year(s) 01 month(s) 19 day(s),Dogs 302 3,,,,,,,,,,,,,,,,,,,,False,1210721860124741,False
1860,1210721775297669,A0058848637,L1,L1,,+,F,,,65,,Available,03 year(s) 01 month(s) 19 day(s),Dogs 079 A4,,,,,,,,,,,,,,,,,,,,False,1210721774988459,False
1861,1210721740474149,A0058847356,L1,L1,,-,M,,,50,,Priority,02 year(s) 01 month(s) 19 day(s),Featured Dogs 55,,,,,,,,,,,,,,,,,,,,False,1210721860202189,False
1862,1210721740362767,,,,,,,,,,,,,,,,,,,,,,,,,,,,,,,,,False,1210721775147162,True
1863,1210721775177070,,,,,,,,,,,,,,,,,,,,,,,,,,,,,,,,,False,1210721860145270,True
1864,1210721740359757,,,,,,,,,,,,,,,,,,,,,,,,,,,,,,,,,False,1210721860037921,True
1865,1210721775167956,,,,,,,,,,,,,,,,,,,,,,,,,,,,,,,,,False,1210721774881880,True
1866,1210721860162608,A0058844546,L1,L1,,+,S,,,37,,Available,03 year(s) 01 month(s) 20 day(s),Foster Foster Home,,,,,,,,,,,,,,,,,,,,False,1210721775146834,False
1867,1210721775173440,,,,,,,,,,,,,,,,,,,,,,,,,,,,,,,,,False,1210721775147095,True
1868,1210721860073344,A0058835165,L1,L1,,+,S,,,51,,Trial Adoption,06 year(s) 01 month(s) 19 day(s),Foster Foster Home,,,,,,,,,,,,,,,,,,,,False,1210721740237234,False
1869,1210721775070277,A0058835144,L1,L1,,+,N,,,29,,Available,04 year(s) 01 month(s) 19 day(s),Dog Quarantine A7,,,,,,,,,,,,,,,,,,,,False,1210721859988405,True
1870,1210721775069522,A0058843976,STAFF ONLY,STAFF ONLY,,-,F,,,67,,Bite Quarantine - Not Visible,05 year(s) 01 month(s) 20 day(s),Dogs 203 8,,,,,,,,,,,,,,,,,,,,False,,
1871,1210713705209092,A0058841665,L1,L1,,+,M,,,68,,Available,02 year(s) 01 month(s) 21 day(s),Puppy 48 2,,,,,,,,,,,,,,,,,,,,False,1210713627390287,False
1872,1210713480348744,,,,,,,,,,,,,,,,,,,,,,,,,,,,,,,,,False,1210713626855453,True
1873,1210713704894163,A0058838545,L1,L1,,-,S,,,50,,Trial Adoption,05 year(s) 01 month(s) 21 day(s),Foster Trial Adoption,,,,,,,,,,,,,,,,,,,,False,1210713626335465,False
1874,1210713627605013,A0058836173,L2,L2-SF,,-,N,,,43,,Trial Adoption,01 year(s) 01 month(s) 22 day(s),Foster Trial Adoption,,,,,,,,,,,,,,,,,,,,False,1210713627571284,False
1875,1210703080832944,A0058831101,L1,L1,,-,S,,,52,,Available,05 year(s) 01 month(s) 22 day(s),Foster Foster Home,,,,,,,,,,,,,,,,,,,,False,1210702992558586,False
1876,1210703257522891,A0058831083,L1,L1,,-,N,,,61,,Trial Adoption,04 year(s) 01 month(s) 22 day(s),Foster Trial Adoption,,,,,,,,,,,,,,,,,,,,False,1210703078845612,False
1877,1210692465331723,,,,,,,,,,,,,,,,,,,,,,,,,,,,,,,,,False,,
1878,1210692724510926,A0058822047,L1,L1- FJ,,+,S,,,58,,Available,06 year(s) 01 month(s) 23 day(s),Foster Foster Home,,,,,,,,,,,,,,,,,,,,False,1210692600449623,False
1879,1210692464235422,A0058820168,L2,L2-SF,,+,M,,,47,,Available,00 year(s) 11 month(s) 09 day(s),Foster Foster Home,,,,,,,,,,,,,,,,,,,,False,1210692598709401,False
1880,1210692600849621,A0058820414,L1,L1,,-,N,,,51,,Trial Adoption,00 year(s) 11 month(s) 23 day(s),Foster Trial Adoption,,,,,,,,,,,,,,,,,,,,False,1210692459969796,False
1881,1210692724213730,A0058820818,L2,L2- H/JM,,-,N,,,56,,Available,02 year(s) 01 month(s) 23 day(s),Foster Foster Home,,,,,,,,,,,,,,,,,,,,False,1210692718226274,False
1882,1210670481998395,A0058809387,L2,L2-SF,,-,S,,,61,,Priority,05 year(s) 01 month(s) 26 day(s),Foster Foster Home,,,,,,,,,,,,,,,,,,,,False,1210670479452154,False
1883,1210670157553340,A0058786176,L2,L2-OA,,-,N,,,72,,Trial Adoption,05 year(s) 01 month(s) 26 day(s),Foster Trial Adoption,,,,,,,,,,,,,,,,,,,,False,1210670542469645,False
1884,1210667047491832,A0058804940,L1,L1,,-,N,,,53,,Available,02 year(s) 01 month(s) 27 day(s),Foster Foster Home,,,,,,,,,,,,,,,,,,,,False,1210667047470043,True
1885,1210667272111878,A0058804090,L1,L1,,-,M,,,58,,Priority,02 year(s) 01 month(s) 27 day(s),Dogs 506 A7,,,,,,,,,,,,,,,,,,,,False,1210667372942862,False
1886,1210667373045434,,,,,,,,,,,,,,,,,,,,,,,,,,,,,,,,,False,1210667372876276,True
1887,1210665023280335,A0058795391,L2,L2 - SF,,-,S,,,33,,Trial Adoption,01 year(s) 01 month(s) 28 day(s),Foster Trial Adoption,,,,,,,,,,,,,,,,,,,,False,1210665023248395,False
1888,1210664992669111,A0058795125,L2,L2-SF,,-,S,,,24,,Trial Adoption,02 year(s) 01 month(s) 29 day(s),Foster Trial Adoption,,,,,,,,,,,,,,,,,,,,False,1210665299870150,False
1889,1210665023276791,A0058795005,L2,L2-OA,,-,S,,,41,,Available,00 year(s) 09 month(s) 28 day(s),Foster Foster Home,,,,,,,,,,,,,,,,,,,,False,1210665299319485,False
1890,1210655315378604,A0058788000,L2,L2-BR,,-,M,,,71,,Trial Adoption,02 year(s) 01 month(s) 30 day(s),Foster Trial Adoption,,,,,,,,,,,,,,,,,,,,False,1210655557399500,False
1891,1210655557381589,,,,,,,,,,,,,,,,,,,,,,,,,,,,,,,,,False,1210655315080377,True
1892,1210655557309588,A0058782548,L1,L1,,-,M,,,39,,Available,02 year(s) 01 month(s) 30 day(s),Foster Foster Home,,,,,,,,,,,,,,,,,,,,False,1210655435934170,False
1893,1210645351053930,A0058778620,L1,L1,,-,F,,,56,,Priority,04 year(s) 02 month(s) 00 day(s),Dogs 064 B4,,,,,,,,,,,,,,,,,,,,False,1210645273108490,False
1894,1210645215897358,A0058778619,L1,L1,,+,M,,,54,,Priority,05 year(s) 02 month(s) 00 day(s),Dogs 081 B1,,,,,,,,,,,,,,,,,,,,False,1210645214389008,False
1895,1210634289797265,A0058775597,L1,L1,,+,S,,,39,,Trial Adoption,05 year(s) 02 month(s) 00 day(s),Foster Trial Adoption,,,,,,,,,,,,,,,,,,,,False,1210634723656311,False
1896,1210634289763815,A0058773401,L1,L1,,-,N,,,8,,Trial Adoption,02 year(s) 02 month(s) 00 day(s),Foster Trial Adoption,,,,,,,,,,,,,,,,,,,,False,1210634289662078,True
1897,1210634406677274,,,,,,,,,,,,,,,,,,,,,,,,,,,,,,,,,False,1210634722030362,True
1898,1210634289431437,A0058769922,L1,L1,,-,N,,,51,,Trial Adoption,04 year(s) 02 month(s) 01 day(s),Foster Trial Adoption,,,,,,,,,,,,,,,,,,,,False,1210634406063564,False
1899,1210634289430256,A0058769639,L2,L2-A/OA,,-,S,,,41,,Trial Adoption,01 year(s) 02 month(s) 30 day(s),Foster Trial Adoption,,,,,,,,,,,,,,,,,,,,False,1210634287711067,False
1900,1210634289425743,A0058763780,L2,L2-RG,,+,N,,,63,,Available,03 year(s) 02 month(s) 01 day(s),Foster Foster Home,,,,,,,,,,,,,,,,,,,,False,1210634721466533,False
1901,1210623152877492,A0058762902,L1,L1,,-,S,,,35,,Trial Adoption,00 year(s) 10 month(s) 01 day(s),Foster Trial Adoption,,,,,,,,,,,,,,,,,,,,False,1210623079828079,False
1902,1210623095148534,A0058766779,L1,L1,,-,S,,,31,,Available,00 year(s) 11 month(s) 01 day(s),Foster Foster Home,,,,,,,,,,,,,,,,,,,,False,1210623089863907,False
1903,1210623095092243,A0058762439,L1,L1,,+,N,,,45,,Available,11 year(s) 02 month(s) 22 day(s),Foster Foster Home,,,,,,,,,,,,,,,,,,,,False,1210623092517378,False
1904,1210623080671226,A0058762449,L1,L1,,-,N,,,22,,Trial Adoption,13 year(s) 02 month(s) 02 day(s),Foster Trial Adoption,,,,,,,,,,,,,,,,,,,,False,1210623088880749,False
1905,1210623094899447,A0058762135,L1,L1,,+,S,,,40,,Available,04 year(s) 02 month(s) 02 day(s),Foster Foster Home,,,,,,,,,,,,,,,,,,,,False,1210623094774344,False
1906,1210623094851538,A0053626727,L1,L1,,-,S,,,51,,Priority,06 year(s) 05 month(s) 01 day(s),Foster Foster Home,,,,,,,,,,,,,,,,,,,,False,1210623094773974,False
1907,1210608001311884,A0058757108,L2,L2-SF,,-,S,,,36,,Available,01 year(s) 01 month(s) 04 day(s),Foster Foster Home,,,,,,,,,,,,,,,,,,,,False,1210607962092894,False
1908,1210607897572043,A0058754933,L1,L1,,-,F,,,51,,Trial Adoption,04 year(s) 02 month(s) 04 day(s),Foster Trial Adoption,,,,,,,,,,,,,,,,,,,,False,1210607961966023,False
1909,1210607962002489,A0058754236,L1,L1,,-,F,,,29,,Court,02 year(s) 02 month(s) 04 day(s),Salon C3,,,,,,,,,,,,,,,,,,,,False,1210608001174892,False
1910,1210607897572206,,,,,,,,,,,,,,,,,,,,,,,,,,,,,,,,,False,1210607897552274,False
1911,1210605849535244,A0058754218,L2,L2-SF,,-,M,,,36,,Court,02 year(s) 02 month(s) 04 day(s),Dog ISO 156 K2,,,,,,,,,,,,,,,,,,,,False,1210605981649959,False
1912,1210605981708538,,,,,,,,,,,,,,,,,,,,,,,,,,,,,,,,,False,1210605981649285,False
1913,1210605849433388,A0058751578,L2,L2-A,,-,M,,,28,,Available,02 year(s) 02 month(s) 05 day(s),Foster Foster Home,,,,,,,,,,,,,,,,,,,,False,1210605848405809,False
1914,1210596699356626,A0058743820,L1,L1,,-,N,,,70,,Priority,04 year(s) 02 month(s) 06 day(s),Foster Foster Home,,,,,,,,,,,,,,,,,,,,False,1210596794840881,False
1915,1210596795237719,A0058740566,L1,L1,,-,F,,,46,,Available,05 year(s) 02 month(s) 06 day(s),Foster Foster Home,,,,,,,,,,,,,,,,,,,,False,1210596699069307,False
1916,1210596825779320,A0058740777,L1,L1,,-,N,,,59,,Trial Adoption,01 year(s) 02 month(s) 06 day(s),Foster Trial Adoption,,,,,,,,,,,,,,,,,,,,False,1210596822560499,False
1917,1210588782427451,A0058735374,L2,L2-SF,,-,M,,,63,,Trial Adoption,04 year(s) 02 month(s) 06 day(s),Foster Trial Adoption,,,,,,,,,,,,,,,,,,,,False,1210588782194794,False
1918,1210588468159417,A0058734729,L1,L1,,+,M,,,69,,Trial Adoption,01 year(s) 02 month(s) 06 day(s),Foster Trial Adoption,,,,,,,,,,,,,,,,,,,,False,1210588578687073,False
1919,1210577954721122,A0058728584,L1,L1,,-,F,,,43,,Trial Adoption,04 year(s) 02 month(s) 07 day(s),Foster Trial Adoption,,,,,,,,,,,,,,,,,,,,False,1210577923209871,False
1920,1210577954624676,A0058728521,L1,L1,,-,N,,,32,,Trial Adoption,00 year(s) 08 month(s) 07 day(s),Foster Trial Adoption,,,,,,,,,,,,,,,,,,,,False,1210577953355727,False
1921,1210577923491977,,,,,,,,,,,,,,,,,,,,,,,,,,,,,,,,,False,1210577821542477,False
1922,1210577821553943,,,,,,,,,,,,,,,,,,,,,,,,,,,,,,,,,False,1210577952516377,False
1923,1210577954323324,,,,,,,,,,,,,,,,,,,,,,,,,,,,,,,,,False,1210577923018901,False
1924,1210577922707908,A0058725961,L2,L2-SF/BR,,-,N,,,43,,Trial Adoption,01 year(s) 02 month(s) 07 day(s),Foster Foster Home,,,,,,,,,,,,,,,,,,,,False,1210577922650716,True
1925,1210577953658334,,,,,,,,,,,,,,,,,,,,,,,,,,,,,,,,,False,1210577921772377,False
1926,1210577953605532,,,,,,,,,,,,,,,,,,,,,,,,,,,,,,,,,False,1210577819472322,False
1927,1210577820883881,,,,,,,,,,,,,,,,,,,,,,,,,,,,,,,,,False,1210577921096062,False
1928,1210566089199652,,,,,,,,,,,,,,,,,,,,,,,,,,,,,,,,,False,1210566047414845,False
1929,1210566047465159,A0058716047,L1,L1,,-,N,,,57,,Trial Adoption,03 year(s) 02 month(s) 08 day(s),Foster Foster Home,,,,,,,,,,,,,,,,,,,,False,1210566047414877,False
1930,1210566047231084,A0058716040,L1,L1,,+,S,,,54,,Trial Adoption,04 year(s) 02 month(s) 09 day(s),Foster Trial Adoption,,,,,,,,,,,,,,,,,,,,False,1210566268436701,False
1931,1210029935655657,A0058331992,L1,L1,,-,S,,,36,,Trial Adoption,00 year(s) 11 month(s) 06 day(s),Foster Foster Home,,,,,,,,,,,,,,,,,,,,False,1210029783230690,False
1932,1210019003023347,,,,,,,,,,,,,,,,,,,,,,,,,,,,,,,,,False,1210018999624490,False
1933,1210009268843091,A0058316435,L2,L2-M&G/JM,,-,F,,,48,,Available,02 year(s) 04 month(s) 09 day(s),Foster Foster Home,,,,,,,,,,,,,,,,,,,,False,1210009266805498,False
1934,1210008879391717,A0058314640,L1,L1,,-,S,,,28,,Available,01 year(s) 02 month(s) 09 day(s),Foster Foster Home,,,,,,,,,,,,,,,,,,,,False,1210008877316903,False
1935,1209998082507135,A0058308340,L3,L3-BH/DR,,-,S,,,41,,Available,01 year(s) 04 month(s) 09 day(s),Foster Foster Home,,,,,,,,,,,,,,,,,,,,False,1209998037092053,False
1936,1209675699662919,A0058006328,L1,L1,,+,N,,,65,,Available,03 year(s) 05 month(s) 11 day(s),Foster Foster Home,,,,,,,,,,,,,,,,,,,,False,1209675699588073,False
1937,1209565226178883,A0057949368,L2,L2-SF,,-,M,,,12,,Court,04 year(s) 05 month(s) 21 day(s),Foster Foster Home,,,,,,,,,,,,,,,,,,,,False,1209565226075590,False
1938,1209565226026619,A0057949359,L2,L2-SF,,-,N,,,16,,Court,03 year(s) 05 month(s) 21 day(s),Foster Foster Home,,,,,,,,,,,,,,,,,,,,False,1209565189015177,False
1939,1209565131716942,A0057949322,L1,L1- OD,,-,F,,,9,,Court,01 year(s) 05 month(s) 21 day(s),Foster Foster Home,,,,,,,,,,,,,,,,,,,,False,1209565222401113,False
1940,1209565131734496,A0057949290,L1,L1,,-,N,,,10,,Court,03 year(s) 05 month(s) 21 day(s),Foster Foster Home,,,,,,,,,,,,,,,,,,,,False,1209565188307207,False
1941,1209565225927192,A0057949305,L1,L1,,-,N,,,11,,Court,06 year(s) 03 month(s) 16 day(s),Foster Foster Home,,,,,,,,,,,,,,,,,,,,False,1209565188282449,False
1942,1209565131710275,A0057949341,L1,L1,,-,S,,,13,,Court,12 year(s) 05 month(s) 21 day(s),Foster Foster Home,,,,,,,,,,,,,,,,,,,,False,1209565225272868,False
1943,1209565189980776,A0057949256,L1,L1,,-,F,,,9,,Court,01 year(s) 01 month(s) 21 day(s),Foster Foster Home,,,,,,,,,,,,,,,,,,,,False,1209565225603524,False
1944,1209565131499129,A0057949234,L2,L2-SF,,-,F,,,11,,Court,03 year(s) 05 month(s) 21 day(s),Foster Foster Home,,,,,,,,,,,,,,,,,,,,False,1209565129980117,False
1945,1209565189667840,A0057945065,L1,L1,,+,N,,,65,,Available,05 year(s) 05 month(s) 22 day(s),Foster Foster Home,,,,,,,,,,,,,,,,,,,,False,1209565188282426,False
1946,1209532406213830,A0057918810,L2,L2-A,,-,N,,,62,,Available,03 year(s) 05 month(s) 30 day(s),Foster Foster Home,,,,,,,,,,,,,,,,,,,,False,1209532163857572,False
1947,1209505568267157,A0057910867,L2,L2-SF,,+,S,,,60,,Available,02 year(s) 05 month(s) 30 day(s),Foster Foster Home,,,,,,,,,,,,,,,,,,,,False,1209505486190863,False
1948,1209449544074324,A0057877022,L1,L1,,-,S,,,49,,Court,02 year(s) 00 month(s) 04 day(s),Dog ISO 153 A2,,,,,,,,,,,,,,,,,,,,False,1209449673792410,False
1949,1210778572564596,A0058890026,L1,L1,,-,M,,,22,,Available,00 year(s) 07 month(s) 14 day(s),Foster Foster Home,,,,,,,,,,,,,,,,,,,,False,1210778572455156,False
1950,1210778572464478,A0058889019,L1,L1,,-,S,,,48,,Available,00 year(s) 11 month(s) 13 day(s),Dogs 068 A5,,,,,,,,,,,,,,,,,,,,False,1210778620368250,True
1951,1210778743699582,A0058886517,L1,L1,,-,M,,,49,,Available,02 year(s) 01 month(s) 13 day(s),Featured Dogs 56,,,,,,,,,,,,,,,,,,,,False,1210778620223836,False
1952,1210778743699780,A0058888423,L2,L2-SF,,-,N,,,10,,Trial Adoption,02 year(s) 01 month(s) 14 day(s),Foster Trial Adoption,,,,,,,,,,,,,,,,,,,,False,1210778572410722,False
1953,1210778620746141,A0058875618,L2,L2-RH,,+,S,,,54,,Available,04 year(s) 01 month(s) 14 day(s),Dogs 303 A3,,,,,,,,,,,,,,,,,,,,False,1210778572261171,False
1954,1210778572340939,A0058880090,L1,L1,,-,N,,,51,,Trial Adoption,01 year(s) 07 month(s) 14 day(s),Foster Trial Adoption,,,,,,,,,,,,,,,,,,,,False,1210778620288032,False
1955,1210769793311414,A0058881259,L1,L1,,-,F,,,41,,Available,03 year(s) 01 month(s) 14 day(s),Dogs 088 B10,,,,,,,,,,,,,,,,,,,,False,1210769911481506,False
1956,1210769775510098,,,,,,,,,,,,,,,,,,,,,,,,,,,,,,,,,False,1210769653872250,False
1957,1210769775486498,A0058883962,L1,L1,,-,F,,,51,,Available,05 year(s) 01 month(s) 13 day(s),Dogs 406  B1,,,,,,,,,,,,,,,,,,,,False,1210769774928290,False
1958,1210769792546323,A0058882547,L1,L1,,+,F,,,58,,Priority,06 year(s) 01 month(s) 13 day(s),Dogs 079 A2,,,,,,,,,,,,,,,,,,,,False,1210769910371812,False
1959,1210769792549323,A0058879473,L1,L1,,+,M,,,50,,Available,02 year(s) 01 month(s) 14 day(s),Foster Foster Home,,,,,,,,,,,,,,,,,,,,False,1210769909517851,False
1960,1210769775142886,A0058879483,L1,L1,,-,S,,,43,,Trial Adoption,03 year(s) 01 month(s) 14 day(s),Foster Trial Adoption,,,,,,,,,,,,,,,,,,,,False,1210769774447624,False
1961,1210769911018717,,,,,,,,,,,,,,,,,,,,,,,,,,,,,,,,,False,1210769909914501,False
1962,1209301347563691,A0057325800,L1,L1,,-,N,,,48,,Trial Adoption,02 year(s) 09 month(s) 03 day(s),Foster Trial Adoption,,,,,,,,,,,,,,,,,,,,False,1209301418595477,False
1963,1209301347478021,A0057776766,L2,L2-SF,,+,N,,,61,,Available,02 year(s) 06 month(s) 23 day(s),Foster Foster Home,,,,,,,,,,,,,,,,,,,,False,1209301345925690,False
1964,1209298055858665,A0053617955,L1,L1,,-,S,,,37,,Available,05 year(s) 05 month(s) 19 day(s),Foster Foster Home,,,,,,,,,,,,,,,,,,,,False,1209297945541380,False
1965,1209295930398109,A0057771723,L1,L1,,-,N,,,63,,Available,02 year(s) 06 month(s) 11 day(s),Foster Foster Home,,,,,,,,,,,,,,,,,,,,False,1209295930018863,False
1966,1209295930328617,,,,,,,,,,,,,,,,,,,,,,,,,,,,,,,,,False,1209296146409955,True
1967,1209277746049988,A0057749805,L1,L1,,-,N,,,44,,Available,01 year(s) 06 month(s) 26 day(s),Foster Foster Home,,,,,,,,,,,,,,,,,,,,False,1209277805888227,False
1968,1210517848062183,A0058682196,L1,L1,,-,S,,,50,,Priority,01 year(s) 08 month(s) 13 day(s),Dogs 306 A7,,,,,,,,,,,,,,,,,,,,False,1210517847884887,True
1969,1210517924353973,A0058679072,L2,L2-SF,,-,F,,,47,,Available,02 year(s) 02 month(s) 14 day(s),Foster Foster Home,,,,,,,,,,,,,,,,,,,,False,1210517763522912,False
1970,1210506641410212,A0058674924,L1,L1,,-,N,,,88,,Trial Adoption,03 year(s) 09 month(s) 24 day(s),Foster Trial Adoption,,,,,,,,,,,,,,,,,,,,False,1210506693395258,False
1971,1210506641388871,A0058673118,L1,L1,,-,N,,,45,,Trial Adoption,00 year(s) 11 month(s) 15 day(s),Foster Trial Adoption,,,,,,,,,,,,,,,,,,,,False,1210506694549733,False
1972,1210506695084920,A0053612126,L1,L1-A873957,,-,S,,,68,,Available,07 year(s) 02 month(s) 22 day(s),Foster Foster Home,,,,,,,,,,,,,,,,,,,,False,1210506693823521,False
1973,1210495425886633,,,,,,,,,,,,,,,,,,,,,,,,,,,,,,,,,False,1210495458650043,False
1974,1210492455032294,A0058662435,L1,L1,,-,F,,,78,,Trial Adoption,05 year(s) 02 month(s) 17 day(s),Foster Trial Adoption,,,,,,,,,,,,,,,,,,,,False,1210492455001228,False
1975,1210492571491373,A0058660752,L1,L1,,+,S,,,62,,Available,02 year(s) 02 month(s) 18 day(s),Foster Foster Home,,,,,,,,,,,,,,,,,,,,False,1210492571456578,False
1976,1210490057392101,,,,,,,,,,,,,,,,,,,,,,,,,,,,,,,,,False,1210490160134666,False
1977,1209239747260769,A0057054603,L1,L1,,+,S,,,45,,Available,02 year(s) 10 month(s) 14 day(s),Foster Foster Home,,,,,,,,,,,,,,,,,,,,False,1209239869662781,False
1978,1210349098404385,A0058542594,L1,L1,,-,S,,,58,,Available,04 year(s) 03 month(s) 04 day(s),Foster Foster Home,,,,,,,,,,,,,,,,,,,,False,1210349012059874,False
1979,1210338022357473,A0058535722,L2,L2-JM,,-,N,,,52,,Available,02 year(s) 03 month(s) 05 day(s),Foster Foster Home,,,,,,,,,,,,,,,,,,,,False,1210337932974974,False
1980,1210324220102016,A0058529024,L1,L1,,-,S,,,63,,Available,04 year(s) 03 month(s) 05 day(s),Foster Foster Home,,,,,,,,,,,,,,,,,,,,False,1210324248004030,True
1981,1210324302726915,A0058528237,L1,L1,,-,S,,,58,,Available,02 year(s) 03 month(s) 05 day(s),Foster Foster Home,,,,,,,,,,,,,,,,,,,,False,1210324246710368,False
1982,1209187759010671,A0057673945,L1,L1,,-,S,,,45,,Available,01 year(s) 07 month(s) 06 day(s),Foster Foster Home,,,,,,,,,,,,,,,,,,,,False,1209187910875148,False
1983,1210282817887387,A0058523873,L1,L1,,+,S,,,52,,Trial Adoption,04 year(s) 03 month(s) 07 day(s),Foster Trial Adoption,,,,,,,,,,,,,,,,,,,,False,1210282772432977,False
1984,1210282670398881,A0058520937,L1,L1,,-,S,,,56,,Available,01 year(s) 03 month(s) 07 day(s),Foster Foster Home,,,,,,,,,,,,,,,,,,,,False,1210282670385975,False
1985,1210282670366105,A0058519911,L1,L1,,+,N,,,58,,Available,05 year(s) 03 month(s) 08 day(s),Foster Foster Home,,,,,,,,,,,,,,,,,,,,False,1210282770609760,False
1986,1210280115935290,A0058515382,L2,L2 - SF,,+,S,,,39,,Available,01 year(s) 01 month(s) 09 day(s),Foster Foster Home,,,,,,,,,,,,,,,,,,,,False,1210280171985945,False
1987,1209175246310865,A0057663603,L1,L1,,-,S,,,69,,Available,03 year(s) 07 month(s) 09 day(s),Foster Foster Home,,,,,,,,,,,,,,,,,,,,False,1209175245383652,False
1988,1210268839007648,,,,,,,,,,,,,,,,,,,,,,,,,,,,,,,,,False,1210268789053810,False
1989,1209175245697693,A0057656410,L3,L3-JM,,-,S,,,51,,Available,02 year(s) 07 month(s) 08 day(s),Foster Foster Home,,,,,,,,,,,,,,,,,,,,False,1209175291430004,False
1990,1210268789142553,,,,,,,,,,,,,,,,,,,,,,,,,,,,,,,,,False,1210268786669352,False
1991,1209156451100492,A0057639835,L2,L2- LB,,+,S,,,54,,Available,03 year(s) 07 month(s) 10 day(s),Foster Foster Home,,,,,,,,,,,,,,,,,,,,False,1209156449076991,False
1992,1209156351110892,A0057639779,L1,L1,,+,S,,,56,,Available,06 year(s) 07 month(s) 10 day(s),Foster Foster Home,,,,,,,,,,,,,,,,,,,,False,1209156451004784,False
1993,1209122582382791,A0057614005,L1,L1,,-,S,,,48,,Available,03 year(s) 07 month(s) 14 day(s),Foster Foster Home,,,,,,,,,,,,,,,,,,,,False,1209122581568160,False
1994,1209969495241209,A0058294302,L1,L1,,-,S,,,59,,Available,02 year(s) 04 month(s) 13 day(s),Foster Foster Home,,,,,,,,,,,,,,,,,,,,False,,
1995,1209957777346178,A0058279327,L2,L2 - SF,,+,M,,,53,,Available,05 year(s) 04 month(s) 13 day(s),Foster Foster Home,,,,,,,,,,,,,,,,,,,,False,1209957776969979,False
1996,1209944312455818,,,,,,,,,,,,,,,,,,,,,,,,,,,,,,,,,False,1209944311110520,False
1997,1209919036821748,A0058262254,L2,L2 - SF/A,,-,S,,,40,,Available,02 year(s) 04 month(s) 17 day(s),Foster Foster Home,,,,,,,,,,,,,,,,,,,,False,1209919104010650,False
1998,1209919036739098,A0058261807,L1,L1,,-,M,,,47,,Trial Adoption,00 year(s) 08 month(s) 18 day(s),Foster Trial Adoption,,,,,,,,,,,,,,,,,,,,False,1209919035114912,False
1999,1209919104707038,A0058258051,L2,L2-JM,,-,N,,,47,,Trial Adoption,02 year(s) 04 month(s) 17 day(s),Foster Trial Adoption,,,,,,,,,,,,,,,,,,,,False,1209919141973941,False
2000,1209907247067459,A0058256503,L1,L1,,-,N,,,32,,Available,01 year(s) 04 month(s) 19 day(s),Foster Foster Home,,,,,,,,,,,,,,,,,,,,False,1209907246999469,False
2001,1209903688758010,A0058252924,L1,L1,,+,S,,,44,,Available,01 year(s) 04 month(s) 20 day(s),Foster Foster Home,,,,,,,,,,,,,,,,,,,,False,1209903614582639,False
2002,1209080012814668,A0057572441,L2,L2-OA,,-,S,,,47,,Available,02 year(s) 07 month(s) 21 day(s),Foster Foster Home,,,,,,,,,,,,,,,,,,,,False,1209080058558990,False
2003,1209903688430269,A0058240878,L1,L1,,+,S,,,41,,Available,04 year(s) 04 month(s) 22 day(s),Foster Foster Home,,,,,,,,,,,,,,,,,,,,False,1209903448927912,False
2004,1209852276986812,A0058216663,L1,L1,,-,S,,,36,,Available,01 year(s) 00 month(s) 24 day(s),Dogs 506 B1,,,,,,,,,,,,,,,,,,,,False,1209852276104399,False
2005,1209852420497988,A0058216441,L3,L3-BH/RG,,-,N,,,50,,Available,02 year(s) 04 month(s) 24 day(s),Foster Foster Home,,,,,,,,,,,,,,,,,,,,False,1209852420273188,False
2006,1209840362405857,A0058214995,L1,L1,,+,N,,,46,,Available,02 year(s) 04 month(s) 25 day(s),Foster Foster Home,,,,,,,,,,,,,,,,,,,,False,1209840362330620,False
2007,1209836005757452,A0058104749,L1,L1,,-,S,,,63,,Available,03 year(s) 04 month(s) 26 day(s),Foster Foster Home,,,,,,,,,,,,,,,,,,,,False,1209835883505030,False
2008,1209807163146953,A0053591163,L2,L2-SF A852878,,+,N,,,51,,Available,07 year(s) 06 month(s) 14 day(s),Foster Foster Home,,,,,,,,,,,,,,,,,,,,False,1209807163039023,False
2009,1209027808195662,A0057489230,L2,L2 RG/H,,-,S,,,41,,Available,02 year(s) 02 month(s) 04 day(s),Foster Foster Home,,,,,,,,,,,,,,,,,,,,False,1209027808015852,False
2010,1209779496060200,A0058070653,L1,L1,,-,N,,,56,,Available,04 year(s) 04 month(s) 29 day(s),Foster Foster Home,,,,,,,,,,,,,,,,,,,,False,1209779494931526,False
2011,1209779405201327,A0058069967,L1,L1,,+,S,,,50,,Available,03 year(s) 05 month(s) 00 day(s),Foster Foster Home,,,,,,,,,,,,,,,,,,,,False,1209779444152475,False
2012,1209004160941289,A0057478759,L1,L1,,+,S,,,60,,Available,03 year(s) 08 month(s) 07 day(s),Foster Foster Home,,,,,,,,,,,,,,,,,,,,False,1209004160233895,False
2013,1209735053568581,,,,,,,,,,,,,,,,,,,,,,,,,,,,,,,,,False,1209735127221236,False
2014,1209720943392175,A0058036198,L1,L1,,+,S,,,48,,Available,02 year(s) 05 month(s) 06 day(s),Foster Foster Home,,,,,,,,,,,,,,,,,,,,False,1209720942398993,False
2015,1209720943389045,A0058038278,L1,L1,,-,S,,,49,,Available,04 year(s) 05 month(s) 05 day(s),Foster Foster Home,,,,,,,,,,,,,,,,,,,,False,1209720865878179,False
2016,1209708688897920,A0058029394,STAFF ONLY,STAFF ONLY,,-,F,,,67,,Court,04 year(s) 05 month(s) 08 day(s),Dog ISO 153 B2,,,,,,,,,,,,,,,,,,,,False,1209708688585690,False
2017,1209709018664117,A0058031872,L1,L1,,-,S,,,47,,Available,03 year(s) 05 month(s) 07 day(s),Foster Foster Home,,,,,,,,,,,,,,,,,,,,False,1209708765705975,False
2018,1209696600867672,A0058025499,L1,L1,,-,S,,,58,,Available,04 year(s) 05 month(s) 08 day(s),Foster Foster Home,,,,,,,,,,,,,,,,,,,,False,1209696691786070,False
2019,1208972043641104,A0057442724,L2,L2-OA/LB,,-,N,,,64,,Available,04 year(s) 08 month(s) 12 day(s),Foster Foster Home,,,,,,,,,,,,,,,,,,,,False,1208972043472178,False
2020,1208951706413298,A0057425727,L2,L2-LB,,-,N,,,48,,Available,03 year(s) 08 month(s) 14 day(s),Foster Foster Home,,,,,,,,,,,,,,,,,,,,False,1208951800762075,False
2021,1208908586775784,A0057361999,L1,L1,,-,N,,,35,,Available,03 year(s) 08 month(s) 27 day(s),Foster Foster Home,,,,,,,,,,,,,,,,,,,,False,1208908586035162,False
2022,1209315319549920,A0057778590,L1,L1,,-,N,,,54,,Available,05 year(s) 06 month(s) 16 day(s),Foster Foster Home,,,,,,,,,,,,,,,,,,,,False,1209315275549202,False
2023,1208874692768316,A0057361999,L1,L1,,-,N,,,30,,Microchip,03 year(s) 00 month(s) 05 day(s),Dog Intake 128.01,,,,,,,,,,,,,,,,,,,,False,1208874692483204,False
2024,1208831519809711,A0057331299,L1,L1,,-,S,,,50,,Available,04 year(s) 09 month(s) 02 day(s),Foster Foster Home,,,,,,,,,,,,,,,,,,,,False,1208831734274837,False
2025,1208829891712182,A0057327449,L1,L1,,-,S,,,58,,Available,06 year(s) 06 month(s) 23 day(s),Foster Foster Home,,,,,,,,,,,,,,,,,,,,False,1208829981209967,False
2026,1208829891388435,A0057321831,L1,L1,,-,S,,,42,,Available,02 year(s) 09 month(s) 03 day(s),Foster Foster Home,,,,,,,,,,,,,,,,,,,,False,1208829981210030,False
2027,1208813852223408,A0057311730,L1,L1,,-,N,,,52,,Available,02 year(s) 09 month(s) 01 day(s),Foster Foster Home,,,,,,,,,,,,,,,,,,,,False,1208813872339126,False
2028,1208802679133114,A0057303592,L2,L2-OA,,-,S,,,45,,Available,02 year(s) 09 month(s) 05 day(s),Foster Foster Home,,,,,,,,,,,,,,,,,,,,False,1208802676612663,False
2029,1208564478578067,A0057072729,L2,L2 JM/LB,,-,N,,,66,,Available,01 year(s) 03 month(s) 08 day(s),Foster Foster Home,,,,,,,,,,,,,,,,,,,,False,1208564478477483,False
2030,1208753107648213,A0057261594,L1,L1,,-,S,,,43,,Available,04 year(s) 09 month(s) 12 day(s),Foster Foster Home,,,,,,,,,,,,,,,,,,,,False,1208753021265347,False
2031,1208732901943674,A0057243693,L1,L1,,-,N,,,69,,Available,04 year(s) 09 month(s) 16 day(s),Foster Foster Home,,,,,,,,,,,,,,,,,,,,False,1208732901418137,False
2032,1208534906165079,A0057066775,L1,L1,,+,N,,,62,,Available,03 year(s) 10 month(s) 12 day(s),Foster Foster Home,,,,,,,,,,,,,,,,,,,,False,1208534906400017,False
2033,1208526295780901,A0057053942,L1,L1,,-,N,,,44,,Available,02 year(s) 10 month(s) 14 day(s),Foster Foster Home,,,,,,,,,,,,,,,,,,,,False,1208526220406834,False
2034,1208713135276674,A0057224582,L1,L1,,-,S,,,50,,Trial Adoption,01 year(s) 09 month(s) 18 day(s),Foster Trial Adoption,,,,,,,,,,,,,,,,,,,,False,1208713223449140,False
2035,1208526220654385,A0057054603,L1,L1,,+,S,,,42,,Available,02 year(s) 03 month(s) 12 day(s),Foster Foster Home,,,,,,,,,,,,,,,,,,,,False,1208526219232571,False
2036,1208368238886173,A0056932246,L1,L1,,+,S,,,66,,Available,04 year(s) 11 month(s) 03 day(s),Foster Foster Home,,,,,,,,,,,,,,,,,,,,False,1208368017010431,False
2037,1208681284986250,A0057203236,L1,L1,,-,N,,,51,,Available,02 year(s) 03 month(s) 20 day(s),Foster Foster Home,,,,,,,,,,,,,,,,,,,,False,1208680978090679,False
2038,1208645927395154,A0057165859,L1,L1,,-,S,,,46,,Available,01 year(s) 09 month(s) 28 day(s),Foster Foster Home,,,,,,,,,,,,,,,,,,,,False,1208645779612286,False
2039,1208636018186976,A0053293515,L1,A480832 - L1,,+,M,,,83,,Court,10 year(s) 08 month(s) 17 day(s),Dog ISO 156 K1,,,,,,,,,,,,,,,,,,,,False,1208635856247196,False
2040,1208624705334125,A0057149974,L1,L1,,-,F,,,47,,Court,03 year(s) 10 month(s) 00 day(s),Dog ISO 153 B5,,,,,,,,,,,,,,,,,,,,False,1208624816198315,False
2041,1208546691687756,,,,,,,,,,,,,,,,,,,,,,,,,,,,,,,,,False,1208546690283569,False
2042,1210796316268858,,,,,,,,,,,,,,,,,,,,,,,,,,,,,,,,,False,1210796315159573,False
2043,1210796531980543,A0058901520,L1,L1,,-,M,,,60,,Available,05 year(s) 01 month(s) 11 day(s),Dogs 603 B1,,,,,,,,,,,,,,,,,,,,False,1210796437217764,False
2044,1210796437519677,A0058902637,L2,L2-OA,,-,M,,,59,,Court,01 year(s) 01 month(s) 10 day(s),Dog ISO 155 B4,,,,,,,,,,,,,,,,,,,,False,1210796315985344,False
2045,1210796315924166,A0058900557,L1,L1,,+,M,,,36,,Available,03 year(s) 01 month(s) 11 day(s),Dog Quarantine A1,,,,,,,,,,,,,,,,,,,,False,1210796437217686,False
2046,1210784069658895,A0058900098,L1,L1 - EA,,-,F,,,50,,Priority,02 year(s) 01 month(s) 12 day(s),Dogs 606 B1,,,,,,,,,,,,,,,,,,,,False,1210784192612663,False
2047,1210784069218417,A0058798244,L1,L1,,-,S,,,44,,Trial Adoption,00 year(s) 10 month(s) 11 day(s),Foster Trial Adoption,,,,,,,,,,,,,,,,,,,,False,1210784193674393,False
2048,1210780960451642,A0058897336,L1,L1,,-,F,,,38,,Available,00 year(s) 07 month(s) 12 day(s),Foster Foster Home,,,,,,,,,,,,,,,,,,,,False,1210780960149530,False
2049,1210780913235622,,,,,,,,,,,,,,,,,,,,,,,,,,,,,,,,,False,1210781089663141,False
2050,1210781089685280,A0058896193,L2,L2-SF,,-,F,,,44,,Available,02 year(s) 01 month(s) 12 day(s),Dogs 401 6,,,,,,,,,,,,,,,,,,,,False,1210780959794613,False
2051,1210781089650794,,,,,,,,,,,,,,,,,,,,,,,,,,,,,,,,,False,1210781089619249,False
2052,1210780913179346,,,,,,,,,,,,,,,,,,,,,,,,,,,,,,,,,False,1210780912915942,False
2053,1210781089595196,A0058886253,L2,L2-SF,,-,N,,,50,,Trial Adoption,03 year(s) 01 month(s) 13 day(s),Foster Trial Adoption,,,,,,,,,,,,,,,,,,,,False,1210780913037610,False
2054,1210781089575928,A0058886275,L2,L2-SF,,-,S,,,42,,Trial Adoption,03 year(s) 01 month(s) 13 day(s),Foster Trial Adoption,,,,,,,,,,,,,,,,,,,,False,1210780960211874,True
2055,1210549129730183,A0058706791,L1,L1,,-,M,,,58,,Available,02 year(s) 02 month(s) 11 day(s),Foster Foster Home,,,,,,,,,,,,,,,,,,,,False,1210549128984149,False
2056,1210549210250241,A0058701597,L1,L1,,-,N,,,67,,Available,03 year(s) 02 month(s) 12 day(s),Foster Foster Home,,,,,,,,,,,,,,,,,,,,False,1210549209641954,True
2057,1210549129594817,,,,,,,,,,,,,,,,,,,,,,,,,,,,,,,,,False,1210549208872911,False
2058,1210549120678767,,,,,,,,,,,,,,,,,,,,,,,,,,,,,,,,,False,1210549210127131,False
2059,1210549120656688,,,,,,,,,,,,,,,,,,,,,,,,,,,,,,,,,False,1210549118891032,False
2060,1210549120631930,,,,,,,,,,,,,,,,,,,,,,,,,,,,,,,,,False,1210549120255890,False
2061,1210549210099255,A0053312831,L1,L1     A498704,,-,N,,,41,,Available,09 year(s) 05 month(s) 06 day(s),Foster Foster Home,,,,,,,,,,,,,,,,,,,,False,1210549120546376,False
2062,1210549129528005,,,,,,,,,,,,,,,,,,,,,,,,,,,,,,,,,False,1210549120597139,False
2063,1210549120629494,A0058256030,L1,L1,,-,F,,,67,,Court,05 year(s) 04 month(s) 18 day(s),Dog ISO 153 B3,,,,,,,,,,,,,,,,,,,,False,1210549210074233,False
2064,1210490099992546,A0058659823,L1,L1,,-,S,,,57,,Available,02 year(s) 02 month(s) 18 day(s),Foster Foster Home,,,,,,,,,,,,,,,,,,,,False,1210490056545466,False
2065,1210490099765655,A0058652764,L1,L1,,-,S,,,48,,Available,02 year(s) 02 month(s) 19 day(s),Foster Foster Home,,,,,,,,,,,,,,,,,,,,False,1210490057026751,False
2066,1210481254866159,A0058648841,L2,L2-SF,,-,S,,,39,,Available,02 year(s) 02 month(s) 19 day(s),Foster Foster Home,,,,,,,,,,,,,,,,,,,,False,1210481323115617,False
2067,1210481323153406,,,,,,,,,,,,,,,,,,,,,,,,,,,,,,,,,False,1210481323092236,False
2068,1210469615676437,A0058638515,L2,L2-SF,,-,N,,,45,,Available,05 year(s) 02 month(s) 21 day(s),Foster Foster Home,,,,,,,,,,,,,,,,,,,,False,1210469613783840,False
2069,1210469685608014,A0058637692,L1,L1,,-,S,,,36,,Available,03 year(s) 02 month(s) 20 day(s),Foster Foster Home,,,,,,,,,,,,,,,,,,,,False,1210469615212724,False
2070,1210469819842219,A0058635759,L2,L2 - SF/BR,,+,F,,,64,,Available,04 year(s) 02 month(s) 21 day(s),Foster Foster Home,,,,,,,,,,,,,,,,,,,,False,1210469819664062,False
2071,1210469615193031,A0058636018,L1,L1,,-,N,,,60,,Available,01 year(s) 08 month(s) 11 day(s),Foster Foster Home,,,,,,,,,,,,,,,,,,,,False,1210469819664094,False
2072,1210458690766784,A0058619294,L2,L2-SF,,-,S,,,36,,Trial Adoption,00 year(s) 10 month(s) 22 day(s),Foster Trial Adoption,,,,,,,,,,,,,,,,,,,,False,1210458688568503,False
2073,1210447460727078,A0058620616,L1,L1,,-,S,,,51,,Available,01 year(s) 08 month(s) 22 day(s),Dogs 406 A7,,,,,,,,,,,,,,,,,,,,False,1210447460090958,False
2074,1210434303491200,A0058616717,L2,L2-A,,-,S,,,49,,Available,03 year(s) 02 month(s) 23 day(s),Foster Foster Home,,,,,,,,,,,,,,,,,,,,False,1210434600153888,False
2075,1210431149443202,A0058615060,L2,L2-SF,,-,F,,,48,,Available,02 year(s) 02 month(s) 25 day(s),Foster Foster Home,,,,,,,,,,,,,,,,,,,,False,1210431149356466,False
2076,1210431234595537,A0058613596,L2,L2-SD,,+,F,,,43,,Available,04 year(s) 00 month(s) 02 day(s),Foster Foster Home,,,,,,,,,,,,,,,,,,,,False,1210431234574907,False
2077,1210431149402320,A0058612311,L2,L2-SF,,-,M,,,51,,Available,03 year(s) 02 month(s) 24 day(s),Foster Foster Home,,,,,,,,,,,,,,,,,,,,False,1210431234493964,False
2078,1210428761968787,A0058607804,L1,L1 - EA,,-,N,,,43,,Available,01 year(s) 08 month(s) 24 day(s),Foster Foster Home,,,,,,,,,,,,,,,,,,,,False,1210428761501920,False
2079,1210418608880035,A0058602321,L1,L1,,-,S,,,41,,Available,10 year(s) 02 month(s) 27 day(s),Foster Foster Home,,,,,,,,,,,,,,,,,,,,False,1210418605393408,False
2080,1210418679580225,A0058592959,L1,L1,,-,S,,,47,,Trial Adoption,03 year(s) 02 month(s) 27 day(s),Foster Trial Adoption,,,,,,,,,,,,,,,,,,,,False,1210418607733654,False
2081,1210408201632759,A0058589648,L2,L2 - OA/LR,,-,M,,,55,,Court,02 year(s) 02 month(s) 27 day(s),Dog ISO 153 A7,,,,,,,,,,,,,,,,,,,,False,1210408099889939,False
2082,1210408065308296,A0058588407,L1,L1,,-,N,,,38,,Available,03 year(s) 02 month(s) 27 day(s),Foster Foster Home,,,,,,,,,,,,,,,,,,,,False,1210408099719357,False
2083,1210408132539204,,,,,,,,,,,,,,,,,,,,,,,,,,,,,,,,,False,1210408063580922,False
2084,1210408099919484,,,,,,,,,,,,,,,,,,,,,,,,,,,,,,,,,False,1210408096634613,False
2085,1210408064736265,A0058578550,L1,L1,,-,F,,,21,,Court,00 year(s) 11 month(s) 29 day(s),Dog ISO 156 C7,,,,,,,,,,,,,,,,,,,,False,1210407997728744,False
2086,1210408200683503,A0058578335,L2,L2 - SF,,-,M,,,30,,Court,04 year(s) 02 month(s) 29 day(s),Dog ISO 155 B1,,,,,,,,,,,,,,,,,,,,False,1210407997259085,False
2087,1210408200703983,A0058578397,L1,L1,,-,F,,,17,,Court,00 year(s) 11 month(s) 29 day(s),Dog ISO 155 A4,,,,,,,,,,,,,,,,,,,,False,1210408097098154,False
2088,1210408200696988,A0058578454,L1,L1,,-,F,,,18,,Court,00 year(s) 11 month(s) 29 day(s),Dog ISO 156 C6,,,,,,,,,,,,,,,,,,,,False,1210408063456193,False
2089,1210408099707356,,,,,,,,,,,,,,,,,,,,,,,,,,,,,,,,,False,1210408062517375,False
2090,1210408099698567,A0058578487,L1,L1,,-,F,,,18,,Court,00 year(s) 11 month(s) 29 day(s),Dog ISO 155 A3,,,,,,,,,,,,,,,,,,,,False,1210408098908541,False
2091,1210408064366892,A0058578305,L1,L1,,-,M,,,24,,Court,03 year(s) 02 month(s) 29 day(s),Dog ISO 156 C8,,,,,,,,,,,,,,,,,,,,False,1210408058874220,False
2092,1210408064354105,A0058578208,L1,L1,,-,F,,,24,,Court,02 year(s) 02 month(s) 29 day(s),Dog ISO 155 B2,,,,,,,,,,,,,,,,,,,,False,1210408096428092,False
2093,1210408099488325,A0058578273,L1,L1,,-,F,,,22,,Court,02 year(s) 02 month(s) 29 day(s),Salon C2,,,,,,,,,,,,,,,,,,,,False,1210407997640505,False
2094,1210408099485909,A0058578173,L1,L1,,-,M,,,28,,Court,02 year(s) 02 month(s) 29 day(s),Dog ISO 156 C4,,,,,,,,,,,,,,,,,,,,False,1210408095232031,False
2095,1210408099417553,,,,,,,,,,,,,,,,,,,,,,,,,,,,,,,,,False,1210408063939142,False
2096,1210408200291645,A0058578124,L1,L1,,-,F,,,28,,Court,04 year(s) 02 month(s) 29 day(s),Dog ISO 155 B3,,,,,,,,,,,,,,,,,,,,False,1210408095843471,False
2097,1210408099272282,A0058577947,L1,L1,,-,F,,,19,,Court,06 year(s) 02 month(s) 29 day(s),Dog ISO 155 A2,,,,,,,,,,,,,,,,,,,,False,1210408098442858,False
2098,1210408064128492,A0058577981,L1,L1,,-,F,,,24,,Court,02 year(s) 02 month(s) 29 day(s),Dog ISO 156 C5,,,,,,,,,,,,,,,,,,,,False,1210407997467930,False
2099,1210408200281831,A0058578010,L2,L2 - OA,,-,M,,,29,,Court,04 year(s) 02 month(s) 29 day(s),Dog ISO 155 B1,,,,,,,,,,,,,,,,,,,,False,1210407998007606,False
2100,1210408099282752,A0058577922,L1,L1,,-,F,,,21,,Court,02 year(s) 02 month(s) 29 day(s),Dog ISO 155 A2,,,,,,,,,,,,,,,,,,,,False,1210408199901085,False
2101,1210408064039895,A0058577894,L1,L1,,-,F,,,26,,Court,01 year(s) 08 month(s) 29 day(s),Dog ISO 155 B2,,,,,,,,,,,,,,,,,,,,False,1210408097911466,False
2102,1210408063949151,,,,,,,,,,,,,,,,,,,,,,,,,,,,,,,,,False,1210407998002020,False
2103,1210408063950215,,,,,,,,,,,,,,,,,,,,,,,,,,,,,,,,,False,1210408095553179,False
2104,1210408099074064,A0058577807,L1,L1,,-,M,,,27,,Court,05 year(s) 02 month(s) 29 day(s),Dog ISO 156 C3,,,,,,,,,,,,,,,,,,,,False,1210408063230499,False
2105,1210408099080852,A0058577837,L1,L1,,-,S,,,23,,Court,03 year(s) 02 month(s) 28 day(s),Foster Foster Home,,,,,,,,,,,,,,,,,,,,False,1210408063756614,False
2106,1210384405777455,A0058575776,L2,L2-SF,,-,S,,,55,,Available,02 year(s) 02 month(s) 29 day(s),Foster Foster Home,,,,,,,,,,,,,,,,,,,,False,1210384555854679,False
2107,1210376573433356,A0058574390,L3,L3-SF,,-,N,,,50,,Available,02 year(s) 03 month(s) 00 day(s),Foster Foster Home,,,,,,,,,,,,,,,,,,,,False,1210376573170076,False
2108,1210373489363479,A0058532519,L1,L1,,-,N,,,56,,Available,02 year(s) 03 month(s) 00 day(s),Foster Foster Home,,,,,,,,,,,,,,,,,,,,False,1210373389496517,False
2109,1210371111353026,A0058560639,L1,L1,,+,N,,,37,,Available,02 year(s) 03 month(s) 02 day(s),Foster Foster Home,,,,,,,,,,,,,,,,,,,,False,1210371144538633,False
2110,1210359784949976,A0058548468,L1,L1,,-,S,,,32,,Available,03 year(s) 03 month(s) 03 day(s),Dogs 503 A6,,,,,,,,,,,,,,,,,,,,False,1210359691070510,False
2111,1210246758762111,A0058492824,L2,L2-SF,,-,S,,,48,,Trial Adoption,01 year(s) 09 month(s) 12 day(s),Foster Trial Adoption,,,,,,,,,,,,,,,,,,,,False,1210246754215120,False
2112,1210246644902552,A0058491085,L1,L1,,-,S,,,50,,Available,06 year(s) 03 month(s) 12 day(s),Foster Foster Home,,,,,,,,,,,,,,,,,,,,False,1210246758094452,False
2113,1210246644603955,,,,,,,,,,,,,,,,,,,,,,,,,,,,,,,,,False,1210246642145283,False
2114,1210246644588437,A0058479830,L1,L1,,-,S,,,53,,Available,03 year(s) 03 month(s) 10 day(s),Foster Foster Home,,,,,,,,,,,,,,,,,,,,False,1210246640737737,False
2115,1210233124784798,A0058483232,L2,L2-OA/JM,,-,S,,,51,,Available,03 year(s) 03 month(s) 12 day(s),Foster Foster Home,,,,,,,,,,,,,,,,,,,,False,1210232986356299,False
2116,1210203854979737,A0058463186,L2,L2-SF,,-,N,,,57,,Available,03 year(s) 03 month(s) 16 day(s),Foster Foster Home,,,,,,,,,,,,,,,,,,,,False,1210203704414457,False
2117,1210203854971991,A0058463089,L1,L1,,-,N,,,53,,Trial Adoption,01 year(s) 03 month(s) 16 day(s),Foster Trial Adoption,,,,,,,,,,,,,,,,,,,,False,1210203704517958,False
2118,1210203704199085,A0058450905,L1,L1,,+,S,,,40,,Available,03 year(s) 03 month(s) 18 day(s),Foster Foster Home,,,,,,,,,,,,,,,,,,,,False,1210203852521488,False
2119,1208327768761837,A0056890782,L2,L2-H/SF,,-,F,,,44,,Court,04 year(s) 11 month(s) 07 day(s),Dog ISO 153 A3,,,,,,,,,,,,,,,,,,,,False,1208327769975042,False
2120,1210181856169382,A0058435739,L1,L1,,-,N,,,42,,Available,01 year(s) 03 month(s) 19 day(s),Foster Foster Home,,,,,,,,,,,,,,,,,,,,False,1210181648110579,False
2121,1210167864786994,,,,,,,,,,,,,,,,,,,,,,,,,,,,,,,,,False,1210167991472325,False
2122,1210151453841226,A0058373394,L3,L3-SF,,-,N,,,31,,Available,02 year(s) 04 month(s) 00 day(s),Foster Foster Home,,,,,,,,,,,,,,,,,,,,False,1210151507664788,False
2123,1210151410250633,A0058416589,L2,L2-SF,,-,N,,,57,,Available,04 year(s) 03 month(s) 23 day(s),Foster Foster Home,,,,,,,,,,,,,,,,,,,,False,1210151409644062,False
2124,1208290428867191,A0056868984,L2,L2-OA/JM/BR,,-,N,,,58,,Available,04 year(s) 11 month(s) 12 day(s),Foster Foster Home,,,,,,,,,,,,,,,,,,,,False,1208290085780648,False
2125,1210140019977518,A0058412684,L2,L2-SF,,+,S,,,54,,Available,02 year(s) 03 month(s) 23 day(s),Foster Foster Home,,,,,,,,,,,,,,,,,,,,False,1210139919650064,False
2126,1210140136335904,A0053616371,STAFF ONLY,STAFF ONLY,,+,S,,,61,,Pending Behavior Assessment,05 year(s) 09 month(s) 10 day(s),Dogs 201 6,,,,,,,,,,,,,,,,,,,,False,1210139999037102,True
2127,1208279961154432,A0056853475,L1,L1,,-,S,,,53,,Available,03 year(s) 11 month(s) 14 day(s),Foster Foster Home,,,,,,,,,,,,,,,,,,,,False,1208279960450710,False
2128,1210131563587362,A0053596658,L1,L1-A857655,,+,N,,,47,,Available,07 year(s) 02 month(s) 00 day(s),Foster Foster Home,,,,,,,,,,,,,,,,,,,,False,1210131649526777,False
2129,1210120259092623,A0058398208,L2,L2-SF/BR,,-,S,,,50,,Available,01 year(s) 03 month(s) 26 day(s),Foster Foster Home,,,,,,,,,,,,,,,,,,,,False,1210120238823351,False
2130,1210105951699372,A0058385779,L1,L1,,-,N,,,35,,Available,01 year(s) 03 month(s) 28 day(s),Foster Foster Home,,,,,,,,,,,,,,,,,,,,False,1210105948332293,False
2131,1208250857531982,A0056689698,L2,L2-SF,,-,S,,,44,,Available,05 year(s) 11 month(s) 20 day(s),Foster Foster Home,,,,,,,,,,,,,,,,,,,,False,1208250971087119,False
2132,1207884118585166,A0056417577,L1,L1,,-,S,,,52,,Available,04 year(s) 01 month(s) 02 day(s),Foster Foster Home,,,,,,,,,,,,,,,,,,,,False,1207884152777342,False
2133,1210090252716787,A0058381553,L1,L1,,+,S,,,58,,Trial Adoption,04 year(s) 03 month(s) 29 day(s),Foster Trial Adoption,,,,,,,,,,,,,,,,,,,,False,1210090151533960,True
2134,1210087128564392,A0058371891,L1,L1,,-,N,,,41,,Available,02 year(s) 03 month(s) 24 day(s),Foster Foster Home,,,,,,,,,,,,,,,,,,,,False,1210087126777352,False
2135,1210077675244196,A0058364488,L1,L1,,-,N,,,68,,Available,03 year(s) 04 month(s) 01 day(s),Foster Foster Home,,,,,,,,,,,,,,,,,,,,False,1210077651451709,False
2136,1210064333175803,A0058334939,STAFF ONLY,STAFF ONLY,,-,F,,,46,,Court,03 year(s) 04 month(s) 02 day(s),Dog ISO 153 A1,,,,,,,,,,,,,,,,,,,,False,1210064332416269,False
2137,1210064191488008,A0058360897,L2,L2-SF,,-,S,,,51,,Available,02 year(s) 04 month(s) 01 day(s),Foster Foster Home,,,,,,,,,,,,,,,,,,,,False,1210064014588841,False
2138,1210056990490574,A0058349231,L2,L2-A,,+,N,,,56,,Trial Adoption,03 year(s) 04 month(s) 02 day(s),Foster Trial Adoption,,,,,,,,,,,,,,,,,,,,False,1210056982667290,False
2139,1210041043325201,A0058345198,L1,L1,,-,S,,,38,,Available,03 year(s) 04 month(s) 03 day(s),Foster Foster Home,,,,,,,,,,,,,,,,,,,,False,1210041267251155,False
2140,1210032488897588,A0058340859,L1,L1-MG,,-,F,,,55,,Available,03 year(s) 04 month(s) 04 day(s),Foster Foster Home,,,,,,,,,,,,,,,,,,,,False,1210032486063365,False
2141,1210029667872735,A0058338338,L1,L1,,-,S,,,48,,Available,03 year(s) 04 month(s) 05 day(s),Foster Foster Home,,,,,,,,,,,,,,,,,,,,False,1210029935635719,False
2142,1209649391095922,A0057999103,L1,L1,,-,S,,,52,,Available,04 year(s) 05 month(s) 13 day(s),Foster Foster Home,,,,,,,,,,,,,,,,,,,,False,1209649514199590,False
2143,1209649647308009,A0057985936,L2,L2-BR,,-,S,,,46,,Available,02 year(s) 05 month(s) 14 day(s),Foster Foster Home,,,,,,,,,,,,,,,,,,,,False,1209649513598545,False
2144,1209620457029486,A0057973869,L1,L1,,-,N,,,60,,Available,05 year(s) 05 month(s) 18 day(s),Foster Foster Home,,,,,,,,,,,,,,,,,,,,False,1209620553484041,False
2145,1207793537457785,A0056337146,L1,L1,,+,N,,,67,,Available,03 year(s) 01 month(s) 12 day(s),Foster Foster Home,,,,,,,,,,,,,,,,,,,,False,1207793478405715,True
2146,1209356712086253,A0057809416,L1,L1,,+,S,,,53,,Available,12 year(s) 06 month(s) 18 day(s),Foster Foster Home,,,,,,,,,,,,,,,,,,,,False,1209356661635151,False
2147,1207773488276072,,,,,,,,,,,,,,,,,,,,,,,,,,,,,,,,,False,1207773536468504,False
2148,1207753031976544,A0056311122,L1,L1,,-,M,,,54,,Court,04 year(s) 01 month(s) 16 day(s),Dog ISO 153 B7,,,,,,,,,,,,,,,,,,,,False,1207752894958005,False
2149,1207752938110862,A0056311149,L2,L2-OA,,-,M,,,57,,Court,05 year(s) 01 month(s) 15 day(s),Dogs 201 4,,,,,,,,,,,,,,,,,,,,False,1207752937814325,False
2150,1207753032000020,A0056311146,STAFF ONLY,STAFF ONLY,,-,M,,,50,,Court,02 year(s) 07 month(s) 16 day(s),Dogs 203 4,,,,,,,,,,,,,,,,,,,,False,1207752982550260,False
2151,1207752938074664,A0056311153,L1,L1,,-,M,,,34,,Court,01 year(s) 07 month(s) 15 day(s),Dog ISO 153 A6,,,,,,,,,,,,,,,,,,,,False,1207752896303737,False
2152,1207752982734929,A0056311140,L2,L2-BR/OA,,-,F,,,49,,Court,05 year(s) 01 month(s) 19 day(s),Dog ISO 153 A5,,,,,,,,,,,,,,,,,,,,False,1207752936374646,False
2153,1207752981511950,A0056311133,L3,L3-OA,,-,M,,,33,,Court,01 year(s) 09 month(s) 15 day(s),Dogs 201 3,,,,,,,,,,,,,,,,,,,,False,1207752936367562,False
2154,1207752981813355,A0056311137,L1,L1,,-,F,,,67,,Court,08 year(s) 01 month(s) 15 day(s),Foster Foster Home,,,,,,,,,,,,,,,,,,,,False,1207752936367626,False
2155,1207752936345859,A0056311130,L1,L1,,-,F,,,63,,Court,05 year(s) 01 month(s) 15 day(s),Dog ISO 153 A4,,,,,,,,,,,,,,,,,,,,False,1207752935358036,False
2156,1207752894710014,A0056311125,L2,L2 - SD/OA,,-,F,,,57,,Court,04 year(s) 01 month(s) 15 day(s),Dogs 203 9,,,,,,,,,,,,,,,,,,,,False,1207752935343317,False
2157,1208118502844955,A0056598333,L1,L1,,-,N,,,40,,Available,03 year(s) 00 month(s) 04 day(s),Foster Foster Home,,,,,,,,,,,,,,,,,,,,False,1208118503594196,False
2158,1208526293679703,A0057051256,L1,L1,,-,S,,,54,,Available,01 year(s) 09 month(s) 17 day(s),Foster Foster Home,,,,,,,,,,,,,,,,,,,,False,1208526217014165,False
2159,1207838406365131,A0056378001,L1,L1,,-,S,,,43,,Available,10 year(s) 00 month(s) 10 day(s),Foster Foster Home,,,,,,,,,,,,,,,,,,,,False,1207838466278475,False
2160,1207596903000057,A0056144644,L1,L1,,-,F,,,38,,Available,02 year(s) 00 month(s) 22 day(s),Dogs 081 A1,,,,,,,,,,,,,,,,,,,,False,1207596868097214,False
2161,1208165350852292,A0056647661,L1,L1,,-,N,,,55,,Available,03 year(s) 11 month(s) 28 day(s),Foster Foster Home,,,,,,,,,,,,,,,,,,,,False,1208164975919439,False
2162,1208140758919330,A0056629500,L2,L2-SF,,-,S,,,42,,Available,04 year(s) 00 month(s) 01 day(s),Foster Foster Home,,,,,,,,,,,,,,,,,,,,False,1208140761246278,False
2163,1207461737224003,A0056039115,STAFF ONLY,STAFF ONLY,,-,M,,,0,,Court,03 year(s) 08 month(s) 29 day(s),Dogs 202 6,,,,,,,,,,,,,,,,,,,,False,1207461737201281,False
2164,1207450809636066,,,,,,,,,,,,,,,,,,,,,,,,,,,,,,,,,False,1207450857707034,False
2165,1207352707744973,A0055941918,L1,L1,,-,S,,,37,,Available,04 year(s) 03 month(s) 07 day(s),Foster Foster Home,,,,,,,,,,,,,,,,,,,,False,1207352707550568,False
2166,1208062914201673,A0056545695,L1,L1,,-,S,,,71,,Available,07 year(s) 00 month(s) 12 day(s),Foster Foster Home,,,,,,,,,,,,,,,,,,,,False,1208062847000129,False
2167,1207327961833625,A0055923266,L1,L1,,+,S,,,47,,Available,04 year(s) 03 month(s) 10 day(s),Foster Foster Home,,,,,,,,,,,,,,,,,,,,False,1207328193275184,False
2168,1207059119579775,A0055697364,L1,L1,,-,S,,,61,,Available,01 year(s) 04 month(s) 24 day(s),Foster Foster Home,,,,,,,,,,,,,,,,,,,,False,1207059112163514,False
2169,1207058791877273,A0055697269,L1,L1,,-,S,,,44,,Available,03 year(s) 05 month(s) 07 day(s),Foster Foster Home,,,,,,,,,,,,,,,,,,,,False,1207058787633762,False
2170,1207003408618978,A0055649438,L3,L3-SD/BR,,-,N,,,55,,Available,04 year(s) 04 month(s) 21 day(s),Foster Foster Home,,,,,,,,,,,,,,,,,,,,False,1207003441831005,False
2171,1206468266630032,A0055170623,L2,L2 - BR,,-,S,,,24,,Available,05 year(s) 06 month(s) 29 day(s),Foster Foster Home,,,,,,,,,,,,,,,,,,,,False,1206468408858929,False
2172,1206313456597255,,,,,,,,,,,,,,,,,,,,,,,,,,,,,,,,,False,1206313227995843,False
2173,1205931038479014,A0054759790,L2,L2-SF,,-,S,,,48,,Available,02 year(s) 09 month(s) 15 day(s),Foster Foster Home,,,,,,,,,,,,,,,,,,,,False,1205931037637234,False
2174,1205795309418648,A0054649638,L1,L1,,-,S,,,48,,Available,04 year(s) 10 month(s) 01 day(s),Foster Foster Home,,,,,,,,,,,,,,,,,,,,False,1205795307921135,False
2175,1205458413757427,,,,,,,,,,,,,,,,,,,,,,,,,,,,,,,,,False,1205458316884146,False
2176,1203812684562999,A0053615371,L1,L1    A877663,,-,S,,,64,Bite Quarantine,Pending Behavior Assessment,08 year(s) 09 month(s) 23 day(s),Foster Foster Home,,,,,,,,,,,,,,,,,,,,False,1201684030098748,False
