,AnimalNumber,AnimalType,AnimalName,Age,ColorAndBreed,Stage,Location,DateOfBirth,Sex,AnimalWeight,NumberOfPictures,IntakeDateTime,ARN,MicrochipNumber,PlayStyle,Result,ExpirationDate,FosterReason,ShortURL,HoldReason,DogTest,PlayGroup,Behavior,HomeNotes,IntakeDate,Level
0,A0053293515,Dog,HERCULES,11 year(s) 03 month(s) 25 day(s)," Grey Terrier, Pit Bull / Mix",Court,Dogs 203 6,12/8/2014,M,85,3,10/24/2024 06:33 PM,L1,,,High Positive,2/11/2026,,https://bit.ly/adopt_Hercules,Court Mandate,,,"10/25/2024 easily handled

2/21/2025 Older, low energy, treat motivated, solicits for attention, loves his Kuranda bed",,10/24/2024,L1
1,A0053300757,Dog,XANDER,10 year(s) 01 month(s) 10 day(s)," Grey / White Terrier, American Pit Bull / Mix",Available,Foster Foster Home,2/23/2016,N,63,3,3/25/2025 12:54 PM,L1 A486212,985112007713589,Tag,Negative,3/28/2025,Lack of Space,https://bit.ly/AdoptXander,,8/12/2025 Very excited in the catchpin. Came in with lots of play bows and a wagging tail. Very tolerant. Rockstar.,,"3/28/2024 Calm in his kennel. Super sweet and easily handled during his intake exam.

3/26/2025 easily handled in the kennel and during the intake exam ","3/27/2024 53300757- XANDERAdoption Return (This pet was adopted from this shelter.)How long have you had this dog? 7 yearsIf this dog is heartworm positive, did you start heartworm treatment? NoDoes this dog take any medication or have any known medical issues, injuries, or allergies? If yes, please explain. Muscle pull on left side of thighWhy are you bringing this dog back to the shelter? My apartment complex give me until the end of the month to remove him or they won't resign my leasePlease explain in your own words, why you need to return this dog. The apartment complex told me I had to remove himWhile in your care, did this dog live with children? NoIf this dog lived with or interacted frequently with children, how old were the children? 13 and upHow would you describe this dog's behavior towards the children? Jumps On Them, Too much for them in play (knocks them down, etc)If this dog didn't live with children, how often did this dog interact with children? RarelyWhat does this dog do if a child is crying or screaming? Nothing !What does this dog do if a child runs towards them? Never had a child run towards him it was older children an then he plays a lotWhat does this dog do if a child tries to hug them? He never been around small childrenWhat does this dog do if a child touches/pets them? It's hard to answer that cause he was always with older childrenWhat does this dog do if they see a child on a bike? Nothing but look at youWhat does this dog do if they see a child running? He might run behind them because he likes to play a lotWhat does this dog do if someone picks up a child? NothingIf this dog has had issues with children that include behavior such as growling, snapping, or showing teeth, please describe the circumstance, tell us how often and give as much detail as possible. Never seen that at allWhat other animals did this dog live with in your home? No other animalsIf other animals lived in the home, how well did this dog get along with them? He would be to active an won't sit still cause it play time with him alwaysIf this dog met or played with other dogs please describe their body language: Wiggly, Excited, Jumpy, Ready to playHas this dog ever fought with another dog? If yes, please describe the incident. Yes because they be trying to hump himHas this dog ever injured another dog? If yes, please describe the incident. NoHow does this dog react when they see an outside cat? Don't like cats at allHow does this dog react when they see a small animal like a squirrel? Just look at itHas this dog ever killed a prey animal? (mouse, bird, rabbit, etc) If yes, please describe the incident. NoHas this dog ever injured or killed another pet? If yes, please describe the incident. NoHow does this dog react when they see another dog outside? He really like to play alot he's an inside dogIs this dog's behavior different on or off leash when they see a dog outside? No when I have him outside he really would lay there at his spotWhere did this dog spend most of their time? InsideHow long did this dog spend outside each day? About an hour then he be barking to be let in or he would scracth at the door to come inDo you have a fenced yard? NoIf you do not have a fenced yard, do you: Well where i use to live he be laying on the grass watching ppl go byHow did you exercise this dog? Take him to dog park or walk himHow often did you exercise this dog? DailyHow often did you take this dog for leash walks? More than once a dayWhat kind of collar did you use for this dog? Body harnessHow was this dog on a leash? Great on a leash, Some pulling, but manageable, Gets excited when they see other dogsHave you ever taken this dog to a training class? NoHave you trained this dog yourself? NoWhat kind of training tools have you tried with this dog? Treats, PraiseWhat commands does this dog know? Sit, Down, Stay, ComeWhich behaviors does this dog need improvement on? Jumping, Digging, Barking, Whining, BeggingWhich games does this dog like? Tug, Chase, WrestlingWhat type of toys does this dog like? Plush, Bones/Nylabones/Chews, Did not like toysWhen the dog played did they typically... Jump, Bark, Bite lightlyHow long each day was this dog left alone inside your home? 4 to 6 hrsWhen left inside your home alone, was this dog... Able to roam freeWhen this dog was left alone did they show any of the following behaviors? CriedIs this dog crate trained? NoHow many hours did this dog stay crated? My dog doesn't regularly stay in a crateHow often did this dog have potty accidents in the house? NeverHow often did this dog destroy things? NeverIf this dog destroys things, is it only when left alone? NoWhat items did this dog destroy? He doesn't do that he just lay in his until I get home sometime he won't touch his foodWhat does this dog do when someone knocks at the door? BarksWhat does this dog do when a stranger/visitor comes into the house? He'll bark at you then he like to jump on you an lick youWhat does this dog do when a visitor tries to pet them? He be ready to playWhat does this dog do when a stranger approaches you on a walk? He be ready to jump on you an playWhat does this dog do when a stranger tries to pet them while on a leash with you? He like to try an lick youWhat does this dog do when a stranger walks past the car with them inside? He barks sometimesWhat does this dog do when unfamiliar people walk by while they are in the yard? He doesn't do anything because I always had in the front yard with no fence an he just lay there looking at you then he'll rest his face back down on the grassWhat does this dog do when you or someone else goes near the food bowl while they are eating? Nothing at allWhat does this dog do when someone tries to take away toys, bones, food, or anything the dog decides is valuable? Nothing,but he's going to hold on his boneWhat does this dog do when someone tells them to get off of furniture? He doesn't get on any type of furnitureWhat does this dog do when someone tries to give them a hug? HE START TO WAG HIS TAILWhat does this dog do when someone reprimands them? What that meansWhat is this dog's best quality? He loves attention an plays to muchWhat is this dog's worst quality? Loud noise he starts to cry an rain scare himCheck all that apply to this dog's personality: Friendly, Goofy, Playful, AffectionateIn your own words, describe this dog's personality. He likes to roll up in his covers alot he very greedy and loves to play an go outsideAll dogs are afraid of something. What is this dog afraid of? How do they react? Fireworks,shotgun noise Thunder rain Zeus will star shaking real bad then he likes to get up under you for comfortAll dogs have sensitive places. Where is this dog sensitive about being touched? Describe their reaction. His foot he'll move itAll dogs become annoyed or irritated at times. What annoys this dog? Describe their reaction. Not paying attention to him then he looks at you and start barking for you to play with himHave you seen them act aggressively toward anyone? NoPlease tell us anything else you would like us to know about this dog. He doesn't like being hit it scare him,he should never be whip cause I never did since I had him at 14 monthsWould you like to be notified if this animal is ever at risk for euthanasia? Yes

3/28/2025 XANDER (formerly “Zeus”) – Adoption Return 3/25Does this dog take any medication or have any known medical issues, injuries, or allergies? If yes, please explain noHow long have you had this dog? 8yrsWhat is the main reason you are bringing this dog back to the shelter? moving to a senoir residencePlease explain in your own words, why you need to return this dog today Park trace senior citizens do no accept these dogs at all periodWhile in your care, did this dog live with children? NoIf this dog lived with or interacted with children, how old were the children? NoneAre there any details about this dog interacting with children that you would like to share? noneIf this dog has had issues with children that include behavior such as growling, snapping, or showing teeth, please describe the circumstance, tell us how often and give as much detail as possible never snapped at them but growlsWhat other animals did this dog live with in your home? No other animalsIf other animals lived in the home, how well did this dog get along with them? noneIf this dog met or played with other dogs please describe their body language: Excited, JumpyHas this dog ever fought with another dog? If yes, please describe the incident yes if they try to hump himHow does this dog react when they see a prey animal (squirrel, mouse, bird) or cat outside? chases catsHas this dog ever killed a prey animal or pet? If yes, please describe the incident NaWhere did this dog spend most of their time? InsideDo you have a fenced yard? NoIf you do not have a fenced yard, do you: Walk the dog on a leashHow did you exercise this dog? walking a lotHow often did you exercise this dog? DailyWhat kind of collar did you use for this dog? Body harnessHow was this dog on a leash? Great on a leash, Some pulling, but manageable, Gets excited when they see other dogsHave you ever taken this dog to a training class? NoWhat commands does this dog know? sit and stayWhich behaviors does this dog need improvement on? being stubbornWhen the dog played did they typically Jump, Bite lightlyHow long each day was this dog left alone inside your home? two to three hrsWhen left inside your home alone, was this dog Able to roam freeWhen this dog was left alone did they show any of the following behaviors? None of theseIs this dog crate trained? We never made this dog stay in a crate.How often did this dog have potty accidents in the house? NeverHow often did this dog destroy things other than toys? NeverIf this dog destroys things, is it only when left alone? NoWhat items did this dog destroy? water bottlesWhat does this dog do when a stranger/visitor comes into the house? barks then sniff an start to wag it tailWhat does this dog do when a stranger tries to pet them? get excited an then barksWhat does this dog do when you or someone else goes near the food bowl while they are eating? nothing at allWhat does this dog do when someone tries to take away toys, bones, food, or anything the dog decides is valuable? nothing at allWhat does this dog do when someone tells them to get off of furniture? he don't get on any furnitureWhat is this dog's best quality? being playfulWhat is this dog's worst quality? when he cannot get something that he wants then he barks at youCheck all that apply to this dog's personality: Friendly, Independent, Goofy, Fearful, Playful, AffectionateIn your own words, describe this dog's personality his personality is somewhat spoil an he can get a little bit aggressive if it look like to him if your trying to hurt the ownerWhat is this dog afraid of? How do they react? loud sound ,fire works,gun shots,or you screaming at him,he will shut down or starts winningAll dogs have sensitive places the stomach, he gets real excited then he wants to play or stay on his back for a good while until he ready to be finished with the rubbingHave you seen them act aggressively toward anyone? NoPlease tell us anything you would like us to know about this dog to help us find it an adoptive home he don't like being out side for a long time ,he's a house dogWould you like to be notified if this animal is ever at risk for euthanasia? YesIf the animal is still here in 30 days, would you like us to check in with you? No

6/10/2025 Timestamp 2025-06-10 16:10:32Dog's name: XanderAnimal ID #: 0Does this dog take any medication or have any known medical issues, injuries, or allergies? If yes, please explain NoHow long have you had this dog? 3 monthsThis dog is a Foster (I had this pet as a foster for more than 3 nights.)What is the main reason you are returning this pet to the shelter? VacationWhile in your care, did this dog live with children? The dog did not interact with children while with me.If this dog has had issues with children that include behavior such as growling, snapping, or showing teeth, please describe the circumstance, tell us how often and give as much detail as possible N/aWhat other animals did this dog live with in your home? No other animalsIf other animals lived in the home, how well did this dog get along with them? Got along with large dog. Did not get along with catsIf this dog met or played with other dogs please describe their body language: Excited, JumpyHas this dog ever fought with another dog? If yes, please describe the incident NoHas this dog ever injured another dog? If yes, please describe the incident NoHow does this dog react when they see a prey animal (squirrel, mouse, bird) or cat outside? Very excited to see the cat. Would not trust with catsHas this dog ever killed a prey animal or pet? If yes, please describe the incident NoIs there any other information you would like to share about this dog interacting with other animals? NoWhere did this dog spend most of their time? InsideDo you have a fenced yard? YesHow did you exercise this dog? WalksHow often did you exercise this dog? 3-4 days a weekWhat kind of collar did you use for this dog? Body harnessHow was this dog on a leash? Some pulling, but manageable, Gets excited when they see other dogsHave you ever taken this dog to a training class? NoWhat commands does this dog know? NoneWhich behaviors does this dog need improvement on? PullingWhen the dog played did they typically Jump, Bark, Bite lightlyHow long each day was this dog left alone inside your home? 6 hoursWhen left inside your home alone, was this dog Confined to a roomWhen this dog was left alone did they show any of the following behaviors? Urinated/defecatedIs this dog crate trained? We never made this dog stay in a crate.How often did this dog have potty accidents in the house? Rarely, Urinates onlyHow often did this dog destroy things other than toys? NeverIf this dog destroys things, is it only when left alone? NoWhat does this dog do when a stranger/visitor comes into the house? Is very guardy of the house. Pulls on leash, growls, bitesWhat does this dog do when a stranger tries to pet them? Out in public he does wellWhat does this dog do when you or someone else goes near the food bowl while they are eating? N/aWhat does this dog do when someone tries to take away toys, bones, food, or anything the dog decides is valuable? FineWhat does this dog do when someone tells them to get off of furniture? N/aWhat is this dog's best quality? His lazinessWhat is this dog's worst quality? His house guardingCheck all that apply to this dog's personality: Friendly, Independent, Polite, Playful, AffectionateIn your own words, describe this dog's personality He’s a very lazy loving dog who loves to lay around all day and sometimes go on a walk.What is this dog afraid of? How do they react? People at their house. AggressiveAll dogs have sensitive places N/aHave you seen them act aggressively toward anyone? YesHave you seen this dog snarl (show teeth) at someone? When? How often? Please explain Yes twice, when people came overHas this dog growled at you or someone else? When? How often? Please explain Yes twice, when people came overHas this dog snapped at you or someone else? When? How often? Please explain Yes at a guest, when people came overHas this dog ever bitten or nipped anyone while living with you? YesHas this dog bitten/nipped more than once? NoWhen was the last time this dog bit and broke skin on you or someone else? Please explain He broke the skin on a guest when they came to the houseWho was nipped/bitten? GuestWhere on the body were they nipped/bitten? ArmWas the person nipped or bitten more than once? NoWhat happened just before the dog nipped/bit? They were introduced, he was on a leashDid the dog's teeth make contact with the person's skin? YesDid the nip/bite leave a mark on the skin? YesDid the nip/bite break skin? YesWas it a puncture or a scratch to the skin? ScratchDid the wound bleed? NoDid the person need medical attention? NoPlease tell us anything you would like us to know about this dog to help us find it an adoptive home He would be good in a home with no kids or cats. He would need work with a trainer before guests came over. Other than that he is a perfect boyWould you like to be notified if this animal is ever at risk for euthanasia? YesIf the animal is still here in 30 days, would you like us to check in with you? Yes

6/13/2025 XANDER – Foster Return Does this dog take any medication or have any known medical issues, injuries, or allergies? If yes, please explain NoHow long have you had this dog? 3 monthsThis dog is a Foster (I had this pet as a foster for more than 3 nights.)What is the main reason you are returning this pet to the shelter? VacationWhile in your care, did this dog live with children? The dog did not interact with children while with me.What other animals did this dog live with in your home? No other animalsIf other animals lived in the home, how well did this dog get along with them? Got along with large dog. Did not get along with catsIf this dog met or played with other dogs please describe their body language: Excited, JumpyHas this dog ever fought with another dog? If yes, please describe the incident NoHas this dog ever injured another dog? If yes, please describe the incident NoHow does this dog react when they see a prey animal (squirrel, mouse, bird) or cat outside? Very excited to see the cat. Would not trust with catsHas this dog ever killed a prey animal or pet? If yes, please describe the incident NoIs there any other information you would like to share about this dog interacting with other animals? NoWhere did this dog spend most of their time? InsideDo you have a fenced yard? YesHow did you exercise this dog? WalksHow often did you exercise this dog? 3-4 days a weekWhat kind of collar did you use for this dog? Body harnessHow was this dog on a leash? Some pulling, but manageable, Gets excited when they see other dogsHave you ever taken this dog to a training class? NoWhat commands does this dog know? NoneWhich behaviors does this dog need improvement on? PullingWhen the dog played did they typically Jump, Bark, Bite lightlyHow long each day was this dog left alone inside your home? 6 hoursWhen left inside your home alone, was this dog Confined to a roomWhen this dog was left alone did they show any of the following behaviors? Urinated/defecatedIs this dog crate trained? We never made this dog stay in a crate.How often did this dog have potty accidents in the house? Rarely, Urinates onlyHow often did this dog destroy things other than toys? NeverIf this dog destroys things, is it only when left alone? NoWhat does this dog do when a stranger/visitor comes into the house? Is very guardy of the house. Pulls on leash, growls, bitesWhat does this dog do when a stranger tries to pet them? Out in public he does wellWhat does this dog do when you or someone else goes near the food bowl while they are eating? N/aWhat does this dog do when someone tries to take away toys, bones, food, or anything the dog decides is valuable? FineWhat does this dog do when someone tells them to get off of furniture? N/aWhat is this dog's best quality? His lazinessWhat is this dog's worst quality? His house guardingCheck all that apply to this dog's personality: Friendly, Independent, Polite, Playful, AffectionateIn your own words, describe this dog's personality He’s a very lazy loving dog who loves to lay around all day and sometimes go on a walk.What is this dog afraid of? How do they react? People at their house. AggressiveHave you seen them act aggressively toward anyone? YesHave you seen this dog snarl (show teeth) at someone? When? How often? Please explain Yes twice, when people came overHas this dog growled at you or someone else? When? How often? Please explain Yes twice, when people came overHas this dog snapped at you or someone else? When? How often? Please explain Yes at a guest, when people came overHas this dog ever bitten or nipped anyone while living with you? YesHas this dog bitten/nipped more than once? NoWhen was the last time this dog bit and broke skin on you or someone else? Please explain He broke the skin on a guest when they came to the houseWho was nipped/bitten? GuestWhere on the body were they nipped/bitten? ArmWas the person nipped or bitten more than once? NoWhat happened just before the dog nipped/bit? They were introduced, he was on a leashDid the dog's teeth make contact with the person's skin? YesDid the nip/bite leave a mark on the skin? YesDid the nip/bite break skin? YesWas it a puncture or a scratch to the skin? ScratchDid the wound bleed? NoDid the person need medical attention? NoPlease tell us anything you would like us to know about this dog to help us find it an adoptive home He would be good in a home with no kids or cats. He would need work with a trainer before guests came over. Other than that he is a perfect boyWould you like to be notified if this animal is ever at risk for euthanasia? YesIf the animal is still here in 30 days, would you like us to check in with you? Yes

8/4/2025 Timestamp 2025-08-04 18:36:06Dog's name: XanderAnimal ID #: 5330727Does this dog take any medication or have any known medical issues, injuries, or allergies? If yes, please explain NoHow long have you had this dog? A weekThis dog is a Trial Adoption (I was fostering to see if I wanted to adopt.)Why are you bringing this dog back to the shelter today? Cannot wall on wooden floors and the whole house is wooden floors.Please explain in your own words, why you need to return this dog He refuses to walk on the wooden floor. Ive tried everything. Its causing him stress and anxiety having to move him bc he gets scared.While in your care, did this dog live with children? NoWhat other animals did this dog live with in your home? Small dog(s)If other animals lived in the home, how well did this dog get along with them? Great, friendly and playful, but not overwhelming.If this dog met or played with other dogs please describe their body language: Excited, UninterestedHas this dog ever killed a prey animal or pet? If yes, please describe the incident N\AWhere did this dog spend most of their time? InsideDo you have a fenced yard? NoIf you do not have a fenced yard, do you: Wejt outside with him, no leashHow did you exercise this dog? WalkedHow often did you exercise this dog? DailyWhat kind of collar did you use for this dog? Buckle collarHow was this dog on a leash? Great on a leashHave you ever taken this dog to a training class? NoWhat commands does this dog know? Sit, go potty, go poop, go outside?, lay down, bedWhich behaviors does this dog need improvement on? Whining and talking too much lolWhen the dog played did they typically Bite lightly, TalksHow long each day was this dog left alone inside your home? 6 hoursWhen left inside your home alone, was this dog Able to roam freeWhen this dog was left alone did they show any of the following behaviors? None of theseIs this dog crate trained? We never made this dog stay in a crate.How often did this dog have potty accidents in the house? NeverHow often did this dog destroy things other than toys? NeverIf this dog destroys things, is it only when left alone? NoWhat does this dog do when a stranger/visitor comes into the house? He seemed excitedWhat does this dog do when a stranger tries to pet them? ExceptingWhat is this dog afraid of? How do they react? Wood floors! He acts like hes afraid of them. Does not like walking on them AT ALL! THE FLOOR IS LAVA!If the animal is still here in 30 days, would you like us to check in with you? Yes",3/25/2025,L1
2,A0053596658,Dog,MARTIN,07 year(s) 09 month(s) 08 day(s)," Grey Terrier, Pit Bull / Mix",Available,Foster Foster Home,6/25/2018,N,47,3,4/30/2025 12:55 PM,L1-A857655,985112010484541,Tag,Low Positive,5/2/2026,Lack of Space,https://bit.ly/Adopt-Martin,,"5/23/2025 loose body language at gate, offered kisses to dogs in the yard. offered appropriate corrections when interaction was above his energy threshold. concern of poss. possessive behavior with handlers? ",,5/1/2025 easily handled while in intake and during exam,"5/21/2025 Timestamp 2025-05-21 16:06:56Dog's name: MartinDoes this dog take any medication or have any known medical issues, injuries, or allergies? If yes, please explain. NaHow long have you had this dog? One dayThis dog is a... Trial Adoption (I was fostering to see if I wanted to adopt.)Why are you bringing this dog back to the shelter today? My other dog was scaredPlease explain in your own words, why you need to return this dog. My dog was so scared to have this new dog in our homeWhile in your care, did this dog live with children? YesIf this dog lived with or interacted with children, how old were the children? 10.0How would you describe this dog's behavior towards the children? Mostly FriendlyIf this dog has had issues with children that include behavior such as growling, snapping, or showing teeth, please describe the circumstance, tell us how often and give as much detail as possible. NaWhat other animals did this dog live with in your home? Small dog(s)If other animals lived in the home, how well did this dog get along with them? He loved the dogIf this dog met or played with other dogs please describe their body language: ExcitedHas this dog ever fought with another dog? If yes, please describe the incident. NoHas this dog ever injured another dog? If yes, please describe the incident. NoHow does this dog react when they see a prey animal (squirrel, mouse, bird) or cat outside? NaHas this dog ever killed a prey animal or pet? If yes, please describe the incident. NoWhere did this dog spend most of their time? InsideDo you have a fenced yard? NoIf you do not have a fenced yard, do you: Walk the dog on a leashHow did you exercise this dog? WalksHow often did you exercise this dog? DailyWhat kind of collar did you use for this dog? Buckle collarHow was this dog on a leash? Great on a leashHave you ever taken this dog to a training class? NoWhen the dog played did they typically... JumpHow long each day was this dog left alone inside your home? 8 hoursWhen left inside your home alone, was this dog... Confined to a roomWhen this dog was left alone did they show any of the following behaviors? Destroyed household itemsIs this dog crate trained? We never made this dog stay in a crate.How often did this dog have potty accidents in the house? NeverHow often did this dog destroy things other than toys? 1-2 times a weekIf this dog destroys things, is it only when left alone? YesWhat items did this dog destroy? PillowsWhat does this dog do when a stranger/visitor comes into the house? NothingWhat does this dog do when a stranger tries to pet them? NothingWhat does this dog do when you or someone else goes near the food bowl while they are eating? NothingWhat does this dog do when someone tries to take away toys, bones, food, or anything the dog decides is valuable? NothingWhat does this dog do when someone tells them to get off of furniture? NothingWhat is this dog's best quality? FriendlyWhat is this dog's worst quality? JumpingCheck all that apply to this dog's personality: Friendly, Goofy, Playful, AffectionateIn your own words, describe this dog's personality. Friendly and excitedWhat is this dog afraid of? How do they react? NaAll dogs have sensitive places. Where is this dog sensitive about being touched? Describe their reaction. StomachHave you seen them act aggressively toward anyone? NoWould you like to be notified if this animal is ever at risk for euthanasia? YesIf the animal is still here in 30 days, would you like us to check in with you? Yes",4/30/2025,L1
3,A0053600138,Dog,STARLET- ADOPTED,10 year(s) 01 month(s) 15 day(s)," Brown / White Terrier, Pit Bull / Mix",Trial Adoption,Foster Trial Adoption,2/18/2016,S,29,1,2/9/2026 12:30 PM,L1,982126055022099,,,,,,,,,,,2/9/2026,L1
4,A0053600299,Dog,CHROME,07 year(s) 09 month(s) 19 day(s)," Brown Terrier, American Pit Bull / Mix",Available,Foster Foster Home,6/14/2018,N,48,3,3/27/2025 01:37 PM,L1   A861769,982126055026199,Physical Play,Negative,3/31/2026,Lack of Space,https://bit.ly/AdoptChrome,,"6/18/2025 barrier reactive - needs to be kept away from fence when new dogs enter yard. did great with a variety of dogs/energy levels. greeted dogs w high tail, initiated play with plankton and then was the life of the party for the duration of his time outside. tolerant of dogs attempting to mount him, loved laying in the pool and was ok to share it with plankton. chocolate shake was brought out and was the only dog chrome had a hard time with - choc shake showed no interest in the other dogs and while she was hanging out by the fence alone, chrome jumped on her and began growling. was quickly removed so hard to determine trigger or if behavior was misinterpreted as offensive. ",,3/28/2025 easily handled while in intake and during exam,"6/1/2025 Timestamp 2025-06-01 15:19:32Dog's name: chromeDoes this dog take any medication or have any known medical issues, injuries, or allergies? If yes, please explain noHow long have you had this dog? 1 dayThis dog is a Dog For The Day (I picked this pet up earlier today for an outing.)What activities did you do with this dog today? walking in piedmont parkDid this dog have any interactions with the following? [Dogs ] No InteractionDid this dog have any interactions with the following? [Cats] No InteractionDid this dog have any interactions with the following? [Men ] Positive InteractionDid this dog have any interactions with the following? [Women ] Positive InteractionDid this dog have any interactions with the following? [Children ] No InteractionWhat was this dog's activity level? 3-High Energy, 4- Regular walking/running buddyHow cuddly was this dog today? 3-Play first, then snuggle!How did this dog do on a leash? Pulls very hard, Gets excited when they see other dogsDid this dog know any commands? None, UnsureWhat is this dog's best quality, in your opinion? friendly and alertWhat is this dog's worst quality, in your opinion? needs work with the leash (pulls) needs to get better with staying calm when other dogs are nearbySelect any of these apply to the dog's personality: Friendly, Independent, PlayfulDid this dog have an potty accidents? We were outside all day.Did you see this dog act aggressively toward anyone? NoPlease tell us anything you would like us to know about this dog to help us find it an adoptive home friendly dog, will be a great pet with an active lifestyleWould you like to be notified if this animal is ever at risk for euthanasia? YesIf the animal is still here in 30 days, would you like us to check in with you? No

7/11/2025 Timestamp 2025-07-11 14:40:36Dog's name: ChromeDoes this dog take any medication or have any known medical issues, injuries, or allergies? If yes, please explain noHow long have you had this dog? 3 hoursThis dog is a Dog For The Day (I picked this pet up earlier today for an outing.)What activities did you do with this dog today? Went to the park, had a pup cupDid this dog have any interactions with the following? [Dogs ] No InteractionDid this dog have any interactions with the following? [Cats] No InteractionDid this dog have any interactions with the following? [Men ] Positive InteractionDid this dog have any interactions with the following? [Women ] Positive InteractionDid this dog have any interactions with the following? [Children ] No InteractionWhat was this dog's activity level? 2-Medium Energy (Alternates rest and play)How cuddly was this dog today? 3-Play first, then snuggle!How did this dog do on a leash? Some pulling, but manageableDid this dog know any commands? Sit, Down, Stay, Come, Give Paw, OffWhat is this dog's best quality, in your opinion? he’s very well behaved and friendlyWhat is this dog's worst quality, in your opinion? nothingSelect any of these apply to the dog's personality: Friendly, Playful, Affectionate, Goofy, PoliteDid this dog have an potty accidents? NoDid you see this dog act aggressively toward anyone? NoPlease tell us anything you would like us to know about this dog to help us find it an adoptive home he definitely needs to be in a home with yard spaceWould you like to be notified if this animal is ever at risk for euthanasia? YesIf the animal is still here in 30 days, would you like us to check in with you? Yes",3/27/2025,L1
5,A0053603468,Dog,ZLATA,09 year(s) 11 month(s) 25 day(s)," Brown Terrier, American Pit Bull / Mix",Available,Foster Foster Home,4/8/2016,S,42,3,3/24/2024 03:39 PM,L2-LB,,,Negative,9/3/2025,Lack of Space,https://bit.ly/AdoptZlata,,,,"3/25/2024 no concerning behaviors in kenneleasily handled during intake

5/12/2024 Was biting at kennel staff member and leash when being taken out. 

5/24/2024 kennel tech De'Erica is reporting that she is trying to bite her. Leveling up to LB, will try to assess nature of behavior

8/13/2024 Jessica P went to leash Zlata and she immediately tried to leash bite, nearly grabbing her hand. Once in the yard, she grabbed a tennis ball and Jessica got on the ground with her and Zlata dropped the tennis ball in front of her. When Jessica picked up, Zlata jumped up and kept biting at her other hand that was not holding the ball. Minor hackle raising near her shoulders. Jessica threw the tennis ball and she stopped trying to bite and went after the ball. When bringing her back in, Zlata kept the ball in her mouth but continued to jump up and nip/mouth at her arms. Easily unleashed in kennel. From the incident description, it sounds like some JM/OA and toy enthusiasm. Reported to pathways for assessment. ",,3/24/2024,L2
7,A0053605629,Dog,COCO,08 year(s) 06 month(s) 23 day(s)," Chocolate Terrier, American Pit Bull / Mix",Priority,Dogs 403 A4,9/10/2017,S,50,3,1/22/2026 03:04 PM,L1-H,981020021274336,,,,,,,,,,,1/22/2026,L1
8,A0053610785,Dog,Striker,08 year(s) 05 month(s) 15 day(s)," White Bulldog, American / Mix",Microchip,Dogs 406 B6,10/18/2017,N,61,3,3/26/2026 02:02 PM,L1,982126058916951,,,,,,,,,,,3/26/2026,L1
9,A0053612126,Dog,PRINCESS,07 year(s) 09 month(s) 30 day(s)," Grey Terrier, American Pit Bull / Mix",Available,Foster Foster Home,6/3/2018,S,67,3,6/9/2025 05:34 PM,L1-A873957,982126058918920,No PlayGroup- Slow Intros,Negative,6/13/2026,Pet Sitting,https://bit.ly/Adopt_PRINCESS,,"nan

8/18/2025 Needs slow intros. She came into the yard with a little bit of interest in the other dogs with a low wagging tail, but had zero interest in playing. Just an older lady who likes to coexist but could potentially become more interested in dogs with socialization.",,6/10/2025 easily handled,"7/17/2025 Timestamp 2025-07-17 17:08:28Dog's name: PrincessAnimal ID #: A0053612126Does this dog take any medication or have any known medical issues, injuries, or allergies? If yes, please explain Torn CCL back left legHow long have you had this dog? About a month and a halfThis dog is a Lost Pet ( Found pet/Stray)When was the first time you saw this dog? Late MayHave you fed this dog? YesWould you consider this dog to be friendly? YesDo you know where this dog lives/who owns this dog? NoHave you seen them show aggressive behavior towards anyone? NoPlease tell us anything you would like us to know about this dog to help us find it an adoptive home She’s a little too excited about cats and doesn’t like when excited large dogs approach her but is fine with mild mannered dogs. She will communicate if she wants to be left alone but has never attacked another dogWould you like to be notified if this animal is ever at risk for euthanasia? YesIf the animal is still here in 30 days, would you like us to check in with you? Yes",6/9/2025,L1
10,A0053613954,Dog,QUEEN,06 year(s) 07 month(s) 02 day(s)," Brown Terrier, American Pit Bull / Mix",Priority,Dogs 602 6,8/31/2019,S,36,3,1/3/2026 04:19 PM,L2-SF/BH,982126059832018,,,,,,,,,,,1/3/2026,L2
11,A0053614849,Dog,HICKORY,06 year(s) 05 month(s) 20 day(s)," Brown Terrier, Pit Bull / Mix",Priority,Dogs 088 B7,10/13/2019,N,45,3,1/16/2026 02:56 PM,L1        A877187,982091061976774,,,,,,,,,,,1/16/2026,L1
12,A0053615127,Dog,Miss Girl,06 year(s) 06 month(s) 03 day(s)," Black / White Terrier, American Pit Bull / Mix",Available,Foster Foster Home,9/30/2019,S,51,3,2/21/2026 04:15 PM,L1-A876919,982126059842251,,,,,,,,,,,2/21/2026,L1
13,A0053615474,Dog,Honey,08 year(s) 05 month(s) 30 day(s)," Tan Retriever, Labrador / Mix",Priority,Dogs 303 B2,10/3/2017,S,51,3,3/27/2026 12:23 PM,L3-RG/BH/H,982091061981724,Selective,Negative,,,,Microchip,9/28/2025 Honey preferred to roam the yard sniffing rather than play with the other dogs. She gave great corrections to higher energy dogs but never engaged.,nan,"9/26/2025 occasionally will growl for a moment when first approached, easily handled after a second to warm up. While in exam room, they were pacing, unable to focus, panting, whining. Does not like to be restrained.",,3/27/2026,L3
14,A0053618691,Dog,JOHN,08 year(s) 00 month(s) 06 day(s)," Brown Terrier, American Pit Bull / Mix",Available,Foster Foster Home,3/27/2018,N,74,3,7/21/2025 02:27 PM,L1- A880593,982091062092197,Pending,Negative,6/24/2025,Lack of Space,,,nan,,"6/21/2024 easily handled in intake kennelvery sweet/well behaved. very obviously taken care of

7/23/2025 Easily handled in intake kennel & during exam. ","7/22/2025 Adoption Return 7/21How long have you had this dog?: 1 year 1 monthWhat is the main reason you are bringing this dog back to the shelter?: Moving, downsizing. Please explain in your own words, why you need to return this dog today.: I’m moving and having to downsize my apartment. The apartment I’m moving to doesn’t allow his breed While in your care, did this dog live with children?: YesIf this dog lived with or interacted with children, how old were the children?: 5How would you describe this dog's behavior towards the children?: Mostly FriendlyAre there any details about this dog interacting with children that you would like to share? : NoIf this dog has had issues with children that include behavior such as growling, snapping, or showing teeth, please describe the circumstance, tell us how often and give as much detail as possible.: NoneWhat other animals did this dog live with in your home? : No other animalsIf other animals lived in the home, how well did this dog get along with them?: N/aIf this dog met or played with other dogs please describe their body language:: Excited, Shy, UninterestedHas this dog ever fought with another dog? If yes, please describe the incident. : NoHas this dog ever injured another dog? If yes, please describe the incident.: NoHow does this dog react when they see a prey animal (squirrel, mouse, bird) or cat outside?: UninterestedHas this dog ever killed a prey animal or pet? If yes, please describe the incident. : NoIs there any other information you would like to share about this dog interacting with other animals? : NoWhere did this dog spend most of their time? : InsideDo you have a fenced yard?: NoIf you do not have a fenced yard, do you:: Walk the dog on a leashHow did you exercise this dog?: WalksHow often did you exercise this dog?: DailyWhat kind of collar did you use for this dog? : Body harnessHow was this dog on a leash?: Some pulling, but manageable, Pulls very hardHave you ever taken this dog to a training class?: NoWhat commands does this dog know?: Sit, no, lay down, paw, comeWhich behaviors does this dog need improvement on?: Walking on the leash, running in the houseWhen the dog played did they typically...: NoneHow long each day was this dog left alone inside your home?: A few hoursWhen left inside your home alone, was this dog...: CratedWhen this dog was left alone did they show any of the following behaviors?: None of theseIs this dog crate trained?: Yes, for 4-8 hours.How often did this dog have potty accidents in the house?: RarelyHow often did this dog destroy things other than toys?: He will destroy his toysIf this dog destroys things, is it only when left alone?: NoWhat items did this dog destroy?: His toys, my sons toysWhat does this dog do when a stranger/visitor comes into the house?: Barks, gets excited, wants them to pet himWhat does this dog do when a stranger tries to pet them?: Let’s them / friendly What does this dog do when you or someone else goes near the food bowl while they are eating?: Let’s them. What does this dog do when someone tries to take away toys, bones, food, or anything the dog decides is valuable?: Let’s themWhat does this dog do when someone tells them to get off of furniture?: He listens.What is this dog's best quality?: He’s sweetWhat is this dog's worst quality?: Can be hyperCheck all that apply to this dog's personality:: Friendly, Shy, Clingy, Playful, AffectionateIn your own words, describe this dog's personality. : He’s very friendlyWhat is this dog afraid of? How do they react?: He cries when it storms/thundersAll dogs have sensitive places. Where is this dog sensitive about being touched? Describe their reaction. : Haven’t noticedHave you seen them act aggressively toward anyone?: NoPlease tell us anything you would like us to know about this dog to help us find it an adoptive home. : N/aWould you like to be notified if this animal is ever at risk for euthanasia?: YesIf the animal is still here in 30 days, would you like us to check in with you?: Yes",7/21/2025,L1
15,A0053620268,Dog,BLADE,05 year(s) 09 month(s) 03 day(s)," Brown Cur, Black-Mouth / Mix",Cites,Dogs 303 A3,6/30/2020,N,58,3,3/3/2026 07:40 PM,L1-A882936,982091061627517,,,,,,,,,,,3/3/2026,L1
16,A0053621296,Dog,MERCY,08 year(s) 08 month(s) 11 day(s)," White Terrier, American Pit Bull / Mix",Available,Foster Foster Home,7/22/2017,S,67,3,2/2/2023 04:55 PM,A883569,982091065868427,,Negative,1/8/2026,Lack of Space,https://bit.ly/AdoptMercy,,,,,,2/2/2023,
17,A0053623474,Dog,AMY,07 year(s) 06 month(s) 14 day(s)," Brown / White Terrier, Pit Bull / Mix",Available,Foster Foster Home,9/19/2018,S,57,3,7/16/2025 02:21 PM,L1,982091066585821,,Negative,7/20/2026,Lack of Space,,,,,7/17/2025 easily handled while in intake and during exam.,,7/16/2025,L1
18,A0053624978,Dog,LEX E,04 year(s) 09 month(s) 05 day(s)," Tan Terrier, American Pit Bull / Mix",Available,Foster Foster Home,6/28/2021,S,40,3,1/24/2026 03:19 PM,A887386 - L1,982091066160892,,,,,,,,,,,1/24/2026,L1
19,A0053626387,Dog,SNAIL,05 year(s) 00 month(s) 12 day(s), Black / White German Shepherd / Mix,Available,Foster Foster Home,3/21/2021,N,54,3,1/8/2024 09:22 AM,A889029  L2-BR/A,982091069630594,,Negative,2/5/2025,Behavior,https://bit.ly/AdoptSnail,,,,"1/19/2024 excessive salivating, non stop jumping, barking, calms for a second to chew on a toy and then starts again

1/30/2024 Easily leashed, hackles rose when going through doorways. Once in the pasture, he quickly became very comfortable, leaning in for pets to several strangers and showing of his tricks, he knows sit and paw. He stayed very close to his people on a long leash.  He's very skinny, seems to have lost weight since intake, very stressed in his kennel, paws were soaking wet. Very sweet boy!

2/2/2024 Severe kennel stress and frustration. urgent ",,1/8/2024,L2
20,A0053630131,Dog,HEATH BAR,03 year(s) 09 month(s) 22 day(s)," Brown Terrier, Pit Bull / Mix",Available,Foster Foster Home,6/11/2022,N,63,3,8/21/2025 03:53 PM,A892389 L2-LB,982091070202146,1:1 Socialization,Negative,9/3/2026,Lack of Space,,,"9/1/2025 Was informed by kennel staff that he likes to fence fight but did not observe any while he was waiting in the catch pen. Came in very timid and reserved, did not want the dogs approaching him, showed teeth and kept to himself along the fence. He seemed as if he was about to tip from being overwhelmed and unsure.",,"8/22/2025 Easily handled while in intake but did not like vetting during exam. (thrashing/flailing)

8/26/2025 Previous Level: n/a Current Level: L2-LBWhy did this level change? when removing him from his kennel he immediately went for the leash, jumping up to hold it in his mouth as he was taken outside. once in the yard, he remained fixated on biting the leash until distracted by a toy. when replaced in kennel he began biting at the leash as i removed it from his neck. ",,8/21/2025,L2
21,A0053632065,Dog,JOHNSTON,12 year(s) 04 month(s) 21 day(s)," Black Terrier, American Pit Bull / Mix",Available,Foster Foster Home,11/12/2013,N,59,3,11/12/2022 11:33 AM,L1,981020031597741,,Negative,5/13/2025,Lack of Space,https://bit.ly/AdoptJohnston,,,,,,11/12/2022,L1
22,A0053632811,Dog,ARETHA,05 year(s) 02 month(s) 22 day(s)," Brown Terrier, Pit Bull / Mix",Available,Dogs 088 A4,1/11/2021,S,46,3,3/16/2026 01:23 PM,L1,982091073129039,,,,,,,,,,,3/16/2026,L1
23,A0053633913,Dog,Bet,05 year(s) 01 month(s) 12 day(s)," Brown Retriever, Labrador / Mix",Available,Foster Foster Home,2/21/2021,S,53,3,2/21/2023 04:22 PM,L1 A896667,982091073126020,,Negative,3/21/2025,Lack of Space,http://bit.ly/adoptbet,,,,,"11/14/2023 Bet11/14/2023 – 2 Week Foster Marketing QuestionnaireFoster parent: Danielle ThomasGeneral Personality Happy; very playful; very puppy likeDaily Routine Get up and go for a walk, play, nap, eat, go back for another walk, and go to bedWhat food do they eat? Fromm brand; raw goat's milkWhat would be an ideal home and family for your foster? Semi active; not afraid to let a dog on the couch for snugglingOn a scale of 1 to 5... how housetrained are they? 5Does your foster use a kennel without excessive barking/whining, escape attempts, or destruction? Yes, wants to get out of course but settles after a while. Will slide tray out of kennel.Where do they sleep at night? In a crateDo they sleep through the night? YesHas he / she been exposed to any kids? If yes, what ages? How did it go? NoHas he / she been exposed to any cats? If yes, how did it go? NoDo they prefer men or women? No preferenceDoes he / she live with another dog? YesHas he / she been around other dogs? Yes. Around my dog she is fine, but she gets over excited by dogs on our walks. She whines and tries to get to the other dogs.Does he / she know any basic commands? Which ones (Sit, stay, come, lay down, etc) ? Yes. Sit and lay down.Is your foster dog leash reactive? What makes them bark/lunge on leash? No, but does not like to put on harness. She will sit down for me to put it on her but sometimes I have to wrestle it on her.What devices do you use to walk your dog? (Type of harness, collar, etc) Harness with lead on backLeash Walking Rating 3How does your foster do in the car? OkHow does your foster do for a bath? Like any other dog she tries to escape.Energy level 5How much exercise does it take to tire them out? I haven't figured that out yet.If they don't get enough exercise, what happens? Not sureA perfect day for your foster would include ____________? Chewing on a toy and going on long walks.How cuddly are they? 5Favorite toys or games? Not sure. She doesn't like to play tug of war or chase after a ball.Tell us a fun story about your foster... I don't have any particularly cute stories. I'm still trying to get to know her through her interactions with my own dog.I love my foster and think he/she is fabulous because _____________? A goofy cuddle bug.What makes him/her nervous or unhappy? I believe that she was abused because I was wrapping up her leash and I think she thought it was a belt and she cowered.Overall, how are your foster's manners? (some examples: Jumps on people? Mouthy? Gets into trash?) Jumps on people and furniture. She likes to run up and down stairs. She doesn't jnow to sit for her food or to come in tge house, so she needs to work on basic manners.Does your foster have any behavioral issues or quirks? NoDoes your foster have any medical issues? NoAnything else you want to share? N/AFacebook Presence 1Instagram Post Presence 1Instagram Stories Presence 1Nextdoor Presence 1Youtube Presence 1Other social media platforms utilized? N/AWhat was the date of the last adoption event you took your foster to? N/AWhat prevents you from taking your foster to (more) events? (check all that apply) Manners (i.e. leash manners, mouthy, jumpy)What gear & materials do you utilize to help get your foster recognized? (check all that apply) Adopt Me leashWhen was the last time you took your foster out on the town? N/AWhat prevents you from taking your foster out on the town more often? (check all that apply) I have not went out of town.What do you think is preventing your foster from being its most-adoptable self? (check all that apply) Meeting new people, Meeting other furry friendsWhat day do you give your foster heartworm and flea/tick preventatives? N/AAre you interested in adopting your foster pet? NoWould you be willing to have your foster dog transfer to a rescue partner? Yes",2/21/2023,L1
24,A0053634174,Dog,GHOST BROWN,05 year(s) 06 month(s) 30 day(s)," White Terrier, Pit Bull / Mix",Court,Dogs 203 7,9/3/2020,M,57,1,3/3/2023 08:31 PM,Staff Only   A896900,,,,,,,Court Mandate,,,"10/29/2023 Ashley was leashing him to place him in a play yard for cleaning, when he slipped out of the leash and instantly went after Terrence. Ashley was right behind him so she was able to grab him before he could really get to Terrence. He did graze his arm but no blood was drawn. Seems to be deteriorating. 

11/5/2023 Jessica was able to leash outside and back in without any issues-    TS

9/28/2024 observed standing on bed with loose wagging tail. when approached displayed body wags. was able to offer hot dog by hand. body wags maintained throughout interaction. -gillian flebbe",,3/3/2023,STAFF ONLY
25,A0053635126,Dog,KALI,06 year(s) 00 month(s) 06 day(s)," White Terrier, American Pit Bull / Mix",Available,Foster Foster Home,3/27/2020,S,51,3,9/16/2025 11:19 AM,L1,985112010875922,Neutral,Negative,3/6/2025,,https://bit.ly/AdoptKali,,"9/20/2025 Needs a lower energy play yard as she can get over stimulated and over correct. She was slightly stiff at first but the other dogs in the yard gave her time to warm up and let her decide when she wanted to engage with them. She ran around, offered play bows and even body slammed a few dogs. She wants to be a gentle physical player! She was barrier reactive when walking up to the yard, as well as when she saw other dogs get too close to the fence while she was in the yard. Overall friendly, she just needs a more controlled yard. ",nan,2/17/2024 easily handled in intake kennel & during exam,"5/7/2024 5/7/2024Dog For The Day (I picked this pet up earlier today for an outing.)What activities did you do with this dog today? HikingDid this dog have any interactions with the follow? [Dogs, cats ] No InteractionDid this dog have any interactions with the follow? [Men ] Positive InteractionDid this dog have any interactions with the follow? [Women ] Positive InteractionDid this dog have any interactions with the follow? [Children ] Positive InteractionIf this dog met any children on your outing, how would you describe this dog's behavior towards the children? Mostly FriendlyHow was this dog on a leash? Some pulling, but manageableDid this dog know any commands? Sit, ComeWhat is this dog's best quality? KindnessWhat is this dog's worst quality? None!Check all that apply to this dog's personality: Friendly, Playful, Affectionate, Goofy, PoliteDid this dog have an potty accidents? NoWhat was this dog's activity level? Medium Energy (Alternates rest and play)Anything else you'd like to tell us to help them find an adoptive home? Great dog for people who are active!Have you seen this dog act aggressively toward anyone? NoPlease tell us anything else you would like us to know about this dog. N/AWould you like to be notified if this animal is ever at risk for euthanasia? Yes ",9/16/2025,L1
26,A0053635437,Dog,DINO,04 year(s) 05 month(s) 13 day(s)," Grey Terrier, Pit Bull / Mix",Available,Foster Foster Home,10/20/2021,N,54,3,4/20/2023 08:50 PM,A898038,981020053383841,,Negative,6/10/2025,Lack of Space,https://bit.ly/adoptDino,,,,,,4/20/2023,
27,A0053822949,Dog,Wynston,02 year(s) 10 month(s) 08 day(s)," White / Brown Terrier, American Pit Bull / Mix",Priority,Foster Foster Home,5/25/2023,S,57,3,11/28/2025 12:42 PM,L2-A,941000028278666,1:1 Socialization,,,,,,,,,,11/28/2025,L2
28,A0053911720,Dog,Bocephus,09 year(s) 00 month(s) 15 day(s), Brown / White Boxer / Mix,Available,Foster Foster Home,3/18/2017,N,53,3,6/18/2025 12:16 PM,L1,941000028295049,,Negative,9/14/2024,Lack of Space,https://bit.ly/AdoptBocephus,,"1/18/2024 **Test completed! See notes test #11879137** Kisha Brown made a note regarding how a potential adopter had to move on because during a meet and greet with the resident dog Becephus ""became stiff and began barking. They separated the dogs but Bocephus remained focused on the resident dog, lunging and barking"" so the adopet asked the meet and greet to end. I think it would be important to do a formal dog test to determine if Bocebphus is generally dog-friendly. 

1/18/2024 Marky was very eager to get out of his kennel, pulling to the play yard, where he met Bocephus through the fence. Marky paced the fence, running back and forth with a semi-loose body and tail wags. Bocephus would do a quick sniff at the fence and back up quickly uninterested in Marky. Marky got very frustrated very quickly and began to growl as he paced the fence all the while Bocephus ignored him. We decided to go for a walk, both dogs took turns stopping to sniff one another and did fine. Bocephus got a little confidence and decided to jump at Marky's face, Marky immediately stiffened, gave a low growl, and barred teeth. The dog test ended. Marky may need to be re-tested once neutered. Meet and Greet required.",,"12/10/2023 Kisha Brown:Potential adopter brought their dog for a meet and greet with Bocephus. Initially, Bocephus showed interest in the resident dog and approached her (both on leash) and sniffed. Bocephus became stiff and began barking. We separated the dogs, but Bocephus remained focused on the resident dog, lunging and barking. The adopters asked to end the meet and greet.

2/11/2024 Might be a good candidate for a dog test. Happy tail wags and playful interest in other dogs through the fence in the play yard and while out for a walk. Good sniffs through the fence with 2 other dogs. 

6/22/2025 Easily handled while in intake and during exam.","12/8/2023 From foster family: "" I highly encourage your team to not pet him and reward him when he jumps up for attention. I've been around animals my whole life, and this only supports bad habits making it harder for him to be adopted. I taught him to sit by holding up a closed fist and he was a quick learner.Unfortunately,  he became so demanding with attention that today me getting dressed and apart for him for 15 minutes led him to protest with major destruction. He will grab anything he can- clothing, bags, etc and tear up and chew apart despite having chew bone, chew rope, multiple stuffies etc.Later he was in the crate for about 20 minutes after already going pee, and he peed outside of the crate, was trying to get stuff to chew, again in protest of being left alone. I went pee and closed the door to him, within a minute he got something off a table and began tearing things up. It is like a child acting out to get attention.I had family visiting for this entire time and he is awesome as long as someone is there next to him, but this isn't sustainable....even us eating dinner while he has his dinner at the same time,  right by us, sets him off because he wants our attention. If I tried to work on my computer,  he wouldn't sit next to me on the couch, but had to jump on me, sit on me and even tried as I stood.It's important to be aware of as he is a wonderful dog, but he needs training in addition to dog testing. He was more reserved at first.The only way I could get him to stop barking if crated for night was letting him out, and sleeping out in our living area - it was fine after that. No, there isn't space or option for dog crates in a bedroom or for multiple crates in our condo. It's also very disruptive to sleep with a loud animal, moving constantly,  snoring, barking at noises. Dogs don't have to sleep with people and it's really not healthy. I don't think you should be suggesting that to people as most dogs eventually should settle in their crates.He has definitely been through some things and hit by humans Unfortunately. I tried to give him extra love. Unfortunately, the behaviors became worse at the end vs better. As long as he is being hugged, he is happy as a clam. It's like he needs a support stuffie as a companion. He was over all very happy and we tried to make him comfortable-Given he has many good traits, I hope with some training and dog socializing,  he can find a home. Note- I tried to get more Weight on him, but he always waited to see if he got people food first. Zero people food was given and this is important no foster reinforces this behavior.He also got lots of exercise,  and a ton of cuddling.""

12/29/2023 FTF Adoption Return 12/29/23 (Adopted x 3 days) Lived well with an infant, potty trained, very interested in catsReturning due to “Our child was allergic to him”Lived with a 6 month old. Behavior towards children: Mostly FriendlyIf a child is crying or screaming, IgnoredIf a child runs towards them, n/aIf a child tries to hug them, n/aIf a child pets them, wags tailIf they see a child on a bike, n/aIf they see a child running, n/aIf someone picks up a child, He was fineAny issues with children? No issuesLived with cats. He did not directly interact but was very curiousWhen meeting other dogs, their body language is Wiggly, Excited, JumpyWhen they see an outside cat, Very excitedWhen they see a small animal like a squirrel, NaWhen they see another dog outside, The other dog was off the leash, running towards me, Bocephus became slightly protective and barked aggressively. Other dogs he saw on leash he was fine with. Spent most of their time inside, spent Multiple walks 10 Mins atleast six times outside each dayAdopter did not have a fenced yard. Exercised with walks, wearing collar. Some pulling, but manageable on leash. Commands known: SitWhat behaviors need improvement: Jumping, Begging, Counter surfingEnjoyed Tug, Bones/Nylabones/ChewsWhen plays typically JumpsNever left alone. Did not use the crate. Potty accidents: NeverDestructive Behavior: Rarely (cardboard)When someone knocks at the door, NaWhen a stranger/visitor comes into the house,  He was fine , happy and curiousWhen a visitor tries to pet,  n/aWhen a stranger approaches on a walk, n/aWhen a stranger tries to pet them while on leash, n/aWhen strangers walk by the yard or while they are in the car, n/aWhen someone goes near their food bowl when eating, He was fineWhen someone tries to take away toys or food, He was fineWhen told to get off the furniture,  He got off with some guidanceWhen someone tries to give them a hug, He was fineWhen reprimanded, Puts head downBest Quality: He’s very affectionateWorst Quality: Almost too affectionate- tried to get in my lap with a baby in my lapPersonality: Friendly, Clingy, Affectionate, Very sweet and very needy of affectionHave you seen them act aggressively towards anyone? NoHe needs someone with an active lifestyle he has a lot of energy

6/24/2024 Foster Return (In foster since February)Discovered a wheat intolerance (keep him on grain-free food now)Returning due to Won’t be in the state for an extended time and couldn’t find a temporary fosterLived with 7 and 9 year oldBehavior towards children: Mostly FriendlyIf a child is crying or screaming, Not botheredIf a child runs towards them, Wants to play but not overly botheredIf a child tries to hug them, Fine with itIf a child pets them, HappyIf they see a child on a bike, No issues that we know ofIf they see a child running, Wants to follow but not aggressiveIf someone picks up a child, No issuesAny issues with children? noWhen meeting other dogs, their body language is Apprehensive, Barked, not friendlyKept a distance from other dogs. Only introduced to one rich or dog and he attempted to nip. In our neighborhood we kept him distant from the other dogs on walks. Clearly needs training for reactivity around other dogs.When they see an outside cat, Not sureWhen they see a small animal like a squirrel, No issues with squirrelsWhen they see another dog outside, Barks, tugs at the leash. We worked on getting him to sit and he improved but he remained very tense and alertIs this dog’s behavior different on or off leash when they see a dog outside? Only ever saw on a leash. We didn’t risk off-leash interactionSpent most of their time inside, spent  3-8 walks a day and some time on the back porch with us outside each dayFoster did not have fenced yard. Exercised with Walks, wearing Body harness. Great on a leash, Barks/snarls/lunges when they see other dogs, Great when it’s just us. Aggressive toward other dogs.Commands known: Sit, Down, Stay, Tap buttons (helped reduce barking a lot)What behaviors need improvement: Barking, Socializing without aggression with other dogsEnjoyed Chase, Wrestling, Not fetch, but chase the treat. We’d toss a treat down the hall and he’s run to get it. Great when he had the zoomies.; Plush, Bones/Nylabones/ChewsWhen plays typically No major play habits. Not a huge player.Left alone 1-3 hours max. Most days we were home with him all day. When left alone Crated at first (and he likes to sleep in the crate but we leave the door open all night), confined to the kitchen after awhilePotty accidents: Never, RarelyDestructive Behavior: RarelyWhen someone knocks at the door, No issuesWhen a stranger/visitor comes into the house,  Greets (excited/friendly and mild jumping just to be closer and get pets)When a visitor tries to pet,  No issues - happy for the attentionWhen a stranger approaches on a walk, No issues (unless they have a dog) When a stranger tries to pet them while on leash, No issues - friendlyWhen strangers walk by while they are in the car,  No issues with people. though he does bark in a moving car - we road-tripped a bit with him so he’s improving. It’s usually when he gets an upset stomach and needs to poop. Possible car sickness. Should be crated in a car or leashed. He gets nervous. But not aggressive.When strangers walk by the yard: Barked a bit on the porch if he heard something but never really looked out the front windows.When someone goes near their food bowl when eating, No issues with his food bowl. Appreciates getting fed. But not possessive (didn’t live with another pet though)When someone tries to take away toys or food, No issues.When told to get off the furniture,  No issues. We kept him off our furniture and he was fine with it. Only ocasional reminders when he just wanted to get close for neck scratches.When someone tries to give them a hug, No issues. Tail wags.When reprimanded, Doesn’t internalize much. Barks a bit or runs out of the room. Goes to his crate if he thinks he did something bad. Responds best to bark correctors (loud air compressor sound) and a lot of positive reinforcement. That’s why we used treats and tap buttons. Takes him a bit of time to learn what you want from him so patience is key).Best Quality: Low maintenance (sleeps in the morning, likes neck scratches and a good walk, and prefers to sleep in his crate or chill in the room with his people.)Worst Quality: Doesn’t like other dogs. (Used to bark a ton too because he didn’t know how to communicate needs and had an upset tummy a lot. After training and a grain-free diet he got sooooo much better)Personality: Friendly, Independent, Affectionate, Overly reactive; He is two dogs in one. A lovable homebody. And a stubborn defender. He is super easy going indoors (especially when he learns how to tell you what he needs — food/attention/potty breaks). Outside he’s zen on the leash and loves a good nature walk or stroll around the neighborhood - unless he sees another dog. If he’s your solo pet, he’s a chill best friend. He can handle time alone at home just fine if you want to go out. Just can’t handle other pets or dog parks.Afraid of Other dogs. Get howly and tense. Pulls if they’re close enough. I’d keep our distance. Make him sit. And shake the harness to remind him to loosen up his muscles if I saw him get too tense.Sensitive to being touched Not sure. He was good with face, teeth, paws, belly. Loooves a good neck scratch.Becomes annoyed/irritated when Not sure. Mostly if he urgently needed to poop he’d bark. But he was pretty patient in general with the kids, noise. Didn’t beg during dinner. Seemed to go upstairs to his crate when he wanted to lay on his bed so maybe just some mild hip irritation.Have you seen them act aggressively towards anyone? No He’s a slow learner, but he tries. Put in the training time and it pays off big with Bo. He’s a good boy.Would you like to be notified if this animal is ever at risk for euthanasia? Yes

6/22/2025 BOCEPHUS – Adoption Return Timestamp 2025-06-18 12:21:43Does this dog take any medication or have any known medical issues, injuries, or allergies? If yes, please explain CarprofenHow long have you had this dog? 5 daysThis dog is a Adoption Return (This pet was adopted from this shelter.)What is the main reason you are bringing this dog back to the shelter? Health of the petPlease explain in your own words, why you need to return this dog today Our other dog Chico(ten pound chihuahua) has turned from being his best friend to a nightmare. Constantly going after Bo’s legs. Bo hasn’t been himself and hurt his leg trying to crawl under our fence to not be around Chico. Our family loves Bo but we can’t keep him around to be tortured by Chico.While in your care, did this dog live with children? YesIf this dog lived with or interacted with children, how old were the children? Fantastic, our 1 year old daughter loved Bo and he put up with her tugging like a champHow would you describe this dog's behavior towards the children? Mostly FriendlyAre there any details about this dog interacting with children that you would like to share? Bo loves kids and kids love Bo. Bo really just loves anyone that loves on himIf this dog has had issues with children that include behavior such as growling, snapping, or showing teeth, please describe the circumstance, tell us how often and give as much detail as possible Not a single time. My daughter would tug on his ears and Bo would just lean into the loves.What other animals did this dog live with in your home? Small dog(s)If other animals lived in the home, how well did this dog get along with them? Bo and Chico were best friend when Bo came home with us but Chico started acting abusive. Never once did Bo lash out at Chico for his behaviorIf this dog met or played with other dogs please describe their body language: ExcitedHas this dog ever fought with another dog? If yes, please describe the incident Not that I know ofHas this dog ever injured another dog? If yes, please describe the incident NopeHow does this dog react when they see a prey animal (squirrel, mouse, bird) or cat outside? He chased a few squirrelsHas this dog ever killed a prey animal or pet? If yes, please describe the incident NoIs there any other information you would like to share about this dog interacting with other animals? NoWhere did this dog spend most of their time? BothDo you have a fenced yard? YesHow did you exercise this dog? Daily walks and playtimeHow often did you exercise this dog? DailyWhat kind of collar did you use for this dog? Buckle collarHow was this dog on a leash? Some pulling, but manageableHave you ever taken this dog to a training class? NoWhat commands does this dog know? Sit, lay down and very good off leashWhich behaviors does this dog need improvement on? Had a few accidents in the house but with a better schedule it worked it’s self outWhen the dog played did they typically Bark,How long each day was this dog left alone inside your home? 6-8 hours sometimesWhen left inside your home alone, was this dog Able to roam freeWhen this dog was left alone did they show any of the following behaviors? Urinated/defecated, Barked, CriedIs this dog crate trained? We never made this dog stay in a crate.How often did this dog have potty accidents in the house? RarelyHow often did this dog destroy things other than toys? RarelyIf this dog destroys things, is it only when left alone? YesWhat items did this dog destroy? A few toys and a shoeWhat does this dog do when a stranger/visitor comes into the house? He’s pretty friendlyWhat does this dog do when a stranger tries to pet them? Soaks it upWhat does this dog do when you or someone else goes near the food bowl while they are eating? NothingWhat does this dog do when someone tries to take away toys, bones, food, or anything the dog decides is valuable? NothingWhat does this dog do when someone tells them to get off of furniture? He usually gets offWhat is this dog's best quality? His sweetnessWhat is this dog's worst quality? He can have some separation anxietyCheck all that apply to this dog's personality: Friendly, Clingy, Goofy, Playful, AffectionateIn your own words, describe this dog's personality Sweet, loving, goofyWhat is this dog afraid of? How do they react? He’ll react to things in your hands(tv remote, phone) just duck his head downAll dogs have sensitive places Nothing I’ve foundHave you seen them act aggressively toward anyone? NoPlease tell us anything you would like us to know about this dog to help us find it an adoptive home He’s great with kids and small animalsWould you like to be notified if this animal is ever at risk for euthanasia? YesIf the animal is still here in 30 days, would you like us to check in with you? No

7/10/2025 BOCEPHUS – Weekend Warrior Timestamp 2025-07-09 13:01:50Does this dog take any medication or have any known medical issues, injuries, or allergies? If yes, please explain Yes, painkillers and antibioticsHow long have you had this dog? 1 nightThis dog is a Weekend Warrior (I have had this pet for less than 3 nights as a Weekend Warrior)Did this dog have any interactions with the following while with you? [Dogs ] No InteractionDid this dog have any interactions with the following while with you? [Cats] No InteractionDid this dog have any interactions with the following while with you? [Men ] Positive InteractionDid this dog have any interactions with the following while with you? [Women ] Positive InteractionDid this dog have any interactions with the following while with you? [Children ] Positive InteractionHow was this dog on a leash while with you? Great on a leash, Some pulling, but manageable, Gets excited when they see other dogsDoes this dog know any commands? Which ones? SitIn your opinion, what is this dog's best quality? Super snuggly and calm!In your opinion, what is this dog's worst quality? Nervous in the carCheck all that apply to this dog's personality Friendly, Clingy, Goofy, AffectionateIn your own words, describe this dog's personality while out of the shelter Loving, snuggly, joyful, playfulDid this dog have an potty accidents while in your care? No- Likely potty trained. No accidents!What was this dog's activity level on a scale from 1-4? 1-Low energy (Couch potato)Which behaviors does this dog need improvement on, if any? Nothing! They are practically perfect in every way!How cuddly is this dog? 4-Super snugglerWhen this dog played did they typically NothingHow long was this dog left alone? 4-8 hoursIf you left this dog alone, was it Confined to a roomWhen this dog was left alone did they show any of the following behavior? NoneHave you seen them act aggressively toward anyone while they wee in your care? NoPlease tell us anything you would like us to know about this dog to help us find it an adoptive home Easy senior gentleman! Nervous in the car, wants to hold your hand. Picky with meals!Would you like to be notified if this animal is ever at risk for euthanasia? YesIf the animal is still here in 30 days, would you like us to check in with you? Yes

7/15/2025 BOCEPHUS – Weekend Warrior Timestamp 2025-07-12 13:49:25Does this dog take any medication or have any known medical issues, injuries, or allergies? If yes, please explain Allergic to wheat and has arthritisHow long have you had this dog? July 9thThis dog is a Weekend Warrior (I have had this pet for less than 3 nights as a Weekend Warrior)Did this dog have any interactions with the following while with you? [Dogs ] Positive InteractionDid this dog have any interactions with the following while with you? [Cats] No InteractionDid this dog have any interactions with the following while with you? [Men ] No InteractionDid this dog have any interactions with the following while with you? [Women ] Positive InteractionDid this dog have any interactions with the following while with you? [Children ] No InteractionHow was this dog on a leash while with you? Great on a leash, Some pulling, but manageable, Gets excited when they see other dogsDoes this dog know any commands? Which ones? Sit, StayIn your opinion, what is this dog's best quality? There personality chill and relaxedIn your opinion, what is this dog's worst quality? HATES cars excessive barking in carsCheck all that apply to this dog's personality Friendly, Independent, Clingy, Polite, Playful, AffectionateIn your own words, describe this dog's personality while out of the shelter A senior sweetheart with a whole lot of love (and naps) to give.Did this dog have an potty accidents while in your care? No- Likely potty trained. No accidents!What was this dog's activity level on a scale from 1-4? 1-Low energy (Couch potato)Which behaviors does this dog need improvement on, if any? BarkingHow cuddly is this dog? 4-Super snugglerWhen this dog played did they typically JumpHow long was this dog left alone? Less than 4 hoursIf you left this dog alone, was it CratedWhen this dog was left alone did they show any of the following behavior? Barked, CriedHave you seen them act aggressively toward anyone while they wee in your care? NoPlease tell us anything you would like us to know about this dog to help us find it an adoptive home He eats food throughout the day not a once. Loves to go on short walks andWould you like to be notified if this animal is ever at risk for euthanasia? YesIf the animal is still here in 30 days, would you like us to check in with you? No",6/18/2025,L1
29,A0054067162,Dog,Tasha,06 year(s) 11 month(s) 13 day(s)," Tan / White Mixed Breed, Large (over 44 lbs fully grown) / Mix",Available,Dogs 088 A2,4/20/2019,S,43,3,3/7/2026 01:51 PM,L1,982091062252051,,,,,,,,,,,3/7/2026,L1
30,A0054123479,Dog,Charlie Brown,," Brown / White Mixed Breed, Medium (up to 44 lbs fully grown) / Mix",Available,Foster Foster Home,,N,70,3,9/9/2023 03:03 PM,,941000028295734,,Negative,9/28/2024,Lack of Space,https://bit.ly/Adopt-CharlieBrown,,,,,,9/9/2023,
31,A0054165092,Dog,Nasir,05 year(s) 06 month(s) 18 day(s)," Brown / White Mixed Breed, Medium (up to 44 lbs fully grown) / Mix",Available,Receiving 130 20,9/15/2020,N,39,3,3/28/2026 11:08 AM,L1,981020045018410,,,,,,,,,,,3/28/2026,L1
32,A0054497142,Dog,MARIO,03 year(s) 04 month(s) 23 day(s)," Black / Brown Terrier, American Pit Bull / Mix",Available,Dogs 406 A5,11/10/2022,N,69,3,3/16/2026 05:11 PM,L1,941010001399222,,,,,,,,,,,3/16/2026,L1
33,A0054667066,Dog,Tiny,03 year(s) 00 month(s) 04 day(s),"Merle Tan / Black Mixed Breed, Large (over 44 lbs fully grown) / Mix",Available,Foster Foster Home,3/29/2023,S,52,3,3/23/2024 12:34 PM,L2-SF,982091073475472,,Negative,11/29/2024,Behavior,https://bit.ly/adoptTiny,,,,"11/6/2023 Growling at first but quickly warmed up to me. Gently took treats and was able to bathe her. Completed full intake with no issues. A.F.

5/27/2025 Shared training notes with dogfoster@fultonanimalservices.com:https://docs.google.com/document/d/1zvM1yt_2TYdMN59U56GItW_Yp1bFbv65OMxGBxYt3cw/edit?usp=sharing","3/27/2024 Behavior Phone Consult w/Foster Today we spoke about Tiny:* Being nippy (or mouthy) when anxious.      - muzzleupproject.com and connecting you with a volunteer trainer to assist with the muzzle training, also attached a resource for this (muzzleupproject)      -Teaching focus/look@me/or watch me cue & recognizing Tiny's threshold before it gets too high, also attached a resource for this (fear and aggression chart)      - Try engage & disengage LAT- using name, look@me cue, click and reward, also a handout attached (9)*How to talk to potential adopters about how to approach a pup like Tiny, attached resource (10) for a visual to show and have adopters review before meeting Tiny. ",3/23/2024,L2
34,A0054884374,Dog,Stormi,03 year(s) 03 month(s) 21 day(s), Black Bulldog / Mix,Court,Foster Foster Home,12/12/2022,S,36,1,12/3/2023 12:40 PM,L2-OA,941010001296177,,Negative,12/8/2024,Court,,Court Mandate,,,"4/12/2024 Stormi is very OA. She was a little hard to leash in her kennel and was jumpy. Once we got out to the yard, she was jumping relentlessly and biting at my shirt, apron, and hands. I tried to release her, but she would immediately bite the leash and tug on it. Throwing treats on the ground did not work. She also tore a whole in my shirt. Eventually, another volunteer came out with a stuffed toy and grabbed her for me.",,12/3/2023,L2
35,A0055062948,Dog,Mystic,05 year(s) 02 month(s) 24 day(s), Black Shepherd / Mix,Available,Foster Foster Home,1/9/2021,S,44,3,1/6/2024 05:16 PM,L1-2024-000263,941010001853350,,Positive,3/14/2025,Behavior,https://bit.ly/AdoptMystic,,,,"2/15/2024 Met Mystic and foster in home.  Mystic stayed in crate initially. As we talked, we didn’t look at her.  She eventually came out.  I tossed some treats to her.  She sniffed, didn’t eat them.  Took a couple steps and eventually went back in crate. Foster reported that she may snarl a bit at resident dog if he went near her crate.  Suggested they try a leashed meeting outside in the evening.  They did leash resident dog and Mystic up in back yard.  Stayed about 30 feet apart.  Initially Mystic snarled. But then she stood there lip licking and yawning.  They kept the distance and ended on that note. Mystic needs a patient adopter or foster who can work with her but accepts it will be slow and you can’t push.  Foster didn’t have HW / flea preventives and will follow up with Pathways team on that and inquire about HW treatment.  I did ask Erica about rescue possibility. She felt would need to be treated for HW before a rescue might consider her.  Foster leaving town for a week at end of month and is exploring options while gone.  Also talking with husband on willingness to keep her longer through HW treatment ( or not). ",,1/6/2024,L1
36,A0055110303,Dog,Shakira,10 year(s) 02 month(s) 16 day(s)," Grey / White Terrier, American Pit Bull / Mix",Available,Foster Foster Home,1/17/2016,S,53,3,1/16/2024 03:42 PM,L1,941010001750677,,Positive,2/9/2025,Lack of Space,https://bit.ly/Adopt-Shakira,,,,,,1/16/2024,L1
37,A0055115127,Dog,Bebe,06 year(s) 02 month(s) 16 day(s)," Grey Terrier, American Pit Bull / Mix",Priority,Foster Foster Home,1/17/2020,S,51,3,11/30/2025 03:12 PM,L1,941010001975823,Physical Play,,,,,,,,,,11/30/2025,L1
38,A0055135794,Dog,Spanky,03 year(s) 02 month(s) 11 day(s),"Brindle Tan Mixed Breed, Medium (up to 44 lbs fully grown) / Mix",Available,Foster Foster Home,1/22/2023,N,47,3,1/20/2024 10:00 PM,L3-OA/LB,941010001773047,,Negative,4/17/2025,Lack of Space,https://bit.ly/AdoptSpanky,,4/9/2024 Leash biting stopped immediately when he saw Bubbles for parallel walk. Good body language during parallel walk so allowed them to meet. He acted appropriately with giving and receiving sniffs.  Settled immediately with her.  Laid down and loose lease walking on the way back.,,"2/8/2024 Spanky was exhibiting extreme leash biting and jumping when trying to leash on Tuesday night and too difficult for me being L1 to leash. I believe Trish was going to address, but wanted to submit a report as well. He might need to be leveled up to L2. As a new volunteer, he was very difficult to get out of shoreline and leashed and released. Multiple kennel tech staff had to help and Trish had to use two leashes and try multiple times to get him releashed in the play yard to put back in his shoreline.  It did not appear to be aggression at all towards humans just biting at the leash and not wanting to be leashed. I know we’re overcrowded but his top shoreline is probably not helping him. Can he be on the list to be moved to a larger shoreline or kennel as soon as one becomes available? He barely fits in his current shoreline. He behaved fine in the play yards. I’m sure a lot of it is that he is not getting enough exercise or mental stimulation. Thanks for anything that can be done to help him! 

2/10/2024 Took Spanky out for an interested foster. I had to lift him out; once his feet hit the ground he was jumpy and leash biting. I had a toy that I had to use a couple of times to trade out so I could get him to release.  The potential foster thought he had to much energy.  I was able to pick him up and put him back in his shoreline. He's definitely L2 OA/LB.

2/17/2024 Is there anyway Spanky can be next on the list to move to a kennel when space? He is in room 63 top shoreline which is all young nervous puppies and then him. He loud barks and jumps and shakes the entire shoreline whenever anyone walks into the room which terrifies all the young puppies in there. He is in too small of a shoreline for him and with his leash biting it’s difficult to be able to get him down from a top shoreline. Gave him a treat today to settle him so I could get posh back in shoreline next to him who was terrified by his reaction to us coming in.  He does listen when you say no and correct but poor guy is struggling in there and needs more attention and exercise

2/24/2024 Spanky is a very sweet, smart boy who is just overaroused in that shoreline kennel. He bit at the leash as we walked and was jumpy once we got to the yard, but responded well to differential reinforcement - learned pretty quickly that “sit” and paws being on the ground meant getting treats, and the jumping and biting improved significantly! Once we went through some command training, he relaxed and loved being pet and having his belly rubbed, cutely falling onto his back. On the way back to the kennel, he continued to bite on the leash but we paused every few steps to practice “sit” + treat and, after several reps, he walked the rest of the way to the kennel without biting at the leash! He’s such a sweet and eager to please boy, who would benefit from extra attention and space. Put in a behavior report to see if he can be placed in a larger kennel and a med report for a nail trim.

2/25/2024 Poor guy really needs out of the shoreline he’s in and to be transferred to a bigger kennel. He’s OA and bites the leash when outside the kennel and, inside the kennel, appears very stressed (barking and shaking the shoreline). 6 month old puppy, Muffin, is in the shoreline under him (along with other puppies next to them) and appears frightened every time Spanky barks or shakes the shoreline. 

2/25/2024 Smart boy who knows sit and is very treat motivated. A little jumpy and exhibited some leash biting, but redirects easily with treats. Did much better during a walk when he knew treats were involved, but he did get a little jumpy a few times. Went back in his kennel easily and no body handling issues when picked up to put back in the top shoreline kennel.

2/26/2024 Mega leash biter !!! Cannot even walk him because it’s so bad, he will even accidentally get your hands trying to bite the leash. Just constantly on level 10!!!!!!  -Amber 

3/16/2024 3/16:  Sounds like Spanky had a tough few days, but seemed to be doing better today when Elizabeth and I took him out! Was easy to leash with a treat on the other side of the loop. Went a long route inside on our way out to the playyard and he started out biting and jumping at the leash pretty incessantly; stopped every few steps and asked him to “down” or “sit” and reinforced with a treat each time, and the rate of the biting and jumping decreased to off-and-on. Once in the playyard, he was easy to unleash and I wrapped our leashes around the top of the fence. He was excited and pretty jumpy. Continued command training - giving him a treat pretty much any time all four paws were on the ground or he was sitting - and again he caught on quickly! I was worried about him having too many treats and getting sick, so started intermittently using verbal praise and affection to reinforce and that seemed to work equally well by that point! Jumping decreased noticeably and he leaned against us for affection and belly rubs. By the end, he was able to approach me, while kneeling, a couple of times without jumping. Easy to releash with treat on the other side of the loop and, walking the same route back to his kennel, he jumped and bit at the leash only once - and let go immediately without any redirection!! The more he learns, the more of his sweet, smart, and eager to please self we get to see! Treats, praise, and affection go a long way with Spanky!

4/4/2024 4/04Yesterday, dropped off enrichment before taking him out. He fixated on the leash but managed to “sit” in his kennel and was easily leashed. Once out of the kennel, he tugged on it for a few minutes and then responded to redirection (“down” or “sit”) + treat + verbal praise! It only took a few reps for him to walk well on the leash the remainder of our time. Continued with intermittent reinforcement of good walking, adding in “find it” (dropping the treat on the floor) to keep it novel and fun.  In the play yard, we worked on “stay” (he’s a fast learner!) but he was mostly interested in affection. At one point when releashing him, he bit the leash but redirected immediately with “eh” + “sit” + treat and he didn’t bite it again. Walking on the trail, he was very easy on leash and enjoyed sniffing around.  I’ve detailed it in above notes but will list specific steps below and “pin” for easy reference. I spoke with his kennel tech, Benji, this past weekend and got an encouraging update yesterday that he’s been implementing and finding the techniques to be effective, which has made taking Spanky out much easier. Grateful for volunteer/staff collaboration and definitely seems to point to consistency being key!

4/4/2024 Spanky Training/Handling Tips:? Drop off enrichment to help him expend some mental energy if possible before taking him out. (Frozen enrichment can be found in the white freezer located in the back sally port)? Before opening the kennel, show him your treats and ask him to “sit” and then give him a treat when he sits. If he’s excited, it  may take a few asks before he responds. Then use the treat on the other side of the loop trick to get the leash on him.? Keep treats visible as you walk and throw them on the ground for him to “find it” until you get outside or he shifts his attention to his surroundings ? If he bites at the leash, continue walking while ignoring the behavior. If you are in a contained area, intersperse dropping the leash in response to any increase in tugging. As soon as there is a slight pause or decrease in intensity, redirect him with “down” and/or “sit” and then give him a treat with verbal praise. Repeat as needed.? Start walking again, a treat + praise or throwing treat for him to ""find it"" every few steps ? If he starts to bite again, correct him by saying “eh” and then reset his behavior with “down” or “sit” followed by treat + praise. Then resume walking ? Once biting stops, keep him engaged and reinforce good walking with intermittent treats thrown for him to find? When un/re-leashing, first ask him to “sit” first and then give him a treat.  ** If you try to pull the leash away from him, he will tug back. If you ignore, drop the leash (he's not a runner), and redirect him with a command, then he will drop the leash to fetch the treat! ** Continue asking him to ""find it"" until he is leading the walk and no longer looking at you. At this point, he'll be easy on leash ** Any time you need to adjust/tighten/handle the leash, ask him to do something and reward him right as you do it (this results in him focusing on what you want him to do vs. the leash you're adjusting)

4/5/2024 Spanky was in the courtyard when I arrived this morning so we skipped pre-enrichment. He was jumpy but sat and let me leash him, and redirected from leash biting quickly. He had fun throwing a toy around the play yard and then running after it. I kept the leash in my hand for most of play time and he did a great job ignoring it, needing redirection only once. He was more jumpy than usual, needing redirection with “down” throughout and treats whenever he kept his paws on the ground while approaching. Went to the staff room to find the pasture leash but decided against it d/t time. Went back into his kennel easily and was enjoying frozen enrichment as I left. I’m not sure if him seeming more OA has to do with him moving to ISO yesterday (d/t Malinois puppies arriving, nothing Spanky did) but was glad to hear that staff will continue to give him extra attention and enrichment.

4/15/2024 Took Spanky out today with a metal lead. Easier to leash him than with cloth lead. Still some LB but not as severe and he stopped pretty quickly, and we went out to the field to walk around.  He got OA with the 50 ft leash in the field, so we had to leave it unraveled. 

4/15/2024 Took Spanky out yesterday as well - once in the morning and again in the late afternoon, and he did great both times. Followed the pinned tips - enrichment first and then had him sit in the kennel for a treat and again once out of the kennel (he doesnt run off so I leash him outside of the kennel to deemphasize leash), he listened both times and was very easy to leash! The first outing, he didn’t bite the leash until we were out in the hallway! The second time, he didn’t bite at all except for a brief (likely bored) moment as I spoke to people in the hallway on our way back in. Responded relatively quickly to redirection “down” or “sit” and didn’t bite it again.  He enjoyed playing with a plush toy in the multipurpose room interspersed with belly rub breaks.  Super proud of him and thinking he’ll be a great fit for the upcoming sports training - if he doesn’t get adopted first!

4/24/2024 4/24He got all the way to the hallway leading outside before any biting occurred! This followed  the usual frozen enrich + “sit” in kennel + “sit” outside of kennel + “find it” while walking. Was easily redirected in the hallway. Greeted a couple of dogs nose to nose through the fence with a wagging tail. Was mostly interested in affection in the play yard. At one point, there was a dog loose on the other side who I went to leash; Spanky started barking as I walked the other dog inside and then bit at the leash once I got back so I wonder if he got bored or frustrated. I ignored the behavior and gave him a treat when he dropped it and sat, and he walked well inside! He enjoyed playing with his toy and resting for belly rubs in the multipurpose room and self-entertained while I spoke with Hannah! Was excited when greeting Naomi and Daisy so still working on seated greetings, but was glad to hear from multiple staff that he’s been doing better! He’s such a love

4/26/2024 Spanky was being taken out to be seen by an adopter when I helped adoptions worker Timya get him. He was leashed fine but then when we were trying to get him to stop jumping, he began his leash biting. Timya couldn't start moving him due to him jumping and thrashing with the leash, so I took over. Spanky continued to leash bite and I attempted to keep him short-leashed. I kept him short-leashed and walked into the hallway while he continued leash biting and thrashing, trying to turn his body towards me so he could try to play tug of war. When I was trying to keep him under control in the hallway, he continuously thrashed and tangled his legs into the leash all while still holding the leash in his mouth at some capacity. I told adoptions there wasn't a way to properly and calmly show him to an adopter without him showing out on leash. 

4/27/2024 when taking out to pasture, had to place collar due to LB issueshad to choke (cut of blood flow) multiple times to get him to let go of leash (long & short); nearly broke flirt pole (playing with very roughly)will occasionally use person as catapult to grab higher on leash (can hear his teeth clap shut) when moving from ISO to 300, refused to let go; hot dog to nose did not work, hot dog tossed to the back of the kennel did not work, towel swats to nose did not work, kennel door between him and I did not work; 3 people & 7 minutes - had to be sprayed in the face with a hose to get him to let go - tried using techniques that volunteer Katie Callum uses, did not work for me Katie R

4/29/2024 4/21Elizabeth and I took Spanky out for DFAD yesterday and he did great! No pre-enrichment but had him “sit” for a treat before I opened his kennel and then again while leashing him - we made it outside without any leash biting! Peed as soon as outside. Needed a boost going in/out of the car but was very relaxed in the car, laying down or sitting to look out the window. Would recommend keeping windows mostly up or securing his harness with a seatbelt as he had an instinct to jump out when the car was still. When the door was opened, he waited for help. Benefitted from some activity and stimulation before being relax-on-the-patio-ready (so many exciting new smells and sights!) We walked around The Works and he would stop and sniff occasionally. He particularly enjoyed walking through tall sea-like grass, which must have felt good and was sweet to watch! Friendly and affectionate with everyone he met and, as time went on, did great at keeping his paws on the ground when greeting people - and even, with cuing, sitting for a treat or pet! There were a couple of instances when brief leash biting occurred (always following a 10-15 min stretch of time where he wasn’t otherwise engaged); ignored it, showed him the treat, and repeated “sit” and he dropped it and resumed walking. Engaging with him more regularly (via affection, commands, or having him find a thrown treat) prevented further leash biting. Was well-behaved in a pet store and sat nicely for a treat from the employee; picked out a squeaker toy (which he carried in his mouth the rest of the walk) and enjoyed a pup cup! Was pet by a man who was holding his young daughter in his other arm and Spanky ignored the child, enjoying attention from dad. It was fun being out with him and seeing him so much more at ease outside of the shelter! Observing his behavior out of the shelter has me even more confident that being in a home where he can decompress and has regular interaction and stimulation will do wonders at eliminating any OA and leash biting! He’s just a super smart pup who needs opportunities to use his brain!

4/29/2024 4/28Spanky boy did great yesterday! Since he moved to 300, walked through steps for taking him out of the kennel with tech Jennifer and he didn’t bite at the leash at all until we were already outside and Jennifer and I were busy talking (aka a bored Spanky) but he responded immediately to the leash being dropped and subsequent redirection (“sit” and then “find it” with treats). Went out to pee and for an easy walk around the parking lot before going inside for an hour or so of play and belly rubs. He alternated between brief bursts of play and rest or walking around the office curiously. He is so sweet and loved giving kisses to all! After more than an hour of indoor time, took him outside and he peed right away and for a while (again, suspect he is potty or easily trained) Given reports of him being difficult to handle, Erica and Lauren R took a video (posted above) to illustrate the step-by-step approach. As depicted, he was easy to leash and responsive to “sit,” “down,” “find it,” and dropping the leash/ignoring the pulling. We had Megan from adoptions join, practicing the same approach, and, with redirection repeated at the start and “find it” every few steps until in the main hallway, he was responsive and stopped biting! *If you try the pull the leash away from him, he will think you are playing and tug back harder. Instead, the leash can be dropped if in an enclosed area (he’s not a runner) or ignored while repeating commands until he responds. Spanky is so sweet, smart, and just a puppy! ","5/13/2024 Everything has been good so far. Below are some highlights from our time with him over the last week:Crate trained; goes into his crate and sleeps through the night with no issuesKnows the sit command very well and working on other commandsTakes re-direction very wellNon reactive to dogsPlays well with our dog; I would say he’s pretty gentle in play styleHasn’t barked much at allHe’s totally a lap dog and super cuddlerLoves to give kissesAbsolutely loves all the toysWould love a backyard or some outdoor space; he loves being outside and looking out of the windowLots and lots of puppy energy; I think he would benefit from having a playmate to help burn energyNon-aggressive; He has not displayed any signs of aggression towards us, our dog or the neighbors dogs who bark a lot and run up to our fence.Some of the not so good:- He whines a bit when we put him in the crate if he can’t see us. He has not been left home alone so not sure how he would do so there are possible signs of separation anxiety. - Had a couple of pee accidents in the house. He had the first poop accident yesterday but the day before he had no accidents and no accidents today so I’m not majorly concerned. I think he’s still adjusting to the environment and our schedule. We’re home all the time so he gets to go outside a lot to help with potty training. - Lastly, he is a jumper. He likes to jump on furniture and has counter surfed a time or two 😂. Once again, I think these are puppy behaviors that can be easily corrected. 

3/13/2025 Timestamp 2025-03-13 12:25:10Dog's name SpankyDoes this dog take any medication or have any known medical issues, injuries, or allergies? If yes, please explain. NoHow long have you had this dog? Since Feb. 17thThis dog is a... Trial Adoption (I was fostering to see if I wanted to adopt.)Why are you bringing this dog back to the shelter today? Family issuesPlease explain in your own words, why you need to return this dog. He’s a smart, sweet dog. Just thing didn’t go as planned with him.While in your care, did this dog live with children? YesIf this dog lived with or interacted with children, how old were the children? 12 yearsHow would you describe this dog's behavior towards the children? Mostly FriendlyAre there any details about this dog interacting with children that you would like to share? NoIf this dog has had issues with children that include behavior such as growling, snapping, or showing teeth, please describe the circumstance, tell us how often and give as much detail as possible. He did snap once at the child but I think it was out of irritation.What other animals did this dog live with in your home? No other animalsIf other animals lived in the home, how well did this dog get along with them? NoneIf this dog met or played with other dogs please describe their body language NervousHas this dog ever fought with another dog? If yes, please describe the incident. NoHas this dog ever injured another dog? If yes, please describe the incident. NoHow does this dog react when they see a prey animal (squirrel, mouse, bird) or cat outside? ExcitedHas this dog ever killed a prey animal or pet? If yes, please describe the incident. NoIs there any other information you would like to share about this dog interacting with other animals? NoneWhere did this dog spend most of their time? BothDo you have a fenced yard? YesHow did you exercise this dog? Walks numerous times a dayHow often did you exercise this dog? DailyWhat kind of collar did you use for this dog? Body harnessHow was this dog on a leash? Some pulling, but manageableHave you ever taken this dog to a training class? NoWhat commands does this dog know? Most Common. Sit, down, bed, no, shakeWhich behaviors does this dog need improvement on? AggressionWhen the dog played did they typically... JumpHow long each day was this dog left alone inside your home? 8 -10 hoursWhen left inside your home alone, was this dog... CratedWhen this dog was left alone did they show any of the following behaviors? None of theseIs this dog crate trained? Yes, for more than 8 hours.How often did this dog have potty accidents in the house? NeverHow often did this dog destroy things other than toys? RarelyIf this dog destroys things, is it only when left alone? NoWhat items did this dog destroy? Cheap dog toysWhat does this dog do when a stranger/visitor comes into the house? ProtectiveWhat does this dog do when a stranger tries to pet them? ProtectiveWhat does this dog do when you or someone else goes near the food bowl while they are eating? NothingWhat does this dog do when someone tries to take away toys, bones, food, or anything the dog decides is valuable? NothingWhat does this dog do when someone tells them to get off of furniture? Gets downWhat is this dog's best quality? Smart, listens well, crate and house trainedWhat is this dog's worst quality? NothingCheck all that apply to this dog's personality Friendly, Clingy, Goofy, Playful, Affectionate, GrumpyIn your own words, describe this dog's personality. Spunky!What is this dog afraid of? How do they react? The dark, he turns away or gets between legs.All dogs have sensitive places. Where is this dog sensitive about being touched? Describe their reaction. Face, cheeks, earsHave you seen them act aggressively toward anyone? YesHave you seen this dog snarl (show teeth) at someone? When? How often? Please explain. Yes, mainly at men.Has this dog growled at you or someone else? When? How often? Please explain. Yes, me, while crating dog.Has this dog snapped at you or someone else? When? How often? Please explain. Yes, myself and daughterHas this dog ever bitten or nipped anyone while living with you? NoWould you like to be notified if this animal is ever at risk for euthanasia? YesIf the animal is still here in 30 days, would you like us to check in with you? Yes",1/20/2024,L3
39,A0055170336,Dog,Montana,02 year(s) 07 month(s) 04 day(s)," Tan / White Mixed Breed, Large (over 44 lbs fully grown) / Mix",Urgent,Foster Foster Home,8/29/2023,S,65,3,1/17/2026 02:44 PM,L3 -A/H/RG,941010001926985,,,,,,,,,,,1/17/2026,L3
40,A0055170623,Dog,Skylar,06 year(s) 02 month(s) 06 day(s)," Tan Terrier, American Pit Bull / Mix",Available,Foster Foster Home,1/27/2020,S,38,3,1/26/2024 06:39 PM,L2 - BR,941010001833847,,Negative,3/20/2025,Behavior,https://bit.ly/Adopt-Skylar,,"4/9/2024 Skylar and 41 lb 1yr old unaltered female met through the play yard fences, had loose wiggly body language and circular tails.  The other pup was brought into the play yard with Skylar and did some parallel walks, and got some sniffs in.  We were able to drop leashes and allowed pet.DF",,"1/27/2024 The person that took her out of the car let me put the leash on her & he put her down. She started flipping out & going around my legs in circles & choking herself with the leash. Had to pick her up for her to stop. Put her down again & she did the same thing, then picked her up again & had to carry her inside to the run. -JP

2/20/2024 Unfamiliar with the leash, will dodge the lasso. We were able to leash her using treats. Scared to walk outside, go slow, she will get there. In the play yard we immediately dropped the leash. She was very submissive and affectionate, tail tucked, ears back, unsure of her surroundings. It didn't take long for her to realize she was safe. She accepted lots of treats and affection running back and forth between LR and SP leaning in for pets and giving kisses. SP and LR initiated play, she was a little startled and unsure for a split second, then realized it was play time! She has the cutest little zoomies and play bows. She enjoys running around with her people. Scared to walk on leash back inside, we went slow and she got there. Easily put a collar on her in hopes walking on leash will be less scary for her. Easily unleashed and re-kenneled. Very sweet!

3/29/2024 Frantic barking and pacing/jumping, wide eyed and tapping her feet up and down in kennel. Written up for traz and added to priority 

4/2/2024 intense BR, pacing, wide eyed, salivating

4/6/2024 written up for trazodone. frantic jumping and pacing at gate. kennel presence is awful. written up for trazodone",,1/26/2024,L2
41,A0055384323,Dog,Sweet Girl - ADOPTED,05 year(s) 07 month(s) 11 day(s), White / Grey Terrier / Mix,Trial Adoption,Foster Trial Adoption,8/22/2020,S,38,3,2/21/2026 03:55 PM,L2-SF,985113004335018,,,,,,,,,,,2/21/2026,L2
42,A0055454653,Dog,Amy,05 year(s) 00 month(s) 21 day(s), Brindle Shepherd / Mix,Available,Foster Foster Home,3/12/2021,S,44,3,3/1/2024 11:14 PM,L2-SF,941010001948121,,Negative,3/12/2025,Lack of Space,https://bit.ly/Adopt-Amy,,"3/19/2024 Did a dog test with 2 dogs. King Kong (male) A55477807 and Jinora (female) A55464936. She had high tail wags at first meeting them through the fence. She became more loose and wiggly meeting them on leash, gave several play bows to both. We went into the yard with King Kong and Amy both on leash. They continued to sniff each other and give play bows but mostly ignored each other.",,"3/3/2024 growling, showing teeth in kennel. behavior during exam was had to use a catch pole for her shots but switched to a leash. very uncomfortable with handleing so stopped the exam she sat behind me on her own accord but didnt want to push it.

3/7/2024 First time out today she was nervous when leashing and retrieving. Timid walking through kennel to the play yard. In the play yard she mostly ignored us. Took the occasional treat and allowed for brief chin scratches. Easily unleashed and re-kenneled.We took her out a second time, she was very easily leashed and retrieved and had a loose body with tail wags. In the play yard she was more than happy to take treats and does so gently. Allowed for lots of pets leaning in for them and rolling on her back for belly rubs. Very sweet/shy girl. Easily unleashed and re-kenneled.  

3/8/2024 Very wiggly and affectionate today.

3/19/2024 I approached her in an outdoor kennel, she was barking. I offered her a treat through the fence and she sniffed it but didn't eat it, I tossed the treat next to her and she still didn't eat it. I then opened the kennel door and she began wagging her tail and sniffed my shoes. I got down low and she allowed me to leash her easily. She walked great on leash and seemed more comfortable the more she walked around. She sniffed many different dogs through the fence, had a high tail wag at first but got loose the more she sniffed. She allowed for lots of pets and even gave kisses on the face. I got on the floor with her and she went right between my legs and just wanted to be petted and gave more kisses.From: Lyndsey Davis",,3/1/2024,L2
43,A0055669132,Dog,Babes,05 year(s) 11 month(s) 25 day(s), Black / White Bulldog / Mix,Priority,Dogs 603 A3,4/8/2020,S,37,3,2/6/2026 05:00 PM,L2 - SD/H,941010001880008,,,,,,,,,,,2/6/2026,L2
44,A0055697269,Dog,Zoey,04 year(s) 00 month(s) 15 day(s)," Black / White Mixed Breed, Medium (up to 44 lbs fully grown) / Mix",Available,Foster Foster Home,3/18/2022,S,44,2,4/10/2024 08:34 PM,L1,941010001847361,,Negative,6/5/2025,Lack of Space,https://bit.ly/adopt-Zoey,,,,4/11/2024 Easily handled in intake and during exam.,"4/1/2025 ZOEY – 2 Week Foster Questinonaire 3/22General Personality Sweet, lively, and docileDaily Routine She spends time in her crate each day when I am not at home.What food do they eat? Purina Dog Chow ChickenWhat would be an ideal home and family for your foster? She would adjust to many types of home.On a scale of 1 to 5 how housetrained are they? 5Does your foster use a kennel without excessive barking/whining, escape attempts, or destruction? YesWhere do they sleep at night? In a crateDo they sleep through the night? YesHas he / she been exposed to any kids? If yes, what ages? How did it go? She has not be around childrenHas he / she been exposed to any cats? If yes, how did it go? She has seen cats and did not express intense interest. She is a playful dog, however, so probably irritate most cats.Do they prefer men or women? No preferenceDoes he / she live with another dog? I have other dogs she is with.Has he / she been around other dogs? She is playful with other dogs.Does he / she know any basic commands? Which ones (Sit, stay, come, lay down, etc) ? Come, sit.Is your foster dog leash reactive? What makes them bark/lunge on leash? She is not leash reactive.What devices do you use to walk your dog? (Type of harness, collar, etc) Harness with leashLeash Walking Rating 4How does your foster do in the car? She rides well in a care.How does your foster do for a bath? She stands still for a bath.Energy level 4How much exercise does it take to tire them out? She runs around the yard for an hour at a time without getting overly tired.If they don't get enough exercise, what happens? She does not change.A perfect day for your foster would include ____________? Playing with other dogs, getting to lie around with me and the other dogs.How cuddly are they? 4Favorite toys or games? She likes to chew. Benebones are her favorite.Tell us a fun story about your foster I don't have one.I love my foster and think he/she is fabulous because _____________? She is just a happy dog who loves life.What makes him/her nervous or unhappy? Nothing. She seems well adjusted.Overall, how are your foster's manners? (some examples: Jumps on people? Mouthy? Gets into trash?) She is generally polite.Does your foster have any behavioral issues or quirks? None.Does your foster have any medical issues? NoneAnything else you want to share? No.Facebook Presence 1Instagram Post Presence 1Instagram Stories Presence 1Nextdoor Presence 1Youtube Presence 1Other social media platforms utilized? NoneWhat was the date of the last adoption event you took your foster to? NoneWhat prevents you from taking your foster to (more) events? (check all that apply) Dates / times don't work with my schedule, Locations aren't convenientWhat gear & materials do you utilize to help get your foster recognized? (check all that apply) NoneWhen was the last time you took your foster out on the town? NeverWhat prevents you from taking your foster out on the town more often? (check all that apply) Schedule issuesWhat do you think is preventing your foster from being its most-adoptable self? (check all that apply) Just so many dogs available.How can we help? NoWhat day do you give your foster heartworm and flea/tick preventatives? Last day of the monthAre you interested in adopting your foster pet? NoWould you be willing to have your foster dog transfer to a rescue partner? Yes",4/10/2024,L1
45,A0055822832,Dog,Daisy Maisy,02 year(s) 05 month(s) 01 day(s)," Tan Terrier, Pit Bull / Mix",Available,Foster Foster Home,11/1/2023,S,39,3,1/14/2026 03:33 PM,L1,941010003306641,,,,,,,,,,,1/14/2026,L1
46,A0055857982,Dog,Dani,02 year(s) 10 month(s) 27 day(s)," White Terrier, Pit Bull / Mix",Available,Foster Foster Home,5/6/2023,S,37,3,8/16/2024 05:42 PM,L1,941010001889216,C-Selective,Negative,5/22/2025,Lack of Space,https://bit.ly/Adopt-Dani,,,"8/21/2024 tested with sadie, haribo, darvis, runi, huey; puppy energy, uninterested initially, play bowed to all dogs in the yard, ignored corrections from haribo, listened to staff assisted corrections. p/p playstyle - might do well in r/r group. -gillian flebbe",5/6/2024 Easily handled ,"8/17/2024 DANI – Adoption Return 8/16/24How long have you had this dog? 4 monthsIf this dog is heartworm positive, did you start heartworm treatment? NoDoes this dog take any medication or have any known medical issues, injuries, or allergies? If yes, please explain NoWhy are you bringing this dog back to the shelter? Family issuesPlease explain in your own words, why you need to return this dog We are homeless due to a tree falling on our house.While in your care, did this dog live with children? YesIf this dog lived with or interacted frequently with children, how old were the children? 16 and 7How would you describe this dog's behavior towards the children? Jumps On ThemIf this dog didn't live with children, how often did this dog interact with children? A few times a monthWhat does this dog do if a child runs towards them? Runs at them.What does this dog do if a child tries to hug them? Tries to jump on them.What does this dog do if a child touches/pets them? Might try to snap at there hand.If this dog has had issues with children that include behavior such as growling, snapping, or showing teeth, please describe the circumstance, tell us how often and give as much detail as possible She did snap at my godson when he tried to pet her and playing with her.What other animals did this dog live with in your home? Large dog(s)If other animals lived in the home, how well did this dog get along with them? OkIf this dog met or played with other dogs please describe their body language: Jumpy, Dominant, Rough/needs mannersHas this dog ever fought with another dog? If yes, please describe the incident NoHas this dog ever injured another dog? If yes, please describe the incident NoHas this dog ever killed a prey animal? (mouse, bird, rabbit, etc) If yes, please describe the incident NoHas this dog ever injured or killed another pet? If yes, please describe the incident NoHow does this dog react when they see another dog outside? StareIs this dog's behavior different on or off leash when they see a dog outside? NoWhere did this dog spend most of their time? InsideHow long did this dog spend outside each day? 1 hourDo you have a fenced yard? NoIf you do not have a fenced yard, do you: Walk the dog on a leashHow did you exercise this dog? Playing outsideHow often did you exercise this dog? DailyHow often did you take this dog for leash walks? More than once a dayWhat kind of collar did you use for this dog? Buckle collarHow was this dog on a leash? Some pulling, but manageableHave you ever taken this dog to a training class? NoHave you trained this dog yourself? YesWhat kind of training tools have you tried with this dog? Treats, PraiseWhat commands does this dog know? SitWhich behaviors does this dog need improvement on? Jumping, Barking, Whining, ChewingWhich games does this dog like? NoneWhat type of toys does this dog like? Bones/Nylabones/ChewsWhen the dog played did they typically BarkHow long each day was this dog left alone inside your home? 7 hoursWhen left inside your home alone, was this dog Confined to a roomWhen this dog was left alone did they show any of the following behaviors? Destroyed household items, BarkedIs this dog crate trained? NoHow many hours did this dog stay crated? My dog doesn't regularly stay in a crateHow often did this dog have potty accidents in the house? NeverHow often did this dog destroy things? 1-2 times a weekIf this dog destroys things, is it only when left alone? YesWhat items did this dog destroy? Game console, dolls, blankets and shoes.What does this dog do when someone knocks at the door? NothingWhat does this dog do when a visitor tries to pet them? NothingWhat does this dog do when a stranger approaches you on a walk? JumpingWhat does this dog do when a stranger tries to pet them while on a leash with you? JumpingWhat does this dog do when a stranger walks past the car with them inside? NothingWhat does this dog do when unfamiliar people walk by while they are in the yard? StareWhat does this dog do when you or someone else goes near the food bowl while they are eating? NothingWhat does this dog do when someone tries to take away toys, bones, food, or anything the dog decides is valuable? BarkWhat does this dog do when someone reprimands them? BarksWhat is this dog's best quality? Stays up under youWhat is this dog's worst quality? BarkingCheck all that apply to this dog's personality: Clingy, Playful, Overly reactiveHave you seen them act aggressively toward anyone? YesHave you seen this dog snarl (show teeth) at someone? When? How often? Please explain NoHas this dog growled at you or someone else? When? How often? Please explain Yes my dad when he comes in the houseHas this dog snapped at you or someone else? When? How often? Please explain YesHas this dog ever bitten or nipped anyone while living with you? NoWould you like to be notified if this animal is ever at risk for euthanasia? No",8/16/2024,L1
47,A0055942798,Dog,Woofie Goldberg,06 year(s) 02 month(s) 20 day(s)," Black / White Terrier, Pit Bull",Available,Foster Foster Home,1/13/2020,S,66,3,1/12/2026 01:03 PM,L1,941010001981196,,,,,,,,,,,1/12/2026,L1
48,A0055952142,Dog,Angel,03 year(s) 10 month(s) 13 day(s)," White / Beige Mixed Breed, Medium (up to 44 lbs fully grown) / Mix",Available,Foster Foster Home,5/20/2022,S,37,3,5/18/2024 08:05 PM,L2-SF,941010001915335,,Negative,7/1/2025,Behavior,https://bit.ly/AdoptSaraHelen,,nan,,"5/19/2024 A little nervous in the kennel but was easy to get out. Easily handled during the exam.

5/25/2024 Moved to L2-SF/A from L1. Was observed barking and growling in the kennel at Dennis C. Wide eyed, snarling, hackles up but also backing away from the gate when he walked by. I asked him to wait a moment and explained the dog was showing defensive aggression and not offensive. She was still snarling at the  door but I cracked it open and she jumped down and ran to the back with hackles still up. I crouched down and she slowly came and sniffed my hand then loosened up and solicited attention. Dennis was still standing in front of her kennel door but he was looming over her. She would side eye him and growl in-between soliciting attention from me. I asked him to crouch too and to not stare directly at her. She sniffed his hand briefly then ran back to me. Demonstrating some SF/A behaviors. Unclear if it's specific to men or if she was anxious and fearful in that moment with new people. Moved to L2-SF/A. GO SLOW. Made no attempts to actually bite despite fear. 

6/18/2024 HIGH STRESS! Growling and snarling at the gate, barking, pacing, salivating, wide eyed, jumping on the kennel door. Has shown some aggression towards staff before. I have been able to handle her out of kennel but poses a bite risk.

6/19/2024 severe BR. Lunging and growling at the kennel door, attempting to bite behind bars. Very sweet and easily handled when out of kennel but presence is very unsettling. High FAS.

6/21/2024 Can Sara Helen please be dog tested? She does seem to excitement bark and whine and pulls towards other dogs when we walk by them. I never get close enough to really test it though to see if she is just wanting to play or not. Would be good to know! She’s a very good girl and easy to handle when she’s with me.

6/28/2024 Struggling in the kennel, barking, side eyeing and showing all teeth during rounds.  Adding focus group

nan",8/17/2024  I got here integrated with my dogs on my own.  It took 3 weeks but she loves my boy.  I'm getting her more socialized.I have been on a bit of a workathon so I haven't taken her out as much as planned.  I took her to coffeeshop and she freaked out seeing other dogs. She was cool with humans.i definitely have her in more adaptability.She's gained probably about 8 -10 pounds.,5/18/2024,L2
49,A0055971280,Dog,Dean,03 year(s) 04 month(s) 09 day(s)," White / Black Mixed Breed, Medium (up to 44 lbs fully grown) / Mix",Available,Foster Foster Home,11/24/2022,N,56,3,5/21/2024 05:49 PM,L1,941010002394423,,Positive,9/27/2025,Behavior,https://bit.ly/Adopt-Dean,,"nan

6/13/2024 Personality: Dean is a sweet dog. Doesn’t seem to like a lot of affection. He was more interested in sniffing around outside and exploring. He is easy on his leash and also easily leashed in and out of his kennel. His foster notes say he was very loving, he might be more affectionate when he feels comfortable. Dog Test 1: Did a dog test with Boombox (M) We had them meet through the fence first. Dean had loose body language, had slow tail wags and followed Boombox back and forth along the fence. Once we took Dean out of the play yard he went directly up to Boombox and started smelling his face. We took them on a side by side walk and allowed them to sniff each other a few times. Everything was going well until Dean started to hump Boombox repeatedly. Boombox wasn’t reactive to Dean showing dominance. We didn’t further the test after seeing this behavior.Dog Test 2: Dean met Chiara through the fence first and they sniffed but Dean didn’t seem too interested. We tried a side by side walk but Chiara had some hackles up and started redirecting towards Timya. Dean really wanted to get to her but not in an aggressive way. We did not feel comfortable finishing the dog test so I will retest him with another female to see how he does. Medical: 1 year and 6 months Hw + 36lbs How Do I Handle Stress? Seems to be doing ok in his kennel but does bark a lot when you approach his kennel. He walks confidently through the building with no issues. What Do I Need Help With Most? Socialization with other dogs. He did well on his dog tests but he likes to be dominant. The Most Memorable Thing About Me: His big ears.Intake Info: He was a friendly finder who brought him back due to some behavioral issues. What is my strategic out? Breed, age, and look. Ongoing care: getting him neutered to see if this helps with his behavioral issues. Other notes: He is a marker, he marked every bush we passed by. ",,,"5/24/2024 Foster Return 5/24/24 (In foster x 3 days, friendly finder foster)Returning due to Behavioral problems, He's aggressive sexually with my other dogs. And while he is very mild when outside, he's very protective of me with anyone who comes in the house. That being said, he's a great dog who would do well in a home with no other pets.The dog did not live with children, but has met children while with me. Interacted with kids aged 8-11. Behavior towards children: Mostly FriendlyIf a child tries to hug them, He's fineIf a child pets them, He let's themIf they see a child on a bike, NothingAny issues with children? n/aLived with Small dog(s), He was sexually aggressive which caused fightsWhen meeting other dogs, their body language is Excited, Stiff, ShyHas this dog ever fought with another dog? When he tried mounting my other dogs, the snapped at him.When they see an outside cat, IDKWhen they see a small animal like a squirrel, IDKWhen they see another dog outside, He tries to mount themIs this dog’s behavior different on or off leash when they see a dog outside? NoSpent most of their time inside, spent At least an hour a day outside each dayFoster had fenced yard. Exercised with multiple walks/day, wearing Body harness. Some pulling, but manageable on leash. Commands known: DownWhat behaviors need improvement: Jumping, Barking, WhiningEnjoyed Wrestling, Bones/Nylabones/ChewsWhen plays typically Jump, Bite lightlyNever left alone. “Yes” to crate trained. Crated 4-8 hours/day. Potty accidents: 1-2 times a weekDestructive Behavior: NeverWhen someone knocks at the door, Barks loudlyWhen a stranger/visitor comes into the house,  He doesn't like it. Barks loudly and has to be restrained from going after them.When a visitor tries to pet,  Outside of the house, he's fine. Inside the house, he is in defense mode.When a stranger approaches on a walk, NothingWhen a stranger tries to pet them while on leash, Let's themWhen strangers walk by the yard or while they are in the car,  Barks loudlyWhen someone goes near their food bowl when eating, NothingWhen someone tries to take away toys or food, NothingWhen told to get off the furniture,  He gets down.When someone tries to give them a hug, He lets them if we're outside the house.When reprimanded, He looks guiltyBest Quality: He's very loving and sweet.Worst Quality: He is very aggressive with strangers in the house.Personality: Friendly, Playful, Affectionate, Overly reactive, Sweet and protectiveAfraid of Not sureSensitive to being touched None that I know ofBecomes annoyed/irritated when IDKHave you seen them act aggressively towards anyone? YesHave you seen this dog snarl (show teeth) at someone? Guests that visit the houseHas this dog growled at you or someone else? Never at me and never at anyone outside the house.Has this dog snapped at you or someone else? NoHas this dog ever bitten or nipped anyone while living with you? NoWould you like to be notified if this animal is ever at risk for euthanasia? Yes 

5/16/2025 DEAN – Foster Notes Timestamp 2025-05-08 09:25:06General Personality Sweet, curious and medium energyDaily Routine Crate trained overnight, outside 5x per day and whenever the weather is nice.What food do they eat? Purina Pro healthWhat would be an ideal home and family for your foster? A home where someone can continue to work with him with training, and also one without any cats!On a scale of 1 to 5... how housetrained are they? 5Does your foster use a kennel without excessive barking/whining, escape attempts, or destruction? YesWhere do they sleep at night? In a crateDo they sleep through the night? YesHas he / she been exposed to any kids? If yes, what ages? How did it go? NoHas he / she been exposed to any cats? If yes, how did it go? Not okay with cats, wants to chase and gets tunnel vision/distracted when they are aroundDo they prefer men or women? No preferenceDoes he / she live with another dog? YesHas he / she been around other dogs? Dean is sweet and playful with all of my other dogs! Him and our little daschunds will run around the yard and play for hoursDoes he / she know any basic commands? Which ones (Sit, stay, come, lay down, etc) ? Sit!Is your foster dog leash reactive? What makes them bark/lunge on leash? NoWhat devices do you use to walk your dog? (Type of harness, collar, etc) Collar, regular leashLeash Walking Rating 4How does your foster do in the car? Very anxious and paces around the car. Definitely has a little bit of car anxietyHow does your foster do for a bath? Fine, dean loves baths!Energy level 4How much exercise does it take to tire them out? 5-7 houseIf they don't get enough exercise, what happens? It just takes him a little longer to settle in his cage and we notice he paces a little more but nothing other than that.A perfect day for your foster would include ____________? Having a day outside to run around with lots of treats!How cuddly are they? 2Favorite toys or games? SticksTell us a fun story about your foster... One time he found a box turtle in the yard and didn't understand what it was, and everytime the turtle would snap back into its shell Dean would lose it and bark and nudge it.I love my foster and think he/she is fabulous because _____________? His big ears!What makes him/her nervous or unhappy? Loud noisesOverall, how are your foster's manners? (some examples: Jumps on people? Mouthy? Gets into trash?) He does jump on people sometimes when he gets overstimulated but we are working on it!Does your foster have any behavioral issues or quirks? NoDoes your foster have any medical issues? NoAnything else you want to share? N/aFacebook Presence 1Instagram Post Presence 2Instagram Stories Presence 2Nextdoor Presence 1Youtube Presence 1Other social media platforms utilized? NoneWhat was the date of the last adoption event you took your foster to? N/aWhat prevents you from taking your foster to (more) events? (check all that apply) Dates / times don't work with my schedule, Manners (i.e. leash manners, mouthy, jumpy)What gear & materials do you utilize to help get your foster recognized? (check all that apply) N/aWhen was the last time you took your foster out on the town? Yesterday!What prevents you from taking your foster out on the town more often? (check all that apply) Not comfortable taking a dog out on the town myselfWhat do you think is preventing your foster from being its most-adoptable self? (check all that apply) Meeting new people, I don't have time to market themHow can we help? Social media partner, Getting foster to events, TrainingWhat day do you give your foster heartworm and flea/tick preventatives? 1st every monthAre you interested in adopting your foster pet? NoWould you be willing to have your foster dog transfer to a rescue partner? Yes",5/21/2024,L1
50,A0056025635,Dog,Rick Sanchez,05 year(s) 10 month(s) 02 day(s)," Black / White Terrier, Pit Bull / Mix",Available,Foster Foster Home,5/31/2020,N,81,3,5/29/2024 10:08 PM,L2-BR,941010003408863,Friendly,Negative,7/20/2025,Lack of Space,https://bit.ly/AdoptRickSanchez,,"7/10/2024 Rick Sanchez met Julio through the play yard fence. They ran back and forth engaging in play for a while, stopping occasionally for sniffs and licks.  Julio was brought into the play yard with Rick Sanchez where they sniffed each other and ran back and forth soliciting for pets. DF

nan",12/22/2024 Rick Sanchez was partnered with Monica for dog assessments on 12/16/24. Rick was very neutral and a bit aloof. Gentle/Dainty playstyle. He did not do well with high energy dogs but did well with other chill dogs ,"5/31/2024 easily handled

6/5/2024 I took out Rick to go see how he behaved in a courtyard. He was leashed and taken out easily. He's pretty strong on a leash but he had no other issues. Once in the yard, he started marking and going to the bathroom first thing. He had very loose body language with a loose tail while he walked around, and also acknowledged me for butt rubs and leaning into me a few times. He did not seem bothered by dogs who were close by barking. I was still watching him and kennel tech Rafael walked by to say hello. Rick went to the fence and started barking, but still kept loose body language. Rafael placed his hand at the fence and Rick stopped barking, sniffed and became looser in body language. Overall he seems very loose and dog neutral so far.

8/28/2025 easily handled in the kennel and during the intake exam. 

8/31/2025 Changed to L2-BR, approached his kennel and he ran towards kennel door, hard staring, hackles up and low growling. Offered hand up to door and he started going at the kennel door.","12/13/2024 RICK SANCHEZ – Foster Return 12/13 How long have you had this dog? 6 months?Does this dog have any known medical issues, injuries, allergies or on any medication? If yes, please explain noneWhy are you bringing this dog back to the shelter? vacation i WILL BE BACK on Dec 28 to pick himupWhile in your care, did this dog live with children? NoHow would you describe this dog's behavior towards the children? Nervous, Jumps On Them, Too much for them in play (knocks them down, etc)If this dog didn't live with children, how often did this dog interact with children? RarelyWhat does this dog do if a child is crying or screaming? NeevousWhat does this dog do if a child runs towards them? nervousWhat does this dog do if a child tries to hug them? nervousWhat does this dog do if a child touches/pets them? probably fine under supervisionWhat does this dog do if they see a child on a bike? IgnoreWhat does this dog do if they see a child running? IgnoreWhat does this dog do if someone picks up a child? ignoreWhat other animals did this dog live with in your home? Large dog(s), 2 soaued females over 50lbsIf other animals lived in the home, how well did this dog get along with them? perfectIf this dog met or played with other dogs please describe their body language: Jumpy, Stiff, Dominant, Rough/needs mannersHas this dog ever fought with another dog? If yes, please describe the incident noHas this dog ever injured another dog? If yes, please describe the incident noHow does this dog react when they see an outside cat? unknownHow does this dog react when they see a small animal like a squirrel? chaseHas this dog ever killed a prey animal? (mouse, bird, rabbit, etc) If yes, please describe the incident noHas this dog ever injured or killed another pet? If yes, please describe the incident noHow does this dog react when they see another dog outside? whines and focuses, slightly aggitatedIs this dog's behavior different on or off leash when they see a dog outside? yes calmer of leashWhere did this dog spend most of their time? BothHow long did this dog spend outside each day? as long ashe wantedDo you have a fenced yard? YesIf you do not have a fenced yard, do you: seeaboveHow did you exercise this dog? 30 min walk per day minHow often did you exercise this dog? DailyHow often did you take this dog for leash walks? More than once a dayWhat kind of collar did you use for this dog? Pinch collarHow was this dog on a leash? Gets excited when they see other dogs, Barks/snarls/lunges when they see other dogsHave you ever taken this dog to a training class? NoHave you trained this dog yourself? NoWhat kind of training tools have you tried with this dog? Treats, Praise, ClickerWhat commands does this dog know? Sit, Down, Stay, ComeWhich behaviors does this dog need improvement on? dog interaction and leash reactivityWhich games does this dog like? Tug, None, hideand seek, treat huntWhat type of toys does this dog like? Balls, Plush, Squeaky, Tug toy, Bones/Nylabones/ChewsWhen the dog played did they typically wrestled, bitey face, never aggressiveHow long each day was this dog left alone inside your home? 6 hrsWhen left inside your home alone, was this dog crate trained in the beginningWhen this dog was left alone did they show any of the following behaviors? noneIs this dog crate trained? YesHow many hours did this dog stay crated? My dog doesn't regularly stay in a crateHow often did this dog have potty accidents in the house? NeverHow often did this dog destroy things? NeverIf this dog destroys things, is it only when left alone? NoWhat items did this dog destroy? nonWhat does this dog do when someone knocks at the door? BarksWhat does this dog do when a stranger/visitor comes into the house? barks, has some stranger dangerWhat does this dog do when a visitor tries to pet them? Has stranger dangerWhat does this dog do when a stranger approaches you on a walk? fineWhat does this dog do when a stranger tries to pet them while on a leash with you? fineWhat does this dog do when a stranger walks past the car with them inside? fineWhat does this dog do when unfamiliar people walk by while they are in the yard? protectiveWhat does this dog do when you or someone else goes near the food bowl while they are eating? fineWhat does this dog do when someone tries to take away toys, bones, food, or anything the dog decides is valuable? fineWhat does this dog do when someone tells them to get off of furniture? fineWhat does this dog do when someone tries to give them a hug? fineWhat does this dog do when someone reprimands them? fineWhat is this dog's best quality? CUTE, wants to learn, super snugglerWhat is this dog's worst quality? protective, stanger danger and leash reactivityCheck all that apply to this dog's personality: Friendly, Clingy, Goofy, Playful, AffectionateIn your own words, describe this dog's personality he's a super sweet guy, needs help managing his emotionsAll dogs are afraid of something loud noises?All dogs have sensitive places maybe ear cleaning?All dogs become annoyed or irritated at times tickling feetHave you seen them act aggressively toward anyone? YesHave you seen this dog snarl (show teeth) at someone? When? How often? Please explain yes, stranger in the houseHas this dog growled at you or someone else? When? How often? Please explain seeabove, never his familyHas this dog snapped at you or someone else? When? How often? Please explain see above, never his familyHas this dog ever bitten or nipped anyone while living with you? NoIf this dog was heartworm positive, did you start heartworm treatment? Yes. The dog completed treatment.Would you like to be notified if this animal is ever at risk for euthanasia? Yes 

8/30/2025 Timestamp 2025-08-26 16:02:47Your Name: Emily KozarekEmail: ekozarek@gmail.comDog's name: Rick SanchezAnimal ID #: 56025635Does this dog take any medication or have any known medical issues, injuries, or allergies? If yes, please explain. Trazadone and Fluxotine - injury on left shoulder please have vet look!How long have you had this dog? 1 yearThis dog is a... Foster (I had this pet as a foster for more than 3 nights.)What is the main reason you are returning this pet to the shelter? Temp vacation I AM COMING BACK TO GET HIM ON SEP 7While in your care, did this dog live with children? NoHow would you describe this dog's behavior towards the children? Would do OK with older/bigger kids and proper trainingIf this dog has had issues with children that include behavior such as growling, snapping, or showing teeth, please describe the circumstance, tell us how often and give as much detail as possible. naWhat other animals did this dog live with in your home? Large dog(s)If other animals lived in the home, how well did this dog get along with them? Ignored each other - no issues at allIf this dog met or played with other dogs please describe their body language: Nervous, Needs something to chew on (tennis ball/kong) for anxietyHow does this dog react when they see a prey animal (squirrel, mouse, bird) or cat outside? interestedHas this dog ever killed a prey animal or pet? If yes, please describe the incident. noIs there any other information you would like to share about this dog interacting with other animals? Very slow intros - does MUCH better with a kong/tennis ball for anxietyWhere did this dog spend most of their time? BothDo you have a fenced yard? YesHow did you exercise this dog? daily walks (short bc of shoulder and heat)How often did you exercise this dog? DailyWhat kind of collar did you use for this dog? Body harnessHow was this dog on a leash? Some pulling, but manageable, Gets excited when they see other dogs, needs a kong/tennis ball to redirect anxietyHave you ever taken this dog to a training class? NoWhat commands does this dog know? Come, sit, stay/wait, down, shake, kissWhich behaviors does this dog need improvement on? AnxietyWhen the dog played did they typically... Jump, paw, run/keep away, snuggleHow long each day was this dog left alone inside your home? up to 8 hours but rarelyWhen left inside your home alone, was this dog... Able to roam freeWhen this dog was left alone did they show any of the following behaviors? None of these, he was PERFECT - left out with my resident dog, never a single issueIs this dog crate trained? Yes, for more than 8 hours.How often did this dog have potty accidents in the house? NeverHow often did this dog destroy things other than toys? NeverIf this dog destroys things, is it only when left alone? NoWhat does this dog do when a stranger/visitor comes into the house? Protective but if the 'stranger' gives him a toy or bone he is their immediate best friendWhat does this dog do when a stranger tries to pet them? Kind of nervous but he loves friendsWhat does this dog do when you or someone else goes near the food bowl while they are eating? Moves out of the way lolWhat does this dog do when someone tries to take away toys, bones, food, or anything the dog decides is valuable? No problem at allWhat does this dog do when someone tells them to get off of furniture? Listens very well then looks at you like you hurt his feelingsWhat is this dog's best quality? SNUGGLESWhat is this dog's worst quality? ProtectivenessCheck all that apply to this dog's personality: Friendly, Independent, Goofy, FearfulIn your own words, describe this dog's personality. SO LOVING but a little weary/protective of strangersWhat is this dog afraid of? How do they react? Beeping noisesAll dogs have sensitive places. Where is this dog sensitive about being touched? Describe their reaction. His booty - he didn't like it touched but now he 'kind of' loves butt scratchesHave you seen them act aggressively toward anyone? YesHave you seen this dog snarl (show teeth) at someone? When? How often? Please explain. yes - strangers who come in the house. He is outside but immediate friends if the stranger has a bone/toy/treat etc.Has this dog growled at you or someone else? When? How often? Please explain. Only strangersHas this dog snapped at you or someone else? When? How often? Please explain. NoHas this dog ever bitten or nipped anyone while living with you? NoPlease tell us anything you would like us to know about this dog to help us find it an adoptive home. Ricky Ricky Sanchez is SUCH AN AMAZING GUY!!! He is desperate to learn, grow and be a really good dog. He learns super quickly, gets proud of himself and is SUCH a love. Ideal home would be no other dog and no children (esp no young kids only bc he loves to snuggle and it is hard to breathe) but with proper training and intros he would be incredible with the right family - kids and dogs included. Probably no cats :)Would you like to be notified if this animal is ever at risk for euthanasia? YesIf the animal is still here in 30 days, would you like us to check in with you? Yes",5/29/2024,L2
51,A0056032086,Dog,Kiaayo,," Grey Mixed Breed, Medium (up to 44 lbs fully grown) / Mix",Available,Foster Foster Home,,N,42,1,5/30/2024 03:40 PM,,941010002118640,,Negative,5/30/2025,Lack of Space,https://bit.ly/AdoptKiaayo,,,,,,5/30/2024,
52,A0056039115,Dog,Sterling,04 year(s) 04 month(s) 06 day(s), Brindle Bullmastiff / Mix,Court,Dogs 202 6,11/27/2021,M,140,3,5/31/2024 03:44 PM,STAFF ONLY,,,Negative,6/3/2026,,,Court Mandate,,,"6/2/2024 Very BR but when he comes out is sweet. Was doing intake and went to scan him with the microchip scanner and he started showing his teeth and his hackles went up. I jumped back from him and he started lunging at me. He backed me into the wall  and was lunging so hard i thought he was going to break the leash had to call for help. Micky came in and catch poled him and put him back in the kennel.

6/3/2024 Growling hard staring showing teeth barrier reactive

6/8/2024 very food motivated. Started with low growling and baring teeth at the door. I offered a few treats and he loosened up completely. Allowed for brief pets on the head and ears. Would low growl again when door opened. Did not attempt to retrieve today but appears willing to interact with people. Re-check later. 

6/11/2024 Still growling at gate. 

9/17/2024 gave treats through kennel, displayed loose body, relaxed ears/mouth. treat motivated. all dogs were in exterior portion of their kennel, sterling was brought into interior portion and he allowed us to leash and remove him from his kennel. pulls hard on leash, attempts to choose path. when given verbal correction he stopped pulling on leash momentarily. brought him to pasture where he remained on leash. explored pasture, showed high interest in chicken coop, no interest in mower that was far out in pasture. allowed shannon to give treats, sat for treats, and allowed full body pets and head pets. showed minor interest in playing with toys. loose body language throughout duration of interaction. eager to get back inside. when placed in kennel allowed me to enter kennel with him and remove leash without issue. -gillian flebbe

9/23/2024 displayed long stroked wagging tail, eagerly took treat when offered. -gillian flebbe

10/26/2024 greeted him in yard. met me at gate, ears laid softly against head, relaxed pant, allowed me to pet his entire body and give him butt slaps. ran back and forth between me and the gate, was able to recall to me when fixating on another dog. got zoomies and was able to entice to play. he began mouthing on my sleeve and attempting to play tug of war with it, i corrected him, offered leash tugs and physically removed my sleeve from him but he continued to grab my sleeve until i removed myself from run. bite inhibition good but does not listen to verbal corrections. 

10/29/2024 sterling, rock lee, and remson got loose from their exterior kennels this morning. sterling locked onto remson's neck and pinned him down. remson was unable to escape and sterling would not refocus. madison, shelby, and todd came by to break up the dogs. (rock lee observed incident and ran into an open kennel where todd was able to secure him) catch pole placed around remson and madison grabbed hold of sterlings rear legs, eventually getting him to detach from remson. at that point sterling was catch poled and replaced in his kennel. he began biting the catch pole and would not release. todd sprayed sterling with the hose to coerce him to drop catch pole but sterling did not appear phased nor would he redirect. he was frantically biting catch pole, bleeding profusely at the mouth, and panting heavily with a wide mouth. eventually released catch pole but was panting heavily with wide mouth and elongated tongue, pacing and looking everywhere but at todd and i who were standing directly in front of kennel at his eye level. coerced him into interior portion of run where he displayed similar behavior and remained standing at front of his kennel looking everywhere. placing a ""do not remove from kennel"" sign on his run as he has many incidences where he has escaped his run and been extremely difficult to replace into kennel, he is aggressive with other dogs, and although appears to have good bite inhibition, his mouthiness is still very strong and he is a very strong dog. considering recent interactions, it appears sterling is displaying frustration behaviors and no methods of soothing works for him, he stays amped up for extended periods of time and is unresponsive to verbal direction.  unknown how dogs kennels were opened as they were secured when i walked by and interacted with 200 dogs 30 minutes prior, all kennel doors of escaped dogs were opened outward. 

12/28/2024 biting guillotine wire. tugged it until the pulley got jammed and then he was chewing on the wire. when i approached him he turned around to look at me and offered licks when i put my hand up to his kennel, but then he went back to looking at the guillotine. once i was out of sight he went back to chewing but stopped when i told him no.  has been observed chewing on kennel bars when in a state of high arousal. becomes fixated on stimulus and does not calm down for extended period of time. will begin daily enrichment to reduce FAS.

12/28/2024 in an attempt to do counter-conditioning, i opened sterling's kennel door to put a collar on him but once his kennel door was cracked sterling began frantically biting at the collar and would not release. i opted to let him have the collar to which i observed him display behaviors associated with PTSD; immediate aggression upon interaction with trigger, disassociation, shaking, inability to self-soothe - based on behavior observed when chewing on the collar, i believe he may have PTSD surrounding catch poles/leashing.  on multiple occasions, sterling has had bouts of over arousal that he cannot be redirected from and will remain in a state of high stress for an extended period of time. at this time, sterling is not safe to handle and his QOL appears very poor. ",,5/31/2024,STAFF ONLY
53,A0056096120,Dog,Kumar,02 year(s) 09 month(s) 23 day(s)," Black / White Terrier, Pit Bull / Mix",Available,Foster Foster Home,6/10/2023,N,50,3,6/8/2024 11:57 PM,L2-OA,941010002112996,,Negative,7/15/2025,Lack of Space,https://bit.ly/AdoptKumar,,,,"6/10/2024 Easily handled but muzzled for precaution

6/28/2024 Still hides under bed (comfort thing?) but is very outgoing during feeding or cleaning. Possible reassessment?

6/30/2024 Submitting for level reevaluation - He’s hardly visible when you walk by his crate because he sleeps underneath the bed, but he jumps out from under it and greets me at the kennel door quite readily and energetically! Playful, friendly, and affectionate with me and staff we encountered. Did not observe any SF behaviors

7/10/2024 Sweet last couple of weeks, asks for affection. Switch to other to free indoor/outdoor (not a shoreline)

7/11/2024 Sweet last couple of weeks, asks for affection. Switch to other to free indoor/outdoor (not shoreline).

12/8/2024 Meet with Kumar's foster mom Megan virtually. She stated that the main issue she has with Kumar is his over arousal and nipping behavior. Based on our conversation she described how when she takes Kumar on dog play-dates this behavior decreases but she is not able to do this as often. She recently purchase some more kong like items which I encourage her to increase the use of in addition to snuffle mats. I directed her to book a in-home assessment so I can see their relationship since it sounds like Kumar is very smart and knows a lot of cues. My guess is that he just needs more physical and mental stimulation in addition to polishing off their communication. I really do need to see kumar nipping and being over aroused to figure out why is this happening and if it's over arousal. It sound like she has a pretty good grasp on why is this happening so my job is to help her with some strategies that are possible given her free time and Kumar's needs. Here is the zoom recording https://www.dropbox.com/scl/fi/ldvatoqj4mr8f0ewwr28k/Virtual-Consultation.mp4?rlkey=rbpn51bnizsbym0gycpnaivtz&st=cxqs5pgl&dl=0

1/23/2025 leash bitter but easily handled while in intake and during exam 

2/1/2025 I was attempting to leash Kumar from the intake kennel to move him to the floor. but he had leashes hanging off of his harness that community support was unable to retrieve due to behavior. I was able to leash him & bring him to the exam room to remove the harness, but as I slowly reached to unbuckle it, he attempted to bite. I stepped back & gave him a minute then I was able to remove it. Then as I attempted to leash him again he snarled & snapped. I then had to catchpole him & he was moved to 200. 

2/2/2025 Shaking in his kennel, quickly became very excited to see me. Sat and easily allowed me to leash him. No problems unclipping his harness, not big fan of taking it off his head, done without issue. Big puppy energy and a bit jumpy/ mouthy at times, will calm down and take treats gently. Enjoys affection. Likes toys, no resource guarding seen. Easily re-kenneled and unleashed without issues. ","1/31/2025 Foster Return 1/31/25 (I had this pet as a foster for more than 3 nights.)How long have you had this dog?.3 6 monthsDoes this dog have any known medical issues, injuries, allergies or on any medication? If yes, please explain. noWhy are you bringing this dog back to the shelter?.2 vacationWhile in your care, did this dog live with children? NoHow would you describe this dog's behavior towards the children? Too much for them in play (knocks them down, etc)If this dog didn't live with children, how often did this dog interact with children? NeverWhat does this dog do if a child is crying or screaming? naWhat does this dog do if a child runs towards them? naWhat does this dog do if a child tries to hug them? naWhat does this dog do if a child touches/pets them? NaWhat does this dog do if they see a child on a bike? naWhat does this dog do if they see a child running? naWhat does this dog do if someone picks up a child? naIf this dog has had issues with children that include behavior such as growling, snapping, or showing teeth, please describe the circumstance, tell us how often and give as much detail as possible. naWhat other animals did this dog live with in your home? Small dog(s), CatsIf other animals lived in the home, how well did this dog get along with them? gets along with dogs, I have a small 14 pound dog but he will try to play with him occasionally. My dog doesn't care to play and Kumar doesn't always listen or catch cues.If this dog met or played with other dogs please describe their body language: Excited, Jumpy, Rough/needs mannersHas this dog ever fought with another dog? If yes, please describe the incident. NoHas this dog ever injured another dog? If yes, please describe the incident. noHow does this dog react when they see an outside cat? would chaseHow does this dog react when they see a small animal like a squirrel? probably chaseHas this dog ever killed a prey animal? (mouse, bird, rabbit, etc) If yes, please describe the incident. NoHas this dog ever injured or killed another pet? If yes, please describe the incident. noHow does this dog react when they see another dog outside? sometime ignores, sometimes pulls leash and will barkIs this dog's behavior different on or off leash when they see a dog outside? more excited on leashWhere did this dog spend most of their time? InsideHow long did this dog spend outside each day? 1 hourDo you have a fenced yard? NoIf you do not have a fenced yard, do you: Walk the dog on a leashHow did you exercise this dog? Walks, playingHow often did you exercise this dog? DailyHow often did you take this dog for leash walks? More than once a dayWhat kind of collar did you use for this dog? Body harnessHow was this dog on a leash?.2 Some pulling, but manageableHave you ever taken this dog to a training class? YesHave you trained this dog yourself? YesWhat kind of training tools have you tried with this dog? Treats, PraiseWhat commands does this dog know? Sit, Down, Stay, Give PawWhich behaviors does this dog need improvement on?.1 Jumping, Counter surfing, over arousal, nippingWhich games does this dog like? Fetch, Tug, loves sticksWhat type of toys does this dog like? Tug toy, Bones/Nylabones/ChewsWhen the dog played did they typically... Jump, Bark, Bite hard,How long each day was this dog left alone inside your home? 8 hoursWhen left inside your home alone, was this dog... CratedWhen this dog was left alone did they show any of the following behaviors?.1 he may whine in crate for few minutesIs this dog crate trained? YesHow many hours did this dog stay crated? 4-8 hoursHow often did this dog have potty accidents in the house? RarelyHow often did this dog destroy things? RarelyIf this dog destroys things, is it only when left alone? NoWhat items did this dog destroy? he will get to shoes if left around, but he hasn't actually destroyed themWhat does this dog do when someone knocks at the door? barks runs to doorWhat does this dog do when a stranger/visitor comes into the house? jumpsWhat does this dog do when a visitor tries to pet them? JumpsWhat does this dog do when a stranger approaches you on a walk? jumpsWhat does this dog do when a stranger tries to pet them while on a leash with you? jumpsWhat does this dog do when a stranger walks past the car with them inside? barks jumps excitedWhat does this dog do when unfamiliar people walk by while they are in the yard? NaWhat does this dog do when you or someone else goes near the food bowl while they are eating? nothingWhat does this dog do when someone tries to take away toys, bones, food, or anything the dog decides is valuable? nothingWhat does this dog do when someone tells them to get off of furniture? sometimes listensWhat does this dog do when someone tries to give them a hug? Usually will exceptWhat does this dog do when someone reprimands them? BarksWhat is this dog's best quality?.2 sweetWhat is this dog's worst quality?.2 Over arousalCheck all that apply to this dog's personality:.2 Friendly, Goofy, Playful, Affectionate, Overly reactiveIn your own words, describe this dog's personality..1 Kumar is a sweet dog. He's learned alot with me. But his over arousal can be alot and he doesn't listen in that state. He needs work learning how to play correctly can sometimes be mouthy and to not jump.All dogs are afraid of something. What is this dog afraid of? How do they react? NaAll dogs have sensitive places. Where is this dog sensitive about being touched? Describe their reaction. naAll dogs become annoyed or irritated at times. What annoys this dog? Describe their reaction. naHave you seen them act aggressively toward anyone?.1 NoPlease tell us anything else you would like us to know about this dog. I'll be back for him next weekIf this dog was heartworm positive, did you start heartworm treatment?.2 NoWould you like to be notified if this animal is ever at risk for euthanasia? Yes

2/1/2025 KUMAR – Adoption Return 1/28 How long have you had this dog? 5 daysIf this dog is heartworm positive, did you start heartworm treatment? NoDoes this dog take any medication or have any known medical issues, injuries, or allergies? If yes, please explain NoWhy are you bringing this dog back to the shelter? Behavioral problemsPlease explain in your own words, why you need to return this dog The dog got extremely aggressive and attacked and bit both multiple people.While in your care, did this dog live with children? NoIf this dog lived with or interacted frequently with children, how old were the children? NoneIf this dog didn't live with children, how often did this dog interact with children? NeverWhat other animals did this dog live with in your home? No other animalsIf this dog met or played with other dogs please describe their body language: Stiff, Apprehensive, Dominant, Rough/needs mannersHas this dog ever fought with another dog? If yes, please describe the incident noHas this dog ever injured another dog? If yes, please describe the incident noHow does this dog react when they see a small animal like a squirrel? DominantHas this dog ever killed a prey animal? (mouse, bird, rabbit, etc) If yes, please describe the incident NoHas this dog ever injured or killed another pet? If yes, please describe the incident noHow does this dog react when they see another dog outside? Dominant and aggressiveWhere did this dog spend most of their time? InsideHow long did this dog spend outside each day? 2 hoursDo you have a fenced yard? NoHow did you exercise this dog? long walks and dog parkHow often did you exercise this dog? DailyHow often did you take this dog for leash walks? More than once a dayWhat kind of collar did you use for this dog? Pinch collarHow was this dog on a leash? Pulls very hard, Barks/snarls/lunges when they see other dogsHave you ever taken this dog to a training class? NoHave you trained this dog yourself? NoWhat kind of training tools have you tried with this dog? Treats, PraiseWhat commands does this dog know? Sit, DownWhich behaviors does this dog need improvement on? Jumping, Whining, Counter surfingWhich games does this dog like? NoneWhat type of toys does this dog like? Balls, Plush, Squeaky, Tug toy, Bones/Nylabones/ChewsWhen the dog played did they typically Jump, Growl, Bite hardHow long each day was this dog left alone inside your home? 1-2 hoursWhen left inside your home alone, was this dog CratedWhen this dog was left alone did they show any of the following behaviors? Barked, CriedIs this dog crate trained? YesHow many hours did this dog stay crated? Less than 4 hoursHow often did this dog have potty accidents in the house? RarelyHow often did this dog destroy things? RarelyIf this dog destroys things, is it only when left alone? NoWhat does this dog do when someone knocks at the door? bark ans growlWhat does this dog do when a stranger/visitor comes into the house? jump and biteWhat does this dog do when a visitor tries to pet them? jump and biteWhat does this dog do when a stranger approaches you on a walk? Shows dominanceWhat does this dog do when a stranger tries to pet them while on a leash with you? appear dominantWhat does this dog do when you or someone else goes near the food bowl while they are eating? BarkWhat does this dog do when someone tries to take away toys, bones, food, or anything the dog decides is valuable? bark and bite lightlyWhat does this dog do when someone tells them to get off of furniture? listensWhat does this dog do when someone tries to give them a hug? snaps occasionallyWhat does this dog do when someone reprimands them? does not listenWhat is this dog's best quality? Very sweet and loving at timesWhat is this dog's worst quality? Extreme aggresionCheck all that apply to this dog's personality: Clingy, Affectionate, Aggressive, Overly reactiveIn your own words, describe this dog's personality sweet and playful but randomly provoked at certain timesAll dogs are afraid of something Other dogs and strangersAll dogs have sensitive places Legs/paw areas and bitesAll dogs become annoyed or irritated at times honestly no clueHave you seen them act aggressively toward anyone? YesHave you seen this dog snarl (show teeth) at someone? When? How often? Please explain Yes multiple times at random times and unknown reason whyHas this dog growled at you or someone else? When? How often? Please explain Both and multiple times a day still for unknown reasonsHas this dog snapped at you or someone else? When? How often? Please explain Yes at multiple occasions for unknown reasonsHas this dog ever bitten or nipped anyone while living with you? YesHas this dog bitten/nipped more than once? YesWhen was the last time this dog bit and broke skin on you or someone else? Please explain Jan. 27 Who was nipped/bitten? myself and roomateWhere on the body were they nipped/bitten? hands and armsWas the person nipped or bitten more than once? yesWhat happened just before the dog nipped/bit? dog was chewing on bone then snappedDid the dog's teeth make contact with the person's skin? YesDid the nip/bite leave a mark on the skin? YesDid the nip/bite break skin? NoWas it a puncture or a scratch to the skin? scratchDid the wound bleed? NoDid the person need medical attention? NoWould you like to be notified if this animal is ever at risk for euthanasia? Yes

3/20/2025 KUMAR – Foster Return 3/20 Does this dog take any medication or have any known medical issues, injuries, or allergies? If yes, please explain trazadone helps calm himHow long have you had this dog? 8 monthsThis dog is a Foster (I had this pet as a foster for more than 3 nights.)What is the main reason you are returning this pet to the shelter? family trip, counldnt find short term fosterWhile in your care, did this dog live with children? NoWhat other animals did this dog live with in your home? Small dog(s), CatsIf other animals lived in the home, how well did this dog get along with them? Too much energy for cat , not agressive but wanted to playLives with smaller dog, they co exist. Kumar wants to play with smaller dog but the small dog doesn't want to play back. I set up playmates with a friends dog similar age and energy level and they do great together. But he can be a rough playerIf this dog met or played with other dogs please describe their body language: Excited, Jumpy, Rough/needs mannersHas this dog ever fought with another dog? If yes, please describe the incident noHas this dog ever injured another dog? If yes, please describe the incident noHow does this dog react when they see a prey animal (squirrel, mouse, bird) or cat outside? chaseHas this dog ever killed a prey animal or pet? If yes, please describe the incident noWhere did this dog spend most of their time? InsideDo you have a fenced yard? NoIf you do not have a fenced yard, do you: Walk the dog on a leashHow did you exercise this dog? walks, yard play sessionsHow often did you exercise this dog? DailyWhat kind of collar did you use for this dog? Buckle collarHow was this dog on a leash? Some pulling, but manageable, Gets excited when they see other dogsHave you ever taken this dog to a training class? YesWhat commands does this dog know? sit, lay, shake, leave it, twirl, stayWhich behaviors does this dog need improvement on? jumping, mouthiness, leash biting/pulling, ovrrall inpulse controlWhen the dog played did they typically Jump, Bite lightly, Bite hardHow long each day was this dog left alone inside your home? 8 hoursWhen left inside your home alone, was this dog CratedWhen this dog was left alone did they show any of the following behaviors? na cratedIs this dog crate trained? Yes, for 4-8 hours.How often did this dog have potty accidents in the house? 1-2 times a monthHow often did this dog destroy things other than toys? RarelyIf this dog destroys things, is it only when left alone? NoWhat does this dog do when a stranger/visitor comes into the house? excited jumpyWhat does this dog do when a stranger tries to pet them? excited jumpsWhat does this dog do when you or someone else goes near the food bowl while they are eating? nothingWhat does this dog do when someone tries to take away toys, bones, food, or anything the dog decides is valuable? nothingWhat does this dog do when someone tells them to get off of furniture? nothingWhat is this dog's best quality? sweet lovingWhat is this dog's worst quality? Can be crazy, doesnt listenCheck all that apply to this dog's personality: Friendly, Independent, Goofy, Playful, AffectionateIn your own words, describe this dog's personality goofy energetic ""puppy"" need patient and active home that can give him the direction he needsAll dogs have sensitive places Sometimes his feet, he will nip at handHave you seen them act aggressively toward anyone? NoWould you like to be notified if this animal is ever at risk for euthanasia? YesIf the animal is still here in 30 days, would you like us to check in with you? Yes

5/16/2025 KUMAR – Foster Notes General Personality Energetic playfulDaily Routine Wake up, go on walk (30 min), lunch (out of some sort of enrichment usually Kong wobble), yard time/ play time, crated while at work (6-8 hours), go on walk (30 min), dinner (out of some sort of enrichment usually frozen into west paw toppler), yard time/ play time, short potty break, bed time (crated 8 hours). Try to squeeze in as many sort train/ treat session in.What food do they eat? Purina one salmonWhat would be an ideal home and family for your foster? Active, patient family. With where kumar is right now I’d say without kids or someone wiling to get some training done with him to get is OA under controlOn a scale of 1 to 5... how housetrained are they? 4Does your foster use a kennel without excessive barking/whining, escape attempts, or destruction? YesWhere do they sleep at night? In a crateDo they sleep through the night? YesHas he / she been exposed to any kids? If yes, what ages? How did it go? NAHas he / she been exposed to any cats? If yes, how did it go? Not aggressive but wants to play with themDo they prefer men or women? No preferenceDoes he / she live with another dog? YesHas he / she been around other dogs? Lives with small 14 pound dog (the small dog is not interested in playing and kumar desperately wants to play with him). He plays with a friends dog of similar size and play style. He likes playing with other dogs but he can be rough and doesn’t always catch the ques to back off.Does he / she know any basic commands? Which ones (Sit, stay, come, lay down, etc) ? Sit, lay, stay (somewhat), shake, twirl, roll,Is your foster dog leash reactive? What makes them bark/lunge on leash? when he sees other dogs he get excited and pullsWhat devices do you use to walk your dog? (Type of harness, collar, etc) Harness and I’ll use a metal leash sometimes. He can occasionally try to leash pull and the metal prevents that.Leash Walking Rating 3How does your foster do in the car? Loves car ridesHow does your foster do for a bath? Decent. He can be a little difficult to dry but we are getting betterEnergy level 5How much exercise does it take to tire them out? Hour +If they don't get enough exercise, what happens? Becomes very OAA perfect day for your foster would include ____________? A road trip to a hiking trail. Followed by some time in the yard to lay in the sun and chew on sticks with some occasional tug of war sessionsHow cuddly are they? 3Favorite toys or games? Sticks / tug of warTell us a fun story about your foster... He loves to chase bees around the yard, he jumps up in the air to try to catch themI love my foster and think he/she is fabulous because _____________? He’s sweet and goofyWhat makes him/her nervous or unhappy? He doesn’t love his crate but is calm once inside.Overall, how are your foster's manners? (some examples: Jumps on people? Mouthy? Gets into trash?) He’s jumpy, mouthy, counter surfsDoes your foster have any behavioral issues or quirks? He’s jumpy, mouthy, counter surfs, overall issues with impulse controlDoes your foster have any medical issues? NoAnything else you want to share? He’s currently on trazodone to help level out his crazinessFacebook Presence 3Instagram Post Presence 2Instagram Stories Presence 2Nextdoor Presence 1Youtube Presence 1Other social media platforms utilized? NaWhat was the date of the last adoption event you took your foster to? NaWhat prevents you from taking your foster to (more) events? (check all that apply) Dates / times don't work with my schedule, Locations aren't convenient, Manners (i.e. leash manners, mouthy, jumpy)What gear & materials do you utilize to help get your foster recognized? (check all that apply) Adopt Me bandanaWhen was the last time you took your foster out on the town? NAWhat prevents you from taking your foster out on the town more often? (check all that apply) MannersWhat do you think is preventing your foster from being its most-adoptable self? (check all that apply) Leash Manners, Mouthy, Snatchy (toys,food,snacks), Meeting new peopleHow can we help? Training, Trade foster dog with another foster, If their is someone more experienced with OA, a better set up for him (fenced yard, another energetic playful dog), or more time to work with himWhat day do you give your foster heartworm and flea/tick preventatives? 2025-04-15 00:00:00Are you interested in adopting your foster pet? NoWould you be willing to have your foster dog transfer to a rescue partner? Yes",6/8/2024,L2
54,A0056115306,Dog,Axle- ADOPTED,01 year(s) 11 month(s) 20 day(s)," Golden Mixed Breed, Medium (up to 44 lbs fully grown) / Mix",Trial Adoption,Foster Trial Adoption,4/13/2024,N,34,3,2/20/2026 01:00 PM,L2-OA,941010003397848,,,,,,,,,,,2/20/2026,L2
55,A0056223206,Dog,Mendel,04 year(s) 09 month(s) 08 day(s)," Brown / White Terrier, Pit Bull / Mix",Available,Foster Foster Home,6/25/2021,N,54,3,6/23/2024 06:54 PM,L1,941010002253970,C-Selective,Negative,9/14/2025,Lack of Space,https://bit.ly/AdoptMendel,,,"8/2/2024 Notes from 8/2 PG - social/seective - stiff interactions, minorly playful",6/25/2024 easily handled,"10/13/2024 Dog For The Day 10/13/24 (I picked this pet up earlier today for an outing.)What activities did you do with this dog today? We went to the Pride Parade! Took him out around 10am and brought him back around 5pmDid this dog have any interactions with the follow? [Dogs ] Positive InteractionDid this dog have any interactions with the follow? [Cats] Negative InteractionDid this dog have any interactions with the follow? [Men ] Positive InteractionDid this dog have any interactions with the follow? [Women ] Positive InteractionDid this dog have any interactions with the follow? [Children ] Positive InteractionIf this dog met any children on your outing, how would you describe this dog's behavior towards the children? Mostly FriendlyHow was this dog on a leash? Great on a leashDid this dog know any commands? SitWhat is this dog's best quality? Mendel is an all around chill guy that seems to get along with all people and dogs! He walks soooo well on a leash! Would make the perfect walking buddy.What is this dog's worst quality? He was obsessed with the kitten in the office when we were getting ready to take him out and also saw a chipmunk that he was anxious to chase - seems to have high prey drive with tiny animals. We saw one small dog on the street and he did not react the same but I think he should be tested with a small dog if someone who was interested in him had a small dog.Check all that apply to this dog's personality: Friendly, Independent, Affectionate, PoliteDid this dog have an potty accidents? NoWhat was this dog's activity level? Medium Energy (Alternates rest and play)Anything else you'd like to tell us to help them find an adoptive home? Mendel was perfect and we had him out in a high energy environment for a long time! He loved being a part of the party - we tried to put him in the crate in the van while we waited for the parade to start because it was getting hot. But he didn't rest in the crate, it made him anxious because he wanted to be outside with everyone and the other dogs. He's super friendly and seems like he'd do great in a home with other dogs, maybe not cats since he seems to like to chase them. Also seems like a great family dog. He greeted so many people, adults and kids alike, during the parade and was super friendly to everyone he met. He seems potty trained as he didn't have any accidents in his kennel and went to door when he had to go out in the morning when we went to get him out. He rides well in the car, was a little anxious, but eventually settled. He walks beautifully on the leash! He doesn't pull and follows the human's lead. He's a wonderful boy who deserves a wonderful loving home!Have you seen this dog act aggressively toward anyone? NoPlease tell us anything else you would like us to know about this dog He's pretty perfect from what we saw over the 7 hours we had him at the Parade!Would you like to be notified if this animal is ever at risk for euthanasia? Yes

10/18/2024 Dog + human friendly (including kids) -- no one is a stranger and he wants to meet all the four-legged friendsGives the best kisses and hugsCan handle a REALLY loud, hot parade type setting like a champEasy going and will be happy as long as he is beside his human(s). Enjoys walks and LOVES/GETS excited when he sees squirrels and chipmunks. Based on his overall personality, I think it's a curious thing vs ""I want to eat that"" kind of thing. :) He is a little anxious in the car -- but I'm afraid that's b/c our first outing I took him to a very loud, chaotic setting (aka Pride Parade) where we were positioned in front of fire trucks. I think he would get over the car anxiety when he realizes he's never going to a parade setting again. LOL.  He doesn't jump in the front while you're driving - he just pants and doesn't sit or lie down. He loved shopping at Whole Dog Market and won over the staffHe would be a VERY easy first time foster for anyone interested in trying it outGreat on a leash - with the occasional pull of excitement when a squirrel or chipmunk runs byHe is a G.O.A.T of a dog! 

10/26/2024 MENDEL – Foster to Family Return 10/21How long have you had this dog? 3 daysIf this dog was heartworm positive, did you start heartworm treatment? Yes. The dog completed treatment.Why are you bringing this dog back to the shelter? Time commitmentPlease explain in your own words, why you need to surrender this dog. I’m a nurse that works 5 days a week 12 hour shifts. And recently moved to Atlanta. I wanted to keep Mendel however, with my schedule and recent move. I would not be able to give Mendel the love and attention he deserves. His such a good boy and if things were different on my end I would keep Mendel. But my life is not set-up right now to take care of a dog properly. :(While in your care, did this dog live with children? NoIf this dog didn't live with children, how often did this dog interact with children? NeverWhat other animals did this dog live with in your home? Small dog(s), Large dog(s)If other animals lived in the home, how well did this dog get along with them? Very wellIf this dog met or played with other dogs please describe their body language: Wiggly, Excited, JumpyHas this dog ever fought with another dog? NoHas this dog ever injured another dog?  NoHow does this dog react when they see an outside cat? Unable to assessHow does this dog react when they see a small animal like a squirrel? StaresHas this dog ever killed a prey animal? (mouse, bird, rabbit, etc) NoHas this dog ever injured or killed another pet? NoHow does this dog react when they see another dog outside? Stares at the other dog. May play with them. Does not bark or become aggressive at all.Is this dog's behavior different on or off leash when they see a dog outside? NoWhere did this dog spend most of their time? BothHow long did this dog spend outside each day? 4 hoursDo you have a fenced yard? YesHow did you exercise this dog? Walks, playing in backyardHow often did you exercise this dog? DailyHow often did you take this dog for leash walks? More than once a dayWhat kind of collar did you use for this dog? Buckle collarHow was this dog on a leash? Great on a leash, Some pulling, but manageableHave you ever taken this dog to a training class? NoHave you trained this dog yourself? NoWhat kind of training tools have you tried with this dog? Treats, PraiseWhat commands does this dog know? Sit, Down, ComeWhich behaviors does this dog need improvement on? Jumping, Whining, Counter surfingWhich games does this dog like? Fetch, ChaseWhat type of toys does this dog like? Balls, Tug toyWhen the dog played did they typically... JumpHow long each day was this dog left alone inside your home? 12 hoursWhen left inside your home alone, was this dog... Confined to a roomWhen this dog was left alone did they show any of the following behaviors? CriedIs this dog crate trained? YesHow many hours did this dog stay crated? More than 8 hoursHow often did this dog have potty accidents in the house? NeverHow often did this dog destroy things? NeverIf this dog destroys things, is it only when left alone? NoWhat items did this dog destroy? NoneWhat does this dog do when someone knocks at the door? BarksWhat does this dog do when a stranger/visitor comes into the house? BarksWhat does this dog do when a visitor tries to pet them? Jumps on them, exicitedWhat does this dog do when a stranger walks past the car with them inside? BarksWhat does this dog do when unfamiliar people walk by while they are in the yard? BarksWhat does this dog do when you or someone else goes near the food bowl while they are eating? NothingWhat does this dog do when someone tries to take away toys, bones, food, or anything the dog decides is valuable? NothingWhat does this dog do when someone tells them to get off of furniture? Gets off of furnitureWhat does this dog do when someone tries to give them a hug? Avoids the hugWhat does this dog do when someone reprimands them? Sits and lowers headWhat is this dog's best quality? Kisses, Very sweet and smartWhat is this dog's worst quality? NoneCheck all that apply to this dog's personality: Friendly, Independent, Goofy, Polite, Playful, AffectionateIn your own words, describe this dog's personality. Mendel is a sweet dog who loves belly rubs. He gives a lot of kisses and knows simply commands. His sweet to strangers and other dogs. And has medium energy. He loves walks and being around different people. His also very curious in his environment.All dogs have sensitive places. Where is this dog sensitive about being touched? Describe their reaction. He does not like his face to be touchedAll dogs become annoyed or irritated at times. What annoys this dog? Describe their reaction. Other dogs constantly bothering him. He separate himself.Have you seen them act aggressively toward anyone? NoPlease tell us anything else you would like us to know about this dog. Please find him a good his a very good dog.Would you like to be notified if this animal is ever at risk for euthanasia? Yes 

10/27/2024 Notes from WW:House and crate trained, not destructive, not a barker. Very snuggly, great with other dogs. Good on a leash, but does have a pretty high prey drive, easily redirected when walking but I would not suggest him living with cats. Likes kids, but doesn’t know his size and does get in the little ones faces so I’d say best to be with kids 12+. Can be jumpy and mouthy with his “kisses” when excited, something  that could likely be trained out with some patience and consistency!  A nervous car rider, paces and pants- will try to climb out the window if open. Does great at events, calm cool and collected- gives gentle giant vibes. Recall is pretty good, knows come, sit and crate. No hesitancy towards men/any one, loves everyone he meets.",6/23/2024,L1
56,A0056262476,Dog,Miracle Grace,03 year(s) 02 month(s) 01 day(s)," Tan Mixed Breed, Large (over 44 lbs fully grown) / Mix",Court,Dogs 203 3,2/1/2023,N,53,3,11/7/2024 04:34 PM,L2 -EA/RG,941010002250748,C-Selective,Negative,6/28/2025,,https://bit.ly/AdoptMiracleGrace,Court Mandate,,"8/2/2024 Notes from 8/2 PG - KTS (learning what this means), steerable, tolerant of greetings, tolerant / selective","11/10/2024 excited, happy

12/31/2024 Kennel staff Tari came to me to report behavior Miracle Grace was exhibiting. During feeding, kennel staff Troy was helping feed 306 while he fed Miracle Grace. When opening the kennel to slide her bowl inside, Tari stated Miracle Grace attempted to charge out at Troy. Both employees were alarmed, and Tari stated that Miracle had not displayed any other concerning behavior previously. Sending for behavior assessment to pathways

1/9/2025 Showing teeth, growling, trying to attack bowl during feeding. Has to be swapped during cleaning in kennels

1/9/2025 Staff member went to feed Miracle grace. He was tense when approached. Door was cracked to push food in, He then lunged at the door and bared teeth. No physical contact was made. However once the door was closed he continued to lunge.Staff member notes that food was sitting outside his kennel prior to feeding which may have heightened his reaction. When approached after this incident by 3 people he continued to growl and bare his teeth. Food was spilt when this occurred to which Miracle grace ate off the floor , after eating he did not lunge nor bare his teeth but he still growled and still seems to be tense. Has had prior incidents, regarding resource guarding.  Going to catch pole him to move , He did still present these same actions.Lunging , growling and baring his teeth when approached. Went in to catch pole and began biting the pole, However he was easily moved. Placing back in 200 for precaution to avoid any further incidents.

3/16/2025 Noted behavior on rounds. Routinely very quiet in run, secluded to corner or front of gate and laying down curled up. Does not stand when someone approaches, looks up without moving head much. Shut down.",,11/7/2024,L2
57,A0056298384,Dog,Dumplin,03 year(s) 08 month(s) 26 day(s), Brown German Shepherd / Mix,Court,Foster Foster Home,7/7/2022,S,58,2,11/7/2024 04:34 PM,L3-BH/OA/H,941010002244127,,Negative,9/13/2025,,https://bit.ly/AdoptDumplin,Court Mandate,,,"7/7/2024 Easily handled 

8/25/2024 Animal Care specialist Kaily stated that she is an escape artist and will try to burst passed you if you open her kennel door. She's extremely OA and was trying to nip/bite at the leash and Kaily's lanyard to get free. 

11/10/2024 excited but easily handled

7/11/2025 Regarding the bite on 7/8: Kennel tech was running Dumplin from the ISO courtyard to her kennel (without a leash). Dumplin went into the kennel, the tech started to close the door, and Dumplin tried to get out. The tech pushed on Dumplin on the neck to keep her in the kennel. Dumplin turned and bit the tech's hand. - Ashley McMahon

8/4/2025 Noticed Dumplin is painting alot and panting.  Requesting extra enrichment and outside time for anxiety. -CW

9/9/2025 I found with dumpling the clip leash works better she does not like a regular leash or her neck press down on but when leashing her I tell her to sit put the leash on her and she's fine she's a very friendly dog I've never met anybody dumplin hasn't liked take her out to the field she runs around accepts rubs all over even her neck paw tail and stomach! No some commands treat motivated and loves to socialize dumplin got plenty of personality and a lot of fun! 

9/21/2025 Current Level: STAFF ONLYRequest: L2-OAYour Name:Makayla CornellWhy are you requesting a level change?she is not a staff only just OA and needs to be able to be handled by more volunteers for socialization. Assessment:Assessor's Name:Findings and Recommendation: Results:Manager's Name:Notes and determination:",,11/7/2024,L3
58,A0056307016,Dog,Tony,03 year(s) 08 month(s) 24 day(s)," Grey Terrier, Pit Bull / Mix",Available,Dogs 066 A6,7/9/2022,M,56,1,3/9/2026 04:48 PM,L1,941010003247450,,,,,,,,,,,3/9/2026,L1
59,A0056311122,Dog,Aries,04 year(s) 08 month(s) 24 day(s),"Merle Brown Terrier, American Pit Bull",Court,Dog Quarantine B1,7/9/2021,M,65,1,7/7/2024 01:04 AM,L1,,,Negative,2/14/2026,,,Court Mandate,,,7/9/2024 easily handled,"4/12/2025 ARIES – Foster Return 4/9 Does this dog take any medication or have any known medical issues, injuries, or allergies? If yes, please explain. No but he has a front toe abscess wound maybe allergies or something I’m gonna take him to vet prior to return.How long have you had this dog? 4 nightsThis dog is a... Foster (I had this pet as a foster for more than 3 nights.)What is the main reason you are returning this pet to the shelter? Going out of town, was short term foster breakWhile in your care, did this dog live with children? The dog did not interact with children while with me.What other animals did this dog live with in your home? No, but resided next to Pisces via crate and was not barrier reactive, also did a parallel walk, he’s interested and no issuesIf this dog met or played with other dogs please describe their body language: Seems friendly maybe a little dominantHas this dog ever fought with another dog? If yes, please describe the incident. NoHas this dog ever injured another dog? If yes, please describe the incident. NoHow does this dog react when they see a prey animal (squirrel, mouse, bird) or cat outside? No reactionHas this dog ever killed a prey animal or pet? If yes, please describe the incident. NoIs there any other information you would like to share about this dog interacting with other animals? NoWhere did this dog spend most of their time? InsideDo you have a fenced yard? NoIf you do not have a fenced yard, do you: Walk the dog on a leashHow did you exercise this dog? Walking on leashHow often did you exercise this dog? DailyWhat kind of collar did you use for this dog? Buckle collarHow was this dog on a leash? Great on a leash, Walks slow a lot and needs treats to move along, pancakes but moves with treats and sometimes walks greatHave you ever taken this dog to a training class? NoWhat commands does this dog know? None but knows a little recallWhich behaviors does this dog need improvement on? NoneWhen the dog played did they typically... JumpHow long each day was this dog left alone inside your home? Never alone only cratedWhen left inside your home alone, was this dog... CratedWhen this dog was left alone did they show any of the following behaviors? Cried, None of these, Very occasional barks in crate that I think will improve with time.Is this dog crate trained? Yes, for 4-8 hours.How often did this dog have potty accidents in the house? NeverHow often did this dog destroy things other than toys? NeverIf this dog destroys things, is it only when left alone? NoWhat items did this dog destroy? NothingWhat does this dog do when a stranger/visitor comes into the house? UnknownWhat does this dog do when a stranger tries to pet them? Unknown but seems like he would be friendlyWhat does this dog do when you or someone else goes near the food bowl while they are eating? Didn’t notice any guardingWhat does this dog do when someone tries to take away toys, bones, food, or anything the dog decides is valuable? Didn’t notice any guardingWhat does this dog do when someone tells them to get off of furniture? NothingWhat is this dog's best quality? So sweet and a good boyWhat is this dog's worst quality? NothingCheck all that apply to this dog's personality: Friendly, Goofy, Polite, AffectionateIn your own words, describe this dog's personality. Sweet and friendly, a little unsure how to be in a house but chilled on the couch with us, so loving, gentle, and a good boy.What is this dog afraid of? How do they react? Seems fearful at times of leash walkingAll dogs have sensitive places. Where is this dog sensitive about being touched? Describe their reaction. No body handling issuesHave you seen them act aggressively toward anyone? NoWould you like to be notified if this animal is ever at risk for euthanasia? YesIf the animal is still here in 30 days, would you like us to check in with you? No",7/7/2024,L1
60,A0056311125,Dog,Taurus,04 year(s) 08 month(s) 23 day(s)," Black / Brown Mixed Breed, Large (over 44 lbs fully grown) / Mix",Court,Dog Quarantine A5,7/10/2021,F,57,1,7/7/2024 01:11 AM,L2 - SD/OA,,,Negative,,,,Court Mandate,,,"7/10/2024 Easily handled both in the kennel and during the exam.

7/12/2024 Technician on 07/11/2024 witnessed her lunge and snap when the attempt was made to move her for cleaning her run. Relocated today 07/12/2024 and was somewhat fearful with males around but later let Tristian give her a few pets before running to hide. 

10/21/2024 attempted to place leash on her, but as soon as she saw the leash she flipped her bed over and attempted to hide underneath it. allowed me to enter kennel and sit with her, but intolerant of leash being anywhere near her; bared teeth, air snapped, growled. allowed me to pet her chest. had to move her to 200 so was placed on catch pole which she began biting and alligator rolling on. planted herself in her kennel, had to use 2nd leash to ""briefcase"" walk her at which point she would take a few steps without needing to be pulled, but going through thresholds she would freeze again. as we walked past other dogs she showed interest, politely sniffed them, body language neutral, before continuing on. once in kennel she began barking and rushed front of kennel. 

11/12/2024 beginning to solicit attention; will approach at front of kennel and nudge your hand with her head. she stiffens when you pet her, but as soon as you stop she will nudge you again. wags tail when going outside or when checking out something new, but otherwise her tail is either tucked or flat against her leg. ",,7/7/2024,L2
61,A0056311130,Dog,Gemini,05 year(s) 08 month(s) 23 day(s),"Merle Grey / Brown Mixed Breed, Large (over 44 lbs fully grown) / Mix",Court,Dog Quarantine A2,7/10/2020,F,63,2,7/7/2024 01:15 AM,L1,,,Negative,3/4/2026,,,Court Mandate,,,7/10/2024 Easily handled in the kennel. Sweet and easily handled during the exam.,"5/27/2025 Timestamp 2025-05-27 11:51:51Dog's name: GeminiAnimal ID #: A0056311130Does this dog take any medication or have any known medical issues, injuries, or allergies? If yes, please explain Gemini has weak back legs, her right leg gives out sometimes.How long have you had this dog? 25 daysThis dog is a Foster (I had this pet as a foster for more than 3 nights.)What is the main reason you are returning this pet to the shelter? Behavioral problemsWhile in your care, did this dog live with children? The dog did not interact with children while with me.What other animals did this dog live with in your home? Gemini was crated near dogs and needed to have a barrier in place to not see them, but she did well once she got used to their presence, she was crated next to Virgo and she likes Virgo.If other animals lived in the home, how well did this dog get along with them? Gemini and Virgo did parallel walks together, otherwise Gemini was too hard to handle on leash trying to walk with any other dogs.If this dog met or played with other dogs please describe their body language: Leash meet only with Virgo, friendly, otherwise seems stiff and tense to other dogs.Has this dog ever fought with another dog? If yes, please describe the incident NoHas this dog ever injured another dog? If yes, please describe the incident NoHow does this dog react when they see a prey animal (squirrel, mouse, bird) or cat outside? Yes, Gemini does have a big prey drive to squirrels and birds.Has this dog ever killed a prey animal or pet? If yes, please describe the incident NoIs there any other information you would like to share about this dog interacting with other animals? NoWhere did this dog spend most of their time? InsideDo you have a fenced yard? YesIf you do not have a fenced yard, do you: We let Gemini into fenced backyard once, she likes to sniff but has no recall so needs very secure high fence since seems like she could try to escape.How did you exercise this dog? WalksHow often did you exercise this dog? DailyWhat kind of collar did you use for this dog? Used sliplead mostly for best control, tried 2 hounds harness but too reactive to other dogs and too strong on leash, would suggest gentle leader training very slowly, she was not receptive to it so would need slow intro to it.How was this dog on a leash? Pulls very hard, Gets excited when they see other dogs, Gemini is very strong and pulls hard when she sees other dogs. She can be distracted with treats mostly but needs training.Have you ever taken this dog to a training class? NoWhat commands does this dog know? “Gemini”, “Sit”Which behaviors does this dog need improvement on? Leash skills, dog interactions, potty training insideWhen the dog played did they typically JumpHow long each day was this dog left alone inside your home? NeverWhen left inside your home alone, was this dog CratedWhen this dog was left alone did they show any of the following behaviors? None of these, Gemini never tried to escape crate, she never had a potty accident in crate, when we had her try to hang out in living room she peed, was too overstimulated I think.Is this dog crate trained? Yes, for 4-8 hours.How often did this dog have potty accidents in the house? Urinates onlyHow often did this dog destroy things other than toys? NeverIf this dog destroys things, is it only when left alone? YesWhat items did this dog destroy? Nothing, very well behaved with the things we gave her, she had plush toys and blankets and towels in crate, but she does try to play tug of war if she sees the blanket in your hand.What does this dog do when a stranger/visitor comes into the house? Never had her out to do so.What does this dog do when a stranger tries to pet them? She is wary of people so we never let anyone pet her, she certainly likes us and was getting more comfortable seeing people on walks but gets tense.What does this dog do when you or someone else goes near the food bowl while they are eating? Nothing, no resource guarding to people at all.What does this dog do when someone tries to take away toys, bones, food, or anything the dog decides is valuable? Nothing, had no resource guarding.What does this dog do when someone tells them to get off of furniture? Never occurred.What is this dog's best quality? Gemini is really sweet, she is friendly and happy and loves treats and to be pet.What is this dog's worst quality? Gemini is anxious and stressed, she has institutionalized vibes and her stimuli threshold is very low to people, and being in the house is new to her, being in the yard is overwhelming, it’s all a lot for her so she needs help, probably would suggest she get evaluated for anxiety meds if she were to stay out in foster.Check all that apply to this dog's personality: Friendly, Shy, PoliteIn your own words, describe this dog's personality Gemini is a sweet girl who really loves people and is trying to sort out the world.What is this dog afraid of? How do they react? Gemini was not afraid of any thunderstorms because we had many while we had her. She was scared of people on one wheels and skateboards and almost pulled us down a few times.All dogs have sensitive places No body handling issues.Have you seen them act aggressively toward anyone? NoWould you like to be notified if this animal is ever at risk for euthanasia? YesIf the animal is still here in 30 days, would you like us to check in with you? No",7/7/2024,L1
62,A0056311133,Dog,Cancer,02 year(s) 04 month(s) 23 day(s)," Tan / Black Mixed Breed, Large (over 44 lbs fully grown)",Court,Dogs 201 3,11/10/2023,M,33,1,7/7/2024 01:18 AM,STAFF ONLY,,,Negative,4/15/2026,,,Court Mandate,,,"7/10/2024 Easily handled both in the kennel and during the exam.

8/29/2024 Over arousal and redirected on the back of Tristan's leg when trying to bring him back into his kennel at Old Fulton. Needs behavior assessment

10/9/2024 Cancer got leveled up from L1 to L3 since being moved from old Fulton to new. Went from acting like a playful puppy to OA and jumpy. He might benefit from being moved back to old Fulton where it’s calmer and less foot traffic. 

3/12/2025 Submitting releveling request. Cancer was easy to leash, walk, and demonstrated no OA behaviors in the play yard. He was calm and kept all four on the floor. His arousal/anxiety increased a little when we went to go back inside, but suspect this was due to our not giving him much interaction/affection time. Once he received some affection, he went back in easily. Another volunteer note also mentioned a recent lack of OA.-VOL

3/15/2025 Cancer was very excited to see me as I came to get him for an assessment.  He had a hard time keeping all feet on the floor and kept jumping at the gate.  After a while he settled a little bit lower to the ground when I stooped down to put my hand near the bars but I had gloves on and he kept pulling at them.  When I could finally go in to leash him he was very JM.  I do not feel like he is ready to be leveled down at this point because of his over arousal.  What he needs is time each morning to run in the yard with a staff member and to get out some excess energy and then be assessed again in a couple of days.  He is friendly, but my whole body is scratched up just because it was hard to get him to focus today.  We will get him on a plan for exercise. -CW

6/4/2025 STAFF W/U 6/3/2025 Cancer started barking, jumping and bouncing off of the kennel walls when I went to take his neighbor out. He calmed down with treats for some time , but the same thing repeated when I went back in for another dog.

6/10/2025 Took Cancer out on 6/8 and he was a perfect gentleman! Easy to leash, on leash, and going back into the kennel. Explored play yard but most interested in affection. His behavior was fitting for an L1 - I did not see any L2 or L3 behaviors. Very sweet and appropriate 

7/3/2025 7/3/2025 SP Cancer is scatter fed as a form of enrichment and because he always knocks his bowl over

7/3/2025 7/3/2025 SPCancer is scatter fed as a form of enrichment and because he always knocks his bowl over",,7/7/2024,STAFF ONLY
63,A0056311137,Dog,Lea,08 year(s) 08 month(s) 23 day(s)," Charcoal / Tan Mixed Breed, Large (over 44 lbs fully grown) / Mix",Court,Foster Foster Home,7/10/2017,F,72,1,7/7/2024 01:22 AM,L1,,,Negative,2/3/2026,Court,,Court Mandate,,,"7/10/2024 Easily handled both in the kennel and during the exam.

7/23/2024 poop painting, needs to move to less high traffic area or a LEF

2/2/2025 Very wiggly at the gate. Easily leashed and retrieved. Easy on leash. Most likely potty trained. Happily accepted all the affection/pets from multiple kennel workers. Loves being in the office. Toss treats, will chomp. Treat motivated. Knows ""sit"". Enjoys toys and lounging around. Grunts when she's happy, eating, and playing. Does not react walking past other dogs in the kennel. Easily re-kenneled/unleashed. ",,7/7/2024,L1
64,A0056311140,Dog,Virgo,05 year(s) 08 month(s) 27 day(s)," Charcoal / Brown Mixed Breed, Large (over 44 lbs fully grown) / Mix",Court,Dog ISO 155 A1,7/6/2020,F,49,1,7/7/2024 01:27 AM,L1,,,Negative,2/14/2026,,,Court Mandate,,,"7/10/2024 Easily handled both in the kennel and during the exam.

4/8/2025 Leveling to L2 BR/OA due to kennel behavior. Spinning, jumping on walls, consistent barking at whoever is in front of kennel. Kennel stressed

7/6/2025 Easily handled while in intake and during exam.

8/19/2025 Current Level: L2-BR/OARequest: L1Your Name: Makayla CornellWhy are you requesting a level change? Since she has came back from foster she is a brand new dog, at first she was very sad and did not want to do much. but now she is always very sweet and great with other people, and not reactive to any dogs walking by. her body is usually loose and wiggly. Assessment:Assessor's Name:Findings and Recommendation: Results:Manager's Name:Notes and determination:

8/20/2025 Since she has came back from foster she is a brand new dog, at first she was very sad and did not want to do much. but now she is always very sweet and great with other people, and not reactive to any dogs walking by. her body is usually loose and wiggly. rec L1 ","7/5/2025 Timestamp 2025-07-05 14:19:44Dog's name: VirgoAnimal ID #: A0056311140Does this dog take any medication or have any known medical issues, injuries, or allergies? If yes, please explain NoHow long have you had this dog? 2 monthsThis dog is a Foster (I had this pet as a foster for more than 3 nights.)What is the main reason you are returning this pet to the shelter? Virgo is intact so swapping her for male court foster from her caseWhile in your care, did this dog live with children? NoAre there any details about this dog interacting with children that you would like to share? Virgo is friendly to all and met one child who pet her.If this dog has had issues with children that include behavior such as growling, snapping, or showing teeth, please describe the circumstance, tell us how often and give as much detail as possible No issuesWhat other animals did this dog live with in your home? Large dog(s), Virgo was separated but did walks with our dogs or fosters, she also could be around our large dog well, he doesn’t interact and she left him be. She is solidly friendly and a submissive female, she never met a small dog and would probably be friendly but curious, she saw our dachshund and was curiousIf other animals lived in the home, how well did this dog get along with them? No issues ever from Virgo, she doesn’t seem to resource guard, she had a tiny bit of barrier reactivity to new dogs she didn’t know (common with dogs at our house since crated and walk by the crate).If this dog met or played with other dogs please describe their body language: Excited, JumpyHas this dog ever fought with another dog? If yes, please describe the incident NoHas this dog ever injured another dog? If yes, please describe the incident NoHow does this dog react when they see a prey animal (squirrel, mouse, bird) or cat outside? No prey drive, I bet she would be cat friendly, she is friendly to FROGS and insects which is a good sign of cat friendly, no prey drive to birds.Has this dog ever killed a prey animal or pet? If yes, please describe the incident NoIs there any other information you would like to share about this dog interacting with other animals? NoWhere did this dog spend most of their time? InsideDo you have a fenced yard? YesIf you do not have a fenced yard, do you: Walk the dog on a leashHow did you exercise this dog? Walking, a few times ran loose in backyard, great on leash on collar or harness, gets the zoomies on leash but mostly chill, worked up to walking 1/4 mile neighborhood loop, when we first got her she was scared and endurance was low, she is overall not a far walker.How often did you exercise this dog? DailyWhat kind of collar did you use for this dog? Buckle collarHow was this dog on a leash? Great on a leashHave you ever taken this dog to a training class? NoWhat commands does this dog know? SitWhich behaviors does this dog need improvement on? Settling and regulating, hyperventilates when in house looseWhen the dog played did they typically Does zoomies and can run into people or flail her mouth open when hyperventilating.How long each day was this dog left alone inside your home? 4 hours in a crateWhen left inside your home alone, was this dog CratedWhen this dog was left alone did they show any of the following behaviors? None of theseIs this dog crate trained? Yes, for 4-8 hours.How often did this dog have potty accidents in the house? 1-2 times a weekHow often did this dog destroy things other than toys? NeverIf this dog destroys things, is it only when left alone? NoWhat items did this dog destroy? Nothing destroyed. Virgo is not potty trained when free roaming house but mostly potty trained when on a schedule, she is however fully potty trained when in a crate, never has accidents. She lived with her dog mom Lea for a week in foster and she wasn’t potty trained but by the end of the week she was mostly potty trained. Her and Lea lived well together but too wild and mouthy.What does this dog do when a stranger/visitor comes into the house? Unknown but overall friendly no stranger issuesWhat does this dog do when a stranger tries to pet them? Friendly and rolls on belly and leans in!What does this dog do when you or someone else goes near the food bowl while they are eating? Nothing, no guardingWhat does this dog do when someone tries to take away toys, bones, food, or anything the dog decides is valuable? NothingWhat does this dog do when someone tells them to get off of furniture? Listens, can be wild when looseWhat is this dog's best quality? So sweet and loving, she just wants affection and attention, she is starved for it. She is a good girl.What is this dog's worst quality? She doesn’t know how to settle and regulate so doesnt so well when loose in house at first because so overwhelmed. But with time she would get better, she probably should be medicated on fluoxetine and trazadone at first when in a home.Check all that apply to this dog's personality: Friendly, Goofy, Playful, AffectionateIn your own words, describe this dog's personality Virgo is a sweet Angel and is so loving and affectionate, she just wants to be loved and pet.What is this dog afraid of? How do they react? She is scared of thunder and storms and should take trazadone for them. She will sit awake in her crate during a storm worried but is never destructive.All dogs have sensitive places NowhereHave you seen them act aggressively toward anyone? NoPlease tell us anything you would like us to know about this dog to help us find it an adoptive home Virgo loves enrichment, she loves frozen Kongs stuffed with peanut butter and yogurt, she loves licki mats, she loves yak chews and bully sticks! She is never destructive to things.Would you like to be notified if this animal is ever at risk for euthanasia? YesIf the animal is still here in 30 days, would you like us to check in with you? No",7/7/2024,L1
65,A0056311146,Dog,Libra,03 year(s) 02 month(s) 24 day(s),"Merle Tan / Grey Mixed Breed, Large (over 44 lbs fully grown) / Mix",Court,Dogs 203 4,1/9/2023,M,50,3,7/7/2024 01:30 AM,STAFF ONLY,,,Negative,3/21/2026,,,Court Mandate,,,"7/10/2024 Easily handled in the kennel. A little nervous but easily handled for his exam. Would randomly freeze and cower at times, but never showed any aggression.

8/4/2024 poop painting 

10/15/2024 Libra seems very stressed in his kennel. Jumping so much that he has gotten very skinny. Once outside he just craves human interaction. He may be less stressed if he could be moved to old Fulton. Much calmer environment and no foot traffic to get him stressed out. 

11/9/2024 incredibly sweet once out of his kennel. leashes easily and walks nicely on leash. once in yard he solicits attention and sits calmly while you pet him. allowed me to look at his teeth, pull his lip, restrain his head/neck, and look at his paws while maintaining loose body with broad tail wag. does not show any interest in other dogs as we passed by kennels. 

12/24/2024 behavior in kennel varies from day to day. most days he paints his kennel in poop, some days the poop covers every single surface in his kennel, and on very few days he has no poop/poop painting in his kennel. advising staff working in 200 to allow him to go out to yards during the day for enrichment/exercise. 

1/11/2025 will only poop inside kennel. let into yard for over an hour and did not potty. went to pasture and did not potty. demand barks in kennel, poop paints in kennel, jumps up to look at kennel neighbor(s) incessantly. outside of kennel very calm and will lean on you and accept hugs and kisses. low energy, would saunter after ball and bring it halfway back. towel shredder. 

2/16/2025 when removing him from his kennel he wants something to carry (he initially took my leash but i was able to replace it with a stuffed toy easily) and then walks well on leash while holding the toy in his mouth. got him to engage in a game of tug of war, he is very gentle and was only slightly pulling on the toy. as the toy was held in the air for him to grab, he would follow it but then appeared to lose sight of it despite it being in front of his face? today he was given a bath and as he walked to the salon he jumped up to solicit attention from shelby. he nibbled at her hands thinking she had a treat. he did very well tolerating the bath. had a buildup of poop on his chest, was tolerant as i picked it off. plando (having never met libra before) roughly towel dried him and picked him up from the tub, libra continued to wag his tail the entire time. once back in his kennel he immediately began jumping non stop. i offered him a few different toys and he would go back and forth between the toys.  removing SF from his level. 

6/26/2025  Was trying to leash libra to take outside pacing kennel not wanting to come out / be leashed. He lunged up and bit wrist after attempting to be leashed a second time.","3/28/2025 LIBRA – Foster Return 3/25 How long have you had this dog? 4 nightsWhat is the main reason you are returning this pet to the shelter? Behavioral problemsWhile in your care, did this dog live with children? NoWhat other animals did this dog live with in your home? Large dog(s)If this dog met or played with other dogs please describe their body language: Rough/needs mannersWhere did this dog spend most of their time? InsideDo you have a fenced yard? NoIf you do not have a fenced yard, do you: Walk the dog on a leashHow did you exercise this dog? WalksHow often did you exercise this dog? DailyWhat kind of collar did you use for this dog? Buckle collarHow was this dog on a leash? Jumpy mouthyHave you ever taken this dog to a training class? NoWhat commands does this dog know? SitWhich behaviors does this dog need improvement on? Jumping mouthiness and dog socializingWhen the dog played did they typically JumpHow long each day was this dog left alone inside your home? NoneWhen left inside your home alone, was this dog CratedWhen this dog was left alone did they show any of the following behaviors? Urinated/defecatedIs this dog crate trained? Yes, for 4-8 hours.How often did this dog have potty accidents in the house? DailyHow often did this dog destroy things other than toys? NeverIf this dog destroys things, is it only when left alone? NoWhat does this dog do when a stranger/visitor comes into the house? Barks and stiffensWhat does this dog do when a stranger tries to pet them? Stiffens and hackles go upWhat does this dog do when you or someone else goes near the food bowl while they are eating? NothingWhat is this dog's best quality? FriendlyWhat is this dog's worst quality? Dog friendlinessCheck all that apply to this dog's personality: FriendlyIn your own words, describe this dog's personality Friendly and unsureHave you seen them act aggressively toward anyone? NoWould you like to be notified if this animal is ever at risk for euthanasia? NoIf the animal is still here in 30 days, would you like us to check in with you? No",7/7/2024,STAFF ONLY
66,A0056311153,Dog,Pisces,02 year(s) 02 month(s) 23 day(s)," Sandy / Grey Terrier, American Pit Bull",Court,Dog ISO 155 A1,1/10/2024,M,52,1,7/7/2024 01:37 AM,L1-H,,,Negative,3/4/2026,,,Court Mandate,,,7/10/2024 Easily handled in intake and exam,"4/12/2025 PISCES – Foster Return 4/9 Does this dog take any medication or have any known medical issues, injuries, or allergies? If yes, please explain. NoHow long have you had this dog? 2.5 weeksThis dog is a... Foster (I had this pet as a foster for more than 3 nights.)What is the main reason you are returning this pet to the shelter? Going out of townWhile in your care, did this dog live with children? The dog did not interact with children while with me.If this dog lived with or interacted with children, how old were the children? He did see kids on a walk and they slightly approached but he was nervous so didn’t interact.How would you describe this dog's behavior towards the children? NervousAre there any details about this dog interacting with children that you would like to share? NoWhat other animals did this dog live with in your home? Did parallel walks a few times and he is unsure but wants to be friendly and play, does well with friendlier dogs, does not do well with reactive dogs, he was crated next to Libra at first few nights and they barked and growled and were barrier reactive, no issue with him and friendly Aries. The reactivity was even with total separation and no visual seeing.If this dog met or played with other dogs please describe their body language: Excited, Nervous, Rough/needs mannersHas this dog ever fought with another dog? If yes, please describe the incident. NoHas this dog ever injured another dog? If yes, please describe the incident. NoHow does this dog react when they see a prey animal (squirrel, mouse, bird) or cat outside? Excited and pulls on leashHas this dog ever killed a prey animal or pet? If yes, please describe the incident. NoIs there any other information you would like to share about this dog interacting with other animals? Needs socializing, like very slow intros, has no idea how to properly be a dog and interact.Where did this dog spend most of their time? InsideDo you have a fenced yard? YesIf you do not have a fenced yard, do you: Walk the dog on a leashHow did you exercise this dog? Walked on leash, still seems to have fecal issue but after 2 weeks let into backyard and he enjoyed that and was super well behaved exploring.How often did you exercise this dog? DailyWhat kind of collar did you use for this dog? Buckle collarHow was this dog on a leash? Great on a leash, Gets excited when they see other dogsHave you ever taken this dog to a training class? NoWhat commands does this dog know? Becoming good with autofocusing using click noise or kiss noise, he’s confused by the sound of actual clicker, loves treats and easy to train, knows sit.Which behaviors does this dog need improvement on? Walking lay dogs gets excited, use treats to focus on you and ground while dog goes by and he does great!When the dog played did they typically... Jump, BarkHow long each day was this dog left alone inside your home? 4 hours in crateWhen left inside your home alone, was this dog... CratedWhen this dog was left alone did they show any of the following behaviors? Cried, None of these, Occasional barking crateIs this dog crate trained? Yes, for 4-8 hours.How often did this dog have potty accidents in the house? NeverHow often did this dog destroy things other than toys? NeverIf this dog destroys things, is it only when left alone? NoWhat items did this dog destroy? NothingWhat does this dog do when a stranger/visitor comes into the house? Gets nervous, needs slow meet, he is friendly but shyWhat does this dog do when a stranger tries to pet them? Met neighbor and he’s shy, tucked tail, wouldn’t accept treats, needs slow meets, he loves people and being pettedWhat does this dog do when you or someone else goes near the food bowl while they are eating? NothingWhat does this dog do when someone tries to take away toys, bones, food, or anything the dog decides is valuable? NothingWhat does this dog do when someone tells them to get off of furniture? NothingWhat is this dog's best quality? Sweet boyWhat is this dog's worst quality? So scared and unsocialized but learning!Check all that apply to this dog's personality: Friendly, Shy, Polite, AffectionateIn your own words, describe this dog's personality. Pisces is a shy unsure baby but will blossom with a friendly dog and people going very slow.What is this dog afraid of? How do they react? The TV, terrified of it! Cannot have it on in his vicinity. He is okay with calming music playing in dog room where crated.All dogs have sensitive places. Where is this dog sensitive about being touched? Describe their reaction. NowhereHave you seen them act aggressively toward anyone? NoPlease tell us anything you would like us to know about this dog to help us find it an adoptive home. NothingWould you like to be notified if this animal is ever at risk for euthanasia? YesIf the animal is still here in 30 days, would you like us to check in with you? No",7/7/2024,L1
67,A0056354164,Dog,Flo-jo,06 year(s) 08 month(s) 19 day(s)," Brown Terrier, Pit Bull / Mix",Available,Foster Foster Home,7/14/2019,S,58,3,7/13/2024 11:18 AM,L1,941010003208608,,Positive,8/14/2025,Lack of Space,https://bit.ly/AdoptFlo-jo,,,,7/14/2024 Easily Handled in the kennel and during the intake exam. ,,7/13/2024,L1
68,A0056378001,Dog,Tise,10 year(s) 07 month(s) 18 day(s)," Tan / White Retriever, Labrador / Mix",Available,Foster Foster Home,8/15/2015,S,43,3,7/17/2024 12:08 PM,L1,941010003280637,,Negative,8/15/2025,Lack of Space,https://bit.ly/AdoptTise,,,,7/18/2024 Easily handled ,"5/11/2025 TISE – 2 Week Foster Notes 4/17 General Personality Calm, happy, obedient, curious, loves and gets along with every creature of all agesDaily Routine Morning walk, food, snuggles, nap, afternoon walk, nap or play, more walks, food, walk before bed.What food do they eat? Dry dog food with protein toppings which can be used for hiding her pillWhat would be an ideal home and family for your foster? Any type of home would be good, she is good with small-old kids, cats, other dogs. She likes playing fetch, so a yard will be nice. She is not super active, but likes car rides and parks, long exploratory walks.On a scale of 1 to 5... how housetrained are they? 5Does your foster use a kennel without excessive barking/whining, escape attempts, or destruction? Her previous foster mom said she hated kennels. We don’t have one in our home.Where do they sleep at night? In my bedroom on her bedDo they sleep through the night? YesHas he / she been exposed to any kids? If yes, what ages? How did it go? She has been exposed to a 2-3 year old kid whom she loved. She also nicely greets kids any age if we come across any on our walks and she loves the attention and always looks at me for direction.Has he / she been exposed to any cats? If yes, how did it go? I have 2 cats and she is very good with them.Do they prefer men or women? No preferenceDoes he / she live with another dog? She is the only dog in our home.Has he / she been around other dogs? She was with another dog in her previous foster home. She loves meeting other dogs and she is gentle, playful, sometimes not interested.Does he / she know any basic commands? Which ones (Sit, stay, come, lay down, etc) ? Sit, paw, wait, come, down, stop, let’s go, this way and some commands in TurkishIs your foster dog leash reactive? What makes them bark/lunge on leash? Does not bark or lunge when on the leash, very easy to walk on the leashWhat devices do you use to walk your dog? (Type of harness, collar, etc) Collar and leashLeash Walking Rating 5How does your foster do in the car? Loves the car rides. Tries to get to the front passenger seat, but is not allowed. She is very patient during the car rides.How does your foster do for a bath? I haven’t bathed her myself. But the second time I took her to petsmart for a bath, I was told that she didn’t like the dryer and got anxiousEnergy level 3How much exercise does it take to tire them out? 30 minIf they don't get enough exercise, what happens? That never happenedA perfect day for your foster would include ____________? Nice car ride to a park, playing fetch, meeting people and other dogs, yummy treats and food, snuggle on the couchHow cuddly are they? 4Favorite toys or games? Ball, fetchTell us a fun story about your foster... She gets very happy and excited when I come home and grabs a ball, follows me around but doesn’t let the ball go!!!I love my foster and think he/she is fabulous because _____________? she is the reflection of pure, unconditional loveWhat makes him/her nervous or unhappy? Thunderstorm days make her very nervousOverall, how are your foster's manners? (some examples: Jumps on people? Mouthy? Gets into trash?) She doesn’t jump on people, not mouthy at all, she doesn’t lick people’s faces (which I love she doesn’t), doesn’t get into trash, when she gets excited and happy, she wags her tail and waits for the greetingDoes your foster have any behavioral issues or quirks? She gets very nervous when there is thunderstormDoes your foster have any medical issues? She has diabetes insipidus and need 2x/day vasopressin. She may have some arthritis due to old age.Anything else you want to share? I mix Shed-X to her food once a day and this decreased her shedding significantly. If I can get medical support from the shelter, I would like to continue fostering her. She cannot go back to a shelter.Facebook Presence 2Instagram Post Presence 1Instagram Stories Presence 1Nextdoor Presence 1Youtube Presence 1Other social media platforms utilized? NoWhat was the date of the last adoption event you took your foster to? There wasn’t one near our locationWhat prevents you from taking your foster to (more) events? (check all that apply) Dates / times don't work with my schedule, Locations aren't convenientWhat gear & materials do you utilize to help get your foster recognized? (check all that apply) I speak to everyone we meet on our walksWhen was the last time you took your foster out on the town? I have not.What prevents you from taking your foster out on the town more often? (check all that apply) Unsure about dog friendly locations near meWhat do you think is preventing your foster from being its most-adoptable self? (check all that apply) Health of petHow can we help? Getting foster to events, Gear (Adopt Me), Training, Or I can be a forever foster for TiseWhat day do you give your foster heartworm and flea/tick preventatives? 2025-05-01 Are you interested in adopting your foster pet? If I can have support for her medical needs from the shelterWould you be willing to have your foster dog transfer to a rescue partner? She is happy and comfortable with us, so I’d like Tise to stay with us.",7/17/2024,L1
69,A0056388664,Dog,Kaa,04 year(s) 02 month(s) 13 day(s)," Black / White Mixed Breed, Medium (up to 44 lbs fully grown) / Mix",Available,Foster Foster Home,1/20/2022,S,42,3,7/18/2024 02:34 PM,L3-SD/RG/OD,985113007597942,Rough/Rowdy - Easygoing,Negative,9/4/2025,Lack of Space,https://bit.ly/AdoptKaa,,nan,"8/2/2024 Notes from 8/2 PG - rough/rowdy, social, potential helper - playful, steerable, gave corrections. ","7/21/2024 Easily handled in intake and during exam

7/26/2024 very shy, low growls with tail tucked

8/6/2024  PG 8/6 stiff, gave corrections, diffused on her own, wasn't her favorite group of dogs so taken out.

8/21/2024 8/6 playgroup - stiff, gave corrections, diffused on her own, wasn't her favorite group of dogs so taken out.

8/24/2024 Levelling down from L2-SF to L1 based on assessment","1/25/2025 KAA – Foster to Family Return 1/24 How long have you had this dog? Two daysIf this dog was heartworm positive, did you start heartworm treatment? NoDoes this dog take any medication or have any known medical issues, injuries, or allergies? If yes, please explain NoWhy are you bringing this dog back to the shelter? Family issuesPlease explain in your own words, why you need to surrender this dog Kaa would constantly growl and bark and my one year old grandson. My grandson was not engaging her when this would happen. He would be walking into the same room as her.While in your care, did this dog live with children? YesIf this dog lived with or interacted frequently with children, how old were the children? 1 years oldHow would you describe this dog's behavior towards the children? Growl and bark at the baby.If this dog didn't live with children, how often did this dog interact with children? Once a dayWhat does this dog do if a child is crying or screaming? UnsureWhat does this dog do if a child runs towards them? Most growl and then barkWhat does this dog do if a child tries to hug them? UnsureWhat does this dog do if a child touches/pets them? Unsure. She was fine during the meet and greet. My grandson was able to pet her head.What does this dog do if they see a child on a bike? UnsureWhat does this dog do if they see a child running? UnsureWhat does this dog do if someone picks up a child? NothingIf this dog has had issues with children that include behavior such as growling, snapping, or showing teeth, please describe the circumstance, tell us how often and give as much detail as possible My grandson would walk by or is in her general area, she would growl and bark. We didn't allow the two to be out together after that. If my grandson walked by Kaa's crate, she would do the same.What other animals did this dog live with in your home? No other animalsHas this dog ever injured another dog? If yes, please describe the incident NoHow does this dog react when they see an outside cat? UnsureHow does this dog react when they see a small animal like a squirrel? UnsureHas this dog ever killed a prey animal? (mouse, bird, rabbit, etc) If yes, please describe the incident NoHas this dog ever injured or killed another pet? If yes, please describe the incident NoHow does this dog react when they see another dog outside? We did not encounter another dog during our walksIs this dog's behavior different on or off leash when they see a dog outside? UnsureWhere did this dog spend most of their time? InsideHow long did this dog spend outside each day? A hour or so. For walks and backyard playDo you have a fenced yard? YesHow did you exercise this dog? Walks and back yard playHow often did you exercise this dog? Did not exerciseHow often did you take this dog for leash walks? More than once a dayWhat kind of collar did you use for this dog? Body harnessHow was this dog on a leash? Great on a leash, Some pulling, but manageableHave you ever taken this dog to a training class? NoHave you trained this dog yourself? YesWhat kind of training tools have you tried with this dog? Treats, PraiseWhat commands does this dog know? Sit, Down, Come, Give Paw, Off, Lay, leave it, and placeWhich behaviors does this dog need improvement on? Jumping, ChewingWhich games does this dog like? FetchWhat type of toys does this dog like? Balls, Plush, Squeaky, Bones/Nylabones/ChewsWhen the dog played did they typically JumpHow long each day was this dog left alone inside your home? None. It was someone always homeWhen left inside your home alone, was this dog CratedWhen this dog was left alone did they show any of the following behaviors? Cried, Tried to escape crateIs this dog crate trained? YesHow many hours did this dog stay crated? 4-8 hoursHow often did this dog have potty accidents in the house? NeverHow often did this dog destroy things? NeverIf this dog destroys things, is it only when left alone? NoWhat items did this dog destroy? She will destroy stuffed toysWhat does this dog do when someone knocks at the door? She looksWhat does this dog do when a stranger/visitor comes into the house? BarkWhat does this dog do when a visitor tries to pet them? We introduced with treatsWhat does this dog do when a stranger approaches you on a walk? UnsureWhat does this dog do when a stranger tries to pet them while on a leash with you? UnsureWhat does this dog do when a stranger walks past the car with them inside? UnsureWhat does this dog do when unfamiliar people walk by while they are in the yard? She watches and pull like she wants to say hiWhat does this dog do when you or someone else goes near the food bowl while they are eating? NothingWhat does this dog do when someone tries to take away toys, bones, food, or anything the dog decides is valuable? She grips it tightWhat does this dog do when someone tells them to get off of furniture? She gets offWhat does this dog do when someone tries to give them a hug? She love hugsWhat does this dog do when someone reprimands them? She listens for the most part. She required a lot of verbal prompts.What is this dog's best quality? She's. Sweet, and she listens. She also likes to lay in the bed with youWhat is this dog's worst quality? She doesn't seem to like babiesCheck all that apply to this dog's personality: Friendly, Independent, Fearful, Playful, AffectionateIn your own words, describe this dog's personality She's is very playful and has a lot of energy. She's a good dog.All dogs are afraid of something Not sureAll dogs have sensitive places UnsureAll dogs become annoyed or irritated at times UnsureHave you seen them act aggressively toward anyone? NoWould you like to be notified if this animal is ever at risk for euthanasia? Yes

3/20/2025 KAA – Foster Return 3/19 Does this dog take any medication or have any known medical issues, injuries, or allergies? If yes, please explain monthly preventivesHow long have you had this dog? 6 monthsWhat is the main reason you are returning this pet to the shelter? temporary shelter stay while im out of townWhile in your care, did this dog live with children? YesIf this dog lived with or interacted with children, how old were the children? trial adoption with 1, 5, and 9 year oldsHow would you describe this dog's behavior towards the children? Scared, polite meeting children in public but scared of them in adoptive homeAre there any details about this dog interacting with children that you would like to share? she should not be placed with kidsIf this dog has had issues with children that include behavior such as growling, snapping, or showing teeth, please describe the circumstance, tell us how often and give as much detail as possible trial adoption home- low growled when they came near her crate or when they were moving around her while she was out of crateWhat other animals did this dog live with in your home? Small dog(s)If other animals lived in the home, how well did this dog get along with them? well, coexists with small dog and play Dates with large dog.If this dog met or played with other dogs please describe their body language: Excited, Uninterested, Play bows and shake offs during play dates, a little bit of an annoying little sister vibe in her persistence but very friendlyHas this dog ever fought with another dog? If yes, please describe the incident noHas this dog ever injured another dog? If yes, please describe the incident noHow does this dog react when they see a prey animal (squirrel, mouse, bird) or cat outside? she has strong prey drive. Will attempt to chase.Has this dog ever killed a prey animal or pet? If yes, please describe the incident noIs there any other information you would like to share about this dog interacting with other animals? trial adoptive home noted some resource guarding of toys and food with the resident dog. Will need slow introduction of these resources if another dog is in the adoptive homeWhere did this dog spend most of their time? InsideDo you have a fenced yard? YesHow did you exercise this dog? backyard play, leash walks, flirt poleHow often did you exercise this dog? DailyWhat kind of collar did you use for this dog? Body harnessHow was this dog on a leash? Some pulling, but manageableHave you ever taken this dog to a training class? YesWhat commands does this dog know? Sit. Stay. Down. Place. Drop it. Leave itWhich behaviors does this dog need improvement on? jumping for attention, confidence building, heelWhen the dog played did they typically JumpHow long each day was this dog left alone inside your home? 8 to 9 hoursWhen left inside your home alone, was this dog CratedWhen this dog was left alone did they show any of the following behaviors? None of theseIs this dog crate trained? Yes, for more than 8 hours.How often did this dog have potty accidents in the house? NeverHow often did this dog destroy things other than toys? NeverIf this dog destroys things, is it only when left alone? NoWhat does this dog do when a stranger/visitor comes into the house? Jumps up for attentionWhat does this dog do when a stranger tries to pet them? Gets really still and asks for moreWhat does this dog do when you or someone else goes near the food bowl while they are eating? nothingWhat does this dog do when someone tries to take away toys, bones, food, or anything the dog decides is valuable? she will stand over her toys so we taught her leave itWhat does this dog do when someone tells them to get off of furniture? She may require coaxing but will get offWhat is this dog's best quality? so affectionateWhat is this dog's worst quality? Can become fearful with triggers stackedCheck all that apply to this dog's personality: Friendly, Clingy, Goofy, Fearful, Playful, AffectionateIn your own words, describe this dog's personality hilarious attention hog who loves her people fiercely. Active girl.What is this dog afraid of? How do they react? When something catches her off guard, like a bag blowing toward her in a parking lot. She growls, hackles up, and retreats. Requires redirection to reset and recoverAll dogs have sensitive places we have to bribe her with lick mat to express her anal glands and trim her nailsHave you seen them act aggressively toward anyone? YesHave you seen this dog snarl (show teeth) at someone? When? How often? Please explain noHas this dog growled at you or someone else? When? How often? Please explain yes, growled at children in trial adoption home. Was returned to us within 48 hoursHas this dog snapped at you or someone else? When? How often? Please explain noHas this dog ever bitten or nipped anyone while living with you? NoPlease tell us anything you would like us to know about this dog to help us find it an adoptive home she would be a fantastic pup for a single person or couple or roommates and would likely do well in a multi family community or single family home. She will need at least 6 ft fence if home has a fenced yardWould you like to be notified if this animal is ever at risk for euthanasia? YesIf the animal is still here in 30 days, would you like us to check in with you? Yes

6/2/2025 Foster Return 5/30How long have you had this dog?: 8 monthsWhat is the main reason you are returning this pet to the shelter?: Temporary shelter stay while foster is out of townWhile in your care, did this dog live with children?: YesIf this dog lived with or interacted with children, how old were the children?: Kaa lived with a 1 yr old, 5 yr old, and 9 yr old in trial adoptive homeHow would you describe this dog's behavior towards the children?: Nervous, ScaredAre there any details about this dog interacting with children that you would like to share? : Kaa initially loved the adoptive home kids but grew fearful of them as she got used to the home. She would low growl and retreat when they moved around.If this dog has had issues with children that include behavior such as growling, snapping, or showing teeth, please describe the circumstance, tell us how often and give as much detail as possible.: See previous answer. Adoptive home placement was about 3 days and she started the behavior about 24 hours into stay. She would low growl, tail tucked, and try to retreat. The kids were not doing anything inappropriate such as trying to interact with the dog. Kaa would growl when they moved around, essentially. What other animals did this dog live with in your home? : Small dog(s), Large dog(s)If other animals lived in the home, how well did this dog get along with them?: Kaa gets along beautifully with other dogs. She coexists with my 20 lb dog, but can be overexcited by him when he is acting prey like and sometimes lunges to chase him. Therefore, I think larger dogs is the best bet, though I have never seen aggression from Kaa toward him. For my larger dogs, she lovessss to play and will beg them to play all the time. She loves to play bitey face and chase. I think she would do fantastic in a dog daycare setting if her final home does not have another dog for her play with.If this dog met or played with other dogs please describe their body language:: Excited, Jumpy, So many play bows and shake offs, she is very bouncy as wellHas this dog ever fought with another dog? If yes, please describe the incident. : NoHas this dog ever injured another dog? If yes, please describe the incident.: NoHow does this dog react when they see a prey animal (squirrel, mouse, bird) or cat outside?: Tries to chase, has high prey driveHas this dog ever killed a prey animal or pet? If yes, please describe the incident. : NoIs there any other information you would like to share about this dog interacting with other animals? : A trial adoptive home reported resource guarding of toys and food from the other dog in the home. I have proceeded with caution since then and haven’t given opportunity for guarding either while she lived with me.Where did this dog spend most of their time? : InsideDo you have a fenced yard?: YesHow did you exercise this dog?: Backyard play time or neighborhood walks or flirt poleHow often did you exercise this dog?: DailyWhat kind of collar did you use for this dog? : Body harnessHow was this dog on a leash?: Great on a leash, Some pulling, but manageableHave you ever taken this dog to a training class?: YesWhat commands does this dog know?: Sit, down, place, touch, drop it, leave itWhich behaviors does this dog need improvement on?: Jumping up for attention, mouthing and pawing when frustrated for attentionWhen the dog played did they typically...: Jump, BarkHow long each day was this dog left alone inside your home?: 8-10 hoursWhen left inside your home alone, was this dog...: Crated overnight and confined to a bedroom during the dayWhen this dog was left alone did they show any of the following behaviors?: None of theseIs this dog crate trained?: Yes, for more than 8 hours.How often did this dog have potty accidents in the house?: NeverHow often did this dog destroy things other than toys?: RarelyIf this dog destroys things, is it only when left alone?: NoWhat items did this dog destroy?: Cell phone charger wire, plastic measuring cupWhat does this dog do when a stranger/visitor comes into the house?: Very excited and vocal initially with some frustration to go say hiWhat does this dog do when a stranger tries to pet them?: Accepts the pets. She gets really still and you think she is stiffening up, but it turns out she isn’t - she just doesn’t want to mess up the moment. If you stop petting her, she immediately jumps up or paws for more.What does this dog do when you or someone else goes near the food bowl while they are eating?: NothingWhat does this dog do when someone tries to take away toys, bones, food, or anything the dog decides is valuable?: She is a bit protective over her toys, will stand over them. We have taught her drop it and leave it. Once I say leave it, I can bend down and take the toy. She will not try to beat me to it or anything like that. She isn’t protective over food or anything else.What does this dog do when someone tells them to get off of furniture?: I usually have to guide her off. I don’t think she gets it. Sometimes she will get off if I motion and she understandsWhat is this dog's best quality?: Joyful/happyWhat is this dog's worst quality?: Occasionally fearfulCheck all that apply to this dog's personality:: Friendly, Clingy, Goofy, Fearful, Playful, AffectionateIn your own words, describe this dog's personality. : Kaa is a spirited, hilarious pup. She is so happy all the time. She is very affectionate but not cuddly. She is a hard sleeper but it takes her awhile to settle. She loves to play with people and dogs. She’s pretty easy to please and can be trusted alone. Kaa enjoys playing with toys and snuggling underneath blankets. She loves belly rubs and hugs.What is this dog afraid of? How do they react?: When something catches her off guard or she doesn’t understand something. Examples: trash bag blowing across her walking path or someone jumping out of nowhere. She will bark, hackles up, and get a bit spun up. Requires redirection and reset before being able to keep going.All dogs have sensitive places. Where is this dog sensitive about being touched? Describe their reaction. : When I trim her nails, she requires a lot of positive reinforcement. She really dislikes it but has gotten to where she tolerates it. She will still occasionally mouth my hands when I’m trimming like she’s telling me to please stop or tries to pull her paws away from me. She used to be sensitive about over the head and butt areas, but both seem to be non issues now.Have you seen them act aggressively toward anyone?: NoPlease tell us anything you would like us to know about this dog to help us find it an adoptive home. : She needs an adult only home and also no cats. Otherwise, she would do well in any home that gives her time to grow accustomed to the new space and environment. She is very dog friendly but requires a proper pack walk type intro before off-leash play and she really hates power imbalance where she is on leash and another dog is off-leash. New home should take care to remove toys from common areas and feed separately if other dogs in the home, while everyone is forming their relationships. She loves attention so could do well with a larger family like roommates situation. She also does very well left alone and would be a good fit for someone who has to work outside the home for a full business day. If the home has a fenced in backyard, fence needs to be at least 6 ft high since she can jump very high when chasing squirrels etc. She doesn't need a backyard and could do well strictly leash walking. She does love playing with the dogs in my backyard though.Would you like to be notified if this animal is ever at risk for euthanasia?: YesIf the animal is still here in 30 days, would you like us to check in with you?: Yes

8/24/2025 KAA – Trial Adoption Return Timestamp 2025-08-23 22:12:18Does this dog take any medication or have any known medical issues, injuries, or allergies? If yes, please explain. Benadryl for allergies, medicated shampoo if extra itchyHow long have you had this dog? 3 weeksThis dog is a... Trial Adoption (I was fostering to see if I wanted to adopt.)Why are you bringing this dog back to the shelter today? Dynamic with home and other dog. Our dog also has seizures which have started again since adopting Kaa and we would like to get that under control.Please explain in your own words, why you need to return this dog. She is a very sweet and affectionate girl but has some dominant tendencies and resource guarding that was stressful to the other dog in our home. I don’t think this was an issue in her previous foster care because she was kept separated for eating and play. Her energy level is medium to high energy and our dog’s energy is similar but they can’t always play safely together, it has been a struggle to give both dogs what they need. As stated above she can resource guard and “claim” items in the home which she would aggressively guard from our other dog. He would then become fearful of her. We never saw any of the aggression targeted towards humans in the home. While Betty (Kaa) loves to play with other dogs she would probably benefit from being the only dog in the home or someone who is better equipped to help her with resource fair ding and can help integrate her into their pack.While in your care, did this dog live with children? NoWhat other animals did this dog live with in your home? Large dog(s)If other animals lived in the home, how well did this dog get along with them? Loved to play with other dogs but should be supervised. Resource guards toys and food, and will sometime “claim” objects in the environment to guardIf this dog met or played with other dogs please describe their body language: Excited, Jumpy, Rough/needs mannersHas this dog ever fought with another dog? If yes, please describe the incident. Fought with our dog over “claimed” pillows and blankets in shared space. She was not aggressive towards the us when separating and did not draw bloodHas this dog ever injured another dog? If yes, please describe the incident. Not that I am aware ofHow does this dog react when they see a prey animal (squirrel, mouse, bird) or cat outside? Strong prey drive. Want to chase and will pull on leadHas this dog ever killed a prey animal or pet? If yes, please describe the incident. Not that I am aware ofWhere did this dog spend most of their time? BothDo you have a fenced yard? YesHow did you exercise this dog? Walks, play in the house with toys, tug of war, some play outsideHow often did you exercise this dog? DailyWhat kind of collar did you use for this dog? Body harnessHow was this dog on a leash? Pulls very hardHave you ever taken this dog to a training class? NoWhat commands does this dog know? Sit, down, place (learning)Which behaviors does this dog need improvement on? Walking on lead without pulling, come when called, resource guarding, polite play (worked on a lot)When the dog played did they typically... Jump, Growl, Bite lightly, Bite hard, Biting hard with other dogs, persistent light biting and scratching for attention with peopleHow long each day was this dog left alone inside your home? 7 hoursWhen left inside your home alone, was this dog... CratedWhen this dog was left alone did they show any of the following behaviors? None of theseIs this dog crate trained? Yes, for 4-8 hours.How often did this dog have potty accidents in the house? 1-2 times a monthHow often did this dog destroy things other than toys? RarelyIf this dog destroys things, is it only when left alone? YesWhat items did this dog destroy? 1 pillow, carpet pad under crate when not crated and left in room aloneWhat does this dog do when a stranger/visitor comes into the house? Barks and jumps but is friendlyWhat does this dog do when a stranger tries to pet them? Fine, loves pets. JumpsWhat does this dog do when you or someone else goes near the food bowl while they are eating? We did not see any aggression with people but she is aggressive with other dogsWhat does this dog do when someone tries to take away toys, bones, food, or anything the dog decides is valuable? No aggression but if it is a highly valued she may not give it up right away. She will easily trade for a treatWhat does this dog do when someone tells them to get off of furniture? Depends. Does not consistently listen to getting off the furnitureWhat is this dog's best quality? When she has gotten enough exercise she is very sweet and cuddlyWhat is this dog's worst quality? She can be aggressively demanding of affection and will relentlessly scratch and lightly bite at youCheck all that apply to this dog's personality: Friendly, Clingy, Playful, AffectionateIn your own words, describe this dog's personality. An affectionate ball of energy in a sweet little packageWhat is this dog afraid of? How do they react? N/aAll dogs have sensitive places. Where is this dog sensitive about being touched? Describe their reaction. Does not like anything wet or damp touching herHave you seen them act aggressively toward anyone? NoWould you like to be notified if this animal is ever at risk for euthanasia? NoIf the animal is still here in 30 days, would you like us to check in with you? Yes",7/18/2024,L3
70,A0056408698,Dog,Silver,05 year(s) 08 month(s) 11 day(s), White / Brown Boxer / Mix,Available,Foster Foster Home,7/22/2020,N,74,3,7/22/2024 12:37 PM,L1,941010003236713,,Positive,12/27/2025,Lack of Space,https://bit.ly/AdoptSilver,,,,"7/23/2024 easily handledvery hyper/energetic. muzzled for precaution

9/23/2024 Put into play yard this morning at old location. Rubio jumped the fence and got into the play yard with Silver. They got into a fight. Superficial wounds to both dogs. ","3/29/2025 SILVER – 2 Week Foster Questionnaire 3/22 General Personality playful but is very chill when winding downDaily Routine Hour walk at 12pmWhat food do they eat? Alaskan’s dog food, chicken breast, and sometimes turkey neck rawWhat would be an ideal home and family for your foster? A adventurous family with kids cause he’s very protective about little people that he’s around and somebody who’s interested in taking him on a lot of adventures outsideOn a scale of 1 to 5 how housetrained are they?  5Does your foster use a kennel without excessive barking/whining, escape attempts, or destruction? YesWhere do they sleep at night? In crate or on bedroom floorDo they sleep through the night? YesHas he / she been exposed to any kids? If yes, what ages? How did it go? 6month old & older he’s very aware of little kids he’s still learning that he can jump on them but he does greatHas he / she been exposed to any cats? If yes, how did it go? Yes & it went okay he let the cat hit him in this face a few times but back down now that he sees them very day is not so over stimulated when he gets out the cage and sees themDo they prefer men or women? WomenDoes he / she live with another dog? NoHas he / she been around other dogs? He’s very cautious at first but becomes very playfulDoes he / she know any basic commands? Which ones (Sit, stay, come, lay down, etc) ? Yes he know some commands which are sit , stay , come , go to the cage , he know to not step foot in my kitchenIs your foster dog leash reactive? What makes them bark/lunge on leash? When strangers walk too closeWhat devices do you use to walk your dog? (Type of harness, collar, etc) CollarLeash Walking Rating 3How does your foster do in the car? He does okay haven’t been in one recentlyHow does your foster do for a bath? Great just like a proEnergy level 3How much exercise does it take to tire them out? Good 35 to an hour of walking or slow running for about 3 miles he’s goodIf they don't get enough exercise, what happens? If I don’t have time that day he still does good just chilling around the houseA perfect day for your foster would include ____________? Hot sun with a water hoseHow cuddly are they? 4Favorite toys or games? Rope pullingTell us a fun story about your foster For my sons 8 month birthday party all of my nieces & a nephews really wanted to play with him I keep him in the cage when people are over because he’s very specific about who he likes he barks a grown male family members only but never to kids I let him out & he just played down to let all the kids play with him it was so cute it was like he was waiting on them to play with himI love my foster and think he/she is fabulous because _____________? He’s very observant and lovingWhat makes him/her nervous or unhappy? Unknown people trashcan, cars that play loud musicOverall, how are your foster's manners? (some examples: Jumps on people? Mouthy? Gets into trash?) For the most part his manners are great. He still jumps just a little bit, but if you turn to your side, he gets that jumping is not acceptable. I’ve never had him attempt to put his mouth on anybody but one time when my granddad tried to pet him. He barked at him as though he was going to bite him and he’s never gotten in the trash.Does your foster have any behavioral issues or quirks? No just needed consistency structureDoes your foster have any medical issues? Heart wormsAnything else you want to share? He does not like dry food. He’s an exquisite dogs. he likes raw food.Facebook Presence 1Instagram Post Presence 3Instagram Stories Presence 4Nextdoor Presence 1Youtube Presence 1Other social media platforms utilized? TiktokWhat was the date of the last adoption event you took your foster to? I haven’t been yet but I’m going to a up & coming oneWhat prevents you from taking your foster to (more) events? (check all that apply) Transportation issues, I do think you probably would be too much for him. He’s getting very attached and he needs to be greeted by the individual before someone walks up to him and tries to pet him.What gear & materials do you utilize to help get your foster recognized? (check all that apply) Adopt Me bandana, Adopt Me harness, Adopt Me leashWhen was the last time you took your foster out on the town? March 19 th 2025What prevents you from taking your foster out on the town more often? (check all that apply) Unsure about dog friendly locations near meWhat do you think is preventing your foster from being its most-adoptable self? (check all that apply) Leash Manners, Meeting new peopleHow can we help? TrainingWhat day do you give your foster heartworm and flea/tick preventatives? 7th of each monthAre you interested in adopting your foster pet? MaybeWould you be willing to have your foster dog transfer to a rescue partner? No I’ve spent a lot of time with silver & I think he deserves a family he loves kids & he’s a very job driven dog & he’s a quick learner when it comes to command",7/22/2024,L1
71,A0056500648,Dog,Carmen,07 year(s) 07 month(s) 28 day(s)," Fawn Terrier, Pit Bull / Mix",Available,Foster Foster Home,8/5/2018,S,48,3,8/5/2024 03:02 AM,L2-LR/BR,941010002281446,,Negative,9/13/2025,Lack of Space,https://bit.ly/Adopt-Carmen,,"8/16/2024 Can be a little stiff/dominant with other dogs, but overall does extremely well. Good helper dog; relatively calm and can be redirected. ",,"8/5/2024 Easily handled in the kennel and during the intake exam. Muzzled for precaution does not like shots!!!

11/15/2024 During foster return dog was very leash and barrier reactive. Unable to put into receiving. Previously a level 1, but changed based on behaviors observed by intake and CS staff. LB","11/11/2024 CARMEN – Foster Return 11/11How long have you had this dog? 7 weeksDoes this dog have any known medical issues, injuries, allergies or on any medication NoWhy are you bringing this dog back to the shelter? Traveling Out of Country. Will re-foster on return.While in your care, did this dog live with children? The dog did not live with children, but has met children while with me.How would you describe this dog's behavior towards the children? Mostly FriendlyIf this dog didn't live with children, how often did this dog interact with children? RarelyWhat does this dog do if they see a child on a bike? CalmWhat does this dog do if they see a child running? CalmWhat does this dog do if someone picks up a child? CalmIf this dog has had issues with children that include behavior such as growling, snapping, or showing teeth, please describe the circumstance, tell us how often and give as much detail as possible NoneWhat other animals did this dog live with in your home? No other animalsIf this dog met or played with other dogs please describe their body language: Stiff, Dominant, Rough/needs mannersHow does this dog react when they see an outside cat? Some excitement, but can be maneuvered awayHow does this dog react when they see a small animal like a squirrel? UnbotheredHow does this dog react when they see another dog outside? Too excited. Must take them away as quickly as possible.Is this dog's behavior different on or off leash when they see a dog outside? Unknown, but most likely to be the same.Where did this dog spend most of their time? InsideHow long did this dog spend outside each day? 30-45 minutes.Do you have a fenced yard? NoIf you do not have a fenced yard, do you: Walk the dog on a leashHow did you exercise this dog? YesHow often did you exercise this dog? DailyHow often did you take this dog for leash walks? More than once a dayWhat kind of collar did you use for this dog? Body harnessHow was this dog on a leash? Some pulling, but manageable, Gets excited when they see other dogs, Barks/snarls/lunges when they see other dogsHave you ever taken this dog to a training class? NoHave you trained this dog yourself? YesWhat kind of training tools have you tried with this dog? Treats, Praise, ClickerWhat commands does this dog know? SitWhich behaviors does this dog need improvement on? Barking, Whining, Counter surfingWhich games does this dog like? WrestlingWhat type of toys does this dog like? Plush, Squeaky, Tug toyWhen the dog played did they typically Growl, Bite lightlyHow long each day was this dog left alone inside your home? A range of 0-6 hours. Very infrequently at home for long periods.When left inside your home alone, was this dog Able to roam freeWhen this dog was left alone did they show any of the following behaviors? Destroyed household items, Barked, CriedIs this dog crate trained? NoHow many hours did this dog stay crated? My dog doesn't regularly stay in a crateHow often did this dog have potty accidents in the house? RarelyHow often did this dog destroy things? RarelyIf this dog destroys things, is it only when left alone? YesWhat items did this dog destroy? Tupperware, Small cardboard boxes like kleenexWhat does this dog do when someone knocks at the door? Excitement, no barking, runs to the door.What does this dog do when a stranger/visitor comes into the house? Greets them and will lean on them for pets.What does this dog do when a visitor tries to pet them? Love them.What does this dog do when a stranger approaches you on a walk? Some excitement and happily engages.What does this dog do when a stranger tries to pet them while on a leash with you? Love them.What does this dog do when unfamiliar people walk by while they are in the yard? May bark or whine.What does this dog do when someone tries to take away toys, bones, food, or anything the dog decides is valuable? Growls.What does this dog do when someone tells them to get off of furniture? Rarely will not listen.What does this dog do when someone tries to give them a hug? Does not like hugs from the front. Will try to take the hug from the side.What does this dog do when someone reprimands them? Listen. Non-reactive.What is this dog's best quality? Love's people and is great in the home (without too many dogs outside)What is this dog's worst quality? Very triggered by other dogs. Sounds of dogs on TV can also be trigger. Gets worse when outside.Check all that apply to this dog's personality: Friendly, Independent, Overly reactiveIn your own words, describe this dog's personality Love's people and food. Huge cuddler. No flight response when scared, more of a fighter. Settled very well when we first got her. For example, slept through the whole night in her bed the first night.All dogs are afraid of something Other dogs.All dogs become annoyed or irritated at times Does not like being hugged from the front. She will have a slight yell and lightly bite your hand or arm. Does not like when removing a high value treat while she's eating.Have you seen them act aggressively toward anyone? NoPlease tell us anything else you would like us to know about this dog Extremely food motivated. We were able to muzzle train her in a couple weeks to do unleashed dog tests. However, she seems to be as awkward and aggressive on leash as off leash. At our previous place she was not as sensitive to noises outside, but we moved and the change in scenery may have stressed her out more and lowered her threshold to dogs outside. We are training her and she seems to pick up things quickly with food. I do intend on re-fostering her when I return if she has not been adopted. Please let me know if there's any risk of her getting on the euthanasia list. I have her scheduled for her heartworm injections when I return as well.If this dog was heartworm positive, did you start heartworm treatment? Yes, but the dog has not had injections yet.Would you like to be notified if this animal is ever at risk for euthanasia? Yes ",8/5/2024,L2
72,A0056503718,Dog,Auggie,06 year(s) 07 month(s) 27 day(s)," White / Black Terrier, Pit Bull / Mix",Available,Foster Foster Home,8/6/2019,N,96,3,8/5/2024 01:36 PM,L1,941010002260855,Friendly,Positive,10/28/2025,Behavior,https://bit.ly/adopt_Auggie,,"8/17/2024 a good helper dog, friendly, calm playstyle",8/23/2024 Great helper dog. Gentle play style. ,"8/6/2024 Easily handled  Muzzled out of precaution

10/27/2024 Someone let me know Auggie attacked another dog in the kennel last week. I do not have details, but wanted this to be mentioned in his history as he is being advertised as dog friendly. While I believe he could do well in a home with another dog, please make sure that being involved in a dog/dog fight in the kennel is noted to potential fosters and adopters. ","5/11/2025 AUGGIE – 2 Week Foster Notes 4/17 General Personality Happy, excitable, sometimes a bit needy (I mean he likes attention and being petted like most other dogs), energetic, adorableDaily Routine Usually eats around 8-10AM in the morning and 6-9PM in the eveningWhat food do they eat? Dry dog food, apple, pear, mango, carrot, cucumber, radish, eggplant, peppers, salmon, chicken, lamb, eggsWhat would be an ideal home and family for your foster? Once I have the resources to support Auggie, I think my home might be great for himOn a scale of 1 to 5... how housetrained are they? 5Does your foster use a kennel without excessive barking/whining, escape attempts, or destruction? Never tried using a kennelWhere do they sleep at night? His little bed next to mineDo they sleep through the night? YesHas he / she been exposed to any kids? If yes, what ages? How did it go? Not yet, but I want to try.Has he / she been exposed to any cats? If yes, how did it go? Yes, a 6 month little cat and it went alright, though Auggie barked a bit at her and the cat got scared and ran away.Do they prefer men or women? No preferenceDoes he / she live with another dog? NoHas he / she been around other dogs? I think tolerant so far, but there has not been much interaction with other dogs.Does he / she know any basic commands? Which ones (Sit, stay, come, lay down, etc) ? Sit, downIs your foster dog leash reactive? What makes them bark/lunge on leash? No, he is comfortable with the leashWhat devices do you use to walk your dog? (Type of harness, collar, etc) HarnessLeash Walking Rating 3How does your foster do in the car? The first few times he threw up but the last time he was fine in the car.How does your foster do for a bath? He is easy to bathe.Energy level 3How much exercise does it take to tire them out? Quite a lot I thinkIf they don't get enough exercise, what happens? Auggie has free access to my backyard and I always play with him after coming back from work so usually he gets enough exercise. He is just lazy when that doesn't happen.A perfect day for your foster would include ____________? A LOT of food. Auggie is intensely food motivatedHow cuddly are they? 4Favorite toys or games? Fetch I guessTell us a fun story about your foster... Auggie doesn't understand that fetch also involves handing me the thing I threw.I love my foster and think he/she is fabulous because _____________? look at him, he is just absolutely adorableWhat makes him/her nervous or unhappy? Whenever he goes to the backyard, he does this adorable cute thing where he gets on his back with all his paws up in the air and moves his body side to sideOverall, how are your foster's manners? (some examples: Jumps on people? Mouthy? Gets into trash?) He does jump on people and I'm trying to curb it downDoes your foster have any behavioral issues or quirks? Not really, but he is a big dog and even though his jumping is a friendly gesture, it can be scary.Does your foster have any medical issues? He had heartworm disease. I am through with his meds and need to get the shots for him.Anything else you want to share? Can we please figure out a time to get his heartworm shots?Facebook Presence 2Instagram Post Presence 1Instagram Stories Presence 1Nextdoor Presence 1Youtube Presence 2Other social media platforms utilized? N/AWhat was the date of the last adoption event you took your foster to? N/AWhat prevents you from taking your foster to (more) events? (check all that apply) Dates / times don't work with my schedule, Locations aren't convenient, Transportation issuesWhat gear & materials do you utilize to help get your foster recognized? (check all that apply) Adopt Me bandanaWhen was the last time you took your foster out on the town? last weekendWhat prevents you from taking your foster out on the town more often? (check all that apply) Unsure about dog friendly locations near me, Transportation issuesWhat do you think is preventing your foster from being its most-adoptable self? (check all that apply) Housetraining, Health of petHow can we help? TrainingWhat day do you give your foster heartworm and flea/tick preventatives? 15 November. I'll need some additional suppliesAre you interested in adopting your foster pet? MaybeWould you be willing to have your foster dog transfer to a rescue partner? Yes, but for now I'd prefer to continue fostering Auggie since he has assimilated to my home well.",8/5/2024,L1
73,A0056507497,Dog,Pete,04 year(s) 07 month(s) 26 day(s)," Brown Terrier, American Pit Bull / Mix",Available,Foster Foster Home,8/7/2021,N,38,3,8/5/2024 08:37 PM,L3 - BR,941010002277181,Selective,Positive,8/28/2025,Lack of Space,https://bit.ly/AdoptPropeller,,,"8/27/2024 Primary Handler: LRSecondary Handler: SPRunners: 0Scribe: SP/LRPlay Style: Sociability Category: SelectiveGreeter/Helper: NoSignificant Incidents: NoSexually Motivated, has curly tail, odd body language ","8/7/2024 lunges & tries to bite through kennel door, but is leashed fine. very barrier reactive. friendly when he's out of his kennelmuzzled out of precaution for exam

12/11/2024 Please tell us the name of your foster animal: PeteBriefly, what behaviors are you concerned about?: Leash pulling, he is reactive towards men, he will angry bark like crazy. It takes him a several minutes to calm down.Attaching several resources that we spoke about today and please ready carefully over the below information as well! Please review Muzzleupproject.com Reviewing Engage/Disengage, arming with treats and clicker, review candle stacking.Working on confidence will be a huge benefit. Basic training will help with that! Here are some great links to work on Five Mini-Basics videos (basic skills to set them up for success!) Focus Games, Look At That (helps with reactivity)and Relaxing (SUPER helpful!).  These videos show some of the techniques to get to relaxing (teaching “place”)…Luring, Shaping and Relaxing. Also, keeping their mind working is as important as physical activity! Enrichment items like food puzzles, snuffle mats, enrichment walks and training are great!We have a couple of training options: our in person foster classes at CAC and virtual training with GoodPup.CAC Training Class Animal Behavior Specialist, Sharon Eikey, teaches you positive reinforcement basic training and leash skills. It is recommended to bring soft treats to help train your foster pet.3180 Presidential Dr., Atlanta, GA 30340January availability is coming soon!Sign-up here. Having trouble getting started? Check out this informational video. In the meantime, you can start practicing with the Five Mini-Basics videos that Sharon created.GoodPupVirtually meet with a certified trainer once a week who will map out your training plan. The first week is free. : https://links.goodpup.com/shelter/LifeLineFulton This video has some really useful tips for leash reactivity. Please remember that as long as Pete is in the LifeLine foster program we ask that no aversive training methods are used (no prong/choke collars, no e-collars, etc.). Trainers for animals in our system should use positive reinforcement and follow LIMA guidelines. We have a couple of training options: our in person foster classes at CAC are complementary and virtual training with GoodPup is offered at a discounted rate. I can also recommend a few trainers for you.Stephanie Price| Pathways Coordinator LifeLine Animal Project | Fulton County Animal Services1251 Fulton Industrial Blvd NW | Atlanta, GA 30336Work Cell: 404.500.9546 FultonAnimalServices.comFollow or Friend me on Facebook!Like us on Facebook, follow us on Instagram, and take our visitor survey.  ","4/18/2025 Timestamp 2025-04-18 22:12:42Foster Dog Name (in shelter) PeteDo you have any dates coming up that you need a foster petsitter for? NoGeneral Personality Very active. Likes to keep busy. Enjoys exploring. Loves to play. Likes watching TV. Loves to swing on my swing set.Thinks everything is a game. Loves to train and learn new tricks. Is reactive towards men. Has to know you to be comfortable with you. Gets nervous and full of anxiety when he’s in a new environment. When he’s not feeling well, he will want to cuddle with you. Is pretty vocal. Treat motivated.Daily Routine Harness goes on 1st thing. Outside walk. Eats. Outside walk again. If I’m home and weather is nice, will stay outside to sunbathe and roam around backyard. Otherwise, inside his room, yes, a Room, and watches TV. Afternoon walk, eats dinner, night walk. Play time with me when time permits. At night, i turn off the main light in his room, he has a little lamp light on, and he watches tv (if i have time, we’ll watch tv together) and chews on a bone. When it’s lights out, he gets a little treat. He expects the treat. Weekends vary.What food do they eat? Abound, Lamb and rice.What would be an ideal home and family for your foster? He needs to be with an experienced dog owner who doesn’t have an aggressive approach to training. This person needs to be active and include Pete in their lives. Or he would do well as a working dog.On a scale of 1 to 5... how housetrained are they? 4Does your foster use a kennel without excessive barking/whining, escape attempts, or destruction? Pete does not use a kennel. He was on your euth list bc he was going stir crazy in the kennels you have at Lifeline.Where do they sleep at night? He has his own room. He sleeps on a swivel sofa. That is his bed.Do they sleep through the night? YesHas he / she been exposed to any kids? If yes, what ages? How did it go? Not really.Has he / she been exposed to any cats? If yes, how did it go? He cannot be around cats, or small critters; chickens, rabbits, etc.Do they prefer men or women? He prefers women, but will warm up to a man after he meets them more than once.Does he / she live with another dog? No.Has he / she been around other dogs? Yes. There are 3 small dogs in my house. They do not accept him. I’ve done multiple introductions and he wags his tail, and whimpers, he does not bark at them. My house is a split level. 3 floors. It’s easy to keep them separated.Does he / she know any basic commands? Which ones (Sit, stay, come, lay down, etc) ? Yes- sit, stay, down, paw, (other paw, dbl paw) touch, crawl.Is your foster dog leash reactive? What makes them bark/lunge on leash? At times. If we are in a new environment he gets really nervous and has anxiety. He will try to chase cars. He will try to run after a runner in a park. He will lunge towards a man.What devices do you use to walk your dog? (Type of harness, collar, etc) He must be on a harness. Best way for him to walk. He’s medium size but he’s all muscle.Leash Walking Rating 3How does your foster do in the car? Super hyper. He his leashed in my car, bc he will try to jump up front.How does your foster do for a bath? He does well with baths.Energy level 5How much exercise does it take to tire them out? Pete is never tired. He does understand when it’s bedtime though.If they don't get enough exercise, what happens? He gets anxious, purposely has accidents in the house, becomes whiney.A perfect day for your foster would include ____________? Pete would love to be everywhere you are. A good walk or run in the morning, a yummy breakfast, a brain teaser to solve, maybe a nap or watch tv while his person works, afternoon walk, playtime, or maybe sunbathing time/ exploring the back yard time, dinner time, playtime, a short walk, chew on bone while watching his favorite movie (Peter Pan, I’m not joking), cuddle time with his human until it’s bedtime.How cuddly are they? 3Favorite toys or games? He loves squeaky toys but always serious them, loves frisbees and tennis balls, loves bones, loves solving dog puzzles, is good at brainteasers.Tell us a fun story about your foster... I don’t have any “fun” stories. Anytime we make progress with his anxiety issues, is a win, and i’m always proud of him when he gets through something that is clearly tough for him.I love my foster and think he/she is fabulous because _____________? I love Pete. Whoever previously owned him clearly did not socialize him and didn’t properly take care of him since he was HW+.Pete is fabulous bc he’s eager to be apart of everything. He’s curious and wants to learn. He likes to show off his tricks.What makes him/her nervous or unhappy? Pete is a happy boy. He gets nervous meeting new people and being in new places.Overall, how are your foster's manners? (some examples: Jumps on people? Mouthy? Gets into trash?) He does like to jump on people but is getting better at not doing it. He’s not mouthy. He gets into the chicken coop trash sometimes. He will bark aggressively when he’s nervous or feels threaten.Does your foster have any behavioral issues or quirks? He is reactive towards men. He will try to chase cars. He gets nervous and is full of anxiety when he’s in a new environment. If he sees someone through a window (house or car) he’ll bark like crazy.He will perform all his tricks for you when he sees that you are about to give him a treat! He likes watching TV. He loves the movie Peter Pan and likes cartoons. His facial expressions are priceless! I have a swing set in my backyard and he likes sitting on it and swinging. He likes listening to birds.Does your foster have any medical issues? He is HW+, he already had his injections and he has to wait 5 more months until he can get a heart-worm test to see if the injections worked.Anything else you want to share? I want to find the best placement for Pete. I unfortunately cannot keep him bc my dogs don’t accept him and i have cats and chickens, and he’s prey driven.He’s in a safe environment and is being well taken care of. Lifeline has had several returns probably because the fostering/ adoption process is rushed. I’m not doing that to Pete. He was on death row and no one was coming for him. He would be dead by now had i not decided to foster him which was 2 hours before his deadline. So please stop rushing his process. We are making good progress with his issues, and I’m confident that the right forever placement will arrive for him soon.Facebook Presence 2Instagram Post Presence 2Instagram Stories Presence 3Nextdoor Presence 1Youtube Presence 1Other social media platforms utilized? I talk to people IRL about Pete. People who I know, friends of friends, family friends, ppl in my neighborhood, etc.What was the date of the last adoption event you took your foster to? I don’t take him to foster events, that’s way too much for his anxiety and be would react poorly.What prevents you from taking your foster to (more) events? (check all that apply) Not the right environment for my foster (i.e. too many people, too loud / barky)What gear & materials do you utilize to help get your foster recognized? (check all that apply) Adopt Me bandana, Adopt Me leashWhen was the last time you took your foster out on the town? Today 04/18/25.What prevents you from taking your foster out on the town more often? (check all that apply) Manners, We are slowly building up to more public places.What do you think is preventing your foster from being its most-adoptable self? (check all that apply) Meeting new people, Meeting other furry friends, Pete is not socialized. I have been working with him on this and it’s been a slow process, but we are making progress, and i’m really proud of his progress and i’m proud of him.How can we help? Training, We’ve had training classes with Justin Spark and are doing more.Are you interested in adopting your foster pet? NoWould you be willing to have your foster dog transfer to a rescue partner? Yes, I am actually working on finding a rescue for him here in Georgia.",8/5/2024,L3
75,A0056545695,Dog,Beauty,07 year(s) 07 month(s) 20 day(s)," Grey / White Mixed Breed, Large (over 44 lbs fully grown) / Mix",Available,Foster Foster Home,8/13/2018,S,69,3,8/12/2024 10:28 AM,L1,941010002447734,Push/Pull - Outgoing,Negative,9/14/2025,Lack of Space,https://bit.ly/adopt_Beauty,,"3/21/2025 confident, social with all dogs. when dogs began running around the yard, beauty followed behind growling and necking. behavior appeared playful, may not be well-received by some dogs. ","3/16/2025 Primary Handler: emilySecondary Handler: gillianRunners: irvinScribe: gillianPlay Style: push/pullGreeter/Helper: Significant Incidents: very social, no direct play. when other dogs in the yard began playing rough she became vocal loose at gate and in yard. didn't greet dogs but was very loose and friendly when dogs did approach. used her as a tester for a while and she did well displaying loose, non-threatening body language at the gate but when a higher energy dog was brought into the yard she began policing, necking, and vocalizing.  ","8/13/2024 easily handled

1/26/2025 easily handled","1/6/2025 BEAUTY – Weekend Warrior 1/5/25  Positive interaction with: Women and dogsNo interaction with: Men, cats and kidsHow was this dog on a leash? Great on a leashDid this dog know any commands? Sit, Come, Off, crate, go potty, lay downWhat is this dog's best quality? total sweetheartWhat is this dog's worst quality? noneCheck all that apply to this dog's personality: Friendly, Clingy, Goofy, AffectionateIn your own words, describe this dog's personality sweet, easy going/laidback, quiet, cuddlyDid this dog have an potty accidents? No- Likely potty trained. No accidents!What was this dog's activity level? Low energy (Couch potato)Which behaviors does this dog need improvement on? Nothing! They are practically perfect in every way!Which games did this dog like? ChaseWhat type of toys did this dog like? Balls, Bones/Nylabones/ChewsWhen this dog played did they typically liked to play chaseHow long was this dog left alone? Less than 4 hoursIf you left this dog alone, was it CratedWhen this dog was left alone did they show any of the following behaviors? quiet & would sleep peacefully in crateAnything else you'd like to tell us to help them find an adoptive home? would br great for 1st time pet owner(s)Have you seen them act aggressively toward anyone? NoWould you like to be notified if this animal is ever at risk for euthanasia? Yes 

2/1/2025 BEAUTY – Foster Return 1/25 How long have you had this dog? 3 weeksDoes this dog have any known medical issues, injuries, allergies or on any medication? If yes, please explain ear infectionWhy are you bringing this dog back to the shelter? Behavioral problemsWhile in your care, did this dog live with children? YesIf this dog lived with or interacted frequently with children, how old were the children? 8 and 12How would you describe this dog's behavior towards the children? Mostly FriendlyIf this dog didn't live with children, how often did this dog interact with children? Once a dayWhat does this dog do if a child runs towards them? sitsWhat does this dog do if a child tries to hug them? stays calmWhat does this dog do if a child touches/pets them? She loves being petWhat does this dog do if they see a child running? does not chaseWhat does this dog do if someone picks up a child? stays clamWhat other animals did this dog live with in your home? Large dog(s)If other animals lived in the home, how well did this dog get along with them? Beauty attacked my resident dogIf this dog met or played with other dogs please describe their body language: DominantHas this dog ever fought with another dog? If yes, please describe the incident yes beauty has resources guarding problemsHas this dog ever injured another dog? If yes, please describe the incident yes she bit my resident dog mouthHow does this dog react when they see an outside cat? loves to jump inHas this dog ever killed a prey animal? (mouse, bird, rabbit, etc) If yes, please describe the incident noHas this dog ever injured or killed another pet? If yes, please describe the incident noHow does this dog react when they see another dog outside? stays calmIs this dog's behavior different on or off leash when they see a dog outside? stay clamWhere did this dog spend most of their time? InsideHow long did this dog spend outside each day? 3hrsDo you have a fenced yard? YesIf you do not have a fenced yard, do you: Have a tie-out or runnerHow did you exercise this dog? 15 min walksHow often did you exercise this dog? 3-4 days a weekHow often did you take this dog for leash walks? More than once a dayWhat kind of collar did you use for this dog? Body harnessHow was this dog on a leash? Great on a leashHave you ever taken this dog to a training class? NoHave you trained this dog yourself? YesWhat kind of training tools have you tried with this dog? Treats, PraiseWhat commands does this dog know? Sit, Stay, Give PawWhich behaviors does this dog need improvement on? ChewingWhich games does this dog like? TugWhat type of toys does this dog like? Squeaky, Bones/Nylabones/ChewsWhen the dog played did they typically GrowlHow long each day was this dog left alone inside your home? NoneWhen left inside your home alone, was this dog Able to roam freeWhen this dog was left alone did they show any of the following behaviors? Urinated/defecatedIs this dog crate trained? YesHow many hours did this dog stay crated? My dog doesn't regularly stay in a crateHow often did this dog have potty accidents in the house? RarelyHow often did this dog destroy things? NeverIf this dog destroys things, is it only when left alone? NoWhat items did this dog destroy? NoneWhat does this dog do when someone knocks at the door? calmWhat does this dog do when a stranger/visitor comes into the house? wag its tailWhat does this dog do when a visitor tries to pet them? love itWhat does this dog do when a stranger approaches you on a walk? wags its tailWhat does this dog do when a stranger tries to pet them while on a leash with you? wags its tailWhat does this dog do when a stranger walks past the car with them inside? stay calmWhat does this dog do when unfamiliar people walk by while they are in the yard? wags its tailWhat does this dog do when you or someone else goes near the food bowl while they are eating? stay calmWhat does this dog do when someone tries to take away toys, bones, food, or anything the dog decides is valuable? growlsWhat does this dog do when someone tells them to get off of furniture? gets offWhat does this dog do when someone tries to give them a hug? loves hugsWhat does this dog do when someone reprimands them? She goes to her bedWhat is this dog's best quality? she is so sweetWhat is this dog's worst quality? she resource guardsCheck all that apply to this dog's personality: Friendly, AffectionateIn your own words, describe this dog's personality a sweet heartHave you seen them act aggressively toward anyone? NoIf this dog was heartworm positive, did you start heartworm treatment? NoWould you like to be notified if this animal is ever at risk for euthanasia? Yes

2/4/2025 BEAUTY – Weekend Warrior 2/2 Positive interactions with: Men and womenNo interactions with: Dogs, cats or kidsIf this dog met any children on your outing, how would you describe your dog's behavior towards the children? Mostly FriendlyHow was this dog on a leash? Great on a leashDid this dog know any commands? Sit, ComeWhat is this dog's best quality? She’s so sweet and friendlyCheck all that apply to this dog's personality: Friendly, Independent, Polite, Playful, AffectionateIn your own words, describe this dog's personality. Beauty is the perfect dog for a family or couple. She watches movies, gives kisses a little, she’s like a little shadow. She walks with youDid this dog have an potty accidents? No- Likely potty trained. No accidents!What was this dog's activity level? Medium Energy (Alternates rest and play)Which behaviors does this dog need improvement on? Nothing! They are practically perfect in every way!Which games did this dog like? Fetch, TugWhat type of toys did this dog like? Plush, SqueakyWhen this dog played did they typically... Jump, LickHow long was this dog left alone? The dog was not left aloneIf you left this dog alone, was it... Able to roam freeWhen this dog was left alone did they show any of the following behaviors? N/aAnything else you'd like to tell us to help them find an adoptive home? Best dog everHave you seen them act aggressively toward anyone? NoWould you like to be notified if this animal is ever at risk for euthanasia? Yes

2/10/2025 Weekend Warrior (I have had this pet for less than 3 nights as a Weekend Warrior)Did this dog have any interactions with the following? [Dogs ] No InteractionDid this dog have any interactions with the following? [Cats] No InteractionDid this dog have any interactions with the following? [Men ] Positive InteractionDid this dog have any interactions with the following? [Women ] Positive InteractionDid this dog have any interactions with the following? [Children ] No InteractionHow was this dog on a leash? Some pulling, but manageableDid this dog know any commands? Sit, ComeWhat is this dog's best quality? She’s so nurturingWhat is this dog's worst quality? N/aCheck all that apply to this dog's personality: Friendly, Independent, Polite, AffectionateIn your own words, describe this dog's personality Sweetest girl ever. She’s so smartDid this dog have an potty accidents? No- Likely potty trained. No accidents!What was this dog's activity level? Medium Energy (Alternates rest and play)Which behaviors does this dog need improvement on? Nothing! They are practically perfect in every way!Which games did this dog like? NoneWhat type of toys did this dog like? PlushWhen this dog played did they typically N/aHow long was this dog left alone? The dog was not left aloneIf you left this dog alone, was it N/aWhen this dog was left alone did they show any of the following behaviors? N/aAnything else you'd like to tell us to help them find an adoptive home? NoHave you seen them act aggressively toward anyone? NoPlease tell us anything else you would like us to know about this dog So greatWould you like to be notified if this animal is ever at risk for euthanasia? YesUnnamed: 163 Yes

3/13/2025 BEAUTY – Foster Return 3/11 Does this dog take any medication or have any known medical issues, injuries, or allergies? If yes, please explain. ear infectionHow long have you had this dog? 3 weeksWhat is the main reason you are returning this pet to the shelter? travelWhile in your care, did this dog live with children? YesIf this dog lived with or interacted with children, how old were the children? 8 and 12How would you describe this dog's behavior towards the children? Mostly Friendly, TolerentAre there any details about this dog interacting with children that you would like to share? great with kids loves cuddlingWhat other animals did this dog live with in your home? Large dog(s)If other animals lived in the home, how well did this dog get along with them? wellIf this dog met or played with other dogs please describe their body language greatHas this dog ever fought with another dog? If yes, please describe the incident. Resource guardingHow does this dog react when they see a prey animal (squirrel, mouse, bird) or cat outside? calm non reactiveHas this dog ever killed a prey animal or pet? If yes, please describe the incident. noIs there any other information you would like to share about this dog interacting with other animals? noWhere did this dog spend most of their time? InsideDo you have a fenced yard? NoIf you do not have a fenced yard, do you Walk the dog on a leashHow did you exercise this dog? great in short walksHow often did you exercise this dog? DailyWhat kind of collar did you use for this dog? Body harnessHow was this dog on a leash? Great on a leashHave you ever taken this dog to a training class? NoWhat commands does this dog know? sitWhich behaviors does this dog need improvement on? resource guardingWhen the dog played did they typically... GrowlWhen left inside your home alone, was this dog... Able to roam freeWhen this dog was left alone did they show any of the following behaviors? None of theseIs this dog crate trained? We never made this dog stay in a crate.How often did this dog have potty accidents in the house? 1-2 times a weekHow often did this dog destroy things other than toys? RarelyIf this dog destroys things, is it only when left alone? NoWhat items did this dog destroy? noneWhat does this dog do when a stranger/visitor comes into the house? happy tailWhat does this dog do when a stranger tries to pet them? loves attentionWhat does this dog do when you or someone else goes near the food bowl while they are eating? nothimgWhat does this dog do when someone tries to take away toys, bones, food, or anything the dog decides is valuable? if its a human nothing if its a dog she tries to biteWhat does this dog do when someone tells them to get off of furniture? get offWhat is this dog's best quality? she is sweetWhat is this dog's worst quality? resources guardsCheck all that apply to this dog's personality Friendly, Independent, Polite, AffectionateIn your own words, describe this dog's personality. very sweet loving dogAll dogs have sensitive places. Where is this dog sensitive about being touched? Describe their reaction. earsHave you seen them act aggressively toward anyone? NoWould you like to be notified if this animal is ever at risk for euthanasia? YesIf the animal is still here in 30 days, would you like us to check in with you? Yes",8/12/2024,L1
76,A0056598333,Dog,Kibo,02 year(s) 11 month(s) 26 day(s),"Brindle Black Terrier, American Pit Bull / Mix",Available,Foster Foster Home,4/7/2023,N,40,3,8/19/2024 10:23 PM,L1,941010001860228,,Negative,8/26/2025,Lack of Space,https://bit.ly/AdoptKibo,,,,"8/21/2024 Easily handled in intake and exam

8/22/2024 spinning","10/2/2024 KIBO – Foster Notes 9/14General Personality Sweet, playfulDaily Routine Routine changes, he is happy to sleep in. Meals around 11a/7-8p most days. He plays with my dogs or hangs on the couch. Mostly exercised by playing in fenced backyard. Walks a few times a week minimum - my street is not safe for pedestrians or pets.What food do they eat? Purina OneWhat would be an ideal home and family for your foster? Another dog likely required he is much more comfortable and confident in the presence of other dogs. Someone who is home often. Someone who could create a dog room or area to leave him when alone, NOT a crate, Kibo is currently unable to be crated. He has anxiety which manifests in spinning or pacing in circles. It’s worse the smaller the space he is in. Maybe at some point he will improve but at this point Kibo does not like being confined and doing so hurts his progress. Luckily he is not destructive and can be left out without much issue. His anxiety means his adopter will need to consider how they will make arrangements for Kibo during travel (ie house sitter over boarding, etc). I intend to foster him until we can find the right match. If he can live with cats, it might be with my parents.On a scale of 1 to 5... how housetrained are they? 3Does your foster use a kennel without excessive barking/whining, escape attempts, or destruction? He doesn’t bark, whine, try to escape, or destroy anything. He spins in fast circles. It’s terrible, and clearly very stressful for him. We won’t try crating him again until I have a plan and possibly further medication.Where do they sleep at night? Both in bed with us or on the floorDo they sleep through the night? YesHas he / she been exposed to any kids? If yes, what ages? How did it go? Not yetHas he / she been exposed to any cats? If yes, how did it go? Believe he saw a cat thru gate at temp foster and barely noticedDo they prefer men or women? No preferenceDoes he / she live with another dog? Yes he loves themHas he / she been around other dogs? Kibo is playful and tolerant, he is the annoying little brother but takes corrections very well. He is extremely solid with other dogs really loves them from 20 to 90 lbs male and female thus far.Does he / she know any basic commands? Which ones (Sit, stay, come, lay down, etc) ? Sit, lay down (sometimes)Is your foster dog leash reactive? What makes them bark/lunge on leash? NoWhat devices do you use to walk your dog? (Type of harness, collar, etc) Freedom harness or just a martingale collarLeash Walking Rating 4How does your foster do in the car? Really well in the back seat of a sedan. Had some excitement issues in the minivan, I usually crate my dogs in car but he would spin in there to (unless I sat next to him)How does your foster do for a bath? Not a huge fan but not terriblyEnergy level 4How much exercise does it take to tire them out? Can play hard with my small dog for hoursIf they don't get enough exercise, what happens? Possibly more anxious energy and pacingA perfect day for your foster would include ____________? Playtime, human cuddle time, multiple walks and food from frozen KongHow cuddly are they? 4Favorite toys or games? Loves frozen food toys and loves to chase my larger dog and wrestle with the little one!Tell us a fun story about your foster... Kibo’s ears bounce when he walksI love my foster and think he/she is fabulous because _____________? Kibo is a really sweet boy and he has clearly not had the best life. I have fostered easily 50+ dogs and I’ve never had anyone with this much stress/anxiety but he is still the best and we love him!What makes him/her nervous or unhappy? Confinement and separation but he is doing better left aloneOverall, how are your foster's manners? (some examples: Jumps on people? Mouthy? Gets into trash?) Overall good manners, annoying puppy like behaviors with other dogs is where his manners are developingDoes your foster have any behavioral issues or quirks? Anxiety issues as described above! He was a bit slow (5-10 minutes) to warm up to his temp foster until her dog came out then he was happy as a clam.Does your foster have any medical issues? Everything has been cleared up other than anxiety symptoms which we might try Prozac in the futureAnything else you want to share? I never say I would adopt my foster but this one I would!Facebook Presence 3Instagram Post Presence 3Instagram Stories Presence 4Nextdoor Presence 1Youtube Presence 1What was the date of the last adoption event you took your foster to? We have yet to attend one partly due to scheduling & also his readinessWhat prevents you from taking your foster to (more) events? (check all that apply) Hope to attend soonWhat gear & materials do you utilize to help get your foster recognized? (check all that apply) Adopt Me bandana, Adopt Me harness, Adopt Me leashWhen was the last time you took your foster out on the town? Summer shade festWhat prevents you from taking your foster out on the town more often? (check all that apply) Recently travel. We will go soon.What do you think is preventing your foster from being its most-adoptable self? (check all that apply) Housetraining, Meeting new people, AnxietyHow can we help? Printed Materials (business cards / flyers), TrainingWhat day do you give your foster heartworm and flea/tick preventatives? 1st?Are you interested in adopting your foster pet? 🙈Would you be willing to have your foster dog transfer to a rescue partner? Kibo cannot handle a kennel environment so is not a candidate for rescues that use them. I would be open to rescue transfer but he is kind of special needs at this point and all of that would need to be considered! ",8/19/2024,L1
77,A0056628457,Dog,Pookies,03 year(s) 07 month(s) 08 day(s)," Tan / Black Mixed Breed, Large (over 44 lbs fully grown) / Mix",Available,Foster Foster Home,8/25/2022,S,60,3,8/12/2025 10:43 AM,L2-H/BR,941010002239721,,Negative,11/21/2025,Lack of Space,https://bit.ly/AdoptPookies,,nan,,"8/25/2024 IN intake was scared go slowduring exam was muzzles out of precaution

9/21/2024 Levelling down to L2-SF based on behavior and volunteer notes. 

11/29/2024 I was walking Pookies this morning at New Fulton and she was great on the leash. However, a little boy waiting outside and she jumped unexpectedly toward him when I stopped to answer a question, and I had to pull her back hard. I am not sure if this was an aggressive move or if she was just very interested in him. Further assessment recommended to see if ""no kids"" should be part of her profile.

8/22/2025 Very happy to exit the kennel, did not pull on leash, wagging tail, loose body language.  Happy to meet others.  Could pet all over body.  Seemed interested in other dogs but suggest a dog test.  She does have a note about pulling toward a kid so I think it still needs to be noted but no SF behavior or worries seen today so leveling L1-H

8/27/2025 Previous Level: L1-HCurrent Level: L2-H/BRWhy did this level change? During morning walkthrough, observed severe barrier reactivity. Pookies displayed whale eye, snarled, and bit at the kennel door. Recommend monitoring for continued barrier reactivity; exercise caution when approaching kennel. -JG",,8/12/2025,L2
78,A0056629500,Dog,SHYANN PAWS,04 year(s) 07 month(s) 09 day(s), Rust / White Terrier / Mix,Available,Foster Foster Home,8/24/2021,S,42,3,8/23/2024 09:25 PM,L2-SF,941010002398873,,Negative,8/20/2025,Lack of Space,https://bit.ly/AdoptShyannPaws,,,,"8/24/2024 easily handled. can be shy so go slow

8/26/2024 approached at front of kennel; ears back and slow tail wag. when i offered my hand she licked her lips and sniffed my hand. as i stood back and observed her she retracted into herself and had pinned ears. dogs in kennels on either side of her were energetic and barking. -gillian flebbe",,8/23/2024,L2
79,A0056647661,Dog,Eddie,04 year(s) 07 month(s) 05 day(s)," White / Black Mixed Breed, Large (over 44 lbs fully grown) / Mix",Available,Foster Foster Home,8/28/2021,N,55,3,8/27/2024 01:27 PM,L1,985113008930295,,Negative,8/29/2025,Lack of Space,https://bit.ly/Adopt-Eddie,,,,8/28/2024 easily handled,,8/27/2024,L1
80,A0056849502,Dog,Sheba,06 year(s) 06 month(s) 24 day(s)," Brown / White Terrier, American Pit Bull / Mix",Available,Dogs 506 B6,9/9/2019,S,56,3,2/19/2026 01:42 PM,L1,981020025245164,,,,,,,,,,,2/19/2026,L1
81,A0056916402,Dog,Loki,09 year(s) 06 month(s) 14 day(s)," Black / White Mixed Breed, Large (over 44 lbs fully grown) / Mix",Priority,Dogs 603 B2,9/19/2016,N,51,3,2/7/2026 02:23 PM,L1,981020029327723,,,,,,,,,,,2/7/2026,L1
82,A0056927704,Dog,SHIMMER,06 year(s) 06 month(s) 12 day(s)," Black / White Terrier, American Pit Bull / Mix",Available,Foster Foster Home,9/21/2019,S,55,3,9/20/2024 06:35 PM,L1,941010002369170,,Negative,10/29/2025,Lack of Space,https://bit.ly/Adopt-Shimmer,,,,9/21/2024 easily handled,"5/10/2025 SHIMMER – 2 Week Foster 4/17 General Personality Happy girl :) Loves a lot - loves me and all my roommates as well as the other 3 dogs she lives with (2 chihuahuas and a german shepard). Very obedient and also protective. Kind and gentle.Daily Routine Plays all day with her best friend Pretzel and then cuddles at night with meWhat food do they eat? Purina ProWhat would be an ideal home and family for your foster? A family with another big dog to play with. Maybe even kids who she would protectOn a scale of 1 to 5... how housetrained are they? 5Does your foster use a kennel without excessive barking/whining, escape attempts, or destruction? She loves her kennel but we don’t use it anymoreWhere do they sleep at night? she has honestly slept in all of the above. she’s very easy goingDo they sleep through the night? YesHas he / she been exposed to any kids? If yes, what ages? How did it go? age 5 and age 9. she loves kids :)Has he / she been exposed to any cats? If yes, how did it go? NoDo they prefer men or women? WomenDoes he / she live with another dog? She lives with 3 other dogs - 2 chihuahuas and a german shepard. she loves themHas he / she been around other dogs? she is fine around dogs. she used to be very reactive on the leash when she saw other dogs which made her hard to walk but i think it was just excitementDoes he / she know any basic commands? Which ones (Sit, stay, come, lay down, etc) ? Sit. she does know “no” and she knows her nameIs your foster dog leash reactive? What makes them bark/lunge on leash? barks when sees other dogsWhat devices do you use to walk your dog? (Type of harness, collar, etc) harnessLeash Walking Rating 4How does your foster do in the car? goodHow does your foster do for a bath? she’s great. unbotheredEnergy level 3How much exercise does it take to tire them out? she can play at any time or sleep at any time. she’s very easy goingIf they don't get enough exercise, what happens? she will play with her toys or dog friends at the houseA perfect day for your foster would include ____________? play all day with Pretzel and cuddle and sleep all nightHow cuddly are they? 5Favorite toys or games? she’s a big chewer, even the durable toysTell us a fun story about your foster... One time she saw my neighbor outside so she ran to her while barking, which makes her look scary since she’s a black pit at night, but really she just wanted to say hi. she’s a sweet girl. One time she “bit” my boyfriend when we were playing fighting because she was protecting meI love my foster and think he/she is fabulous because _____________? out of the 23 fosters i’ve had, she is the best oneWhat makes him/her nervous or unhappy? i guess when she wants to cuddle but we shoo her awayOverall, how are your foster's manners? (some examples: Jumps on people? Mouthy? Gets into trash?) her only flaw is she barks a lotDoes your foster have any behavioral issues or quirks? she farts a lot hahaDoes your foster have any medical issues? noAnything else you want to share? she’s great i love herFacebook Presence 1Instagram Post Presence 1Instagram Stories Presence 1Nextdoor Presence 2Youtube Presence 1Other social media platforms utilized? i don’t really post her because i am happy with her aroundWhat was the date of the last adoption event you took your foster to? MarchWhat prevents you from taking your foster to (more) events? (check all that apply) Dates / times don't work with my schedule, Locations aren't convenientWhat gear & materials do you utilize to help get your foster recognized? (check all that apply) Adopt Me harnessWhen was the last time you took your foster out on the town? We took her to a river creek to play last weekendWhat prevents you from taking your foster out on the town more often? (check all that apply) idkWhat do you think is preventing your foster from being its most-adoptable self? (check all that apply) BarkingHow can we help? idkWhat day do you give your foster heartworm and flea/tick preventatives? i think i ran outAre you interested in adopting your foster pet? MaybeWould you be willing to have your foster dog transfer to a rescue partner? I don’t know",9/20/2024,L1
83,A0056944879,Dog,Pickles,05 year(s) 06 month(s) 08 day(s)," Brown / White Terrier, Pit Bull / Mix",Available,Foster Foster Home,9/25/2020,S,58,3,9/24/2024 11:56 AM,L1,941010002370002,,Negative,11/23/2025,Lack of Space,https://bit.ly/adopt-Pickles,,,,"9/25/2024 easily handled

11/23/2024 Pickles cries and screams all day.  Tore up the light switch in flex area.","5/14/2025 Timestamp 2025-04-20 09:29:23Foster Dog Name (in shelter) PicklesYour Name Denise BowickBest Way to Contact EmailBest Time to Contact weekdaysDo you have any dates coming up that you need a foster petsitter for? July 9 - July 26General Personality happy, goofy, sweet, but with a high prey driveDaily Routine She eats in the morning and evening, goes outside about 4 times during the day. I take her on a walk in the evening and take her outside one more time before bed.What food do they eat? Purina Complete Essentials mixed with Hill's Prescription GI BiomeWhat would be an ideal home and family for your foster? a family with no cats or small mammals, or small children (just because she does not know her own size/strength and she gets rough when she's excited)On a scale of 1 to 5... how housetrained are they? 5Does your foster use a kennel without excessive barking/whining, escape attempts, or destruction? yesWhere do they sleep at night? On my bedroom floorDo they sleep through the night? YesHas he / she been exposed to any kids? If yes, what ages? How did it go? She has been exposed to several children from 3yr and up. She was very sweet to them, but when Pickles is overly excited, she can be a bit nippy and plows into us.Has he / she been exposed to any cats? If yes, how did it go? she looks at cats like they are prey and I would be concerned she might hurt/kill them.Do they prefer men or women? No preferenceDoes he / she live with another dog? 2 dogs: 18lb Chihuahua mix and a 110lb Greater Swiss Mountain DogHas he / she been around other dogs? After a slow initial intro, she is playful with other dogsDoes he / she know any basic commands? Which ones (Sit, stay, come, lay down, etc) ? Sit, down, heel, come, stay/spot, shakeIs your foster dog leash reactive? What makes them bark/lunge on leash? She pulls on leash when she sees wildlife on walks. She gets very vocal on leash when she sees another dog who is excited or barking.What devices do you use to walk your dog? (Type of harness, collar, etc) leather leash and prong collarLeash Walking Rating 3How does your foster do in the car? very good in the carHow does your foster do for a bath? great! She just sits thereEnergy level 4How much exercise does it take to tire them out? 1.5 to 2 mile walkIf they don't get enough exercise, what happens? she will be extra clingy to me, pawing at me, sometimes whining.A perfect day for your foster would include ____________? lots of time running off leash in a fenced in areaHow cuddly are they? 4Favorite toys or games? Pickles love squeaky balls and nylabonesTell us a fun story about your foster... Pickles has the best zoomies ever and runs around the house like it's a parkour parkI love my foster and think he/she is fabulous because _____________? sweet, goofy, cuddly and always happyWhat makes him/her nervous or unhappy? I have not seen her get nervousOverall, how are your foster's manners? (some examples: Jumps on people? Mouthy? Gets into trash?) If she gets overly excited she gets mouthy and will jump on us. She is generally not destructive, but did destroy a leather leash early on.Does your foster have any behavioral issues or quirks? She pulls on leash when she is excited or sees an excited/loud dogDoes your foster have any medical issues? minor allergy issuesAnything else you want to share? noFacebook Presence 4Instagram Post Presence 1Instagram Stories Presence 1Nextdoor Presence 1Youtube Presence 1Other social media platforms utilized? noneWhat was the date of the last adoption event you took your foster to? 2015-04-12 00:00:00What prevents you from taking your foster to (more) events? (check all that apply) Dates / times don't work with my scheduleWhat gear & materials do you utilize to help get your foster recognized? (check all that apply) Adopt Me bandana, Adopt Me leash, Business CardsWhen was the last time you took your foster out on the town? last weekendWhat prevents you from taking your foster out on the town more often? (check all that apply) Not comfortable taking a dog out on the town myselfWhat do you think is preventing your foster from being its most-adoptable self? (check all that apply) I think she is more adoptable than our 1st foster..so I don't knowHow can we help? Printed Materials (business cards / flyers)Please include a clear, landscape photo(s) of your foster for us to add to the website. While we can only put 1 picture on the site, you can add up to 5 here https://drive.google.com/open?id=1n9Gex9pr3hkbhTMyhI8a6o9LA32_3CnOWhat day do you give your foster heartworm and flea/tick preventatives? 1stAre you interested in adopting your foster pet? I already am fosteringWould you be willing to have your foster dog transfer to a rescue partner? Yes",9/24/2024,L1
84,A0056989366,Dog,Scooby,02 year(s) 06 month(s) 00 day(s)," Tan Mixed Breed, Large (over 44 lbs fully grown) / Mix",Available,Foster Foster Home,10/2/2023,N,62,3,9/30/2024 07:58 PM,L1,941010002284284,,Negative,10/19/2025,Behavior,https://bit.ly/Adopt-Daredevil,,,,"10/2/2024 easily handled

10/16/2024 Able to stay focused and keep four on the floor to easily leash and retrieve from his kennel despite being incredibly stressed. Approached each dog with a loose and wiggly body walking through the kennel. Excited to meet LSP in the play yard, remaining relaxed, loose and wiggly, with lots of tail wags. Play bows were exchanged and they engaged in play. Daredevil leans in for pets and walks well on leash. Very fun, playful, and sweet. Re-kenneled without issue. ","5/10/2025 SCOOBY – 2 Week Foster Notes 4/11 General Personality Happy, friendly, incredibly smartDaily Routine Sleeps in a room with two other dogs. Gets let out at 8 am. Plays in the yard most of the day. We spend time with him throughout the day. Free feed, not on a schedule. Gets “put to bed” by 10 every night, most of the time earlier.What food do they eat? PurinaWhat would be an ideal home and family for your foster? Individual or family. He did well with little kids at the adoption event (we don’t have any so we didn’t know previously). Someone who wants to train him. He’s incredibly agile and athletic. Would make a great agility competition dog or even K9 dog. Does love to run so someone with a fenced yard or places to take him to play.On a scale of 1 to 5... how housetrained are they? 5Does your foster use a kennel without excessive barking/whining, escape attempts, or destruction? We don’t use a kennelWhere do they sleep at night? In a large room with two other dogs, dog beds, food and waterDo they sleep through the night? YesHas he / she been exposed to any kids? If yes, what ages? How did it go? At the foster event. He did very well.Has he / she been exposed to any cats? If yes, how did it go? Exposed but not close up.Do they prefer men or women? No preferenceDoes he / she live with another dog? YesHas he / she been around other dogs? He’s been around several other dogs. He loves to play and run with them and falls asleep with them easily.Does he / she know any basic commands? Which ones (Sit, stay, come, lay down, etc) ? SitIs your foster dog leash reactive? What makes them bark/lunge on leash? No.What devices do you use to walk your dog? (Type of harness, collar, etc) Collar and leashLeash Walking Rating 4How does your foster do in the car? ExcellentHow does your foster do for a bath? Loves waterEnergy level 4How much exercise does it take to tire them out? He does a lot of “stop and go” playing. Maybe half an hourIf they don't get enough exercise, what happens? He needs something to play with if possible. He doesn’t get upset.A perfect day for your foster would include ____________? Wake up with his human. Playing, walking, going for a ride. Getting lots of petting and attention.How cuddly are they? 4Favorite toys or games? People. lol. Plays Chase with our other dogsTell us a fun story about your foster... When he plays with one of our other dogs, he seems like he’s playing hide and seek with her like children.I love my foster and think he/she is fabulous because _____________? He’s a smiley dog. He would love to be with people all the time.What makes him/her nervous or unhappy? Not much.Overall, how are your foster's manners? (some examples: Jumps on people? Mouthy? Gets into trash?) He jumps because he’s excited but once you spend time with him, he just wants to lean on you when you pet him. He’s a little drooly when he’s excited.Does your foster have any behavioral issues or quirks? Not really.Does your foster have any medical issues? NoAnything else you want to share? He really needs a good home with people who want to train him and love himFacebook Presence 4Instagram Post Presence 3Instagram Stories Presence 3Nextdoor Presence 1Youtube Presence 1Other social media platforms utilized? NoneWhat was the date of the last adoption event you took your foster to? March Not sure of the date.What prevents you from taking your foster to (more) events? (check all that apply) Didn’t understand that I was supposed to until recently.What gear & materials do you utilize to help get your foster recognized? (check all that apply) Adopt Me harness, Adopt Me leash, FlyersWhen was the last time you took your foster out on the town? NeverWhat prevents you from taking your foster out on the town more often? (check all that apply) We don’t take any of our animals out of townWhat do you think is preventing your foster from being its most-adoptable self? (check all that apply) I’m not doing a good enough job marketing himHow can we help? Social media partner, Printed Materials (business cards / flyers), TrainingWhat day do you give your foster heartworm and flea/tick preventatives? First of the monthAre you interested in adopting your foster pet? We would love to foster more dogs but need to get Scooby a home firstWould you be willing to have your foster dog transfer to a rescue partner? Yes",9/30/2024,L1
85,A0057051256,Dog,Petunia,02 year(s) 04 month(s) 25 day(s)," Black Mixed Breed, Medium (up to 44 lbs fully grown) / Mix",Available,Foster Foster Home,11/8/2023,S,54,3,10/10/2024 12:28 AM,L1,941010002244635,,Negative,10/11/2025,Lack of Space,https://bit.ly/Adopt_Petunia,,,,11/8/2024 easily handled,"11/6/2024 PETUNIA – Foster Return 11/6 How long have you had this dog? a monthDoes this dog have any known medical issues, injuries, allergies or on any medication? If yes, please explain Blind in right eye or significantly impaired in both, some stranger dangerWhy are you bringing this dog back to the shelter? vacation, short term commitmentWhile in your care, did this dog live with children? NoIf this dog didn't live with children, how often did this dog interact with children? NeverIf this dog has had issues with children that include behavior such as growling, snapping, or showing teeth, please describe the circumstance, tell us how often and give as much detail as possible she is blind and was sent to my home for protecting her puppies/stranger dangerWhat other animals did this dog live with in your home? No other animalsWhere did this dog spend most of their time? InsideHow long did this dog spend outside each day? couple of hoursDo you have a fenced yard? YesHow did you exercise this dog? backyardHow often did you exercise this dog? DailyHow often did you take this dog for leash walks? RarelyWhat kind of collar did you use for this dog? Buckle collarHow was this dog on a leash? Great on a leashHave you ever taken this dog to a training class? NoHave you trained this dog yourself? NoWhat commands does this dog know? SitWhich behaviors does this dog need improvement on? BarkingWhich games does this dog like? FetchWhat type of toys does this dog like? PlushHow long each day was this dog left alone inside your home? 4 hrsWhen left inside your home alone, was this dog CratedWhen this dog was left alone did they show any of the following behaviors? naIs this dog crate trained? YesHow many hours did this dog stay crated? Less than 4 hoursHow often did this dog have potty accidents in the house? NeverHow often did this dog destroy things? NeverIf this dog destroys things, is it only when left alone? NoWhat does this dog do when someone knocks at the door? NothingWhat does this dog do when a stranger/visitor comes into the house? shy and timidWhat does this dog do when a visitor tries to pet them? ducks or walks away, maybe barksWhat does this dog do when a stranger approaches you on a walk? sometimes barksWhat does this dog do when a stranger walks past the car with them inside? nothingWhat does this dog do when unfamiliar people walk by while they are in the yard? nothingWhat does this dog do when you or someone else goes near the food bowl while they are eating? nothingWhat does this dog do when someone tries to take away toys, bones, food, or anything the dog decides is valuable? nothingWhat does this dog do when someone tries to give them a hug? nothingWhat does this dog do when someone reprimands them? nothingWhat is this dog's best quality? sweet, quiet mostlyWhat is this dog's worst quality? Stranger dangerCheck all that apply to this dog's personality: Shy, Clingy, FearfulIn your own words, describe this dog's personality Sweet and shyAll dogs are afraid of something Bark or retreatAll dogs have sensitive places none, blind on right side so prefers not to be apookedHave you seen them act aggressively toward anyone? NoIf this dog was heartworm positive, did you start heartworm treatment? NoWould you like to be notified if this animal is ever at risk for euthanasia? No 

5/11/2025 Timestamp 2025-04-11 23:02:25Foster Dog Name (in shelter) Petunia (response A)Your Name Hope GentleBest Way to Contact EmailBest Time to Contact AnytimeDo you have any dates coming up that you need a foster petsitter for? NoGeneral Personality FriendlyDaily Routine Go in and outdoors several times; stay in crate part of day.What food do they eat? Purina Dog Chow ChickenWhat would be an ideal home and family for your foster? She could adapt to most homes.On a scale of 1 to 5... how housetrained are they? 5Does your foster use a kennel without excessive barking/whining, escape attempts, or destruction? She can escape the kennel and chews things upWhere do they sleep at night? In bed with me!Do they sleep through the night? YesHas he / she been exposed to any kids? If yes, what ages? How did it go? No exposure to childrenHas he / she been exposed to any cats? If yes, how did it go? No exposure to catsDo they prefer men or women? No preferenceDoes he / she live with another dog? YesHas he / she been around other dogs? YesDoes he / she know any basic commands? Which ones (Sit, stay, come, lay down, etc) ? Sit, come, downIs your foster dog leash reactive? What makes them bark/lunge on leash? NoWhat devices do you use to walk your dog? (Type of harness, collar, etc) harness and leashLeash Walking Rating 4How does your foster do in the car? She rides quietlyHow does your foster do for a bath? She stands still for a bathEnergy level 3How much exercise does it take to tire them out? She is an average mature dogIf they don't get enough exercise, what happens? NothingA perfect day for your foster would include ____________? What she does every dayHow cuddly are they? 4Favorite toys or games? She likes BenebonesTell us a fun story about your foster... I cannot think of oneI love my foster and think he/she is fabulous because _____________? She is just a sweet dogWhat makes him/her nervous or unhappy? Not muchOverall, how are your foster's manners? (some examples: Jumps on people? Mouthy? Gets into trash?) Pretty calm and controllableDoes your foster have any behavioral issues or quirks? She can be destructive when left alone and cannot be crated when aloneDoes your foster have any medical issues? NoneAnything else you want to share? NoFacebook Presence 1Instagram Post Presence 1Instagram Stories Presence 1Nextdoor Presence 1Youtube Presence 1Other social media platforms utilized? NoneWhat was the date of the last adoption event you took your foster to? NoneWhat prevents you from taking your foster to (more) events? (check all that apply) Dates / times don't work with my scheduleWhat gear & materials do you utilize to help get your foster recognized? (check all that apply) NoneWhen was the last time you took your foster out on the town? NeverWhat prevents you from taking your foster out on the town more often? (check all that apply) Time constraintsWhat do you think is preventing your foster from being its most-adoptable self? (check all that apply) CratetrainingHow can we help? I am not sureWhat day do you give your foster heartworm and flea/tick preventatives? Last day of each monthAre you interested in adopting your foster pet? NoWould you be willing to have your foster dog transfer to a rescue partner? Yes",10/10/2024,L1
86,A0057054603,Dog,Ivory,03 year(s) 05 month(s) 22 day(s)," White Mixed Breed, Medium (up to 44 lbs fully grown) / Mix",Available,Foster Foster Home,10/11/2022,S,45,3,10/10/2024 01:27 PM,L1,941010001950676,,Positive,10/29/2025,Lack of Space,https://bit.ly/Adopt_Ivory,,,,10/11/2024 easily handled,"1/7/2025 IVORY – Foster Return 1/4/25 How long have you had this dog? 2monthsDoes this dog have any known medical issues, injuries, allergies or on any medication? If yes, please explain her ear is cut...she caught it on a thorn playing this morningWhy are you bringing this dog back to the shelter? Behavioral problemsWhile in your care, did this dog live with children? The dog did not live with children, but has met children while with me.If this dog lived with or interacted frequently with children, how old were the children? 5 years oldHow would you describe this dog's behavior towards the children? Mostly FriendlyIf this dog didn't live with children, how often did this dog interact with children? A few times a monthWhat does this dog do if a child is crying or screaming? no reactionWhat does this dog do if a child runs towards them? nothingWhat does this dog do if a child tries to hug them? allows itWhat does this dog do if a child touches/pets them? responsive to touch from everyoneWhat does this dog do if they see a child on a bike? nor sureWhat does this dog do if they see a child running? runs with themWhat does this dog do if someone picks up a child? nothingIf this dog has had issues with children that include behavior such as growling, snapping, or showing teeth, please describe the circumstance, tell us how often and give as much detail as possible noneWhat other animals did this dog live with in your home? Large dog(s), CatsIf other animals lived in the home, how well did this dog get along with them? Loves all dogs. NO cats.If this dog met or played with other dogs please describe their body language: Wiggly, Excited, Jumpy, DominantHas this dog ever fought with another dog? If yes, please describe the incident noHas this dog ever injured another dog? If yes, please describe the incident noHow does this dog react when they see an outside cat? wants to kill them, very high prey drive.How does this dog react when they see a small animal like a squirrel? same, extremely high prey drive.Has this dog ever killed a prey animal? (mouse, bird, rabbit, etc) If yes, please describe the incident yesHas this dog ever injured or killed another pet? If yes, please describe the incident noHow does this dog react when they see another dog outside? some.barkingIs this dog's behavior different on or off leash when they see a dog outside? pullsWhere did this dog spend most of their time? InsideHow long did this dog spend outside each day? 2 hoursDo you have a fenced yard? YesIf you do not have a fenced yard, do you: Walk the dog on a leashHow did you exercise this dog? leashed walks, backyaplay, tug o war, free running at lakeHow often did you exercise this dog? DailyHow often did you take this dog for leash walks? More than once a dayWhat kind of collar did you use for this dog? MartindaleHow was this dog on a leash? Some pulling, but manageableHave you ever taken this dog to a training class? NoHave you trained this dog yourself? YesWhat kind of training tools have you tried with this dog? Treats, PraiseWhat commands does this dog know? Sit, Down, Stay, Come, OffWhich behaviors does this dog need improvement on? BarkingWhich games does this dog like? Fetch, Tug, Chase, WrestlingWhat type of toys does this dog like? Balls, Plush, Squeaky, Tug toy, Bones/Nylabones/ChewsWhen the dog played did they typically Jump, Bite lightlyHow long each day was this dog left alone inside your home? 6 hoursWhen left inside your home alone, was this dog Confined to a roomWhen this dog was left alone did they show any of the following behaviors? noneIs this dog crate trained? YesHow many hours did this dog stay crated? My dog doesn't regularly stay in a crateHow often did this dog have potty accidents in the house? NeverHow often did this dog destroy things? NeverIf this dog destroys things, is it only when left alone? NoWhat items did this dog destroy? nothingWhat does this dog do when someone knocks at the door? barksWhat does this dog do when a stranger/visitor comes into the house? greets them without hesitation. FriendlyWhat does this dog do when a visitor tries to pet them? allows itWhat does this dog do when a stranger approaches you on a walk? no responseWhat does this dog do when a stranger tries to pet them while on a leash with you? allows itWhat does this dog do when a stranger walks past the car with them inside? barksWhat does this dog do when unfamiliar people walk by while they are in the yard? barksWhat does this dog do when you or someone else goes near the food bowl while they are eating? no reactionWhat does this dog do when someone tries to take away toys, bones, food, or anything the dog decides is valuable? have experienced some resource guardi, has nipped at me when taking away a boneWhat does this dog do when someone tells them to get off of furniture? gets downWhat does this dog do when someone tries to give them a hug? she is relaxed and allows huggingWhat does this dog do when someone reprimands them? tucks tail and headWhat is this dog's best quality? affectionate and friendly. Loves other dogs and peopWhat is this dog's worst quality? high prey drive and dominateCheck all that apply to this dog's personality: Friendly, Independent, Playful, AffectionateIn your own words, describe this dog's personality she is a near perfect dog who does very well in a home and being a part of a pack. Sheis completely housebroken, playful, and a great cuddle. Loves toys but can be possessive of toys and trea.All dogs are afraid of something haven't discovered anytyet. High stress being confi ed for long periods of time.All dogs have sensitive places She allows touch everywhere feet are fine, belly, head, earsAll dogs become annoyed or irritated at times Prey runningHave you seen them act aggressively toward anyone? NoPlease tell us anything else you would like us to know about this dog She is anear perfect dog who deserves every opportunity to br adopted. She is an amazing dog.If this dog was heartworm positive, did you start heartworm treatment? Yes, but the dog has not had injections yet.Would you like to be notified if this animal is ever at risk for euthanasia? Yes 

5/16/2025 IVORY – Foster Notes (fosters call her “Ivy”)Timestamp 2025-05-06 19:46:20General Personality Active, Loving, Protective, Personable, Loyal.Daily Routine Gets up early. Eats well. Morning walk. Chillax during the day. Early dinner. afternoon walk. TV time with family.What food do they eat? Dry kibble, Purina Pro-Plan Beef and Rice (mixed with water) twice a day.What would be an ideal home and family for your foster? Loving home that appreciates companionship. Active. Kids or no kids. Other dogs allow her to play, but I think she prefers larger dogs initially.On a scale of 1 to 5... how housetrained are they? 5Does your foster use a kennel without excessive barking/whining, escape attempts, or destruction? No, she came to us with kennel stress so we do not use one.Where do they sleep at night? On my bedroom floorDo they sleep through the night? YesHas he / she been exposed to any kids? If yes, what ages? How did it go? Yes. It went well. She gets excited when they are excited.Has he / she been exposed to any cats? If yes, how did it go? No but we think she does not do well with cats.Do they prefer men or women? No preferenceDoes he / she live with another dog? Yes, with two other male dogs.Has he / she been around other dogs? When walking or driving she is protective. She is aggressive around other small dogs.Does he / she know any basic commands? Which ones (Sit, stay, come, lay down, etc) ? Yes. Sit, working on stay, come.Is your foster dog leash reactive? What makes them bark/lunge on leash? We have been training her to walk without pulling at her leash. She is doing well.What devices do you use to walk your dog? (Type of harness, collar, etc) HarnessLeash Walking Rating 4How does your foster do in the car? Protective of strangers and other dogs.How does your foster do for a bath? She doesn't like cold water.Energy level 5How much exercise does it take to tire them out? 25 minute walk does it.If they don't get enough exercise, what happens? She adapts.A perfect day for your foster would include ____________? Everthing we do or try to do each day. Good food, car trip to McDonalld's, walk, play with other dogs, nap in her favorite chair, dinner, walk, watch TV.How cuddly are they? 4Favorite toys or games? Elk antlersTell us a fun story about your foster... She's loyal and independent at the same time. She always wants to know where we are.I love my foster and think he/she is fabulous because _____________? She's a great dog. Sweet and loving and feisty.What makes him/her nervous or unhappy? ThunderstormsOverall, how are your foster's manners? (some examples: Jumps on people? Mouthy? Gets into trash?) Jumps on people and Mouthy and we are working on both.Does your foster have any behavioral issues or quirks? We think she has a strong prey drive.Does your foster have any medical issues? NoAnything else you want to share? We LOVE this dog and only want her to be in a home where she is loved and appreciated.Facebook Presence 1Instagram Post Presence 1Instagram Stories Presence 1Nextdoor Presence 1Youtube Presence 1Other social media platforms utilized? None.What was the date of the last adoption event you took your foster to? Never. We are looking for the right venue.What prevents you from taking your foster to (more) events? (check all that apply) Locations aren't convenient, Not the right environment for my foster (i.e. too many people, too loud / barky)What gear & materials do you utilize to help get your foster recognized? (check all that apply) NoneWhen was the last time you took your foster out on the town? Every morning she goes to McDonald's. She gets pupacinnos at StarBucks.What prevents you from taking your foster out on the town more often? (check all that apply) Unsure about dog friendly locations near meWhat do you think is preventing your foster from being its most-adoptable self? (check all that apply) Barking, Meeting other furry friendsHow can we help? Social media partner, Gear (Adopt Me), Printed Materials (business cards / flyers)What day do you give your foster heartworm and flea/tick preventatives? Mar 28th, and she got it yesterday, May 5th.Are you interested in adopting your foster pet? Only if we can't find a wonderful home for herWould you be willing to have your foster dog transfer to a rescue partner? No. We want to stay involved with Ivy and do nothing that will add stress to her life.",10/10/2024,L1
87,A0057075321,Dog,Barda,05 year(s) 05 month(s) 18 day(s)," White / Brown Mixed Breed, Medium (up to 44 lbs fully grown) / Mix",Available,Foster Foster Home,10/15/2020,S,54,2,10/14/2024 02:10 PM,,985113009424589,,High Positive,10/22/2025,Lack of Space,https://bit.ly/AdoptBarda,,,,"10/15/2024 easily handledduring exam-a bit nervous, cowers at times","5/16/2025 BARDA – Foster Notes Timestamp 2025-04-29 17:05:22General Personality Full of energy but also a big couch potato, playful, loving Velcro doggyDaily Routine Morning wake up with a short walk, breakfast and then chill time. Then afternoon walks, training and then chill time. Dinner, walks and snugglesWhat food do they eat? PurinaWhat would be an ideal home and family for your foster? Somewhere with a fenced yard, she's good with dogs but does get a little excited at first. She is great with kids and although good with cats doesn't care to much for them.On a scale of 1 to 5... how housetrained are they? 5Does your foster use a kennel without excessive barking/whining, escape attempts, or destruction? YesWhere do they sleep at night? Some nights she's crated others she is with meDo they sleep through the night? YesHas he / she been exposed to any kids? If yes, what ages? How did it go? All ages and she loves kidsHas he / she been exposed to any cats? If yes, how did it go? Yes and as expected, curious and playfulDo they prefer men or women? She is glued to me but does overall love menDoes he / she live with another dog? YesHas he / she been around other dogs? Yes, very playfulDoes he / she know any basic commands? Which ones (Sit, stay, come, lay down, etc) ? She knows sit, off, wait, drop it and ouchIs your foster dog leash reactive? What makes them bark/lunge on leash? NoWhat devices do you use to walk your dog? (Type of harness, collar, etc) Collar and leashLeash Walking Rating 5How does your foster do in the car? She gets nervous at first but then enjoys itHow does your foster do for a bath? She does wellEnergy level 3How much exercise does it take to tire them out? Not muchIf they don't get enough exercise, what happens? She chews lolA perfect day for your foster would include ____________? Lounging on the couch with her people, belly rubs, treats and long walksHow cuddly are they? 5Favorite toys or games? Any hard bones and her ballTell us a fun story about your foster... She vaulted over my couch and landed on her puppy and looked stunnedI love my foster and think he/she is fabulous because _____________? She is such a love bug and gives so much affectionWhat makes him/her nervous or unhappy? Raised voicesOverall, how are your foster's manners? (some examples: Jumps on people? Mouthy? Gets into trash?) Can be sneaky and chew on things she's not supposed toDoes your foster have any behavioral issues or quirks? Chewing on things not for herDoes your foster have any medical issues? Heartworm positiveAnything else you want to share? N/aFacebook Presence 1Instagram Post Presence 2Instagram Stories Presence 4Nextdoor Presence 1Youtube Presence 1Other social media platforms utilized? SnapchatWhat was the date of the last adoption event you took your foster to? N/aWhat prevents you from taking your foster to (more) events? (check all that apply) Not the right environment for my foster (i.e. too many people, too loud / barky)What gear & materials do you utilize to help get your foster recognized? (check all that apply) Adopt Me bandana, Adopt Me harness, Word of mouth and exposureWhen was the last time you took your foster out on the town? WeeklyWhat prevents you from taking your foster out on the town more often? (check all that apply) N/aWhat do you think is preventing your foster from being its most-adoptable self? (check all that apply) N/aHow can we help? Update her profileWhat day do you give your foster heartworm and flea/tick preventatives? 15thAre you interested in adopting your foster pet? MaybeWould you be willing to have your foster dog transfer to a rescue partner? No, I feel like with the right info on her profile she shouldn't have an issue being adopted.",10/14/2024,
88,A0057078055,Dog,Starlight,04 year(s) 05 month(s) 17 day(s)," Grey / White Mixed Breed, Large (over 44 lbs fully grown) / Mix",Priority,Dogs 403 A1,10/16/2021,S,44,3,3/13/2026 03:02 PM,L2-LB,941010002279968,,,,,,,,,,,3/13/2026,L2
89,A0057081101,Dog,Springy,03 year(s) 05 month(s) 17 day(s)," Black Mixed Breed, Medium (up to 44 lbs fully grown) / Mix",Available,Foster Foster Home,10/16/2022,S,60,3,10/15/2024 12:23 PM,L2 - JM,941010002380847,,Negative,11/5/2025,Lack of Space,https://bit.ly/AdoptSpringy,,"10/29/2024 Dog test with Pretty Girl: Springy was excited to meet Pretty Girl, positive body language. Springy would put both paws on Pretty Girl and Pretty Girl tolerated. ",,"10/16/2024 easily handled in kennelpuppy like mouthiness & very hyperactive during exam

10/22/2024 Easily leashed and retrieved, very wiggly, and walks well on leash without any reactivity. Very loose and wiggly sniffing a 60lb female dog through the fence that was slightly barrier reactive toward her. In the same play yard the other dog was pulling SP toward Springy , they exchanged some sniffs. Springy remained loose despite the other dog being a little tense nose to nose, Springy remained calm and wiggly even making it easier for the other dog by lifting her leg for a sniff. Dog friendly. Easily redirected when jumpy/mouthy and very sweet and cuddly. ","5/11/2025 SPRINGY – 2 Week Foster Notes 4/17 General Personality High energy, leash reactive, mouthyDaily Routine Eat, poop, play and socialize, nap in crate, repeat.What food do they eat? Limited ingredient salmon and sweet potato kibbleWhat would be an ideal home and family for your foster? A dog trainer with lots of patience and time to focus on her.On a scale of 1 to 5... how housetrained are they? 4Does your foster use a kennel without excessive barking/whining, escape attempts, or destruction? Quiet in kennel, wrecking ball when loose wildWhere do they sleep at night? In a crateDo they sleep through the night? YesHas he / she been exposed to any kids? If yes, what ages? How did it go? Yes but carefully guarded so she doesn't get mouthy, very unpredictable as she likes to chew on everything people includedHas he / she been exposed to any cats? If yes, how did it go? No, unsureDo they prefer men or women? Happy to climb on bothDoes he / she live with another dog? Yes , 2 low energy dogs that she climbs all over if we aren't being the referee'sHas he / she been around other dogs? Very playful excited but also dominantDoes he / she know any basic commands? Which ones (Sit, stay, come, lay down, etc) ? Ouch! She has learned that word after chewing on our hands or feet.Is your foster dog leash reactive? What makes them bark/lunge on leash? Chews on leash and tugsWhat devices do you use to walk your dog? (Type of harness, collar, etc) Harness on trails collar and leash for pottyLeash Walking Rating 3How does your foster do in the car? Carsick but still wants to get in the carHow does your foster do for a bath? Needs to be held in place or she'll bailEnergy level 5How much exercise does it take to tire them out? 2mile hike up and down a Mountain before she will be in calm stateIf they don't get enough exercise, what happens? Races around the furniture not zoomies, different wildA perfect day for your foster would include ____________? Going on a hike and then patio dining afterHow cuddly are they? 3Favorite toys or games? Chews a stuffy in 2 minutes but enjoys fetch with a ball.Tell us a fun story about your foster... She likes to test limits, and often enjoys trying to dominate our residents.I love my foster and think he/she is fabulous because _____________? She's so cute and goofy and a little crazy but learning.What makes him/her nervous or unhappy? Being excluded or separated from attentionOverall, how are your foster's manners? (some examples: Jumps on people? Mouthy? Gets into trash?) Mouthy, chews on leash, people, shoes but she doesn't know how hard she chomps so it can be alarming, puppy stuff that she wasn't trained out of before.Does your foster have any behavioral issues or quirks? Cannot be left unsupervised outside of her crate, she will eat shoes, furniture, whatever.Does your foster have any medical issues? Thankfully not nowAnything else you want to share? Wild child, but being loved by us seems to be her first and favorite experience.Facebook Presence 2Instagram Post Presence 1Instagram Stories Presence 1Nextdoor Presence 1Youtube Presence 1Other social media platforms utilized? NoWhat was the date of the last adoption event you took your foster to? Have not because of her reactivity on leashWhat prevents you from taking your foster to (more) events? (check all that apply) Manners (i.e. leash manners, mouthy, jumpy)What gear & materials do you utilize to help get your foster recognized? (check all that apply) Me telling everyone shes available when someone wants to pet her or compliment her crazy personalityWhen was the last time you took your foster out on the town? Every SaturdayWhat prevents you from taking your foster out on the town more often? (check all that apply) Manners, And gets carsick in traffic otherwise she likes to take short car ridesWhat do you think is preventing your foster from being its most-adoptable self? (check all that apply) Housetraining, Leash Manners, MouthyHow can we help? Training, Needs 1 on 1 not group and must be a clean environment without epidemic virusesWhat day do you give your foster heartworm and flea/tick preventatives? The 10th of every month, was denied meds from DeKalb clinic when she was spayed which was due same day, were told Fulton had to distribute and she was too sick to travel again after surgery so we took on that expense through our vet to alleviate further delays and denial.Are you interested in adopting your foster pet? MaybeWould you be willing to have your foster dog transfer to a rescue partner? No, we fully sponsor our Fosters needs without taking resources from the shelter. Its our hope to eventually adopt her after thousands of dollars we invested her wellness.",10/15/2024,L2
90,A0057149974,Dog,Tilly,04 year(s) 05 month(s) 08 day(s)," Black Terrier, American Pit Bull / Mix",Court,Dog Quarantine A6,10/25/2021,F,47,2,10/24/2024 06:41 PM,L1,,,Negative,3/13/2026,,https://bit.ly/Adopt-Tilly,Court Mandate,,,10/25/2024 easily handled,,10/24/2024,L1
91,A0057165859,Dog,Waffle House,02 year(s) 05 month(s) 05 day(s)," White / Black Retriever, Labrador / Mix",Available,Foster Foster Home,10/28/2023,S,46,3,5/21/2025 11:59 AM,L1,941010003400214,,Negative,11/12/2025,Lack of Space,https://bit.ly/AdoptWaffleHouse,,,,"10/29/2024 easily handled

5/23/2025 While in intake she was observed to be barrier reactive, constantly jumping and barking when kennel is approached.easily handled during intake. ","5/21/2025 Timestamp 2025-05-21 12:18:16Dog's name: Waffle HouseDoes this dog take any medication or have any known medical issues, injuries, or allergies? If yes, please explain. NoHow long have you had this dog? 4 monthsThis dog is a... Adoption Return (This pet was adopted from this shelter.)What is the main reason you are bringing this dog back to the shelter? Cat reactivityPlease explain in your own words, why you need to return this dog today. Cannot get along with my catWhile in your care, did this dog live with children? NoIf this dog has had issues with children that include behavior such as growling, snapping, or showing teeth, please describe the circumstance, tell us how often and give as much detail as possible. NoneWhat other animals did this dog live with in your home? Large dog(s), CatsIf other animals lived in the home, how well did this dog get along with them? She gets along great with other dogs, very playful and loving. Just has some cat reactivity issues, which may be possibly worked out, I just couldn’t get it to work. My cat is large and very much in chargeIf this dog met or played with other dogs please describe their body language: ExcitedHas this dog ever fought with another dog? If yes, please describe the incident. NopeHas this dog ever injured another dog? If yes, please describe the incident. NoHow does this dog react when they see a prey animal (squirrel, mouse, bird) or cat outside? Attentive, but does not chaseHas this dog ever killed a prey animal or pet? If yes, please describe the incident. Not to my knowledgeIs there any other information you would like to share about this dog interacting with other animals? Very playful woth other dogsWhere did this dog spend most of their time? InsideDo you have a fenced yard? YesIf you do not have a fenced yard, do you: Walk the dog on a leashHow did you exercise this dog? Walks, yard playHow often did you exercise this dog? 3-4 days a weekWhat kind of collar did you use for this dog? Buckle collarHow was this dog on a leash? Great on a leash, Some pulling, but manageableHave you ever taken this dog to a training class? NoWhat commands does this dog know? Sir, sometimes stay, sometimes lay, load up into kennelWhich behaviors does this dog need improvement on? Cat reactivity, chilling a bitWhen the dog played did they typically... Zoomies, sometimes excited nibbling. Nothing hard or snappy everHow long each day was this dog left alone inside your home? 6-8 hoursWhen left inside your home alone, was this dog... CratedWhen this dog was left alone did they show any of the following behaviors? Destroyed household itemsIs this dog crate trained? Yes, for 4-8 hours.How often did this dog have potty accidents in the house? RarelyHow often did this dog destroy things other than toys? RarelyIf this dog destroys things, is it only when left alone? YesWhat items did this dog destroy? Dog bed cushions onlyWhat does this dog do when a stranger/visitor comes into the house? BarksWhat does this dog do when a stranger tries to pet them? NaWhat does this dog do when you or someone else goes near the food bowl while they are eating? Sometimes protective, not alwaysWhat does this dog do when someone tries to take away toys, bones, food, or anything the dog decides is valuable? She is fine, maybe inquisitiveWhat does this dog do when someone tells them to get off of furniture? She gets down with some motivationWhat is this dog's best quality? She is very sweet, loves other dogs, and is very smartWhat is this dog's worst quality? Just cat reactivityCheck all that apply to this dog's personality: Friendly, Goofy, Polite, Playful, AffectionateIn your own words, describe this dog's personality. Very sweet, very affectionate, loves to cuddle and spend timeWith other dogsWhat is this dog afraid of? How do they react? Nothing I have seenAll dogs have sensitive places. Where is this dog sensitive about being touched? Describe their reaction. None really, a little timid to have belly rubs, but she opened up quicklyHave you seen them act aggressively toward anyone? NoPlease tell us anything you would like us to know about this dog to help us find it an adoptive home. She is sweet, smart, affectionate, and playful. Would like exercise to stay calm, and loves spending time with other dogsWould you like to be notified if this animal is ever at risk for euthanasia? YesIf the animal is still here in 30 days, would you like us to check in with you? Yes

6/1/2025 Timestamp 2025-06-01 17:42:37Dog's name: Waffle HouseAnimal ID #: A0057165859Does this dog take any medication or have any known medical issues, injuries, or allergies? If yes, please explain NoHow long have you had this dog? 3 hoursThis dog is a Dog For The Day (I picked this pet up earlier today for an outing.)What activities did you do with this dog today? HikedDid this dog have any interactions with the following? [Dogs ] Positive InteractionDid this dog have any interactions with the following? [Cats] No InteractionDid this dog have any interactions with the following? [Men ] Positive InteractionDid this dog have any interactions with the following? [Women ] Positive InteractionDid this dog have any interactions with the following? [Children ] No InteractionWhat was this dog's activity level? 2-Medium Energy (Alternates rest and play)How cuddly was this dog today? 1- Let's get to know each other before cuddlingHow did this dog do on a leash? Some pulling, but manageableDid this dog know any commands? NoneWhat is this dog's best quality, in your opinion? She’s very smart. Walks well on leash and doesn’t lunge or jump towards other people or dogs.What is this dog's worst quality, in your opinion? Very shy and slow to warm up to people. Once she warms up she is very sweet thoughSelect any of these apply to the dog's personality: Shy, IndependentDid this dog have an potty accidents? We were outside all day.Did you see this dog act aggressively toward anyone? NoPlease tell us anything you would like us to know about this dog to help us find it an adoptive home She is well behaved around people and doesn’t lunge after other dogs so she is good to walk. She is initially very shy and nervous but if given time she will warm up and is super sweet. I think she just requires some time to get to know people.Would you like to be notified if this animal is ever at risk for euthanasia? YesIf the animal is still here in 30 days, would you like us to check in with you? No

6/20/2025 Timestamp 2025-06-20 17:03:01Dog's name: Waffle HouseDoes this dog take any medication or have any known medical issues, injuries, or allergies? If yes, please explain NoHow long have you had this dog? 3 weeksThis dog is a Foster (I had this pet as a foster for more than 3 nights.)What is the main reason you are returning this pet to the shelter? Short term foster onlyWhile in your care, did this dog live with children? NoWhat other animals did this dog live with in your home? Large dog(s)If other animals lived in the home, how well did this dog get along with them? She got along great with my resident dogIf this dog met or played with other dogs please describe their body language: Excited, She does have an excited play style. LIKESHas this dog ever fought with another dog? If yes, please describe the incident NoHas this dog ever injured another dog? If yes, please describe the incident NoHow does this dog react when they see a prey animal (squirrel, mouse, bird) or cat outside? She does have pretty high prey drive and will chase birds and squirrels.Has this dog ever killed a prey animal or pet? If yes, please describe the incident NoWhere did this dog spend most of their time? BothDo you have a fenced yard? YesHow did you exercise this dog? Daily walks and lots of yard timeHow often did you exercise this dog? DailyWhat kind of collar did you use for this dog? Slip leadHow was this dog on a leash? Some pulling, but manageableHave you ever taken this dog to a training class? NoWhat commands does this dog know? Sit, come,Which behaviors does this dog need improvement on? She can be a little skittish around new things.When the dog played did they typically Bite lightly, Play bowsHow long each day was this dog left alone inside your home? She was crated alone for a couple hours each dayWhen left inside your home alone, was this dog CratedWhen this dog was left alone did they show any of the following behaviors? None of theseIs this dog crate trained? Yes, for more than 8 hours.How often did this dog have potty accidents in the house? NeverHow often did this dog destroy things other than toys? NeverIf this dog destroys things, is it only when left alone? NoWhat items did this dog destroy? NoneWhat does this dog do when a stranger/visitor comes into the house? She is wary of new people coming in the houseWhat does this dog do when you or someone else goes near the food bowl while they are eating? No food guardingWhat does this dog do when someone tries to take away toys, bones, food, or anything the dog decides is valuable? No resource guardingWhat does this dog do when someone tells them to get off of furniture? She listensWhat is this dog's best quality? Super sweet.What is this dog's worst quality? Her skittishness. But this could be helped with some confidence building.Check all that apply to this dog's personality: Friendly, Shy, Goofy, Playful, AffectionateIn your own words, describe this dog's personality Shy but goofy who like to run and play fetchWhat is this dog afraid of? How do they react? New items in her environment. Barks but eventually stops.All dogs have sensitive places None that I noticedHave you seen them act aggressively toward anyone? NoPlease tell us anything you would like us to know about this dog to help us find it an adoptive home Would love another dog. Higher energy home would be great. Someone with patience to help her build confidence.Would you like to be notified if this animal is ever at risk for euthanasia? YesIf the animal is still here in 30 days, would you like us to check in with you? Yes",5/21/2025,L1
92,A0057165899,Dog,Tint,02 year(s) 11 month(s) 03 day(s)," Black / White Retriever, Labrador / Mix",Available,Foster Foster Home,4/30/2023,N,56,2,10/28/2024 12:37 PM,L1,941010002457333,,Negative,12/18/2025,Lack of Space,https://bit.ly/AdoptTint,,,,"10/29/2024 easily handled

12/17/2024 pacing in kennel, poop painting, high pitched incessant barking, panting heavily. when i offered my hand at the kennel door he stopped to sniff and began barking again and pacing. ","12/23/2024 TINT – Foster Return 12/22 How long have you had this dog? 5 daysDoes this dog have any known medical issues, injuries, allergies or on any medication? If yes, please explain a coughWhy are you bringing this dog back to the shelter? new foster who will potentially adopt him ?While in your care, did this dog live with children? NoHow would you describe this dog's behavior towards the children? Mostly Friendly, Jumps On ThemIf this dog didn't live with children, how often did this dog interact with children? RarelyWhat does this dog do if a child touches/pets them? excited tries to jump but I think has potential with more trainingWhat does this dog do if they see a child on a bike? nothingWhat does this dog do if they see a child running? nothingWhat does this dog do if someone picks up a child? same with if someone pick up a dog he tries to get it and thinks its a toyWhat other animals did this dog live with in your home? Small dog(s), two cavalier spanielsIf other animals lived in the home, how well did this dog get along with them? he is very boisterous and wants to play - can be a little much for small dogs but learned from their corrections very quicklyIf this dog met or played with other dogs please describe their body language: Wiggly, Excited, JumpyHas this dog ever fought with another dog? If yes, please describe the incident NoHas this dog ever injured another dog? If yes, please describe the incident noHow does this dog react when they see an outside cat? not botheredHow does this dog react when they see a small animal like a squirrel? UnbotheredHas this dog ever killed a prey animal? (mouse, bird, rabbit, etc) If yes, please describe the incident noHas this dog ever injured or killed another pet? If yes, please describe the incident noHow does this dog react when they see another dog outside? excited but hasn't barked and doesn't seem reactive on leashIs this dog's behavior different on or off leash when they see a dog outside? noWhere did this dog spend most of their time? InsideHow long did this dog spend outside each day? 1 hourDo you have a fenced yard? YesIf you do not have a fenced yard, do you: noneHow did you exercise this dog? walks and playHow often did you exercise this dog? DailyHow often did you take this dog for leash walks? More than once a dayWhat kind of collar did you use for this dog? Body harnessHow was this dog on a leash? Some pulling, but manageable, Gets excited when they see other dogsHave you ever taken this dog to a training class? NoHave you trained this dog yourself? YesWhat kind of training tools have you tried with this dog? Treats, PraiseWhat commands does this dog know? SitWhich behaviors does this dog need improvement on? Jumping, Counter surfingWhich games does this dog like? Fetch, Tug, WrestlingWhat type of toys does this dog like? Balls, Plush, Squeaky, Tug toy, Bones/Nylabones/ChewsWhen the dog played did they typically Jump, Bite lightlyHow long each day was this dog left alone inside your home? Only in crate left aloneWhen left inside your home alone, was this dog CratedWhen this dog was left alone did they show any of the following behaviors? CriedIs this dog crate trained? YesHow many hours did this dog stay crated? 4-8 hoursHow often did this dog have potty accidents in the house? 1-2 times a week, Urinates onlyHow often did this dog destroy things? only stuffed toys and stealing socksIf this dog destroys things, is it only when left alone? NoWhat items did this dog destroy? socksWhat does this dog do when someone knocks at the door? excited barksWhat does this dog do when a stranger approaches you on a walk? excitedWhat does this dog do when a stranger tries to pet them while on a leash with you? excited jumpsWhat does this dog do when a stranger walks past the car with them inside? nothingWhat does this dog do when you or someone else goes near the food bowl while they are eating? he should be crated to eat - tries to steal other dogs food otherwiseWhat does this dog do when someone tries to take away toys, bones, food, or anything the dog decides is valuable? nothingWhat does this dog do when someone tells them to get off of furniture? gets offWhat does this dog do when someone tries to give them a hug? hugs back, he loves hugs!!!What does this dog do when someone reprimands them? stops what he's doingWhat is this dog's best quality? so lovable, wants to be your best friendWhat is this dog's worst quality? not enough training yetCheck all that apply to this dog's personality: Friendly, Clingy, Goofy, Playful, AffectionateIn your own words, describe this dog's personality snuggly sweet goofy silly cuddly lovingAll dogs are afraid of something vacuum! BarksAll dogs have sensitive places nothing I have found so farAll dogs become annoyed or irritated at times he doesn't show it if he isHave you seen them act aggressively toward anyone? NoPlease tell us anything else you would like us to know about this dog he is truly the best goodness boy -would have been a foster fail if we weren't traveling so oftenIf this dog was heartworm positive, did you start heartworm treatment? NoWould you like to be notified if this animal is ever at risk for euthanasia? Yes ",10/28/2024,L1
93,A0057177276,Dog,Jeremy,04 year(s) 05 month(s) 03 day(s)," Grey Mixed Breed, Medium (up to 44 lbs fully grown) / Mix",Available,Foster Foster Home,10/30/2021,N,34,3,8/14/2025 01:09 PM,L2-SF,941010002456553,,Negative,11/11/2025,Lack of Space,https://bit.ly/Adopt-Jeremy,,,,"10/29/2024 Nervous (frozen, side eye) but was easily handled during his exam. ",,8/14/2025,L2
94,A0057261594,Dog,Lydia,05 year(s) 04 month(s) 20 day(s)," Tan / White Mixed Breed, Large (over 44 lbs fully grown) / Mix",Available,Foster Foster Home,11/13/2020,S,43,3,11/12/2024 04:11 PM,L1,941010002250940,,Negative,12/19/2025,Pet Sitting,https://bit.ly/Adopt-Lydia,,,,"11/13/2024 easily handled

12/9/2024 Struggling, super sick and constantly licking wall and glass, all day long. She does not seem comfy here or relaxed.","5/10/2025 LYDIA – 2 Week Foster Notes 4/13 Do you have any dates coming up that you need a foster petsitter for? July 3rd - July 15th 2025General Personality Low energy, people friendly, cuddlyDaily Routine We go for our morning walk at 9 am, then she goes back to sleep. She wakes up around 12-1, then we go for our evening walk at 4 plus dinner right after. Some playtime, and she gets ready for bed at 8 pm.What food do they eat? Dog kibbleWhat would be an ideal home and family for your foster? A home without little kids since she jumps quite a bit (we're working on it) and without other dogs since she is reactive to other dogs.On a scale of 1 to 5... how housetrained are they? 5Does your foster use a kennel without excessive barking/whining, escape attempts, or destruction? YesWhere do they sleep at night? In bed with me!Do they sleep through the night? YesHas he / she been exposed to any kids? If yes, what ages? How did it go? From afar, and she seemed excited to get attention from them, but we kept our distance for safety reasons.Has he / she been exposed to any cats? If yes, how did it go? Yes at a previous foster (not with me). I heard that she ignored the cat.Do they prefer men or women? No preferenceDoes he / she live with another dog? NoHas he / she been around other dogs? She gets very reactive around other dogs. Her fur stands up and she gets so agitated that she starts barking (only time she barks). We're working on this and I've seen some improvement if we redirect quickly.Does he / she know any basic commands? Which ones (Sit, stay, come, lay down, etc) ? Sit and stayIs your foster dog leash reactive? What makes them bark/lunge on leash? Yes, she barks and gets agitated when she sees another dog.What devices do you use to walk your dog? (Type of harness, collar, etc) Regular leash and collarLeash Walking Rating 4How does your foster do in the car? She's very good in the carHow does your foster do for a bath? N/AEnergy level 2How much exercise does it take to tire them out? 1 mile long walk.If they don't get enough exercise, what happens? Not much. She gets a bit rambunctious wanting to go out to use the bathroom.A perfect day for your foster would include ____________? Easy walks in the morning and afternoon, lots of cuddles and time in the sun.How cuddly are they? 5Favorite toys or games? Any squeezy toyTell us a fun story about your foster... Whenever I go to lay down on the futon in the late evening, she comes trotting from the bed and jumps on top of me to cuddle and go back to sleep.I love my foster and think he/she is fabulous because _____________? She is very affectionate, loving and sweet. A perfect cuddle bug for those with easy lifestyles.What makes him/her nervous or unhappy? Other dogs.Overall, how are your foster's manners? (some examples: Jumps on people? Mouthy? Gets into trash?) She mainly jumps on people. We're working on that and she's showing improvement.Does your foster have any behavioral issues or quirks? Dog reactivity.Does your foster have any medical issues? I don't think so.Anything else you want to share? I don't think so.Facebook Presence 3Instagram Post Presence 1Instagram Stories Presence 1Nextdoor Presence 1Youtube Presence 1Other social media platforms utilized? N/AWhat was the date of the last adoption event you took your foster to? I haven't since she's dog reactiveWhat prevents you from taking your foster to (more) events? (check all that apply) Not the right environment for my foster (i.e. too many people, too loud / barky)What gear & materials do you utilize to help get your foster recognized? (check all that apply) Adopt Me bandana, Adopt Me leashWhen was the last time you took your foster out on the town? I haven'tWhat prevents you from taking your foster out on the town more often? (check all that apply) Unsure about dog friendly locations near me, Not comfortable taking a dog out on the town myselfWhat do you think is preventing your foster from being its most-adoptable self? (check all that apply) Meeting other furry friendsHow can we help? TrainingWhat day do you give your foster heartworm and flea/tick preventatives? 1st of the monthAre you interested in adopting your foster pet? MaybeWould you be willing to have your foster dog transfer to a rescue partner? Yes",11/12/2024,L1
95,A0057284234,Dog,Bravo,01 year(s) 08 month(s) 17 day(s),"Brindle Brown / White Terrier, American Pit Bull / Mix",Available,Dogs 064 B4,7/16/2024,N,57,3,2/27/2026 03:22 PM,L1,941010002236034,,,,,,,,,,,2/27/2026,L1
96,A0057303592,Dog,Gretchen,03 year(s) 04 month(s) 13 day(s)," Black / White Terrier, American Pit Bull / Mix",Available,Foster Foster Home,11/20/2022,S,45,3,11/19/2024 02:19 PM,L2-OA,941010002970823,Rough/Rowdy - Easygoing,Negative,3/11/2026,Lack of Space,https://bit.ly/Adopt-Gretchen,,"3/21/2025 bring to bombproof r/r group - lack of interactions has made her quick to overreact, but enjoys playing rough","2/17/2025 Gretchen was tested with Simba and Dove. She came in hot with a lot of OA energy, prefers males, easily overstimulated and has the potential to over correct. Has a RR play style but we would not feel comfortable bringing her back into playgroups. Could live with another dog given slow intros. 

3/18/2025 reassessmenttested with L and ralph. ralph was removed from the yard to allow gretchen to interact with L, a lower energy dog. gretchen came in ready to play and was bouncing all around the yard. ralph was allowed into the yard and gretchen immediately began playing with him. she is a very hard player, but definitely displayed some over arousal behavior. i don't believe she would tip and behave poorly, i believe she would greatly benefit from going out to playgroup as frequently as possible to reduce over arousal behavior. would bring to small rough/rowdy group with bombproof dogs","11/20/2024 easily handled

2/3/2025 Increasing OA behavior tendencies. Scratching on my pants, mouthy on my forearms, difficult to leash, difficult to redirect.

2/4/2025 Had to move to an in/outdoor run. Was trying to lift the guillotine.","4/4/2025 GRETCHEN – DFTD 4/1 Does this dog take any medication or have any known medical issues, injuries, or allergies? If yes, please explain I don’t know, I did dog for the day with her.How long have you had this dog? Just today.This dog is a Dog For The Day (I picked this pet up earlier today for an outing.)What activities did you do with this dog today? GoingDid this dog have any interactions with the following? [Dogs ] No InteractionDid this dog have any interactions with the following? [Cats] No InteractionDid this dog have any interactions with the following? [Men ] No InteractionDid this dog have any interactions with the following? [Women ] No InteractionDid this dog have any interactions with the following? [Children ] No InteractionWhat was this dog's activity level? 3-High Energy, 4- Regular walking/running buddyHow cuddly was this dog today? 4-Super snugglerHow did this dog do on a leash? Pulls very hard, Gets excited when they see other dogsDid this dog know any commands? NoneWhat is this dog's best quality, in your opinion? Very very sweet wants to be on your lap the whole time you’re in the car and give kisses.What is this dog's worst quality, in your opinion? She pulls very hard on the leash and doesn’t really settle in the car.Select any of these apply to the dog's personality: Friendly, Affectionate, GoofyDid this dog have an potty accidents? We were outside all day.Did you see this dog act aggressively toward anyone? NoPlease tell us anything you would like us to know about this dog to help us find it an adoptive home She definitely needs an active family that has experience with large/strong dogs. While we didn’t have any interactions with children, I would recommend only older children because of how strong she is.Would you like to be notified if this animal is ever at risk for euthanasia? NoIf the animal is still here in 30 days, would you like us to check in with you? No

4/27/2025 GRETCHEN – Foster Return 4/24 Does this dog take any medication or have any known medical issues, injuries, or allergies? If yes, please explain. NoHow long have you had this dog? 2 daysThis dog is a... Foster (I had this pet as a foster for more than 3 nights.)What is the main reason you are returning this pet to the shelter? Behavioral problemsWhile in your care, did this dog live with children? NoIf this dog has had issues with children that include behavior such as growling, snapping, or showing teeth, please describe the circumstance, tell us how often and give as much detail as possible. NaWhat other animals did this dog live with in your home? No other animalsIf other animals lived in the home, how well did this dog get along with them? NaIf this dog met or played with other dogs please describe their body language: Did not meet other dogsHas this dog ever fought with another dog? If yes, please describe the incident. NaHas this dog ever injured another dog? If yes, please describe the incident. NaHow does this dog react when they see a prey animal (squirrel, mouse, bird) or cat outside? Very excited lunged at small animals. I would describe prey drive as very high with squirrels and birds.Has this dog ever killed a prey animal or pet? If yes, please describe the incident. NaIs there any other information you would like to share about this dog interacting with other animals? Seemed very interested in meeting other dogs when on walks but did not do any formal introductions. With other dogs I would say interest was just excited not aggressive.Where did this dog spend most of their time? InsideDo you have a fenced yard? NoIf you do not have a fenced yard, do you: Walk the dog on a leashHow did you exercise this dog? WalksHow often did you exercise this dog? DailyWhat kind of collar did you use for this dog? Adopt me collar that was provided by shelterHow was this dog on a leash? Pulls very hard, Gets excited when they see other dogsHave you ever taken this dog to a training class? NoWhat commands does this dog know? SitWhich behaviors does this dog need improvement on? Leash pulling and jumpingWhen the dog played did they typically... Growl, Bark, Bite lightlyHow long each day was this dog left alone inside your home? Dog was not left aloneWhen left inside your home alone, was this dog... Able to roam freeWhen this dog was left alone did they show any of the following behaviors? None of theseIs this dog crate trained? No! (tries to escape, cries, uses the bathroom)How often did this dog have potty accidents in the house? Daily, Urinates and defecatesHow often did this dog destroy things other than toys? Never,If this dog destroys things, is it only when left alone? NoWhat does this dog do when a stranger/visitor comes into the house? Met only one other person living in the home was very excited and jumpyWhat does this dog do when a stranger tries to pet them? Was excited but friendlyWhat does this dog do when you or someone else goes near the food bowl while they are eating? Was fine with me moving food/ being nearWhat does this dog do when someone tries to take away toys, bones, food, or anything the dog decides is valuable? Would get aggressive / resource guardingWhat does this dog do when someone tells them to get off of furniture? Will get off moderately easilyWhat is this dog's best quality? She is very sweet and cuddly at timesWhat is this dog's worst quality? She began to get aggressive and unpredictable towards me. Would see attention and then start biting and humping me.Check all that apply to this dog's personality: Friendly, Playful, AffectionateIn your own words, describe this dog's personality. Gretchen was very sweet and friendly when calm. Seems to get riled up at times.What is this dog afraid of? How do they react? Loud noises — barkingAll dogs have sensitive places. Where is this dog sensitive about being touched? Describe their reaction. NaHave you seen them act aggressively toward anyone? YesHave you seen this dog snarl (show teeth) at someone? When? How often? Please explain. NoHas this dog growled at you or someone else? When? How often? Please explain. Yes when trying to take a toy awayHas this dog snapped at you or someone else? When? How often? Please explain. NoHas this dog ever bitten or nipped anyone while living with you? YesHas this dog bitten/nipped more than once? YesWhen was the last time this dog bit and broke skin on you or someone else? Please explain. Did not break skin. Nipped / held contact but did not punctureWho was nipped/bitten? MeWhere on the body were they nipped/bitten? Arms/ hands and legs / anklesWas the person nipped or bitten more than once? YesWhat happened just before the dog nipped/bit? Dog would approach me on various occasions with friendly behavior and body language and then begin biting.Did the dog's teeth make contact with the person's skin? YesDid the nip/bite leave a mark on the skin? NoDid the nip/bite break skin? NoWas it a puncture or a scratch to the skin? NaDid the wound bleed? NoDid the person need medical attention? NoPlease tell us anything you would like us to know about this dog to help us find it an adoptive home. I think that Gretchen could potentially do well with a trusted adult dog. Seemed to want companionship but had (what I assume are) dominance issues with me.Would you like to be notified if this animal is ever at risk for euthanasia? NoIf the animal is still here in 30 days, would you like us to check in with you? No

4/28/2025 AnnaClaire Bowman annaclaire.bowman27@gmail.com via fultonanimalservices.com Thu, Apr 24, 10:30 AM (4 days ago)to fosterHello, I picked up Gretchen to foster on Tuesday. She is exhibiting some behaviors that I’m finding pretty concerning. I would love some advice on better ways to redirect and/or discussing a new placement. Gretchen has begun biting at me she has yet to break skin or bruise but it has been getting worse. I have tried redirecting with a different toy and she is not interested. I go as far as to try and put the other toy in her mouth and she will not take it. I have moved to get somewhere else and she will follow me around the home scratching at me and trying to hump me. If I stop moving the biting begins again. I have also tried to redirect by going on a walk. Shortly after we come back from the walk the behavior has been starting again. She is often times very sweet and cuddly but this biting/humping behavior is escalating and becoming more common. ",11/19/2024,L2
97,A0057321831,Dog,Delores,03 year(s) 04 month(s) 11 day(s)," Black / White Terrier, Pit Bull / Mix",Available,Foster Foster Home,11/22/2022,S,48,3,11/21/2024 04:39 PM,L1,985113009350011,,Negative,1/9/2026,Pregnant/Nursing w/Mom,https://bit.ly/AdoptDelores,,,,11/22/2024 easily handled,,11/21/2024,L1
98,A0057378453,Dog,Jude,05 year(s) 03 month(s) 29 day(s)," Black / White Terrier, Pit Bull / Mix",Available,Dogs 066 A3,12/4/2020,N,53,3,2/10/2026 03:10 PM,L1,941010002258354,,,,,,,,,,,2/10/2026,L1
99,A0057378972,Dog,Banana,01 year(s) 11 month(s) 29 day(s)," White Terrier, Pit Bull / Mix",Urgent,Foster Foster Home,4/4/2024,S,49,3,12/28/2025 05:06 PM,L2-SD,941010002306232,Tag,,,,,,,,,,12/28/2025,L2
100,A0057425727,Dog,Lonnie,04 year(s) 03 month(s) 22 day(s)," Brown / White Terrier, Pit Bull / Mix",Available,Foster Foster Home,12/11/2021,N,64,3,12/10/2024 12:32 PM,L2-LB,985112012351971,Push/Pull - Easygoing,Negative,2/6/2026,Lack of Space,https://bit.ly/AdoptLonnie,,"3/21/2025 did well with playful group, reactive at the fence. would need to be the last dog brought to the group to reduce barrier reactivity once in yard.","2/17/2025 Lonnie was tested with Simba and Dove. He was highly steerable and high energy with a RR playstyle. He really enjoyed playing with Dove. 

2/24/2025 High sex drive, fixated and slightly mouthy","12/11/2024 easily handled

1/14/2025 Staff members Ashley M and Tari stated that Lonnie has begun leash biting. They said that the leash biting was not severe but more playful, and Lonnie would listen to corrections when given but still wanted the behavior noted. Leveling to L2-LB.

3/15/2025 Observed panting, pacing and poop painting. Req traz.",,12/10/2024,L2
102,A0057441751,Dog,ROME,01 year(s) 04 month(s) 25 day(s)," Black / White Retriever, Labrador / Mix",Available,Dogs 601 4,11/8/2024,S,73,2,3/24/2026 02:00 PM,L2 - A/OA/LB,941010003035817,,,,,,,,,,,3/24/2026,L2
103,A0057455043,Dog,Pen,03 year(s) 03 month(s) 18 day(s)," Grey / White Mixed Breed, Large (over 44 lbs fully grown) / Mix",Available,Foster Foster Home,12/15/2022,S,52,3,12/13/2024 03:21 PM,L3- H/ OA/ OD,991003911493904,Neutral,Negative,1/2/2026,Lack of Space,https://bit.ly/Adopt-Pen,,,1/20/2025 Pen was out for assessments with Alaskan Bull Worm and Baby Yoda. Good gate greetings and steerable at the gate. Extremely tolerant of Baby Yoda's energy and she never issued a correction. Start in GD playgroup ,"12/14/2024 easily handled

9/11/2025 easily handled while in intake and during exam.","1/5/2025 Foster to Family Adoption Return 1/5/25 (I was fostering to see if I wanted to adopt.)How long have you had this dog? 3 daysIf this dog was heartworm positive, did you start heartworm treatment? NoDoes this dog take any medication or have any known medical issues, injuries, or allergies? If yes, please explain doxycycline 100 mgWhy are you bringing this dog back to the shelter? baby scared of her size when playingPlease explain in your own words, why you need to surrender this dog not a good fit for my familyWhile in your care, did this dog live with children? YesIf this dog lived with or interacted frequently with children, how old were the children? 3yrsHow would you describe this dog's behavior towards the children? Jumps On Them, Too much for them in play (knocks them down, etc)If this dog didn't live with children, how often did this dog interact with children? Once a dayWhat does this dog do if a child is crying or screaming? become protective of the childWhat does this dog do if a child runs towards them? jumps on herWhat does this dog do if a child tries to hug them? seat thereWhat does this dog do if a child touches/pets them? seat thereWhat does this dog do if they see a child on a bike? don't knowWhat does this dog do if they see a child running? runs with her and knocks her down then stands overtop of herWhat does this dog do if someone picks up a child? nothingIf this dog has had issues with children that include behavior such as growling, snapping, or showing teeth, please describe the circumstance, tell us how often and give as much detail as possible noWhat other animals did this dog live with in your home? CatsIf other animals lived in the home, how well did this dog get along with them? not at all just was too excitedIf this dog met or played with other dogs please describe their body language: DominantHas this dog ever fought with another dog? If yes, please describe the incident noHas this dog ever injured another dog? If yes, please describe the incident noHow does this dog react when they see an outside cat? pulls to get to see themHow does this dog react when they see a small animal like a squirrel? not sureHas this dog ever killed a prey animal? (mouse, bird, rabbit, etc) If yes, please describe the incident noHas this dog ever injured or killed another pet? If yes, please describe the incident noHow does this dog react when they see another dog outside? other dogs she is aggressiveIs this dog's behavior different on or off leash when they see a dog outside? runs after what it seesWhere did this dog spend most of their time? InsideHow long did this dog spend outside each day? just on walksDo you have a fenced yard? NoIf you do not have a fenced yard, do you: Walk the dog on a leashHow did you exercise this dog? walkingHow often did you exercise this dog? DailyHow often did you take this dog for leash walks? More than once a dayWhat kind of collar did you use for this dog? Body harnessHow was this dog on a leash? Some pulling, but manageableHave you ever taken this dog to a training class? NoHave you trained this dog yourself? YesWhat kind of training tools have you tried with this dog? leash trainingWhat commands does this dog know? Sit, Down, Stay, ComeWhich behaviors does this dog need improvement on? Jumping, BarkingWhich games does this dog like? FetchWhat type of toys does this dog like? Balls, SqueakyWhen the dog played did they typically JumpHow long each day was this dog left alone inside your home? NeverWhen left inside your home alone, was this dog Able to roam freeWhen this dog was left alone did they show any of the following behaviors? nothingIs this dog crate trained? NoHow many hours did this dog stay crated? My dog doesn't regularly stay in a crateHow often did this dog have potty accidents in the house? NeverHow often did this dog destroy things? NeverIf this dog destroys things, is it only when left alone? NoWhat items did this dog destroy? her plush toyWhat does this dog do when someone knocks at the door? barkWhat does this dog do when a stranger/visitor comes into the house? barksWhat does this dog do when a visitor tries to pet them? don't knowWhat does this dog do when a stranger approaches you on a walk? don't knowWhat does this dog do when a stranger tries to pet them while on a leash with you? don't knowWhat does this dog do when a stranger walks past the car with them inside? don't knowWhat does this dog do when unfamiliar people walk by while they are in the yard? don't knowWhat does this dog do when you or someone else goes near the food bowl while they are eating? nothingWhat does this dog do when someone tries to take away toys, bones, food, or anything the dog decides is valuable? nothingWhat does this dog do when someone tells them to get off of furniture? get downnWhat does this dog do when someone tries to give them a hug? nothingWhat does this dog do when someone reprimands them? nothingWhat is this dog's best quality? very niceWhat is this dog's worst quality? jumpingCheck all that apply to this dog's personality: Friendly, Playful, Affectionate, Overly reactiveIn your own words, describe this dog's personality sweetAll dogs are afraid of something don't knowAll dogs have sensitive places don't knowAll dogs become annoyed or irritated at times don't knowHave you seen them act aggressively toward anyone? NoPlease tell us anything else you would like us to know about this dog it would be good for bigger childrenWould you like to be notified if this animal is ever at risk for euthanasia? Yes 

1/9/2025 PEN – Trial Adoption Return 1/9 How long have you had this dog? 2 daysIf this dog was heartworm positive, did you start heartworm treatment? NoDoes this dog take any medication or have any known medical issues, injuries, or allergies? If yes, please explain noWhy are you bringing this dog back to the shelter? Behavioral problemsPlease explain in your own words, why you need to surrender this dog Pen is a fantastic dog who is obedient, knows commands, and is crate and house trained. Unfortunately she isn't friendly with cats. That's the only reason I'm returning her.While in your care, did this dog live with children? The dog did not interact with children while with me.If this dog didn't live with children, how often did this dog interact with children? NeverWhat other animals did this dog live with in your home? Large dog(s)If other animals lived in the home, how well did this dog get along with them? Got along with the dogs, did not get along with cat.If this dog met or played with other dogs please describe their body language: Wiggly, Excited, ShyHas this dog ever fought with another dog? If yes, please describe the incident noHas this dog ever injured another dog? If yes, please describe the incident noHow does this dog react when they see an outside cat? very interested, lunges forwardsHow does this dog react when they see a small animal like a squirrel? lungesHas this dog ever killed a prey animal? (mouse, bird, rabbit, etc) If yes, please describe the incident noHas this dog ever injured or killed another pet? If yes, please describe the incident noHow does this dog react when they see another dog outside? Excited, friendlyIs this dog's behavior different on or off leash when they see a dog outside? noWhere did this dog spend most of their time? InsideHow long did this dog spend outside each day? 30 minsDo you have a fenced yard? YesIf you do not have a fenced yard, do you: naHow did you exercise this dog? yesHow often did you exercise this dog? DailyHow often did you take this dog for leash walks? Less than once a dayWhat kind of collar did you use for this dog? Buckle collarHow was this dog on a leash? Some pulling, but manageableHave you ever taken this dog to a training class? NoHave you trained this dog yourself? NoWhat kind of training tools have you tried with this dog? naWhat commands does this dog know? Sit, Down, Stay, Come, Heel, leave itWhich behaviors does this dog need improvement on? Barking, Behavior around catsWhich games does this dog like? Tug, Chase, WrestlingWhat type of toys does this dog like? BallsWhen the dog played did they typically Jump, Bite lightlyHow long each day was this dog left alone inside your home? NeverWhen left inside your home alone, was this dog CratedWhen this dog was left alone did they show any of the following behaviors? Barked, naIs this dog crate trained? YesHow many hours did this dog stay crated? My dog doesn't regularly stay in a crateHow often did this dog have potty accidents in the house? NeverHow often did this dog destroy things? NeverIf this dog destroys things, is it only when left alone? NoWhat items did this dog destroy? nothingWhat does this dog do when someone knocks at the door? BarksWhat does this dog do when a stranger/visitor comes into the house? BarksWhat does this dog do when a visitor tries to pet them? Is very shyWhat does this dog do when a stranger walks past the car with them inside? nothingWhat does this dog do when you or someone else goes near the food bowl while they are eating? nothingWhat does this dog do when someone tries to take away toys, bones, food, or anything the dog decides is valuable? nothingWhat does this dog do when someone tells them to get off of furniture? gets off immediatelyWhat does this dog do when someone tries to give them a hug? licksWhat does this dog do when someone reprimands them? ObligesWhat is this dog's best quality? joyful, sweet, playfulWhat is this dog's worst quality? Chases catsCheck all that apply to this dog's personality: Friendly, Clingy, Goofy, Polite, Playful, AffectionateIn your own words, describe this dog's personality She is all around a great dog. See my email for full description.All dogs are afraid of something Knocks at the doorAll dogs become annoyed or irritated at times CatsHave you seen them act aggressively toward anyone? NoPlease tell us anything else you would like us to know about this dog She is an outstanding dog for a house without catsWould you like to be notified if this animal is ever at risk for euthanasia? No ",12/13/2024,L3
104,A0057471755,Dog,Jean,03 year(s) 03 month(s) 15 day(s), Black / Brown Shepherd / Mix,Available,Foster Foster Home,12/18/2022,S,44,3,3/3/2025 11:29 AM,L2 - SF,941010002223073,Gentle/Dainty - Easygoing,High Positive,1/9/2026,Lack of Space,https://bit.ly/Adopt-Jean,,3/22/2025 poor beh in 1st assess - reassess w different testers good assessment w pinky and lakemont. loose at gate and social in the yard. no attempts to play but co existed well. start in gentle/dainty group.,"3/6/2025 Jean was tested with Kettle Corn and Picaboo. She was semi steerable and entered the yard with her hackles up, immediately mounted KC and we quickly removed her. Retest with kennel. ","12/18/2024 easily handled in kenneleasily handled during exam until the heartworm test. she started growling & snarling when she saw the needle. muzzled for precaution, does not like being vetted

3/3/2025 Easily handled in intake and exam

3/26/2025 Behavior observed in kennel on morning rounds. Approached Jean at the gate. Jean began barking, jumping on the kennel door and pacing mildly. Wiggly body language when I acknowledged her, fast mid-height tail wags. May need to be releveled from SF?","3/7/2025 JEAN – Adoption Return 3/3 Does this dog take any medication or have any known medical issues, injuries, or allergies? If yes, please explain Heartworms on medsHow long have you had this dog? 2 monthsWhat is the main reason you are bringing this dog back to the shelter? Behavioral problemsPlease explain in your own words, why you need to return this dog today Bella/Jean is super sweet and friendly to everyone in the house but outside she barks at everyone, lunges pulls extremely hard on the leash. She nip myself, my daughter, my dad and my cousin and we don’t want her to hurt anyone but we are not equipped to train her. She is so sweet, I think she is just afraidWhile in your care, did this dog live with children? YesIf this dog lived with or interacted with children, how old were the children? 8How would you describe this dog's behavior towards the children? Mostly Friendly, Jumps On ThemIf this dog has had issues with children that include behavior such as growling, snapping, or showing teeth, please describe the circumstance, tell us how often and give as much detail as possible She sometimes growling and showed her teethWhat other animals did this dog live with in your home? No other animalsIf this dog met or played with other dogs please describe their body language: Jumpy, Rough/needs mannersHas this dog ever fought with another dog? If yes, please describe the incident NoHas this dog ever injured another dog? If yes, please describe the incident NoHow does this dog react when they see a prey animal (squirrel, mouse, bird) or cat outside? Lunges bark try to go towards themHas this dog ever killed a prey animal or pet? If yes, please describe the incident NoWhere did this dog spend most of their time? BothDo you have a fenced yard? NoIf you do not have a fenced yard, do you: Walk the dog on a leashHow did you exercise this dog? Walked dailyHow often did you exercise this dog? DailyWhat kind of collar did you use for this dog? Buckle collarHow was this dog on a leash? Pulls very hard, Barks/snarls/lunges when they see other dogsHave you ever taken this dog to a training class? NoWhat commands does this dog know? SitWhich behaviors does this dog need improvement on? Following commands especially when distractions are thereWhen the dog played did they typically.. JumpHow long each day was this dog left alone inside your home? Only Mondays for 5 hoursWhen left inside your home alone, was this dog.. Able to roam freeWhen this dog was left alone did they show any of the following behaviors? Barked, CriedIs this dog crate trained? Yes, for 4-8 hours.How often did this dog have potty accidents in the house? 1-2 times a monthHow often did this dog destroy things other than toys? RarelyIf this dog destroys things, is it only when left alone? NoWhat items did this dog destroy? Toys, one shoeWhat does this dog do when a stranger/visitor comes into the house? Barked, tried to nipWhat does this dog do when a stranger tries to pet them? A stranger could not get close to herWhat does this dog do when you or someone else goes near the food bowl while they are eating? NothingWhat does this dog do when someone tries to take away toys, bones, food, or anything the dog decides is valuable? Toys she would growl and show teethWhat does this dog do when someone tells them to get off of furniture? Doesn’t listenWhat is this dog's best quality? So loving and affectionate and a best friendWhat is this dog's worst quality? Doesn’t listenCheck all that apply to this dog's personality: Friendly, Shy, Independent, Clingy, Goofy, Polite, Fearful, Playful, AffectionateIn your own words, describe this dog's personality Great dog inside around trusted people but very scared outsideWhat is this dog afraid of? How do they react? Everything outsideAll dogs have sensitive places. Where is this dog sensitive about being touched? Describe their reaction Nowhere reallyHave you seen them act aggressively toward anyone? YesHave you seen this dog snarl (show teeth) at someone? When? How often? Please explain YesHas this dog growled at you or someone else? When? How often? Please explain Yes multiple timesHas this dog snapped at you or someone else? When? How often? Please explain TwiceHas this dog ever bitten or nipped anyone while living with you? YesHas this dog bitten/nipped more than once? YesWhen was the last time this dog bit and broke skin on you or someone else? Please explain NoneWho was nipped/bitten? Me, my daughter, my dadWhere on the body were they nipped/bitten? HandWas the person nipped or bitten more than once? YesWhat happened just before the dog nipped/bit? A stranger came IDid the dog's teeth make contact with the person's skin? YesDid the nip/bite leave a mark on the skin? NoDid the nip/bite break skin? NoWas it a puncture or a scratch to the skin? ScratchDid the wound bleed? NoDid the person need medical attention? NoWould you like to be notified if this animal is ever at risk for euthanasia? YesIf the animal is still here in 30 days, would you like us to check in with you? No

5/25/2025 Timestamp 2025-05-25 13:31:54Dog's name: JeanAnimal ID #: A0057471755Does this dog take any medication or have any known medical issues, injuries, or allergies? If yes, please explain. Heart worm positive, not on meds.How long have you had this dog? 6 daysThis dog is a... Foster (I had this pet as a foster for more than 3 nights.)What is the main reason you are returning this pet to the shelter? Time commitmentWhile in your care, did this dog live with children? The dog did not interact with children while with me.If this dog has had issues with children that include behavior such as growling, snapping, or showing teeth, please describe the circumstance, tell us how often and give as much detail as possible. Not while in my care, past notes on her file show history with kids from past adoptionWhat other animals did this dog live with in your home? Large dog(s), CatsIf other animals lived in the home, how well did this dog get along with them? Did not meet my dog, barrier reactive towards him through fences/gates, worked on this and made progress with treats and desentization. I think with a long period of this and slow intro she could have gotten along .If this dog met or played with other dogs please describe their body language: See aboveHas this dog ever fought with another dog? If yes, please describe the incident. N/aHas this dog ever injured another dog? If yes, please describe the incident. M/aHow does this dog react when they see a prey animal (squirrel, mouse, bird) or cat outside? Interested, loosely tried to play/go for it but redirectableHas this dog ever killed a prey animal or pet? If yes, please describe the incident. N/aIs there any other information you would like to share about this dog interacting with other animals? Saw my cat in the house while on a leash, curious but “respected” my cats hiss and walked away, could be cat friendlyWhere did this dog spend most of their time? BothDo you have a fenced yard? YesIf you do not have a fenced yard, do you: Walk the dog on a leashHow did you exercise this dog? Walks, hikes, playing with toys in yardHow often did you exercise this dog? DailyWhat kind of collar did you use for this dog? Buckle collarHow was this dog on a leash? Some pulling, but manageable, Gets excited when they see other dogs, Some leash reactivity when dogs were close/on her side of the side walk, redirectable though and not too intenselyHave you ever taken this dog to a training class? NoWhat commands does this dog know? Sit, paw, come, stayWhich behaviors does this dog need improvement on? Introductions with people and pets (history of nipping hands when nervous or a new person pets her too quicklyWhen the dog played did they typically... JumpHow long each day was this dog left alone inside your home? 2-7 hoursWhen left inside your home alone, was this dog... Sometimes crated, sometimes alone in a roomWhen this dog was left alone did they show any of the following behaviors? Cited initially (10-15 mins) totally fine and non destructive afterIs this dog crate trained? Yes, for 4-8 hours.How often did this dog have potty accidents in the house? NeverHow often did this dog destroy things other than toys? NeverIf this dog destroys things, is it only when left alone? NoWhat does this dog do when a stranger/visitor comes into the house? Does best meeting them outside first in the leash, based on her history I didn’t risk someone coming right in.What does this dog do when a stranger tries to pet them? Either backs away in fear, or may pull forward to greet, but she needs to sniff before they can reach out or she’ll take it as a threat and either jump or nip. She does much better if new person sits down, lowers the perceived threat.What does this dog do when you or someone else goes near the food bowl while they are eating? She growls with toys, so I did not attempt to go near food bowl. She will sit and wait for command to eat though, is easy to feed.What does this dog do when someone tries to take away toys, bones, food, or anything the dog decides is valuable? She will growlWhat does this dog do when someone tells them to get off of furniture? She will listenWhat is this dog's best quality? Incredibly affectionate, snuggly and treat motivated, great on a walk as long as no super close by dogs.What is this dog's worst quality? Her intros/meeting people. She gets SO friendly after about an hour, but really needs that full time for people to go SLOW to build her trust.Check all that apply to this dog's personality: Friendly, Shy, Independent, Goofy, Fearful, Playful, AffectionateIn your own words, describe this dog's personality. Huge heart, wanting a companion and to be a Velcro dog. Her anxiety level stays at a 8/10- with support and stability I do think this may improveWhat is this dog afraid of? How do they react? New people coming towards her, will be shy unless she perceives threat/or they move too fast/too close she will give a “warning nip”- intentionally bite their hand but gentle without pressure, leaving no mark/scratch/ pain etc, to communicate “stop that”All dogs have sensitive places. Where is this dog sensitive about being touched? Describe their reaction. Face, behind ears, neck (but only during intros, after wards she is desperate for pats/belly rubs/scratches all over!)Have you seen them act aggressively toward anyone? YesHave you seen this dog snarl (show teeth) at someone? When? How often? Please explain. NoHas this dog growled at you or someone else? When? How often? Please explain. Growled a small bit at me when I reached for a toy she had (I backed up)Has this dog snapped at you or someone else? When? How often? Please explain. . Not snapped per se- but did nip. Will note on next question.Has this dog ever bitten or nipped anyone while living with you? YesHas this dog bitten/nipped more than once? NoWhen was the last time this dog bit and broke skin on you or someone else? Please explain. No skin was brokenWho was nipped/bitten? Yes- when meeting a neighbor in the yard, she was sweet/shy/gentle and the (female) neighbor also has an anxious dog, so I was going slow and being intentional and giving her treats. After about 20 minutes, Jean was sitting and smiling at the stranger, and she leaned over to scratch behind Jean‘s ears with both hands, before I could say anything, Jean had whipped her head around and nipped the neighbors finger. The bite had left no marks and neighbor said it was not hard at all, more like a gentle warning to stop. It was helpful to see given some confusion based on Jeans past notes. She met about five or six more people over the week that I had her, and we never saw this behavior again, though I was much much much more cautiousWhere on the body were they nipped/bitten? FingerWas the person nipped or bitten more than once? NoWhat happened just before the dog nipped/bit? Woman leaned over to scratch Jeans ears with both hands, which I think blocked her vision and scared herDid the dog's teeth make contact with the person's skin? YesDid the nip/bite leave a mark on the skin? NoDid the nip/bite break skin? NoWas it a puncture or a scratch to the skin? Neither, no mark at all or pain per the neighborDid the wound bleed? NoDid the person need medical attention? NoPlease tell us anything you would like us to know about this dog to help us find it an adoptive home. Jean really only struggles with the first hour or so of meeting somebody. It helps significantly with the new person is sitting down so she does not perceive threat. After that, Jean is a completely different dog, incredibly affectionate, incredibly snuggly incredibly playful. Within an hour of taking her home, she was rolling over in my lap, wanting me to scratch her tummy and showing no body issues at all. She is really desperate for love and attention and I think could benefit greatly from anxiety medication. She seemed to just stay at a resting eight out of 10 in terms of fight/flight anxiety as evidenced by strong panting, even when “relaxed”. The same thing happened when she met my boyfriend, was nervous for the first little while and then trusted him 100% and also wanted all the pets and attention from him. I’d suggest changing her level from fearful to body handling and keeping her at level two at this time. I suggest her only living with kids 12 and up who could understand the need to go slow. She’s very food, motivated and trainable, which could help, but again with the commands and trust she has I think anxiety medication is the way to go to make her most adoptable!Would you like to be notified if this animal is ever at risk for euthanasia? NoIf the animal is still here in 30 days, would you like us to check in with you? No",3/3/2025,L2
105,A0057478759,Dog,Kathy Bates,04 year(s) 03 month(s) 15 day(s)," Black / White Mixed Breed, Medium (up to 44 lbs fully grown) / Mix",Available,Foster Foster Home,12/18/2021,S,60,3,12/17/2024 04:50 PM,L1,941010002715993,Friendly,Low Positive,2/5/2026,Lack of Space,https://bit.ly/AdoptKathyBates,,,"1/1/2025 Tried to bring Kathy into the yard but she didn't come pass the pen: full hackles up, hard staring, very stiff body. Was tested with Hutch and Cruella.

3/8/2025 retested in playgroup - tested w gin and omni. stiff at gate, steerable, once in yard showed interest in greeting gin. omni began jumping on kathy and kathy was tolerant of the energy but didn't reciprocate so omni was removed. kathy was content to co exist in yard with gin, no play observed. gentle/dainty",12/18/2024 easily handled,,12/17/2024,L1
106,A0057500992,Dog,Princess,09 year(s) 03 month(s) 02 day(s),"Brindle Brown / White Mixed Breed, Medium (up to 44 lbs fully grown) / Mix",Available,Foster Foster Home,12/31/2016,S,44,3,12/20/2024 02:12 PM,L1,941010003241335,Neutral,Positive,1/2/2026,Lack of Space,https://bit.ly/adoptPrincess,,,"1/1/2025 Princess was very unsure in the yard, she would do best in a gentle dainty yard with more neutral relaxed dogs that allow her to keep to self and unless she engages. Overall shy and needs to gain confidence. Did not witness her correcting. She was in the yard with Hutch and Cruella.",12/21/2024 easily handled,"12/21/2024 PRINCESS – Owner Surrender 12/20 Where did you get this dog? From family or a friendHow old is this dog? 8How old was this dog when you got them? 8 monthsHow long have you had this dog? 7 yearsDoes this dog take any medication or have any known medical issues, injuries, or allergies? If yes, please explain. NoWhy do you need to surrender this dog? Moving out of townPlease explain in your own words, why you need to surrender this dog? The house we are moving to said no animalsWhile in your care, did this dog live with children? YesIf this dog lived with or interacted frequently with children, how old were the children? Baby until 7 yearsHow would you describe this dog's behavior towards the children? Mostly FriendlyIf this dog didn't live with children, how often did this dog interact with children? Once a dayWhat does this dog do if a child is crying or screaming? Try to see whyWhat does this dog do if a child runs towards them? RunWhat does this dog do if a child tries to hug them? Let themWhat does this dog do if a child touches/pets them? Let them touch herWhat does this dog do if they see a child on a bike? NothingWhat does this dog do if they see a child running? NothingWhat does this dog do if someone picks up a child? NithingWhat other animals did this dog live with in your home? Large dog(s)If other animals lived in the home, how well did this dog get along with them? Probably not so well she was the only dog for a long timeIf this dog met or played with other dogs please describe their body language: Excited, Stiff, Apprehensive, Dominant, Rough/needs mannersHas this dog ever fought with another dog? If yes, please describe the incident. Yes she like to take controlHas this dog ever injured another dog? If yes, please describe the incident. NoHow does this dog react when they see an outside cat? Run after themHow does this dog react when they see a small animal like a squirrel? Try to run and see what it isHas this dog ever killed a prey animal? (mouse, bird, rabbit, etc) If yes, please describe the incident. NoHas this dog ever injured or killed another pet? If yes, please describe the incident. NoHow does this dog react when they see another dog outside? Bark and wants to playIs this dog's behavior different on or off leash when they see a dog outside? No she’s just want to play or see what’s going onWhere did this dog spend most of their time? InsideHow long did this dog spend outside each day? 39 minutesDo you have a fenced yard? YesIf you do not have a fenced yard, do you: She mostly was in the house and can go where she wanted toHow did you exercise this dog? We go outside and playHow often did you exercise this dog? 3-4 days a weekHow often did you take this dog for leash walks? RarelyWhat kind of collar did you use for this dog? Pinch collarHow was this dog on a leash? Some pulling, but manageableHave you ever taken this dog to a training class? NoHave you trained this dog yourself? NoWhat kind of training tools have you tried with this dog? VoiceWhat commands does this dog know? Sit, StayWhich behaviors does this dog need improvement on? WhiningWhich games does this dog like? Tug, She love toysWhat type of toys does this dog like? Plush, Squeaky, Tug toyWhen the dog played did they typically... Jump, Bark, Bite lightlyHow long each day was this dog left alone inside your home? NeverWhen left inside your home alone, was this dog... Able to roam freeWhen this dog was left alone did they show any of the following behaviors? She didn’t reactIs this dog crate trained? YesHow many hours did this dog stay crated? My dog doesn't regularly stay in a crateHow often did this dog have potty accidents in the house? RarelyHow often did this dog destroy things? RarelyIf this dog destroys things, is it only when left alone? YesWhat items did this dog destroy? PaperWhat does this dog do when someone knocks at the door? BarkWhat does this dog do when a stranger/visitor comes into the house? Bark and most times go to them and smell themWhat does this dog do when a visitor tries to pet them? Depends on how she feelingWhat does this dog do when a stranger approaches you on a walk? NothingWhat does this dog do when a stranger tries to pet them while on a leash with you? They do notWhat does this dog do when a stranger walks past the car with them inside? NothingWhat does this dog do when unfamiliar people walk by while they are in the yard? Some times barkWhat does this dog do when you or someone else goes near the food bowl while they are eating? Nothing it had to be a dog we never dealt with itWhat does this dog do when someone tries to take away toys, bones, food, or anything the dog decides is valuable? Growl but never biteWhat does this dog do when someone tells them to get off of furniture? Get downWhat does this dog do when someone tries to give them a hug? Depends on who they areWhat does this dog do when someone reprimands them? ShyWhat is this dog's best quality? She sweet and love kidsWhat is this dog's worst quality? She can snap at any timeCheck all that apply to this dog's personality: Friendly, Shy, Playful, Affectionate, Aggressive, Overly reactiveIn your own words, describe this dog's personality. Sweet and loving and love to cuddle in the bedAll dogs are afraid of something. What is this dog afraid of? How do they react? Other people sometimesAll dogs have sensitive places. Where is this dog sensitive about being touched? Describe their reaction. She get scared and if you just touch her she acts like it hurtsAll dogs become annoyed or irritated at times. What annoys this dog? Describe their reaction. Other dogs sometimesHave you seen them act aggressively toward anyone? NoIf this dog was heartworm positive, did you start heartworm treatment? Yes, but the dog has not had injections yet.Would you like to be notified if this animal is ever at risk for euthanasia? Yes 

1/6/2025 Type Foster (I had this pet as a foster for more than 3 nights.)How long have you had this dog? January, 2 2025Does this dog have any known medical issues, injuries, allergies or on any medication? If yes, please explain Kennel cough, she came with medicineWhy are you bringing this dog back to the shelter? Short-term fosterWhile in your care, did this dog live with children? YesIf this dog lived with or interacted frequently with children, how old were the children? 11 and 7How would you describe this dog's behavior towards the children? Mostly FriendlyIf this dog didn't live with children, how often did this dog interact with children? A few times a monthWhat does this dog do if a child is crying or screaming? Didn't reactWhat does this dog do if a child runs towards them? NothingWhat does this dog do if a child tries to hug them? Likes hugsWhat does this dog do if a child touches/pets them? Likes being petWhat does this dog do if they see a child on a bike? Non-reactiveWhat does this dog do if they see a child running? Non-reactiveWhat does this dog do if someone picks up a child? Non-reactiveIf this dog has had issues with children that include behavior such as growling, snapping, or showing teeth, please describe the circumstance, tell us how often and give as much detail as possible No issuesWhat other animals did this dog live with in your home? No other animalsIf this dog met or played with other dogs please describe their body language: Non-reactiveHas this dog ever fought with another dog? If yes, please describe the incident NoHas this dog ever injured another dog? If yes, please describe the incident NoHow does this dog react when they see a small animal like a squirrel? Interested and pulled on leash slightly but did not chaseHas this dog ever killed a prey animal? (mouse, bird, rabbit, etc) If yes, please describe the incident NoHas this dog ever injured or killed another pet? If yes, please describe the incident NoHow does this dog react when they see another dog outside? Non-reactiveIs this dog's behavior different on or off leash when they see a dog outside? Never was off-leashWhere did this dog spend most of their time? InsideHow long did this dog spend outside each day? HourDo you have a fenced yard? NoIf you do not have a fenced yard, do you: Walk the dog on a leashHow did you exercise this dog? YesHow often did you exercise this dog? DailyHow often did you take this dog for leash walks? More than once a dayWhat kind of collar did you use for this dog? Body harnessHow was this dog on a leash? Some pulling, but manageableHave you ever taken this dog to a training class? NoHave you trained this dog yourself? NoWhat kind of training tools have you tried with this dog? NoneWhat commands does this dog know? Sit, Stay, ComeWhich behaviors does this dog need improvement on? Barking when visitors come to the doorWhich games does this dog like? NoneWhat type of toys does this dog like? Did not like toysWhen the dog played did they typically NoneHow long each day was this dog left alone inside your home? 1-2 hoursWhen left inside your home alone, was this dog CratedWhen this dog was left alone did they show any of the following behaviors? NoneIs this dog crate trained? YesHow many hours did this dog stay crated? Less than 4 hoursHow often did this dog have potty accidents in the house? NeverHow often did this dog destroy things? NeverIf this dog destroys things, is it only when left alone? NoWhat items did this dog destroy? NoneWhat does this dog do when someone knocks at the door? BarkedWhat does this dog do when a stranger/visitor comes into the house? Barked, growled once but I was able to redirect and she stoppedWhat does this dog do when a visitor tries to pet them? Reacted normallyWhat does this dog do when a stranger approaches you on a walk? Non-reactiveWhat does this dog do when a stranger walks past the car with them inside? Non-reactiveWhat does this dog do when unfamiliar people walk by while they are in the yard? Non-reactiveWhat does this dog do when you or someone else goes near the food bowl while they are eating? Non-reactiveWhat does this dog do when someone tells them to get off of furniture? Didn't respond. Had to physically redirectWhat does this dog do when someone tries to give them a hug? Non-reactiveWhat is this dog's best quality? Very sweet, cuddly, non-reactive and not overly needyWhat is this dog's worst quality? Barking when visitors come but stopped when the door was openedCheck all that apply to this dog's personality: Friendly, Shy, Independent, AffectionateIn your own words, describe this dog's personality Very sweet, cuddly, non-reactive and not overly needyAll dogs are afraid of something Only fearful when we first brought her home, adjusted pretty quicklyHave you seen them act aggressively toward anyone? NoPlease tell us anything else you would like us to know about this dog Great dog, should be adopted quicklyIf this dog was heartworm positive, did you start heartworm treatment? NoWould you like to be notified if this animal is ever at risk for euthanasia? Yes 

2/8/2025 PRINCESS – Foster Notes 1/27 General Personality Exceptionally calm and lazyDaily Routine She wets when she walks up. Plays and snuggles with my children before they go to school. Breakfast and a walk and the. I get down to work. We’ll have a play session and walk midday, the. She’ll snuggle up in her bed or the couch for while. She’ll goof around with my children for a little bit when they get home and the. She’ll go back to napping. Dinner at 6:30, another walk around 7’ish and then bedtime at 10:30. She is so easy!What food do they eat? Luring dry dog foodWhat would be an ideal home and family for your foster? Someone who is around and loves to cuddle and love on older dogs. She has some spunk but really prefers to just hang out with/near her people.On a scale of 1 to 5... how housetrained are they? 5Does your foster use a kennel without excessive barking/whining, escape attempts, or destruction? YesWhere do they sleep at night? In bed with me!Do they sleep through the night? YesHas he / she been exposed to any kids? If yes, what ages? How did it go? Yes - preteens and teens. Went great!Has he / she been exposed to any cats? If yes, how did it go? No, but she has ignored our bunny rabbit.Do they prefer men or women? No preferenceDoes he / she live with another dog? NoHas he / she been around other dogs? Yes, seems a little timid at first but seems to warm up.Does he / she know any basic commands? Which ones (Sit, stay, come, lay down, etc) ? Sit/stay/comeIs your foster dog leash reactive? What makes them bark/lunge on leash? Not at all. She has t displayed this behavior.What devices do you use to walk your dog? (Type of harness, collar, etc) Regular collar and leashLeash Walking Rating 5How does your foster do in the car? Loved it! She sits next to me and looks like my co-pilot.How does your foster do for a bath? We haven’t bathed her yet.Energy level 2How much exercise does it take to tire them out? Not much.If they don't get enough exercise, what happens? Haven’t experienced this, she is low energy.A perfect day for your foster would include ____________? Snuggle time with her people and lots of belly rubs.How cuddly are they? 4Favorite toys or games? Lambchop and a crinkly bearTell us a fun story about your foster... She loves the car. Bi let her outside to tinkle and instead of tinkling she went straight for the car and looked back hoping she was going for a drive.I love my foster and think he/she is fabulous because _____________? She just wants to be loved and give love.What makes him/her nervous or unhappy? She is timid when she first meets strangers.Overall, how are your foster's manners? (some examples: Jumps on people? Mouthy? Gets into trash?) She is extremely polite. No issues - no jumping, not mouthy, doesn’t go into trash, cabinets or sink.Does your foster have any behavioral issues or quirks? None.Does your foster have any medical issues? None\Facebook Presence 3Instagram Post Presence 2Instagram Stories Presence 2Nextdoor Presence 1Youtube Presence 1Other social media platforms utilized? Just facebookWhat was the date of the last adoption event you took your foster to? We haven’t gone to an adoption event yet.What prevents you from taking your foster to (more) events? (check all that apply) We have only had her a week.What gear & materials do you utilize to help get your foster recognized? (check all that apply) Adopt Me bandanaWhen was the last time you took your foster out on the town? Earlier todayWhat prevents you from taking your foster out on the town more often? (check all that apply) WorkWhat do you think is preventing your foster from being its most-adoptable self? (check all that apply) We’ve only had her a week.How can we help? Social media partnerWhat day do you give your foster heartworm and flea/tick preventatives? We weren’t provided any bc we were only going to be a Weekend Warrior.Are you interested in adopting your foster pet? NoWould you be willing to have your foster dog transfer to a rescue partner? Yes",12/20/2024,L1
107,A0057512818,Dog,King,04 year(s) 03 month(s) 09 day(s)," Black / White Mixed Breed, Medium (up to 44 lbs fully grown) / Mix",Available,Foster Foster Home,12/24/2021,N,55,3,12/23/2024 12:53 PM,L2- BR/M&G,941010002685809,,Negative,2/21/2026,Pet Sitting,https://bit.ly/LifeLineKing,,,,"12/24/2024 easily handled

12/28/2024 aloof, easy to leash, no interest in interacting with people in the hallway. when i placed him in a new kennel he put on the brakes to avoid entering the kennel but after a few seconds he entered the kennel and jumped up on me seemingly soliciting attention- body language remained neutral. 

2/11/2025 Met another pup through the fence with loose body language.  Brought into the play yard with another pup, was a bit stiff but loosened up a bit and attempted mounting several times.  Needs Neuter, Rec MG

2/17/2025 Very BR. Showing teeth. Slamming into door.",,12/23/2024,L2
108,A0057519038,Dog,Meatball-ADOPTED,02 year(s) 03 month(s) 07 day(s)," Grey / White Mixed Breed, Medium (up to 44 lbs fully grown) / Mix",Trial Adoption,Foster Trial Adoption,12/26/2023,S,54,3,3/8/2026 04:00 PM,L1,985113007519701,,,,,,,,,,,3/8/2026,L1
109,A0057534650,Dog,Vegas,01 year(s) 08 month(s) 05 day(s)," Black / White Mixed Breed, Medium (up to 44 lbs fully grown) / Mix",Available,Dogs 606 A6,7/28/2024,N,66,3,2/20/2026 03:39 PM,L1,941010002306270,,,,,,,,,,,2/20/2026,L1
110,A0057572441,Dog,Ramona,03 year(s) 02 month(s) 29 day(s)," Brown / White Terrier, American Pit Bull / Mix",Available,Foster Foster Home,1/4/2023,S,47,3,1/3/2025 03:24 PM,L2-OA,941010002361764,Gentle/Dainty - Easygoing,Negative,2/21/2026,Lack of Space,https://bit.ly/Adopt-Ramona,,nan,"2/22/2025 Primary Handler: chaseSecondary Handler: ashley lRunners: q, ashley hScribe: gillianPlay Style: gentle/dainty - could join push/pull group w more introsSociability Category: socialGreeter/Helper: noSignificant Incidents: bouncy, did not appreciate face play with abw and mimo. liked to run around with them as long as there was no contact. the longer she was in the yard the more she loosened up. would definitely recommend her to go to playgroup often for socialization/building confidence

2/24/2025 Hackles up, stiff with the wrong dog which could lead to possible fight. Pushes dogs' past threshold. Not a fair player","1/4/2025 easily handled

5/3/2025 Took Ramona out for a dog test. She was jumping and spinning so much in her kennel it was hard to leash her. Once I got her out, she immediately started  to pull me on the leash very hard. She started to spin and jump outside. We had to cut the dog test short because she was getting to be too much on the leash and started to jump and spin again. I think she needs to be leveled up to L2-OA","4/8/2025 RAMONA – DFTD 4/5 Does this dog take any medication or have any known medical issues, injuries, or allergies? If yes, please explain NoHow long have you had this dog? 1 DayThis dog is a Dog For The Day (I picked this pet up earlier today for an outing.)What activities did you do with this dog today? Ran in the backyard, walk around Candler ParkDid this dog have any interactions with the following? [Dogs ] No InteractionDid this dog have any interactions with the following? [Cats] No InteractionDid this dog have any interactions with the following? [Men ] Positive InteractionDid this dog have any interactions with the following? [Women ] Positive InteractionDid this dog have any interactions with the following? [Children ] No InteractionWhat was this dog's activity level? 3-High EnergyHow cuddly was this dog today? 1- Let's get to know each other before cuddlingIf this dog met any children on your outing, how would you describe this dog's behavior towards the children? Jumps On ThemHow did this dog do on a leash? Some pulling, but manageable, Pulls very hardDid this dog know any commands? Sit, DownWhat is this dog's best quality, in your opinion? Ramona was very sweet and active. She ran around and was very playful. She was hesitant to get in the car at first, but she was very quiet and well behaved after that.What is this dog's worst quality, in your opinion? She was hard to manage on the leash sometimes. She also had an incident where she had diarrhea and stepped in it, so she was very smelly. She loved playing with the hose though.Select any of these apply to the dog's personality: Friendly, Clingy, Playful, GoofyDid this dog have an potty accidents? YesDid you see this dog act aggressively toward anyone? NoWould you like to be notified if this animal is ever at risk for euthanasia? YesIf the animal is still here in 30 days, would you like us to check in with you? No

5/2/2025 RAMONA – DFTD 4/28 Does this dog take any medication or have any known medical issues, injuries, or allergies? If yes, please explain. NoHow long have you had this dog? 1 dayThis dog is a... Dog For The Day (I picked this pet up earlier today for an outing.)What activities did you do with this dog today? HikingDid this dog have any interactions with the following? [Dogs ] Positive InteractionDid this dog have any interactions with the following? [Cats] No InteractionDid this dog have any interactions with the following? [Men ] Positive InteractionDid this dog have any interactions with the following? [Women ] Positive InteractionDid this dog have any interactions with the following? [Children ] No InteractionWhat was this dog's activity level? 3-High EnergyHow cuddly was this dog today? 3-Play first, then snuggle!If this dog met any children on your outing, how would you describe this dog's behavior towards the children? Mostly Friendly, Jumps On Them, Too much for them in play (knocks them down, etc)How did this dog do on a leash? Some pulling, but manageable, Gets excited when they see other dogsDid this dog know any commands? Sit, Come, Knows how to jump into the car and outWhat is this dog's best quality, in your opinion? Loves the water and very energetic. Perfect adventure dogWhat is this dog's worst quality, in your opinion? Takes a second to focus on youSelect any of these apply to the dog's personality: Friendly, Clingy, Playful, Affectionate, GoofyDid this dog have an potty accidents? We were outside all day.Did you see this dog act aggressively toward anyone? NoPlease tell us anything you would like us to know about this dog to help us find it an adoptive home. Needs someone who is high energy and will let her run. Would probably make a good running partner. Needs someone who will play with her because she is not independent at all. Very clearly wanted to be near my boyfriend or I at all times even when one of us walked away for a second.Would you like to be notified if this animal is ever at risk for euthanasia? YesIf the animal is still here in 30 days, would you like us to check in with you? Yes",1/3/2025,L2
111,A0057603427,Dog,Ranger,04 year(s) 00 month(s) 27 day(s)," Tan / Tan Mixed Breed, Medium (up to 44 lbs fully grown) / Mix",Available,Foster Foster Home,3/6/2022,N,51,1,3/5/2026 03:44 PM,L1,941010002313283,,,,,,,,,,,3/5/2026,L1
112,A0057609567,Dog,Milkbone,04 year(s) 02 month(s) 22 day(s)," Brown / Brindle Terrier, American Pit Bull / Mix",Available,Foster Foster Home,1/11/2022,N,50,3,1/9/2025 01:17 PM,L1,985113009341574,,Negative,2/5/2026,Behavior,https://bit.ly/AdoptMilkbone,,,,"1/11/2025 easily handled,

1/23/2025 Panting, salivating, visibly distressed eyes, climbing and jumping on the walls to react at neighboring dogs. Bounced back and forth from left to right to bark at his neighbors. Very piercing screams/barks. 

1/28/2025 Salivating and barking so much he is foaming at the mouth. Very tight and visibly distressed stress panting, wide/blood shot eyes. Jumping obsessively on the walls in the corner of the kennel. Will approach the gate briefly before returning to jumping into the corner of the wall and barking. High FAS/OA observed. ",,1/9/2025,L1
113,A0057614005,Dog,Bulgogi-ADOPTED,04 year(s) 02 month(s) 22 day(s)," Black Mixed Breed, Medium (up to 44 lbs fully grown) / Mix",Available,Foster Foster Home,1/11/2022,S,64,3,1/9/2025 06:21 PM,L3-OA/ H,941010002262065,,Negative,1/14/2026,Lack of Space,https://bit.ly/AdoptBulgogi,,,,"1/11/2025 easily handled, shy

5/27/2025 Provided viewer access to my notes to dogfoster@fultonanimalserviceshttps://docs.google.com/document/d/1FiTBz1hfcVtv4M862QA1uSZFE0cks9tKfn3s-uuFhks/edit?usp=sharing",,1/9/2025,L3
114,A0057625627,Dog,Kimble,03 year(s) 02 month(s) 21 day(s)," Grey / White Terrier, American Pit Bull / Mix",Priority,Dogs 306 A4,1/12/2023,S,50,3,2/13/2026 04:54 PM,L2-H/OA,941010002414646,Push/Pull - Easygoing,,,,,,,,,,2/13/2026,L2
115,A0057639779,Dog,Betty Lou,07 year(s) 02 month(s) 18 day(s)," Brown / Black Terrier, Pit Bull / Mix",Available,Foster Foster Home,1/15/2019,S,56,3,1/14/2025 02:20 PM,L1,941010002918275,Helper/Greeter,High Positive,2/5/2026,Lack of Space,https://bit.ly/Adopt_BettyLou,,3/19/2025 loose and wiggly in yard. very social and inviting,"3/11/2025 Primary Handler: gillianSecondary Handler: brittanyRunners: deshay, amari, devaunteScribe: amberPlay Style: gentle/daintyGreeter/Helper: greeterSignificant Incidents: confident gal. loose at gate and in yardtolerant of magic's attempts to play rough but didn't engage. preferred to walk around the yard and watch magic and ralph play. maintained loose body language throughout assessment, very inviting behavior.  

nan","1/15/2025 easily handledvery sweet and cuddly

1/22/2025 very friendly & loving. jumped up to solicit attention, wags body when spoken to. hates the hose/water(?) began growling loudly & pupils dilated when i was spraying the neighboring kennel. loosened & wagged when i stopped spraying & spoke to her. 

3/9/2025 Walked by Betty Lou's kennel and she had her head hanging down staring at the floor. When I approached she looked up and became loose and wiggly. You can tell she is not feeling good but keep putting her head and side up against the bars soliciting pets and did some big stretches with lots of tail wags. Very sweet. Definitely not feeling well at all. ","5/19/2025 Foster Return 5/18 (after 2 weeks)What is the main reason you are returning this pet to the shelter? Time commitmentWhile in your care, did this dog live with children? The dog did not live with children, but has met children while with me.If this dog lived with or interacted with children, how old were the children? Between 4-15.How would you describe this dog's behavior towards the children? Mostly FriendlyIf this dog has had issues with children that include behavior such as growling, snapping, or showing teeth, please describe the circumstance, tell us how often and give as much detail as possible. N/AWhat other animals did this dog live with in your home?  No other animalsIf other animals lived in the home, how well did this dog get along with them? N/AIf this dog met or played with other dogs please describe their body language: N/AHas this dog ever fought with another dog? If yes, please describe the incident. N/AHas this dog ever injured another dog? If yes, please describe the incident. N/AHow does this dog react when they see a prey animal (squirrel, mouse, bird) or cat outside? Will occasionally stop and stare, commonly looks and ignores.Has this dog ever killed a prey animal or pet? If yes, please describe the incident. N/AWhere did this dog spend most of their time? InsideDo you have a fenced yard? NoIf you do not have a fenced yard, do you: Walk the dog on a leashHow did you exercise this dog? Long walks around the city.How often did you exercise this dog? DailyWhat kind of collar did you use for this dog? Body harnessHow was this dog on a leash? Great on a leash, Some pulling, but manageableHave you ever taken this dog to a training class? NoWhat commands does this dog know? Sit, holdWhich behaviors does this dog need improvement on? N/AWhen the dog played did they typically… JumpHow long each day was this dog left alone inside your home? Less than 6 hours.When left inside your home alone, was this dog… Able to roam freeWhen this dog was left alone did they show any of the following behaviors? Urinated/defecated, None of theseIs this dog crate trained? We never made this dog stay in a crate.How often did this dog have potty accidents in the house? RarelyHow often did this dog destroy things other than toys? NeverWhat does this dog do when a stranger/visitor comes into the house? Greet them, expecting love.What does this dog do when a stranger tries to pet them? Let’s then, wags tail, occasionally roll over for belly rubs.What does this dog do when you or someone else goes near the food bowl while they are eating? Nothing.What does this dog do when someone tries to take away toys, bones, food, or anything the dog decides is valuable? Nothing.What does this dog do when someone tells them to get off of furniture? Gets off and sits at their feet.What is this dog's best quality? Quiet personality, she can be taken everywhere with no issues or disturbances.What is this dog's worst quality? She can be against walking in grass or using the bathroom if she walks in the rain/mud.Check all that apply to this dog's personality: Friendly, Polite, Playful, AffectionateIn your own words, describe this dog's personality. Sweet girl, sometimes demands love and will block your entrance to get pet. No real behavior issues and a calm cuddly demeanor.What is this dog afraid of? How do they react? Never seen her afraid.All dogs have sensitive places. Where is this dog sensitive about being touched? Describe their reaction. Not sure I understand the question, She enjoys belly rubs but never seen an adverse reaction to being touched.Have you seen them act aggressively toward anyone? NoPlease tell us anything you would like us to know about this dog to help us find it an adoptive home. She doesn’t require a fenced in area as long as she is permitted to roam around a house. She will tie herself out with a toy or with human involvement, but she can be mostly independent.Would you like to be notified if this animal is ever at risk for euthanasia? YesIf the animal is still here in 30 days, would you like us to check in with you? Yes",1/14/2025,L1
116,A0057656410,Dog,Magenta,03 year(s) 02 month(s) 16 day(s)," Tan / White Terrier, American Pit Bull / Mix",Available,Foster Foster Home,1/17/2023,S,51,3,1/16/2025 11:24 AM,L3-JM,941010003034586,Friendly,Negative,2/5/2026,Pet Sitting,https://bit.ly/AdoptMagenta,,,"3/1/2025 Primary Handler: chaseSecondary Handler: ashley lRunners: india, kekeScribe: gillianPlay Style: push/pullSociability Category: socialGreeter/Helper: noSignificant Incidents: offered appropriate greetings once in yard, when approached by ralph she would engage in play but didn't match his energy, preferred to play indirectly. tolerant of being body bumped. ","1/17/2025 Easily handled both in the kennel and during the exam.

2/25/2025 Extreme kennel stress-- painting kennel every morning.

3/1/2025 kennel staff attempted to remove her from her kennel and stated that magenta busted out and immediately attempted to bite her arm. i approached to leash and when shown the leash in her kennel she did not react. leashed with ease but once out of her kennel she jumped up and bit my arm (no puncture or bruising). i offered a leash correction and she did not attempt again. walked her outside without issue and was able to be in yard and interact with her in a separate courtyard before bringing her to playgroup.  leveling up to L2-JM, behavior can quickly be deterred but needs consistent kennel routine. will be adding to playgroup as often as possible. 

3/9/2025 Very mouthy. Repeatedly went for my arms while leashing. Did not break skin, but did leave a bruise. She is very sweet once she calms down, but be cautious with the initial leashing. 

3/10/2025 Lauren mentioned Magenta as L3-JM when interacting with a DFTD. Leveling up to L3","2/28/2025 MAGENTA – DFTD 2/24 What activities did you do with this dog today? HikingDid this dog have any interactions with the following? [Dogs ] Positive InteractionDid this dog have any interactions with the following? [Cats] No InteractionDid this dog have any interactions with the following? [Men ] No InteractionDid this dog have any interactions with the following? [Women ] Positive InteractionDid this dog have any interactions with the following? [Children ] No InteractionWhat was this dog's activity level? 2-Medium Energy (Alternates rest and play)How cuddly was this dog today? 2-I'm affectionate with friendsIf this dog met any children on your outing, how would you describe this dog's behavior towards the children? Jumps On Them, Too much for them in play (knocks them down, etc)How did this dog do on a leash? Great on a leashDid this dog know any commands? Sit, ComeWhat is this dog's best quality, in your opinion? Super easy to walk and enjoyed hiking. When people passed by us i would get her to move out of the trail and sit until they had passed and she did amazing at that. She was just super playful and super sweet and so well behavedWhat is this dog's worst quality, in your opinion? She still jumps up and likes to tug at clothes but it was easy to redirect herSelect any of these apply to the dog's personality: Friendly, Playful, Affectionate, Goofy, PoliteDid this dog have an potty accidents? We were outside all day.Did you see this dog act aggressively toward anyone? NoPlease tell us anything you would like us to know about this dog to help us find it an adoptive home Needs an owner who’s willing to play and exercise her so that she can get that energy out and stop tugging on clothes. Also she would probably do best with a dog with a similar play style as her as she likes to wrestle and play a little rough.Would you like to be notified if this animal is ever at risk for euthanasia? YesIf the animal is still here in 30 days, would you like us to check in with you? Yes",1/16/2025,L3
117,A0057663603,Dog,Stormee,04 year(s) 02 month(s) 17 day(s)," Grey / Brown Terrier, Pit Bull / Mix",Available,Foster Foster Home,1/16/2022,S,69,3,1/16/2025 08:55 PM,L1,941010002945189,Friendly,Negative,1/31/2026,Lack of Space,https://bit.ly/AdoptStormee,,,"3/18/2025 Primary Handler: amberSecondary Handler: emilyRunners:Scribe:Play Style: gentle/daintyGreeter/Helper: Significant Incidents: neutral in yard, slight hackle raise on rear, loosened with timeshook it off in yard, very chill, helicopter tail when greeting dogs, tolerant of dogs being nearby and tolerant of ralph being a heat seeking missile ",1/17/2025 easily handled while in intake and during exam ,"2/15/2025 STOREE – Foster Return 2/14 How long have you had this dog? 2 weeksDoes this dog have any known medical issues, injuries, allergies or on any medication? If yes, please explain. kennel coughWhy are you bringing this dog back to the shelter? time and behaviorWhile in your care, did this dog live with children? NoIf this dog didn't live with children, how often did this dog interact with children? NeverWhat other animals did this dog live with in your home? No other animalsIf this dog met or played with other dogs please describe their body language: JumpyHas this dog ever fought with another dog? If yes, please describe the incident. noHas this dog ever injured another dog? If yes, please describe the incident. noHow does this dog react when they see an outside cat? chaseHow does this dog react when they see a small animal like a squirrel? chaseHas this dog ever killed a prey animal? (mouse, bird, rabbit, etc) If yes, please describe the incident. noHas this dog ever injured or killed another pet? If yes, please describe the incident. noHow does this dog react when they see another dog outside? half the time may barkIs this dog's behavior different on or off leash when they see a dog outside? noWhere did this dog spend most of their time? InsideHow long did this dog spend outside each day? 90 minsDo you have a fenced yard? YesIf you do not have a fenced yard, do you: Walk the dog on a leashHow did you exercise this dog? wakingHow often did you exercise this dog? DailyHow often did you take this dog for leash walks? More than once a dayWhat kind of collar did you use for this dog? Body harnessHow was this dog on a leash?.2 Great on a leash, Some pulling, but manageableHave you ever taken this dog to a training class? NoHave you trained this dog yourself? YesWhat kind of training tools have you tried with this dog? Treats, PraiseWhat commands does this dog know? Sit, Down, Give PawWhich behaviors does this dog need improvement on? Jumping, Barking, Whining, Trash picking, Counter surfing, barks if cratedWhich games does this dog like? FetchWhat type of toys does this dog like? Plush, Squeaky, Bones/Nylabones/ChewsWhen the dog played did they typically... Jump, Bite lightly, Bite hardHow long each day was this dog left alone inside your home? 4 hoursWhen left inside your home alone, was this dog... CratedWhen this dog was left alone did they show any of the following behaviors?.1 Barked, Cried, if. Not cratedpooped in houseIs this dog crate trained? YesHow many hours did this dog stay crated? Less than 4 hoursHow often did this dog have potty accidents in the house? RarelyHow often did this dog destroy things? chewed socksIf this dog destroys things, is it only when left alone? NoWhat items did this dog destroy? chewed socks. Got into paper trashWhat does this dog do when someone knocks at the door? barkWhat does this dog do when a stranger/visitor comes into the house? barkWhat does this dog do when a visitor tries to pet them? enjoysWhat does this dog do when a stranger approaches you on a walk? wags tailWhat does this dog do when a stranger tries to pet them while on a leash with you? wags tailWhat does this dog do when a stranger walks past the car with them inside? nothingWhat does this dog do when unfamiliar people walk by while they are in the yard? barkWhat does this dog do when you or someone else goes near the food bowl while they are eating? nothingWhat does this dog do when someone tries to take away toys, bones, food, or anything the dog decides is valuable? tries to keep it.What does this dog do when someone tells them to get off of furniture? Sometimes listensWhat does this dog do when someone tries to give them a hug? enjoysWhat does this dog do when someone reprimands them? cowersWhat is this dog's best quality? Pretty and happyWhat is this dog's worst quality? whines barks jumps doesnt listenCheck all that apply to this dog's personality: Friendly, Playful, AffectionateIn your own words, describe this dog's personality.. affectionateAll dogs are afraid of something. What is this dog afraid of? How do they react? thunderAll dogs have sensitive places. Where is this dog sensitive about being touched? Describe their reaction. noneAll dogs become annoyed or irritated at times. What annoys this dog? Describe their reaction. doesn't listenHave you seen them act aggressively toward anyone?.NoPlease tell us anything else you would like us to know about this dog. if shes trained professionally she'll be greatIf this dog was heartworm positive, did you start heartworm treatment? NoWould you like to be notified if this animal is ever at risk for euthanasia? Yes",1/16/2025,L1
118,A0057745959,Dog,Rhino,01 year(s) 04 month(s) 20 day(s)," Brown Mixed Breed, Large (over 44 lbs fully grown) / Mix",Available,Dogs 303 B6,11/13/2024,N,48,3,3/9/2026 03:18 PM,L1,941010002958564,,,,,,,,,,,3/9/2026,L1
119,A0057747654,Dog,Mimo,02 year(s) 02 month(s) 02 day(s)," Brown Mixed Breed, Medium (up to 44 lbs fully grown) / Mix",Available,Foster Foster Home,1/31/2024,S,49,3,1/29/2025 02:43 PM,L2-JM/SF,941010003968916,Push/Pull - Easygoing,Negative,2/17/2026,Lack of Space,https://bit.ly/Adopt-Mimo,,3/22/2025 bring to respectful push/pull group,"2/22/2025 Primary Handler: chaseSecondary Handler: ashley lRunners: q, ashley hScribe: gillianPlay Style: push/pullSociability Category: social Greeter/Helper: noSignificant Incidents: mouthy when excited- doesn't bite down. may need to be first into group to allow her to acclimate before adding more dogs. was overwhelmed when initially in yardcame into yard hot, tried to play with handler. when approached by other dogs she was initially fearful but would break to play bow and then bounce around. awkward initially but loosened up and was in love with lauren and besties with abw and wonton. ","1/31/2025 easily handledhigh energy, constantly jumping/whining, can be a bit mouthy, muzzled for precautionconstant jumpinghyperactive

2/2/2025 Approached kennel, she low growled, hackles went up. Opened kennel door and she slowly approached me, licked hand, slow wag of the tail and then backed away. Level to SF

2/17/2025 possible fear biter  

2/18/2025 unable to focus group, in foster home-------possible fear biter  ","5/16/2025 MIMO – Foster Notes General Personality Very playful, energetic, curious, a little nervous, needs puppy love.Daily Routine Running and playing.. She has burst up energy.What food do they eat? PURINA Dog ChowWhat would be an ideal home and family for your foster? A family with other dogs for her to play with.On a scale of 1 to 5... how housetrained are they? 4Does your foster use a kennel without excessive barking/whining, escape attempts, or destruction? Little bit of whining.Where do they sleep at night? On my bedroom floorDo they sleep through the night? YesHas he / she been exposed to any kids? If yes, what ages? How did it go? NoHas he / she been exposed to any cats? If yes, how did it go? NoDo they prefer men or women? No sureDoes he / she live with another dog? No, she has interacted with other dogs. Seems friendly very playful.Has he / she been around other dogs? PlayfulDoes he / she know any basic commands? Which ones (Sit, stay, come, lay down, etc) ? Sit stay come and lay down.Is your foster dog leash reactive? What makes them bark/lunge on leash? Still working on the leash. She gets burst of energy and starts pulling biting the leash and jumping.What devices do you use to walk your dog? (Type of harness, collar, etc) Harness and collar.Leash Walking Rating 3How does your foster do in the car? No car rides yet.How does your foster do for a bath? He doesn't seem to like water.Energy level 5How much exercise does it take to tire them out? About thirty minutes of running three times a day.If they don't get enough exercise, what happens? Gets a little restless and destructive. May chase her tail or run around the house.A perfect day for your foster would include ____________? Play time and exercise.How cuddly are they? 5Favorite toys or games? Chew toys and balls.Tell us a fun story about your foster... She raises her paw a lot when she wants you to pet her or for attention.I love my foster and think he/she is fabulous because _____________? She wants you to like her.What makes him/her nervous or unhappy? She can be nervous at times when you pet her. He has a habit of nipping when she's just nervous or excited. Water.Overall, how are your foster's manners? (some examples: Jumps on people? Mouthy? Gets into trash?) She jumps a lot, especially when she comes out of the kennel. Teaching her not to nip.When she's excited seems to be an impulse.Does your foster have any behavioral issues or quirks? Nipping at your feet and hands.Does your foster have any medical issues? No.Anything else you want to share? She needs someone who will be patient and put in the time to help her become comfortable.Facebook Presence 3Instagram Post Presence 1Instagram Stories Presence 1Nextdoor Presence 1Youtube Presence 1Other social media platforms utilized? Family friends and neighbors. Also, people I encounter in the park with animals.What was the date of the last adoption event you took your foster to? Haven't been to any adoption events yet.Work on saturdays.What prevents you from taking your foster to (more) events? (check all that apply) Dates / times don't work with my schedule, Manners (i.e. leash manners, mouthy, jumpy), Still working on training.What gear & materials do you utilize to help get your foster recognized? (check all that apply) Adopt Me bandana, Adopt Me leash, And had two neighbors, but she was a little aggressive for their small kids. Someone else in the neighborhood was interested, but she was a little aggressive for their small dog.When was the last time you took your foster out on the town? Yesterday we went for a walk in the park. She's still very curious and excited when walking.What prevents you from taking your foster out on the town more often? (check all that apply) We take long walks around the neighborhood. A lot of activity in the park makes her excited and nervous.What do you think is preventing your foster from being its most-adoptable self? (check all that apply) Leash Manners, Meeting new people, She needs an owner that has a lot of experience with dogs.How can we help? TrainingWhat day do you give your foster heartworm and flea/tick preventatives? 1stAre you interested in adopting your foster pet? Still getting to know her.Would you be willing to have your foster dog transfer to a rescue partner? Open",1/29/2025,L2
120,A0057774743,Dog,Rosie,03 year(s) 02 month(s) 00 day(s)," Brindle / White Mixed Breed, Large (over 44 lbs fully grown) / Mix",Available,Foster Foster Home,2/2/2023,S,44,3,2/1/2025 01:51 PM,L1,,Friendly,Negative,2/17/2026,Lack of Space,https://bit.ly/Adopt_rosie,,,"2/4/2025 Primary Handler: gillianSecondary Handler: amberRunners: ashley l, deshay, makaylaScribe: mariPlay Style: gentle/dainty, adaptiveSociability Category: socialGreeter/Helper: greeterSignificant Incidents: adapted play style by energy of other dogssteerable, good gg, shy, needed time to warm up, showed rough/rowdy play when reno interacted w her directly, otherwise just watched dogs play

2/5/2025 Primary Handler: amberSecondary Handler: chaseRunners: brittany, makaylaScribe: ashley lPlay Style: push/pullSociability Category: socialGreeter/Helper: greeter (adaptable)Significant Incidents: retested to determine helper/greeter placement - great greeter dogpush/pull play, vocal",2/2/2025 easily handled in the kennel and during the intake exam. Doesn't like needles. ,,2/1/2025,L1
121,A0057782104,Dog,T-Rex,02 year(s) 00 month(s) 29 day(s)," Black Mixed Breed, Medium (up to 44 lbs fully grown) / Mix",Available,Foster Foster Home,3/4/2024,N,46,3,2/3/2025 12:59 PM,L1,941010003063741,,Negative,2/11/2026,Lack of Space,https://bit.ly/AdoptTRex,,"2/12/2025 T-Rex was scared in the kennel, was able to get outside and get fence greetings in.  Went into the play yard was a bit stiff at first, allowed other pup to sniff.  The other pup engaged in play with play bows and he scooted away and gave a small correction and moved away.  Dropped the other pups leash as they became entangled a bit.  T-rex scooted with butt low to the ground. Gentle dainty or lower energy play stay.",,"2/4/2025 nervous in the kennel otherwise easily handled while in intake easily handled opened up once in the exam room during exam

2/11/2025 Declining QOL","4/1/2025 T-Rex – 2 Week Foster Questionnaire 3/27 General Personality He is a very sweet boy, loves to be close to people. He is full of energy, loves to play all day long, likes running and long walks, squeaky toys are his favorites, he is a good eater, he is good with dogs after a formal introduction, I do not know about cats. He doesn't like the crate, we still working on pouty training.Daily Routine he eats twice a day, needs to go out every 3 hoursWhat food do they eat? dry food, can food, I have noticed no allergies about foodWhat would be an ideal home and family for your foster? An active home, with a lot of attention for him.On a scale of 1 to 5 how housetrained are they? 3Does your foster use a kennel without excessive barking/whining, escape attempts, or destruction? do not like kennel. He will bark, destroy and escapeWhere do they sleep at night? In bed with me!Do they sleep through the night? NoHas he / she been exposed to any kids? If yes, what ages? How did it go? yes, he does fine (7-10)Has he / she been exposed to any cats? If yes, how did it go? has not been exposed to catsDo they prefer men or women? No preferenceDoes he / she live with another dog? yesHas he / she been around other dogs? very interest, alert, intense, needs formal introduction, with time really playfulDoes he / she know any basic commands? Which ones (Sit, stay, come, lay down, etc) ? he knows SITIs your foster dog leash reactive? What makes them bark/lunge on leash? He will bark at some people and dogs from far away, but he is getting betterWhat devices do you use to walk your dog? (Type of harness, collar, etc) collarLeash Walking Rating 4How does your foster do in the car? great< he love itHow does your foster do for a bath? okEnergy level 4How much exercise does it take to tire them out? a lotIf they don't get enough exercise, what happens? gets into everything he can findA perfect day for your foster would include ____________? have company - play with another dogHow cuddly are they? 4Favorite toys or games? squeaky balls toys,Tell us a fun story about your foster he likes to be the leader, he is so funny he wants to be the first to be petted to cuddle with. He works his way to have the best spot to cuddle in the coach with usI love my foster and think he/she is fabulous because _____________? he is a loving baby that needs a lot of loveWhat makes him/her nervous or unhappy? been lonelyOverall, how are your foster's manners? (some examples: Jumps on people? Mouthy? Gets into trash?) he is so excited to see his loves ones, yes he jumps on people, he gets into trash, he still food, he pulls plants out, he will eat your shoes, he might jump from a balconyDoes your foster have any behavioral issues or quirks? he is a normal puppyDoes your foster have any medical issues? no issuesAnything else you want to share? I think he will be a good fit for an active lifestyle, running, hiking. etcFacebook Presence 2Instagram Post Presence 2Instagram Stories Presence 2Nextdoor Presence 2Youtube Presence 2Other social media platforms utilized? noneWhat was the date of the last adoption event you took your foster to? noneWhat prevents you from taking your foster to (more) events? (check all that apply) Dates / times don't work with my scheduleWhat gear & materials do you utilize to help get your foster recognized? (check all that apply) Adopt Me bandana, Adopt Me leashWhen was the last time you took your foster out on the town? yesterdayWhat prevents you from taking your foster out on the town more often? (check all that apply) workWhat do you think is preventing your foster from being its most-adoptable self? (check all that apply) I don't have time to market themHow can we help? Social media partnerPlease include a clear, landscape photo(s) of your foster for us to add to the website https://drive.google.com/open?id=1w_alNAIBDalNmHGACgH7ILhNRh3cl2jBWhat day do you give your foster heartworm and flea/tick preventatives? the 1rst day of the month and I do not have any for AprilAre you interested in adopting your foster pet? NoWould you be willing to have your foster dog transfer to a rescue partner? No, TRex love to be around people. It would not be healthy for him to stay confined in a crate",2/3/2025,L1
122,A0057802551,Dog,Macon,04 year(s) 01 month(s) 28 day(s)," Brown / White Terrier, Pit Bull / Mix",Available,Dogs 066 A5,2/5/2022,N,68,3,2/12/2026 01:00 PM,L1,941010002984132,,,,,,,,,,,2/12/2026,L1
123,A0057806990,Dog,Tiana,05 year(s) 01 month(s) 26 day(s)," Brown / White Mixed Breed, Medium (up to 44 lbs fully grown) / Mix",Available,Foster Foster Home,2/7/2021,S,45,3,10/4/2025 11:29 AM,L1,941010002696150,Gentle Play,High Positive,3/13/2026,,https://bit.ly/AdoptTianshengh,,"3/4/2025 Tiana was not reactive as we left her kennel area. When we got to the yard she met Bravo (young male dog) through the fence and was disinterested. She had her hackles up and was somewhat stiff when greeting, but did not react in a negative way or correct Bravo. She seemed to want her personal space, but was aloof around Bravo. He initiated play with her but she did not engage. Would likely prefer her own space but may be selective with dogs.

8/31/2025 Shy in catch pin then came in fairly confident. Wiggly walking around the yard with a happy tail but slightly stiff when other dogs were in her face. Never broke for play.","3/3/2025 Tiana was tested with Ralph and Lauren. She was not steerable in the pen and was slightly steerable in the yard with the shaker, very nervous but curious. When corrected she got stiff and whale eyed. Would not bring to PG. ","2/7/2025 easily handled

2/25/2025 Extreme kennel stress. Pacing the kennel back and forth, trying to climb the walls and trying to fight neighbor through the glass. ","7/31/2025 Timestamp 2025-07-31 11:01:31Dog's name: TianaAnimal ID #: 941010002696150Does this dog take any medication or have any known medical issues, injuries, or allergies? If yes, please explain. Has a coughHow long have you had this dog? Almost 5 monthsThis dog is a... Adoption Return (This pet was adopted from this shelter.)What is the main reason you are bringing this dog back to the shelter? Housing instabilityPlease explain in your own words, why you need to return this dog today. I am having housing instability and unable to bring her with meWhile in your care, did this dog live with children? The dog did not live with children, but has met children while with me.If this dog lived with or interacted with children, how old were the children? 2 years oldHow would you describe this dog's behavior towards the children? Mostly FriendlyIf this dog has had issues with children that include behavior such as growling, snapping, or showing teeth, please describe the circumstance, tell us how often and give as much detail as possible. NoWhat other animals did this dog live with in your home? No other animalsIf other animals lived in the home, how well did this dog get along with them? N/aIf this dog met or played with other dogs please describe their body language: Excited, Rough/needs manners, With male dogs she’s really playful with female dogs she tends to be a bit more aggressiveHas this dog ever fought with another dog? If yes, please describe the incident. Yes. A friend bought their female dog over unannounced which led to a reaction. It was separated quickly and the other dog was not injured.Has this dog ever injured another dog? If yes, please describe the incident. NoHow does this dog react when they see a prey animal (squirrel, mouse, bird) or cat outside? Wants to run and chaseHas this dog ever killed a prey animal or pet? If yes, please describe the incident. NoIs there any other information you would like to share about this dog interacting with other animals? NoWhere did this dog spend most of their time? InsideDo you have a fenced yard? YesIf you do not have a fenced yard, do you: Walk the dog on a leashHow did you exercise this dog? Mainly walking with short burst of runningHow often did you exercise this dog? DailyWhat kind of collar did you use for this dog? Body harnessHow was this dog on a leash? Great on a leash, Some pulling, but manageable, Gets excited when they see other dogsHave you ever taken this dog to a training class? NoWhat commands does this dog know? Place( cage or bed), go home, comeWhich behaviors does this dog need improvement on? Listening to sit commandsWhen the dog played did they typically... Jump, Skips/ hopsHow long each day was this dog left alone inside your home? 4-8 hoursWhen left inside your home alone, was this dog... Able to roam freeWhen this dog was left alone did they show any of the following behaviors? None of theseIs this dog crate trained? Yes, for 4-8 hours.How often did this dog have potty accidents in the house? 1-2 times a month, Defecates onlyHow often did this dog destroy things other than toys? RarelyIf this dog destroys things, is it only when left alone? NoWhat does this dog do when a stranger/visitor comes into the house? Seeks attention, licks,What does this dog do when a stranger tries to pet them? Licks themWhat does this dog do when you or someone else goes near the food bowl while they are eating? Does not reactWhat does this dog do when someone tries to take away toys, bones, food, or anything the dog decides is valuable? Slightly growlsWhat does this dog do when someone tells them to get off of furniture? Does not get in furnitureWhat is this dog's best quality? She’s very lovingWhat is this dog's worst quality? NoneCheck all that apply to this dog's personality: Friendly, Clingy, AffectionateIn your own words, describe this dog's personality. She’s loving, attention seeking, playful at times.What is this dog afraid of? How do they react? Loud bangs, will jump or barkAll dogs have sensitive places. Where is this dog sensitive about being touched? Describe their reaction. Paws will lick or pull away until you stopHave you seen them act aggressively toward anyone? NoPlease tell us anything you would like us to know about this dog to help us find it an adoptive home. She’s very mild mannered loves to cuddle and eat snacks. She’s loves fluffy toys and long walks. She is leash trained but also works well of leash at times, needs some work. Biggest love bug to all. She’s able to play and correct male dogs but has some trouble with female dogs.Would you like to be notified if this animal is ever at risk for euthanasia? YesIf the animal is still here in 30 days, would you like us to check in with you? Yes

8/2/2025 Timestamp 2025-08-02 17:08:49Dog's name: TianaDoes this dog take any medication or have any known medical issues, injuries, or allergies? If yes, please explain. NoHow long have you had this dog? 1 DayThis dog is a... Dog For The Day (I picked this pet up earlier today for an outing.)What activities did you do with this dog today? Walking in Woods with a little riverDid this dog have any interactions with the following? [Dogs ] Positive InteractionDid this dog have any interactions with the following? [Cats] No InteractionDid this dog have any interactions with the following? [Men ] Positive InteractionDid this dog have any interactions with the following? [Women ] Positive InteractionDid this dog have any interactions with the following? [Children ] Positive InteractionWhat was this dog's activity level? 4- Regular walking/running buddyHow cuddly was this dog today? 4-Super snugglerIf this dog met any children on your outing, how would you describe this dog's behavior towards the children? Mostly FriendlyHow did this dog do on a leash? Some pulling, but manageable, Gets excited when they see other dogsDid this dog know any commands? NoneWhat is this dog's best quality, in your opinion? Friendly and careful for treatsWhat is this dog's worst quality, in your opinion? Don’t listen to any commandsSelect any of these apply to the dog's personality: Friendly, Fearful, PoliteDid this dog have an potty accidents? We were outside all day.Did you see this dog act aggressively toward anyone? NoPlease tell us anything you would like us to know about this dog to help us find it an adoptive home. Super friendly with any kind of human // please check her for ticks- we saw some during our outside walkWould you like to be notified if this animal is ever at risk for euthanasia? NoIf the animal is still here in 30 days, would you like us to check in with you? No

9/15/2025 TIANA – Weekend WarriorDoes this dog take any medication or have any known medical issues, injuries, or allergies? If yes, please explain. Doxy for kennel cough. She is an expert pill avoider. I was not able to get it into her today. She also had a chew for fleas yesterdayHow long have you had this dog? 4 daysThis dog is a... Weekend Warrior (I have had this pet for less than 3 nights as a Weekend Warrior)Did this dog have any interactions with the following while with you? [Dogs ] Positive Interaction, Negative InteractionDid this dog have any interactions with the following while with you? [Cats] Negative InteractionDid this dog have any interactions with the following while with you? [Men ] Positive InteractionDid this dog have any interactions with the following while with you? [Women ] Positive InteractionDid this dog have any interactions with the following while with you? [Children ] Positive InteractionHow was this dog on a leash while with you? Some pulling, but manageableIn your opinion, what is this dog's best quality? Friendly and calm, almost no barkingIn your opinion, what is this dog's worst quality? Pill spitting, cat triggersCheck all that apply to this dog's personality... Friendly, Polite, AffectionateIn your own words, describe this dog's personality while out of the shelter. Calm and friendlyDid this dog have an potty accidents while in your care? No- Likely potty trained. No accidents!What was this dog's activity level on a scale from 1-4? 2-Medium Energy (Alternates rest and play)Which behaviors does this dog need improvement on, if any? Nothing! They are practically perfect in every way!, Needs improvement on walking without stopping for quite so many sniffs.How cuddly is this dog? 4-Super snugglerWhen this dog played did they typically... Doesn't seem to know how to playHow long was this dog left alone? 4-8 hoursIf you left this dog alone, was it... CratedWhen this dog was left alone did they show any of the following behavior? Nothing! She crates easily and settled peacefullyHave you seen them act aggressively toward anyone while they wee in your care? NoPlease tell us anything you would like us to know about this dog to help us find it an adoptive home. She loves car rides. She may be a good fit for someone on the road a lot who wants a travel companion. She is a bit stiff and may have a hard time climbing into a tall vehicle.Would you like to be notified if this animal is ever at risk for euthanasia? YesIf the animal is still here in 30 days, would you like us to check in with you? Yes

9/23/2025 TIANA – Weekend Warrior Timestamp 2025-09-21 14:34:35Dog's name: TianaAnimal ID #: 57806990Does this dog take any medication or have any known medical issues, injuries, or allergies? If yes, please explain I think the dog may have kennel cough. She was coughing all weekend.How long have you had this dog? 3 daysThis dog is a Weekend Warrior (I have had this pet for less than 3 nights as a Weekend Warrior)Did this dog have any interactions with the following while with you? [Dogs ] No InteractionDid this dog have any interactions with the following while with you? [Cats] No InteractionDid this dog have any interactions with the following while with you? [Men ] Positive InteractionDid this dog have any interactions with the following while with you? [Women ] Positive InteractionDid this dog have any interactions with the following while with you? [Children ] No InteractionHow was this dog on a leash while with you? Some pulling, but manageableDoes this dog know any commands? Which ones? DownIn your opinion, what is this dog's best quality? Potty trained, doesn’t ruin furniture or chew things that don’t belong to her, quietIn your opinion, what is this dog's worst quality? Pulling on the leashCheck all that apply to this dog's personality Friendly, Independent, Polite, Affectionate, QuietIn your own words, describe this dog's personality while out of the shelter Tiana was very quiet and affectionate. She is very polite and friendly. She’s the kind of dog you would want if you lived in an apartment. She did not have any accidents. She just liked being next to you whenever possible.Did this dog have an potty accidents while in your care? No- Likely potty trained. No accidents!What was this dog's activity level on a scale from 1-4? 1-Low energy (Couch potato), 2-Medium Energy (Alternates rest and play)Which behaviors does this dog need improvement on, if any? Nothing! They are practically perfect in every way!How cuddly is this dog? 2-I'm affectionate with friendsWhen this dog played did they typically She’s not that into playingHow long was this dog left alone? Less than 4 hoursIf you left this dog alone, was it Able to roam freeHave you seen them act aggressively toward anyone while they wee in your care? NoPlease tell us anything you would like us to know about this dog to help us find it an adoptive home Tiana is the perfect pet, who just needs someone to take a chance on her. She’s kind and affectionate. She’s potty trained and quiet so it’s okay if you live in an apartment. Tiana just wants to be next to someone. She’s is very low maintenance. She likes to eat chicken. She likes stuffed animals as toys.Would you like to be notified if this animal is ever at risk for euthanasia? YesIf the animal is still here in 30 days, would you like us to check in with you? YesBy D Mylie",10/4/2025,L1
124,A0057809416,Dog,Laverne,13 year(s) 01 month(s) 26 day(s), Brown / Black Dutch Shepherd / Mix,Available,Foster Foster Home,2/7/2013,S,53,3,2/6/2025 11:27 PM,L1,941010003705326,,High Positive,2/11/2026,Lack of Space,,,,,2/7/2025 easily handled ,,2/6/2025,L1
125,A0057820399,Dog,Firefighter,01 year(s) 03 month(s) 20 day(s)," Black Mixed Breed, Medium (up to 44 lbs fully grown) / Mix",Available,Foster Foster Home,12/13/2024,S,33,1,9/20/2025 04:20 PM,L1,941010002850426,Friendly,Negative,3/25/2026,,,,9/23/2025 Very excited in the catchpin and came into the yard very hot. Firefighter would jump all over the dogs and wasn’t scared of any size of dog. Very tolerant. Some of the time he would play a little more submissive and enjoyed rolling on his back with the dogs around him.,nan,"2/13/2025 easily handled while in intake and during exam

3/25/2025 easily handled while in intake and during exam

9/21/2025 Easily handled while in intake and during exam.","9/28/2025 FIREFIGHTER – DFTD Timestamp 2025-09-27 17:27:30Does this dog take any medication or have any known medical issues, injuries, or allergies? If yes, please explain NoHow long have you had this dog? NoThis dog is a Dog For The Day (I picked this pet up earlier today for an outing.)What activities did you do with this dog today? Park, and treat outingDid this dog have any interactions with the following? [Dogs ] No InteractionDid this dog have any interactions with the following? [Cats] No InteractionDid this dog have any interactions with the following? [Men ] Positive InteractionDid this dog have any interactions with the following? [Women ] Positive InteractionDid this dog have any interactions with the following? [Children ] Positive InteractionWhat was this dog's activity level? 4- Regular walking/running buddyHow cuddly was this dog today? 4-Super snugglerIf this dog met any children on your outing, how would you describe this dog's behavior towards the children? Jumps On ThemHow did this dog do on a leash? Great on a leashDid this dog know any commands? Sit, ComeWhat is this dog's best quality, in your opinion? Her personalityWhat is this dog's worst quality, in your opinion? NothingSelect any of these apply to the dog's personality: Friendly, Affectionate, Goofy, PoliteDid this dog have an potty accidents? NoDid you see this dog act aggressively toward anyone? NoPlease tell us anything you would like us to know about this dog to help us find it an adoptive home Super friendly and affectionateWould you like to be notified if this animal is ever at risk for euthanasia? YesIf the animal is still here in 30 days, would you like us to check in with you? Yes",9/20/2025,L1
126,A0057867271,Dog,Damsel,05 year(s) 01 month(s) 14 day(s)," Tan / White Terrier, Pit Bull / Mix",Available,Foster Foster Home,2/19/2021,S,43,3,2/18/2025 11:02 AM,L2-BR,941010002433385,,Negative,2/25/2026,Lack of Space,https://bit.ly/Adopt_Damsel,,,,"2/19/2025 easily handled. muzzled for precaution

2/25/2025 No BR seen. Easy in and out of her kennel. Did well meeting Lil Koozie in the play yard, but eventually got over aroused and wanted to mount him. Spay and re-test.",,2/18/2025,L2
127,A0057877022,Dog,Simone,02 year(s) 07 month(s) 12 day(s)," White Retriever, Labrador / Mix",Available,Foster Foster Home,8/21/2023,S,49,3,10/3/2025 01:34 PM,L1,941010003722775,Friendly,Negative,2/21/2026,,,,"9/12/2025 play bowed at dogs while in catch pen. once in yard she initially ran away from the group of dogs but slowly gained courage and began engaging in gentle play. would get nervous and retreat, but kept going back to try again. ",nan,"2/19/2025 Easily handled both in the kennel and during the exam. Very sweet girl!!

2/23/2025 Interacted through outdoor kennel. Was at the front of the kennel, soft squinty eyes. Sniffed my hand, had a loose body with soft middle wags and stood on the kennel door. ","9/28/2025 SIMONE – Weekend Warrior Timestamp 2025-09-28 17:03:31Does this dog take any medication or have any known medical issues, injuries, or allergies? If yes, please explain NoHow long have you had this dog? One nightThis dog is a Weekend Warrior (I have had this pet for less than 3 nights as a Weekend Warrior)Did this dog have any interactions with the following while with you? [Dogs ] No InteractionDid this dog have any interactions with the following while with you? [Cats] No InteractionDid this dog have any interactions with the following while with you? [Men ] No InteractionDid this dog have any interactions with the following while with you? [Women ] Positive InteractionDid this dog have any interactions with the following while with you? [Children ] No InteractionHow was this dog on a leash while with you? Some pulling, but manageable, Non-reactive to dogs encountered on walksDoes this dog know any commands? Which ones? SitIn your opinion, what is this dog's best quality? Very sweet and loves to cuddle once she’s gotten her energy outIn your opinion, what is this dog's worst quality? Occasionally gets overarousedCheck all that apply to this dog's personality Friendly, Clingy, Playful, AffectionateIn your own words, describe this dog's personality while out of the shelter She’ll be your shadow!!! Mostly just wants to be where you are. She can get a little overaroused and mouthy but is easily redirected. Medium - High energy for me. Loves chasing any kind of toy but especially balls and extra points if you’ll chase her after she gets it. She loved exploring in the fenced backyard - she wants to sniff everything!!Did this dog have an potty accidents while in your care? No- Likely potty trained. No accidents!What was this dog's activity level on a scale from 1-4? 3-High EnergyWhich behaviors does this dog need improvement on, if any? Occasional mouthinessHow cuddly is this dog? 3-Play first, then snuggle!When this dog played did they typically Jump, Bite lightlyHow long was this dog left alone? The dog was not left aloneHave you seen them act aggressively toward anyone while they wee in your care? NoPlease tell us anything you would like us to know about this dog to help us find it an adoptive home She’s fantastic in the car. I didn’t notice a prey drive with squirrels and she was non-reactive to dogs on our walks. She likes to bury treats in the carpet, blankets, etc - so cute! Once she got some energy out she was very affectionate. Slept like a champ all night in the bed next to me - barely moved a muscle. I didn’t put her in a crate at all so not sure about crate training. Overall, she’s just a wonderful, super smart girl with the most gorgeous gray eyes.Would you like to be notified if this animal is ever at risk for euthanasia? NoIf the animal is still here in 30 days, would you like us to check in with you? Yes",10/3/2025,L1
128,A0057910108,Dog,Chestnut,01 year(s) 04 month(s) 23 day(s)," Brown Mixed Breed, Large (over 44 lbs fully grown) / Mix",Available,Puppy 47 1,11/10/2024,S,58,2,3/8/2026 01:33 PM,L2-A/SF,941010002420323,,,,,,,,,,,3/8/2026,L2
129,A0057918810,Dog,MidKnight,04 year(s) 01 month(s) 07 day(s)," Brown / White Terrier, Pit Bull / Mix",Available,Foster Foster Home,2/26/2022,N,62,3,2/26/2025 06:32 PM,L2-A,941010003002826,No PlayGroup-Offensive Behavior,Negative,3/24/2026,Behavior,https://bit.ly/Adopt_MidKnight,,"4/11/2025 greeted dante vale through the gate, stiffened then snapped at him. i recalled him from the gate and then had him greet hootie through the gate. he was still stiff but was more tolerant of her presence. once in the yard he stood over here moving slowly and as hootie moved to get in play stance he attempted to nip at her. was unable to refocus after that, had to remove from yard and out of sight of dogs before he focused on me again. ",3/16/2025 very sexually motivated. reassess after nx,"2/28/2025 Frozen in kennel, hard staring, showing signs of stress/fear, growling, tense muscles, whale eye. Cannot be handled.Partial intake completed on catchpole due to behavior. 

3/6/2025 Often do drive by treats in 200. 3/8 morning presented at the front of the kennel with loose body language and a wagging tail. 3/8 evening displayed the same behaviors . I knelt down and offered him to smell my hand to which he licked it. I opened the kennel door and he approached the opening and allowed  pets. No reaction to  petting his snout or ears. I was able to remove his collar without a problem. Will attempt to leash this week.Collar has been placed upfront in bin with kennel card attached.

3/11/2025 No issues leashing. Very anxious, pacing the yard. Initially skeptical of us, we both crouched down leaned against the fence, and he slowly approached. Go slow, he will quickly open up, playful and leaning in for pets.  Dog tested with Pringoso, needs to be neutered, but overall did well, approaching and sniffing, wanted to mount him at times. Recommending slow intros and neuter . No issues re-kenneling.                ",,2/26/2025,L2
130,A0057938358,Dog,Rocky,04 year(s) 01 month(s) 01 day(s)," Brindle / White Terrier, Pit Bull / Mix",Available,Foster Foster Home,3/1/2022,N,54,3,2/28/2025 11:01 PM,L1,941010002292845,No PlayGroup- Slow Intros,Positive,3/4/2026,Lack of Space,https://bit.ly/Adopt-rocky,,3/21/2025 RT after NX hackles stiff stood over oreo growled,,"3/1/2025 easily handled in the kennel and during the intake exam. 

4/8/2025 Easy in and out of his kennel. Very wiggly with people, soliciting lots of affection and attention. Stiff body with hackles up when entering the play yard with Kipper. Allowed Kipper to sniff him multiple times without issue. Over time Rocky was not as tense, but seemed to prefer his space. Kipper did not overstep his boundaries and coexisted in the yard with Rocky giving him his space.  Rec: Meet and Greet required.",,2/28/2025,L1
131,A0057949153,Dog,Tommy Rudford,01 year(s) 03 month(s) 28 day(s)," Grey / White Mixed Breed, Medium (up to 44 lbs fully grown) / Mix",Available,Foster Foster Home,12/5/2024,N,56,3,9/19/2025 02:51 PM,L1,941010002255357,Friendly,Negative,3/6/2026,,,,"9/22/2025 tried to step on loyal to lick his face while loyal was laying down (no sense of boundaries or awareness). attempted to engage in play with sophie (low energy older gal) and did not pick up on her not wanting to engage. lost interest when she ignored him long enough and then engaged in chase games with delaney. spoleto was brought into the yard and tommy jumped all over him trying to get him to play. loves water, is a silly goofy boy. ",nan,9/21/2025 Easily handled while in intake and during exam.,"9/22/2025 TOMMY RUDFORD – Adoption ReturnTimestamp 2025-09-19 14:42:57Dog's name: TommyDoes this dog take any medication or have any known medical issues, injuries, or allergies? If yes, please explain NoHow long have you had this dog? 7 meses – 7 monthsThis dog is a Adoption Return (This pet was adopted from this shelter.)What is the main reason you are bringing this dog back to the shelter? Time commitmentPlease explain in your own words, why you need to return this dog today No puedo tenerlo conmigo, me mudare a una casa de un familiar alérgico a los animals – I cannot have him with me, I have move into the house of a family member who is allergic.While in your care, did this dog live with children? YesIf this dog lived with or interacted with children, how old were the children? Si 6 y 10 años – Yes, 6 and 10 years old.How would you describe this dog's behavior towards the children? Mostly Friendly, Tolerent, N/AAre there any details about this dog interacting with children that you would like to share? Tiene mucha energía le encanta jugar – He has a lot of energy, he likes to playIf this dog has had issues with children that include behavior such as growling, snapping, or showing teeth, please describe the circumstance, tell us how often and give as much detail as possible NoWhat other animals did this dog live with in your home? No other animalsIf other animals lived in the home, how well did this dog get along with them? NoIf this dog met or played with other dogs please describe their body language: Excited, JumpyHas this dog ever fought with another dog? If yes, please describe the incident NoHas this dog ever injured another dog? If yes, please describe the incident NoHow does this dog react when they see a prey animal (squirrel, mouse, bird) or cat outside? NormalHas this dog ever killed a prey animal or pet? If yes, please describe the incident NoIs there any other information you would like to share about this dog interacting with other animals? NoWhere did this dog spend most of their time? InsideDo you have a fenced yard? NoIf you do not have a fenced yard, do you: Walk the dog on a leashHow did you exercise this dog? Paseos - walksHow often did you exercise this dog? 3-4 days a weekWhat kind of collar did you use for this dog? Buckle collarHow was this dog on a leash? Great on a leashHave you ever taken this dog to a training class? NoWhat commands does this dog know? Sentarse - SitWhich behaviors does this dog need improvement on? Ladridos - BarkingWhen the dog played did they typically JumpHow long each day was this dog left alone inside your home? Durante el día solo unas cuantas horas mientras trabajaba – During the day only a few hours while I was workingWhen left inside your home alone, was this dog CratedWhen this dog was left alone did they show any of the following behaviors? Destroyed household itemsIs this dog crate trained? Yes, for more than 8 hours.How often did this dog have potty accidents in the house? DailyHow often did this dog destroy things other than toys? RarelyIf this dog destroys things, is it only when left alone? YesWhat items did this dog destroy? Puerta - DoorWhat does this dog do when a stranger/visitor comes into the house? Nada juega – Nothing, playsWhat does this dog do when a stranger tries to pet them? Mueve su cola – Wags his tailWhat does this dog do when you or someone else goes near the food bowl while they are eating? Nada - nothingWhat does this dog do when someone tries to take away toys, bones, food, or anything the dog decides is valuable? Nada - NothingWhat does this dog do when someone tells them to get off of furniture? Obedecer - ObeysWhat is this dog's best quality? Amable le encanta jugar – Friendly, he loves to playWhat is this dog's worst quality? Ninguna - nothingCheck all that apply to this dog's personality: Friendly, Shy, ClingyIn your own words, describe this dog's personality Amigable jugueton – Playful and friendlyWhat is this dog afraid of? How do they react? Nada - nothingAll dogs have sensitive places A la cola – His tailHave you seen them act aggressively toward anyone? NoPlease tell us anything you would like us to know about this dog to help us find it an adoptive home Es muy amigable con niños y adultos – He’s very friendly with adults and childrenWould you like to be notified if this animal is ever at risk for euthanasia? YesIf the animal is still here in 30 days, would you like us to check in with you? YesBy Dana Mylie

9/28/2025 TOMMY RUDFORD – DFTD Timestamp 2025-09-28 17:02:41Does this dog take any medication or have any known medical issues, injuries, or allergies? If yes, please explain NoHow long have you had this dog? 1 dayThis dog is a Dog For The Day (I picked this pet up earlier today for an outing.)What activities did you do with this dog today? We walked to Old Forth Ward park and played. We went to Ladybird to hangout and watch football. We walked down the beltline and got treats at Wolf Gang dog bakery.Did this dog have any interactions with the following? [Dogs ] Positive InteractionDid this dog have any interactions with the following? [Cats] No InteractionDid this dog have any interactions with the following? [Men ] Positive InteractionDid this dog have any interactions with the following? [Women ] Positive InteractionDid this dog have any interactions with the following? [Children ] Positive InteractionWhat was this dog's activity level? 3-High EnergyHow cuddly was this dog today? 3-Play first, then snuggle!If this dog met any children on your outing, how would you describe this dog's behavior towards the children? Tolerent, Too much for them in play (knocks them down, etc)How did this dog do on a leash? Some pulling, but manageableDid this dog know any commands? Sit, ComeWhat is this dog's best quality, in your opinion? He’s very adaptable to the environment he’s around. When we were sitting he would just chill and lay down. When we would walk he didn’t get too hyper around other people, dogs, or crowded areas.What is this dog's worst quality, in your opinion? He jumps a lot when he first meets someone.Select any of these apply to the dog's personality: Friendly, Playful, Affectionate, GoofyDid this dog have an potty accidents? NoDid you see this dog act aggressively toward anyone? NoPlease tell us anything you would like us to know about this dog to help us find it an adoptive home He is full of energy and very loving at the same time. He is very busy/curious and likes to sniff and get to know all his surroundings. He is a little aggressive in a playful way as he jumps on people a lot but he means it in a loving way.Would you like to be notified if this animal is ever at risk for euthanasia? YesIf the animal is still here in 30 days, would you like us to check in with you? No",9/19/2025,L1
132,A0057949234,Dog,Ophelia,04 year(s) 00 month(s) 29 day(s)," Brown / Tan Chihuahua, Short Coat / Mix",Court,Foster Foster Home,3/4/2022,F,11,1,3/3/2025 03:42 PM,L2-SF,,,Negative,3/6/2026,Court,,Court Mandate,,,"3/4/2025 A little nervous in the kennel, but if you move slowly, she is easily handled. A bit growly towards men but still easily handled. Warmed up by the end of the exam.","7/5/2025 OPHELIA – Foster Return Timestamp 2025-07-02 14:55:59Does this dog take any medication or have any known medical issues, injuries, or allergies? If yes, please explain She is done with the medication they sent with me. She does has very flaky skin & I think it’s food related because I switched her to a vegetarian formula and her skin cleared up and we ran out a few days ago and went back to the bag I was given and her skin is already starting to flake againHow long have you had this dog? 6ish weeksThis dog is a Foster (I had this pet as a foster for more than 3 nights.)What is the main reason you are returning this pet to the shelter? Family issuesWhile in your care, did this dog live with children? The dog did not live with children, but has met children while with me.If this dog lived with or interacted with children, how old were the children? 4 years oldHow would you describe this dog's behavior towards the children? Mostly Friendly, TolerentIf this dog has had issues with children that include behavior such as growling, snapping, or showing teeth, please describe the circumstance, tell us how often and give as much detail as possible She didn’t growl at the childWhat other animals did this dog live with in your home? Small dog(s), CatsIf other animals lived in the home, how well did this dog get along with them? They were kept apart because of the court case, but saw my cat on the stairs and wanted to get to her and would search for her when we went upstairs. Growled at my dogs through the cage (territorial aggression), but the couple times we went to the bathroom together (because of my long work hours) they did really well with them.If this dog met or played with other dogs please describe their body language: Excited, JumpyHas this dog ever fought with another dog? If yes, please describe the incident No fighting, she does have some resource guarding with food and toys towards her companion. There has never been a fight between the two though. It’s just boundary setting from what I have seen.Has this dog ever injured another dog? If yes, please describe the incident NoHow does this dog react when they see a prey animal (squirrel, mouse, bird) or cat outside? When she has seen my cat inside is described above.Has this dog ever killed a prey animal or pet? If yes, please describe the incident NoIs there any other information you would like to share about this dog interacting with other animals? She does have a licking problem. And is relentless with other dogs private parts to the point where it would be sexual assault in humans.Where did this dog spend most of their time? InsideDo you have a fenced yard? YesHow did you exercise this dog? Toy play and running around with the other court case dog.How often did you exercise this dog? DailyWhat kind of collar did you use for this dog? Buckle collarHow was this dog on a leash? Some pulling, but manageable, We didn’t walk on a leash very much since I have a yard.Have you ever taken this dog to a training class? NoWhat commands does this dog know? Sit, gentle (for treat taking), she goes in the cage easyWhich behaviors does this dog need improvement on? Licking, she is a very anxious licker and she has a lot of separation anxiety if I go upstairs without her for even a second.When the dog played did they typically Jump, Growl, Bite hardHow long each day was this dog left alone inside your home? 11 hoursWhen left inside your home alone, was this dog We tried free roaming in the spare room the cage is in and she was mostly fine, but her companion was destructive so they were crated after the discovery.When this dog was left alone did they show any of the following behaviors? Cried, Cries if alone in the crate. Not as bad with the other dog.Is this dog crate trained? Yes, for more than 8 hours.How often did this dog have potty accidents in the house? 1-2 times a weekHow often did this dog destroy things other than toys? NeverIf this dog destroys things, is it only when left alone? NoWhat does this dog do when a stranger/visitor comes into the house? Wants attention. Jumps and is excitedWhat does this dog do when a stranger tries to pet them? Let’s themWhat does this dog do when you or someone else goes near the food bowl while they are eating? It doesn’t seem like there is food aggression with people.What does this dog do when someone tries to take away toys, bones, food, or anything the dog decides is valuable? Does not want you to take toys or treats away and will avoid handsWhat does this dog do when someone tells them to get off of furniture? Not great at this one. Mostly doesn’t listenWhat is this dog's best quality? She’s very friendlyWhat is this dog's worst quality? The licking. It’s compulsiveCheck all that apply to this dog's personality: Friendly, Clingy, Goofy, Playful, AffectionateIn your own words, describe this dog's personality She is very friendly and wants a lot of attention. She does not like to be away from you or gets stressed unless she is crated.What is this dog afraid of? How do they react? I haven’t noticed her being scared of anythingAll dogs have sensitive places I was told she didn’t love having her nails trimmed when I picked her up initiallyHave you seen them act aggressively toward anyone? YesHave you seen this dog snarl (show teeth) at someone? When? How often? Please explain She just has a little bit of the traditional chihuahua personality where she can be a bit spicy. She will growl if I move her when she doesn’t want to be moved, but she hasn’t ever bitten me.Has this dog growled at you or someone else? When? How often? Please explain Described above.Has this dog snapped at you or someone else? When? How often? Please explain Not really snapping, just growlingHas this dog ever bitten or nipped anyone while living with you? NoPlease tell us anything you would like us to know about this dog to help us find it an adoptive home Some extra notes- she is a urine marker and it could get better after she is fixed, but right now will pee on every place she thinks someone else has or will pee on. She is incredibly thirsty for some reason. She loves toys and treats. She will eat pieces of plush toys so she has to be monitored with those especially. She loves toys cuddle. She’s good with men and kids. Probably needs a home without cats if she is able to be adopted out. She takes medicine well.Would you like to be notified if this animal is ever at risk for euthanasia? YesIf the animal is still here in 30 days, would you like us to check in with you? No",3/3/2025,L2
133,A0057949256,Dog,Gertrude,01 year(s) 08 month(s) 29 day(s)," Tan / White Chihuahua, Short Coat / Mix",Court,Foster Foster Home,7/4/2024,F,10,1,3/3/2025 03:42 PM,L1,,,Negative,3/6/2026,Court,,Court Mandate,,,3/4/2025 Easily handled both in the kennel and during the exam.,"7/5/2025 GERTRUDE (answers to Cornbread) – Foster ReturnTimestamp 2025-07-02 17:14:35Does this dog take any medication or have any known medical issues, injuries, or allergies? If yes, please explain NoHow long have you had this dog? 6ish weeksThis dog is a Foster (I had this pet as a foster for more than 3 nights.)What is the main reason you are returning this pet to the shelter? Family issuesWhile in your care, did this dog live with children? The dog did not live with children, but has met children while with me.If this dog lived with or interacted with children, how old were the children? 4 years oldHow would you describe this dog's behavior towards the children? Mostly Friendly, Tolerent, Jumps On Them, Loved the attentionAre there any details about this dog interacting with children that you would like to share? She was very patient and almost seemed to like being cuddled and laid on by the childIf this dog has had issues with children that include behavior such as growling, snapping, or showing teeth, please describe the circumstance, tell us how often and give as much detail as possible No issuesWhat other animals did this dog live with in your home? Small dog(s), CatsIf other animals lived in the home, how well did this dog get along with them? No issues on mixed potty breaksIf this dog met or played with other dogs please describe their body language: Excited, JumpyHas this dog ever fought with another dog? If yes, please describe the incident NoHas this dog ever injured another dog? If yes, please describe the incident NoHow does this dog react when they see a prey animal (squirrel, mouse, bird) or cat outside? She didn’t seem to care about my cat when she saw itHas this dog ever killed a prey animal or pet? If yes, please describe the incident NoIs there any other information you would like to share about this dog interacting with other animals? She loves to eat poop, so you have to pick it up quicklyWhere did this dog spend most of their time? InsideDo you have a fenced yard? YesHow did you exercise this dog? Played with toys and the other dogHow often did you exercise this dog? DailyWhat kind of collar did you use for this dog? Buckle collarHow was this dog on a leash? Not sure because I used the yard for bathroom breaksHave you ever taken this dog to a training class? NoWhat commands does this dog know? Sit, wait (for treats), okay (to take the treat), sometimes noWhich behaviors does this dog need improvement on? Potty training, eating poop, jumping, chewing on things that aren’t toys, resource guardingWhen the dog played did they typically Jump, Bite lightly, Bite hardHow long each day was this dog left alone inside your home? 10 hoursWhen left inside your home alone, was this dog CratedWhen this dog was left alone did they show any of the following behaviors? Destroyed household items, Urinated/defecated, BarkedIs this dog crate trained? Yes, for more than 8 hours.How often did this dog have potty accidents in the house? DailyHow often did this dog destroy things other than toys? 1-2 times a weekIf this dog destroys things, is it only when left alone? NoWhat items did this dog destroy? Chewed on door frame, chords, pens, her collar, anything she could get reallyWhat does this dog do when a stranger/visitor comes into the house? Was excited, jumped on themWhat does this dog do when a stranger tries to pet them? Enjoys itWhat does this dog do when you or someone else goes near the food bowl while they are eating? NothingWhat does this dog do when someone tries to take away toys, bones, food, or anything the dog decides is valuable? She tries to keep toys or treats but if you chase her and say drop it very sternly then she usually willWhat does this dog do when someone tells them to get off of furniture? Mostly doesn’t listenWhat is this dog's best quality? She is very friendly. Was very patient with my four year old niece and let her lay on her and dote over her & came back for more even when the other dogs would fleeWhat is this dog's worst quality? The puppy stage. She’s destructive and isn’t a great listenerCheck all that apply to this dog's personality: Friendly, Goofy, Playful, AffectionateIn your own words, describe this dog's personality Very bouncy, energetic, puppy like, crazy, needs trainingWhat is this dog afraid of? How do they react? She doesn’t join in on barking when everyone does it but will bark on her own, she also was scared of my dad so I assume men aren’t her favoriteAll dogs have sensitive places I didn’t notice one, but I was told she also doesn’t like her nails trimmedHave you seen them act aggressively toward anyone? NoPlease tell us anything you would like us to know about this dog to help us find it an adoptive home I think if she is adoptable, she won’t have a hard time finding a family. She uses her cuteness to her advantage. She just needs some help getting through the puppy phase and learning to not eat poopWould you like to be notified if this animal is ever at risk for euthanasia? YesIf the animal is still here in 30 days, would you like us to check in with you? No",3/3/2025,L1
134,A0057949290,Dog,Waldorf,04 year(s) 00 month(s) 29 day(s)," White / Brown Terrier, Fox, Wire / Mix",Court,Foster Foster Home,3/4/2022,N,10,2,3/3/2025 03:42 PM,L1,941010001700791,,Negative,3/6/2026,Court,,Court Mandate,,,3/4/2025 easily handled while in intake and during exam,"5/27/2025 Timestamp 2025-05-27 11:44:57Dog's name: WaldorfDoes this dog take any medication or have any known medical issues, injuries, or allergies? If yes, please explain Yes, pills are in bagHow long have you had this dog? 4 weeksThis dog is a Foster (I had this pet as a foster for more than 3 nights.)What is the main reason you are returning this pet to the shelter? Time commitmentWhile in your care, did this dog live with children? NoWhat other animals did this dog live with in your home? No other animalsHas this dog ever fought with another dog? If yes, please describe the incident Don’t knowHas this dog ever injured another dog? If yes, please describe the incident Don’t knowHow does this dog react when they see a prey animal (squirrel, mouse, bird) or cat outside? Very excitedHas this dog ever killed a prey animal or pet? If yes, please describe the incident Don’t knowWhere did this dog spend most of their time? InsideDo you have a fenced yard? NoIf you do not have a fenced yard, do you: Walk the dog on a leashHow did you exercise this dog? Walks several times a dayHow often did you exercise this dog? DailyWhat kind of collar did you use for this dog? Body harnessHow was this dog on a leash? Gets excited when they see other dogsHave you ever taken this dog to a training class? NoWhich behaviors does this dog need improvement on? Jumping, leash walking, not fully house brokenWhen the dog played did they typically JumpHow long each day was this dog left alone inside your home? 4-6 hoursWhen left inside your home alone, was this dog CratedWhen this dog was left alone did they show any of the following behaviors? None of theseIs this dog crate trained? Yes, for more than 8 hours.How often did this dog have potty accidents in the house? Daily, Urinates onlyHow often did this dog destroy things other than toys? NeverIf this dog destroys things, is it only when left alone? NoWhat items did this dog destroy? NoneWhat does this dog do when a stranger/visitor comes into the house? BarksWhat does this dog do when a stranger tries to pet them? HappyWhat does this dog do when you or someone else goes near the food bowl while they are eating? No reactionWhat does this dog do when someone tries to take away toys, bones, food, or anything the dog decides is valuable? Don’t knowWhat does this dog do when someone tells them to get off of furniture? Goes to crateWhat is this dog's best quality? Wants to be pettedWhat is this dog's worst quality? JumpingCheck all that apply to this dog's personality: Friendly, Clingy, Playful, AffectionateIn your own words, describe this dog's personality Cute but needyWhat is this dog afraid of? How do they react? YellingAll dogs have sensitive places Don’t knowHave you seen them act aggressively toward anyone? NoWould you like to be notified if this animal is ever at risk for euthanasia? NoIf the animal is still here in 30 days, would you like us to check in with you? No",3/3/2025,L1
135,A0057949305,Dog,Iago,06 year(s) 10 month(s) 24 day(s), Black / Tan Miniature Pinscher / Mix,Court,Foster Foster Home,5/9/2019,N,11,1,3/3/2025 03:42 PM,L1,,,Negative,3/4/2026,Court,,Court Mandate,,,"3/4/2025 Nervous in the kennel because of all of the barking, but once out he opened up and was easily handled. Was easily handled during the exam.

3/5/2025 Noted behavior when placed in 135 and day after during AM feeding. When shown my hand through the cage, began barking and raising hackles at me. I placed his AM bowl in the cage. He stopped barking/growling once door was opened. I presented my hand again. He sniffed when alert ears, slight hackles raised but did not interact. May be BR. Will continue to monitor",,3/3/2025,L1
136,A0057949322,Dog,Desdemona,02 year(s) 00 month(s) 29 day(s)," Brown Terrier, Yorkshire / Mix",Court,Foster Foster Home,3/4/2024,F,9,1,3/3/2025 03:42 PM,L1- OD,,,Negative,3/6/2026,Court,,Court Mandate,,,3/4/2025 easily handled while in intake and during exam,"6/22/2025 Timestamp 2025-06-22 10:10:56Dog's name: DesdemonaDoes this dog take any medication or have any known medical issues, injuries, or allergies? If yes, please explain NoHow long have you had this dog? 2 monthsThis dog is a Foster (I had this pet as a foster for more than 3 nights.)What is the main reason you are returning this pet to the shelter? Behavioral problemsWhile in your care, did this dog live with children? NoIf this dog lived with or interacted with children, how old were the children? 6ishHow would you describe this dog's behavior towards the children? Mostly FriendlyAre there any details about this dog interacting with children that you would like to share? She met some kids while out for walks and was really friendly towards themWhat other animals did this dog live with in your home? Small dog(s), CatsIf other animals lived in the home, how well did this dog get along with them? Not well, this is the reason I had to return her. She never really integrated with the other dogs and played too rough with the cat. But the reason I had to send her back was because she brutally attacked my five-year-old Chihuahua who is not aggressive and has never instigated a fight with another animal. While I was at work one day, I got a call from my downstairs neighbors saying it sounded like my dogs were fighting, I rushed home and when I arrived home 20 minutes later, I found my dog on the floor, covered in blood, barely breathing and covered in deep puncture wounds. She ended up having to stay overnight for multiple nights at the emergency vet on two occasions as a result of this attack (racking up a vet bill of over 4k) and is still recovering. Desdemona absolutely needs To be an only dog going forward and her adopters need to be warned that she should not be left with other dogs unsupervised.If this dog met or played with other dogs please describe their body language: Uninterested, Aggressive and violentHas this dog ever fought with another dog? If yes, please describe the incident Yes, see aboveHas this dog ever injured another dog? If yes, please describe the incident Yes, my dog retained severe injuries after being attacked by her and barely survived the incidentHow does this dog react when they see a prey animal (squirrel, mouse, bird) or cat outside? Chases themHas this dog ever killed a prey animal or pet? If yes, please describe the incident No, but she almost killed my dogIs there any other information you would like to share about this dog interacting with other animals? NoWhere did this dog spend most of their time? InsideDo you have a fenced yard? YesIf you do not have a fenced yard, do you: Walk the dog on a leashHow did you exercise this dog? We went for multiple walks dailyHow often did you exercise this dog? DailyWhat kind of collar did you use for this dog? Buckle collarHow was this dog on a leash? Still working on her leash skills, she didn’t pull too hard, but had a tendency to get tangled up on the leashHave you ever taken this dog to a training class? NoWhat commands does this dog know? NoneWhich behaviors does this dog need improvement on? AggressionWhen the dog played did they typically Jump, Bark, Bite lightly, Bite hardHow long each day was this dog left alone inside your home? 2-6 hours total but never more than 4 hours at one timeWhen left inside your home alone, was this dog I tried creating her, but she would whine and cry too much and my neighbors complained, so once she was potty trained, I let her have free run of the houseWhen this dog was left alone did they show any of the following behaviors? Barked, CriedIs this dog crate trained? No! (tries to escape, cries, uses the bathroom)How often did this dog have potty accidents in the house? 1-2 times a monthHow often did this dog destroy things other than toys? Rarely, If I didn’t pick up small items off my nightstand like lip balm or hair clips, she would pick them up and chew on themIf this dog destroys things, is it only when left alone? NoWhat items did this dog destroy? Lip balm, hair clipsWhat does this dog do when a stranger/visitor comes into the house? FriendlyWhat does this dog do when a stranger tries to pet them? Likes strangersWhat does this dog do when you or someone else goes near the food bowl while they are eating? NothingWhat does this dog do when someone tries to take away toys, bones, food, or anything the dog decides is valuable? NothingWhat does this dog do when someone tells them to get off of furniture? Sometimes listens, sometimes doesn’tWhat is this dog's best quality? She’s very friendly to people, and she is now fully potty trained (she was not at all potty trained when I first got her and would not go potty outside for the first two weeks that I had her)What is this dog's worst quality? Highly dog aggressiveCheck all that apply to this dog's personality: Friendly, Clingy, Playful, AffectionateIn your own words, describe this dog's personality Affectionate, playful, and high energy, but dog aggressiveWhat is this dog afraid of? How do they react? I didn’t notice her being afraid of anythingAll dogs have sensitive places I didn’t notice any sensitivities like thisHave you seen them act aggressively toward anyone? YesHave you seen this dog snarl (show teeth) at someone? When? How often? Please explain Not to humans but to dogsHas this dog growled at you or someone else? When? How often? Please explain NoHas this dog snapped at you or someone else? When? How often? Please explain She liked to play by heavily, but never aggressively snapped at a personHas this dog ever bitten or nipped anyone while living with you? NoPlease tell us anything you would like us to know about this dog to help us find it an adoptive home She will be a great dog for somebody who only wants one dogWould you like to be notified if this animal is ever at risk for euthanasia? NoIf the animal is still here in 30 days, would you like us to check in with you? No",3/3/2025,L1
137,A0057949341,Dog,Darla,13 year(s) 00 month(s) 29 day(s)," Brown / Black Chihuahua, Short Coat / Mix",Court,Foster Foster Home,3/4/2013,S,12,1,3/3/2025 03:42 PM,L1,985112008409096,,Negative,3/4/2026,Court,,Court Mandate,,,3/4/2025 easily handled while in intake and during exam,"4/21/2025 Timestamp 2025-04-21 17:50:22Dog's name: DarlaDoes this dog take any medication or have any known medical issues, injuries, or allergies? If yes, please explain. She needs a dental exam. I'm not kidding, her teeth and gums are so bad my entire house was smelling from them. I am worried she will get an infection. She was also displaying mild UTI symptoms (trying to pee many times)How long have you had this dog? 1 weeksThis dog is a... Foster (I had this pet as a foster for more than 3 nights.)What is the main reason you are returning this pet to the shelter? Health of the petWhile in your care, did this dog live with children? NoWhat other animals did this dog live with in your home? CatsIf other animals lived in the home, how well did this dog get along with them? She and the cat were curious and then completely ignored each other.Has this dog ever fought with another dog? If yes, please describe the incident. NoHas this dog ever injured another dog? If yes, please describe the incident. NoHas this dog ever killed a prey animal or pet? If yes, please describe the incident. NoIs there any other information you would like to share about this dog interacting with other animals? NoWhere did this dog spend most of their time? InsideDo you have a fenced yard? NoIf you do not have a fenced yard, do you: Walk the dog on a leashHow did you exercise this dog? 4-5 daily walks. She loves to walk and sniff!!How often did you exercise this dog? DailyWhat kind of collar did you use for this dog? martingaleHow was this dog on a leash? Great on a leashHave you ever taken this dog to a training class? NoHow long each day was this dog left alone inside your home? I work from home, but left 3-4 hours each day.When left inside your home alone, was this dog... Able to roam freeWhen this dog was left alone did they show any of the following behaviors? None of theseIs this dog crate trained? We never made this dog stay in a crate.How often did this dog have potty accidents in the house? NeverHow often did this dog destroy things other than toys? NeverIf this dog destroys things, is it only when left alone? NoWhat does this dog do when a stranger/visitor comes into the house? Is very excited to see them, wiggly, and rolls over for belly rubsWhat does this dog do when a stranger tries to pet them? rolls over for belly rubsWhat does this dog do when someone tells them to get off of furniture? gets downWhat is this dog's best quality? Super easy and quiet!! Snuggle bug!!What is this dog's worst quality? NA - frequent potty trips because she's olderCheck all that apply to this dog's personality: Friendly, Clingy, Goofy, Polite, Playful, AffectionateIn your own words, describe this dog's personality. She is perfect - wants to snuggle, loves to walk and sniff, has the cutest wiggles when she knows she gets to go outside.Have you seen them act aggressively toward anyone? NoPlease tell us anything you would like us to know about this dog to help us find it an adoptive home. Perfect little companion. Good when left alone and good to chill while you work at home.Would you like to be notified if this animal is ever at risk for euthanasia? YesIf the animal is still here in 30 days, would you like us to check in with you? Yes",3/3/2025,L1
138,A0057949359,Dog,Mr. Jingles,04 year(s) 00 month(s) 29 day(s)," Beige / White Chihuahua, Short Coat / Mix",Court,Foster Foster Home,3/4/2022,N,16,1,3/3/2025 03:42 PM,L2-SF,985113006764394,,Negative,3/4/2026,Court,,Court Mandate,,,3/4/2025 may be BR barks at gate was housed with Darla and may have been feeding off each other alarm barking while in intake needed a while to warm up in exam room muzzled for precaution does not like restraint signs of stress/fear tense muscles frigid whale eye during exam,,3/3/2025,L2
139,A0057949368,Dog,Horatio,05 year(s) 00 month(s) 29 day(s), Black / White Papillon / Mix,Court,Foster Foster Home,3/4/2021,M,12,1,3/3/2025 03:42 PM,L2-SF,,,Negative,3/6/2026,Court,,Court Mandate,,,3/4/2025 scared and snapped when leashed once outside of the kennel he did fine while in intake signs of stress/fear easily handled during exam ,,3/3/2025,L2
140,A0057959234,Dog,Gracie,01 year(s) 03 month(s) 28 day(s)," Tan Mixed Breed, Small (under 24 lbs fully grown) / Mix",Microchip,Dog Pre/Post Op 135 8,12/5/2024,S,20,2,3/31/2026 01:31 PM,L1,941010002347181,,,,,,,,,,,3/31/2026,L1
141,A0057985936,Dog,Lana,03 year(s) 00 month(s) 22 day(s)," White Terrier, American Pit Bull / Mix",Available,Foster Foster Home,3/11/2023,S,46,3,3/10/2025 08:47 AM,L2-BR,941010002313465,Gentle/Dainty - Easygoing,Negative,3/20/2026,Lack of Space,https://bit.ly/adopt_Lana,,"nan

4/2/2025 Primary Handler:amberSecondary Handler:ashleyRunners:Scribe: Notes:steerable, came in very playful, tolerant of birch sniffing her while going to the bathroom  

4/3/2025 Lana met Hero (M) through the fence, her tail was loose and wagging. Her body language was relaxed and she was very interested in meeting him. Stephanie brought Hero into the play yard and we kept them both on leash. Lana immediately went over to him and they exchanged sniffs. He was really interested in playing and started pawing at her face, Lana let out a low growl to correct him. We gave them a second and then let them interact again. Hero approached and was in her face again and she let out another correction. She was ok with him sniffing her and being around her. See was also very interested in the other male dog that was outside. She would prefer someone lower energy or with a similar play style as her. But overall she did really good, we didn't drop leashes because we didn't have anything to correct with just in case. ",,"3/11/2025 easily handled in the kennel and during the intake exam. 

3/18/2025 Belinda reports barrier reactivity. Leveling up to L2-BR",,3/10/2025,L2
142,A0057985953,Dog,Suzuki,03 year(s) 00 month(s) 22 day(s)," White / Black Terrier, American Pit Bull / Mix",Available,Foster Foster Home,3/11/2023,N,49,3,3/10/2025 08:48 AM,L1,941010002538281,Gentle/Dainty - Easygoing,Negative,3/13/2026,Lack of Space,https://bit.ly/AdoptSuzuki,,"3/22/2025 reassess after nx

4/17/2025 no play, co existed well, took corrections well",,"3/11/2025 easily handled

3/12/2025 Observed Low growling and flagged tail when approached. Warmed up rather quickly after sitting next to kennel for a few.","4/20/2025 Timestamp 2025-04-20 17:22:47Dog's name: SuzukiDoes this dog take any medication or have any known medical issues, injuries, or allergies? If yes, please explain. NoHow long have you had this dog? A half dayThis dog is a... Dog For The Day (I picked this pet up earlier today for an outing.)What activities did you do with this dog today? We watched TV, walked around my neighborhood and hung out at Westside Park!Did this dog have any interactions with the following? [Dogs ] No InteractionDid this dog have any interactions with the following? [Cats] No InteractionDid this dog have any interactions with the following? [Men ] Positive InteractionDid this dog have any interactions with the following? [Women ] Positive InteractionDid this dog have any interactions with the following? [Children ] No InteractionWhat was this dog's activity level? 2-Medium Energy (Alternates rest and play)How cuddly was this dog today? 2-I'm affectionate with friendsHow did this dog do on a leash? Some pulling, but manageableDid this dog know any commands? SitWhat is this dog's best quality, in your opinion? Suzuki’s best quality is that he is incredibly well mannered. He was super friendly with myself and a few friends. He spent some time in my car and my home and showed curiosity but didn’t do any damage. He also didn’t bark at well; a super chill guy.What is this dog's worst quality, in your opinion? I really don’t think he has any bad qualities. He’s a bit of a bigger dog so he pulled on the leash a bit, but no complaints at all with our field trip.Select any of these apply to the dog's personality: Friendly, Playful, AffectionateDid this dog have an potty accidents? NoDid you see this dog act aggressively toward anyone? NoPlease tell us anything you would like us to know about this dog to help us find it an adoptive home. Suzuki is so adaptable to his environment! I initially planned a big day out on the Beltline with a lot of exercise, but we spent a lot of time hanging out at home and he was able to adapt his energy to both environments.Would you like to be notified if this animal is ever at risk for euthanasia? YesIf the animal is still here in 30 days, would you like us to check in with you? No

5/3/2025 Timestamp 2025-05-03 16:44:26Dog's name: SuzukiAnimal ID #: A0057985953Does this dog take any medication or have any known medical issues, injuries, or allergies? If yes, please explain. Not that I was told or observedHow long have you had this dog? 4.5 hoursThis dog is a... Dog For The Day (I picked this pet up earlier today for an outing.)What activities did you do with this dog today? We went to the park, a dog bakery, and Home Depot.Did this dog have any interactions with the following? [Dogs ] No InteractionDid this dog have any interactions with the following? [Cats] No InteractionDid this dog have any interactions with the following? [Men ] No InteractionDid this dog have any interactions with the following? [Women ] Positive InteractionDid this dog have any interactions with the following? [Children ] No InteractionWhat was this dog's activity level? 3-High Energy, 4- Regular walking/running buddyHow cuddly was this dog today? 4-Super snugglerIf this dog met any children on your outing, how would you describe this dog's behavior towards the children? Mostly Friendly, TolerentHow did this dog do on a leash? Pulls very hard, Gets excited when they see other dogs, He did not show aggression towards any dogs but was highly curious and whined a few times when he would see a dog.Did this dog know any commands? Sit, Give PawWhat is this dog's best quality, in your opinion? Suzuki is super affectionate and enjoys being petted and loved up on. He is a love bug! He takes treats gently and gives lots of kisses!What is this dog's worst quality, in your opinion? He pulls on the leash very hard and is strong. While he was not aggressive towards dogs and animals(bird/squirrel), he would get very excited and pull on his leash and want to go towards the animal.Select any of these apply to the dog's personality: Friendly, Playful, AffectionateDid this dog have an potty accidents? We were outside all day.Did you see this dog act aggressively toward anyone? NoPlease tell us anything you would like us to know about this dog to help us find it an adoptive home. Suzuki is super lovable and affectionate! He is a sweet and good boy! He will greatly benefit from leash training. He also appears to get a little bit stressed in the car and it took him a while to not be on such high alert. This is to be expected but may need to be monitored since some dogs do not like the car.Would you like to be notified if this animal is ever at risk for euthanasia? YesIf the animal is still here in 30 days, would you like us to check in with you? No

5/19/2025 Timestamp 2025-05-20 05:54:15Dog's name: SuzukiDoes this dog take any medication or have any known medical issues, injuries, or allergies? If yes, please explain. NoHow long have you had this dog? 3 hoursThis dog is a... Dog For The Day (I picked this pet up earlier today for an outing.)What activities did you do with this dog today? Went to the parkDid this dog have any interactions with the following? [Dogs ] No InteractionDid this dog have any interactions with the following? [Cats] No InteractionDid this dog have any interactions with the following? [Men ] No InteractionDid this dog have any interactions with the following? [Women ] Positive InteractionDid this dog have any interactions with the following? [Children ] Positive InteractionWhat was this dog's activity level? 3-High EnergyHow cuddly was this dog today? 2-I'm affectionate with friendsIf this dog met any children on your outing, how would you describe this dog's behavior towards the children? Mostly FriendlyHow did this dog do on a leash? Pulls very hard, Gets excited when they see other dogsDid this dog know any commands? Sit, DownWhat is this dog's best quality, in your opinion? Very lovingWhat is this dog's worst quality, in your opinion? Pulls to hard on the leashSelect any of these apply to the dog's personality: Friendly, Playful, Affectionate, PoliteDid this dog have an potty accidents? NoDid you see this dog act aggressively toward anyone? NoPlease tell us anything you would like us to know about this dog to help us find it an adoptive home. More trainingWould you like to be notified if this animal is ever at risk for euthanasia? YesIf the animal is still here in 30 days, would you like us to check in with y

6/25/2025 Timestamp 2025-06-25 12:58:36Dog's name: SuzukiAnimal ID #: A0057985953How long have you had this dog? 3 weeksThis dog is a Foster (I had this pet as a foster for more than 3 nights.)What is the main reason you are returning this pet to the shelter? Time commitmentWhile in your care, did this dog live with children? The dog did not live with children, but has met children while with me.If this dog lived with or interacted with children, how old were the children? Kids ranged from as young as about 5 to 11 years old.How would you describe this dog's behavior towards the children? Mostly FriendlyIf this dog has had issues with children that include behavior such as growling, snapping, or showing teeth, please describe the circumstance, tell us how often and give as much detail as possible I did not observe any of these behaviors in his interactions with children.What other animals did this dog live with in your home? No other animalsIf this dog met or played with other dogs please describe their body language: Excited, With most dogs he is friendly. Every now and then there has been a dog where the vibes may have been off, so he growls but has been separated before anything could occur.How does this dog react when they see a prey animal (squirrel, mouse, bird) or cat outside? He gets very excited when he sees birds and squirrels and tries to run towards them when out on leashed walks.Is there any other information you would like to share about this dog interacting with other animals? I have not seen him interact with cats so I’m not sure his behavior there. He has interacted with plenty of dogs whether it’s my sister’s dog visiting our home, at adoption events, and seeing dogs throughout the neighborhood.Where did this dog spend most of their time? InsideDo you have a fenced yard? NoIf you do not have a fenced yard, do you: Walk the dog on a leashHow did you exercise this dog? We went on walks around the neighborhood, played at my neighborhood dog park when it was empty, and went on long walks at Westside Park.How often did you exercise this dog? DailyWhat kind of collar did you use for this dog? Body harnessHow was this dog on a leash? Pulls very hard, Gets excited when they see other dogsHave you ever taken this dog to a training class? NoWhat commands does this dog know? Sit, paw, stay, crate, off/downWhich behaviors does this dog need improvement on? He has chewed up several things at home, so some training to help wi the that. He seems to be treat-motivated, so I’m confident that he can learn once incentivizedWhen the dog played did they typically JumpHow long each day was this dog left alone inside your home? No more than 4-5 hours at a time. I would leave work during the day to come take him out and spend a few minutes before having to go back or go to class.When left inside your home alone, was this dog Most times he was crated; some times he was confined to a specific room/space where he could roam around.When this dog was left alone did they show any of the following behaviors? Destroyed household items, Cried, Tried to escape crateIs this dog crate trained? Yes, for 4-8 hours.How often did this dog have potty accidents in the house? 1-2 times a monthHow often did this dog destroy things other than toys? 1-2 times a weekIf this dog destroys things, is it only when left alone? YesWhat items did this dog destroy? A tripod, a journal, a box with belongings inside, a sunglasses case, etc.What does this dog do when a stranger/visitor comes into the house? Initially, he acts like a guard dog and barks a lot. Once he sees that the visitor is friendly, he warms up to them very quickly.What does this dog do when a stranger tries to pet them? He is normally really good and allows people to pet him, but he does need to feel comfortable first.What does this dog do when you or someone else goes near the food bowl while they are eating? He didn’t do anything when I would approach him or his bowl while eating.What does this dog do when someone tries to take away toys, bones, food, or anything the dog decides is valuable? He became very overprotective of a bone at an adoption event and began growling when another dog and its foster tried to take it from him (the bone was not his to begin with).What does this dog do when someone tells them to get off of furniture? He gets off promptly.What is this dog's best quality? He is a real sweetheart. He’s so affectionate and just wants to cuddle, be petted, and love on whoever is with him.What is this dog's worst quality? I think this is probably dependent on the owner, but he can be very clingy. Outside of that, it may be that he chews things up when you leave him alone for a moment.Check all that apply to this dog's personality: Friendly, Clingy, Playful, AffectionateIn your own words, describe this dog's personality I think he’s really sweet and affectionate. He loves to be with humans. I think he would benefit from more activity and stimulation than I was able to provide while at home because sometimes he can seem bored.What is this dog afraid of? How do they react? He does not like vacuums. He barked at mine while crated.All dogs have sensitive places Not sureHave you seen them act aggressively toward anyone? NoPlease tell us anything you would like us to know about this dog to help us find it an adoptive home I think that Suzuki would be good with a sibling and probably someone who has a fenced in yard where he can roam. I don’t think he would do well in an apartment or a townhouse where he doesn’t have the space to move around, especially because he’s not a small dog. He does need some more training, but he’s still very young and he already knows a lot. I’m impressed by his ability to catch treats (he’s got great coordination).Would you like to be notified if this animal is ever at risk for euthanasia? NoIf the animal is still here in 30 days, would you like us to check in with you? No",3/10/2025,L1
143,A0058000573,Dog,Goobie Loobie,04 year(s) 00 month(s) 21 day(s)," Tan / White Terrier, Pit Bull / Mix",Available,Foster Foster Home,3/12/2022,N,71,3,2/3/2026 11:28 AM,L2-OA/JM,941010003049732,,Positive,4/8/2026,Behavior,https://bit.ly/AdoptGoobieLoobie,,"4/17/2025 good body language when greeting birch and joan. excited tail wags and confidently walked around the yard. was a bit vocal when the dogs began playing - no offensive behavior observed. when removing from the yard, joan slipped into the catch pen and as amber was removing her goobie loobie jumped up to grab joan's leash. was easily redirected. super excited to greet handlers.",,"3/13/2025 barks at the gate leash couldn't be removed charges gate while in intake partial during exam

3/25/2025 Request: Your Name: LaneWhy are you requesting a level change? improved behavior Assessment:Assessor's Name: Lauren RFindings and Recommendation: was playful and recommend L2- OA/JM/BR Results:Manager's Name: Michelle HarmonNotes and determination: Wen to foster

3/25/2025 BR, dodged the leash before allowing and retrieving. He was very excited and happy to be out of his kennel. Immediately accepting of pets all over, kept a loose, wiggly body and lots of tail wags. Enjoys affection, playful, goofy, can get overstimulated and slightly mouthy, redirect with treats. Re-kenneled without issue. Rec. L2-BR/OA/JM

3/30/2025 very treat motivated, took treats nicely from my hand and displayed loose body language throughout our interaction through the kennel door. was able to leash without issue but he is crazy high energy, busted out of his kennel and pulled very hard on leash. once in the yard he ran around, jumped up on me, and played with the toys/trash in the yard. didn't want to go back to his kennel but with treats he entered and allowed me to remove the leash without incident. 

4/2/2025 Request Level Down",,2/3/2026,L2
144,A0058006328,Dog,Scooch Ova,04 year(s) 00 month(s) 19 day(s)," White / Brown Terrier, American Pit Bull / Mix",Available,Foster Foster Home,3/14/2022,N,65,3,3/12/2025 10:29 PM,L1,941010002415736,Push/Pull - Easygoing,High Positive,3/20/2026,Lack of Space,https://bit.ly/AdoptScoochOva,,"3/21/2025 loose body language at the gate, helicopter tail in the yard. appeared playful but stood over radio rebel and oreo castellon and pulled very hard so he was removed from the yard. retest after nx

4/3/2025 Primary Handler:amberSecondary Handler:ashleyRunners:Scribe: steerable, came in the yard very playful with loose wiggly body language, very tolerant when mounted by betty lou but did not correct. took correction from birch very well, easily startled by humans  

nan",,"3/14/2025 a little jumpy go slow easily handled while in intake and during exam

6/3/2025 Increasing becoming more gate reactive.   ",,3/12/2025,L1
145,A0058006377,Dog,Chappell,04 year(s) 00 month(s) 21 day(s)," Grey Retriever, Labrador / Mix",Available,Foster Foster Home,3/12/2022,S,47,3,3/12/2025 11:20 PM,L1,941010002405118,No PlayGroup-Offensive Behavior,Negative,3/20/2026,Lack of Space,,,"3/19/2025 First test: Chappell A0058006377 tested with Habil A0058008737 (M, not neutered) for dog test.Before Chappell entered yard, both had loose tail wags, forward body posture towards each other. Habil did mark and kick up mulch during introduction. Both dogs stayed on leash for introductions; both dogs displayed loose  body language, occasionally sniffing after one another. Habil did seek out smelling Chappell's rear a few times.Once leashes were dropped, Chappell and Habil had easy back-and-forth interactions; both trailed each other in the yard. When Habil tried to sniff Chappell's rear and did not give space, Chappell froze, turned to Habil and did use a small correction. At the correction, Habil moved away to give space. Both dogs exchanged disengaging in play; Habil did continue to seek out sniffing Chappell.Test 2: Chappell A0058006377  with Vera A0057664108 (F, recently spayed)At the gate (Chappell in yard, Vera entering), Chappell displayed alarm barking, tense body language, direct eye contact. Vera was tense, forward body positioning with a stiff/short and alert tail wag.While in yard on leashes, Vera had a tense, forward body with a tight tail wag. Chappell was not fixated, sniffing in the yard and did not seek out interaction. Vera did pull against the leash, enough to stand up, towards Chappell a few times. After leashes were dropped, Vera pursued Chappell and mounted her. Chappell growled and corrected, and both dogs were removed from each other. Chappell also growled at Vera after she had been taken from the yard.Chappell labeled as dog selective, prefers malesTest 3: Vera A0057664108 with Lorne Michaels (M, unneutered, young)At the gate, Vera was very fixated, pacing the fence line while Lorne was being tempted to sniff Vera. We allowed Lorne to enter and have leash dropped while in yard. Lorne kept to fence line, slowly crept through yard and sniffing. Vera continued to fixate towards Lorne on leash, tugging and standing on leash.Vera was brought closer to Lorne; Lorne sought out Vera and both sniffed each other face-to-face. Vera had forward body language, straight alert tail. Vera was allowed to continue and she mounted Lorne, who did not correct, froze, and did not move as Vera was removed from yard.Vera labeled as dog selective, sexually motivated

3/23/2025 Chappell was tested with just Mila - thought Ralph would be too much based on gate greetings. Chappell seemed nervous and had his hackles up the whole time he was in the yard. He was steerable but stiff and tolerant of Mila sniffing him. Never engaged in play and after a few minutes he was ready to go. Requesting a retest for more info.

4/3/2025 Primary Handler:amberSecondary Handler:ashleyRunners:Scribe: Notes:steerable, dominant body language with lakemont, came into the yard stiff. handler oriented. listens very well with verbal correction from handlers. no pg due to OA and dominance that could be overwhelming to other dogs.  ",,"3/14/2025 a little nervous and unsure but warms up and is easily handled 

3/21/2025 Displaying extreme kennel stress and has only been here a few days.  Walking in loop pattern, non stop. ",,3/12/2025,L1
146,A0058042308,Dog,Ghost,01 year(s) 09 month(s) 14 day(s)," Tan Mixed Breed, Medium (up to 44 lbs fully grown) / Mix",Available,Foster Foster Home,6/19/2024,N,28,3,3/19/2025 11:43 AM,L3-BR/RG/BH,941010003032416,Cafe - Guarded,,4/2/2026,Lack of Space,https://bit.ly/Adopt_Ghost,,"4/15/2025 good body language at gate, stiffened and tucked tail when birch approached. keke held birch back while ghost entered the yard. after sniffing around for a bit he jumped up on me to solicit attention and then went to go greet rose. good body language when greeting her although appearing unsure/nervous. sniffed the air around birch and retreated from him. due to size/behavior, would only bring him to pg with dogs of similar size. ",,"3/20/2025 Snarling and lunging when kennel door is approached tries to bite cannot be handled. Catch poled and partial. HacklesAir snappingAlarm barkingGrowlingHard staringLifting lip/ Showing teethTrying to bite/Biting

3/25/2025 Difficult leashing, growled at May when she tried. Successfully leashed him while Emma held the leash and Lauren held a treat. Once in the play yard he was all puppy energy. Playful, cuddly, leaning in for pets, and soliciting all of the attention he could get. No issues re-kenneling.  Rec: L2-BR/H

3/25/2025 Requesting L2-BR/H No change at this time. Went to foster home. MH

3/27/2025 Ghost can be stiff with people at the fence.  It depends on how he is approached.  Dodges the leash but very excitable once out.  Because of former notes and today's interactions, he can be leveled down but I'm putting him as SD because his reactions seem to change depending on the person. I do think new people need to approach him slower until he is comfortable. -CW

3/30/2025 lisa jones took ghost out for a walk, had no issues handling him and even took him to get pictures with marie. when i approached he jumped up on me and solicited attention, taking treats nicely from my hand. will move onto the floor

4/3/2025 Can this dog be reassessed as a request by Belinda. 4/3/25 No change at this time. Went to foster home. MH

4/24/2025 Linda took him out to his adopters today for pick up and he would not get in the car, Linda knelt down to try and pick him up, before she could pick him up he growled, reached back and snapped at her, and bit (did not break skin.) We brought him back inside and Emma was petting him and reached under his belly, he then turned and snapped at Emma as well.Marking as L3-BH for now, needs focus group.

4/26/2025 Staff w/u 4/24/2025 Jumped up on Destiny for love, then tried to bite her. We tried to restrain for premedication and he lunged at us.","3/20/2025 GHOST – Owner Surrender 3/19 Does this dog take any medication or have any known medical issues, injuries, or allergies? If yes, please explain noHow long have you had this dog? 9 monthsWhere did you get this dog? From family or a friendHow old is this dog? 11 monthsHow old was this dog when you got them? 1-2 monthsWhy do you need to surrender this dog? My new apartment doesn’t accept petsPlease explain in your own words, why you need to surrender this dog today? Can’t be kept in my new apartmentWhile in your care, did this dog live with children? YesIf this dog lived with or interacted with children, how old were the children? 11,12,14How would you describe this dog's behavior towards the children? Mostly FriendlyAre there any details about this dog interacting with children that you would like to share? At first he’s nervous but then he jumps on them playfullyIf this dog has had issues with children that include behavior such as growling, snapping, or showing teeth, please describe the circumstance, tell us how often and give as much detail as possible If the child hits or grabs him he will bark or growlWhat other animals did this dog live with in your home? No other animalsIf other animals lived in the home, how well did this dog get along with them? Good but very playful but sometimes just walks past other dogsIf this dog met or played with other dogs please describe their body language: Excited, Jumpy, UninterestedHas this dog ever fought with another dog? If yes, please describe the incident NoHas this dog ever injured another dog? If yes, please describe the incident NoHow does this dog react when they see a prey animal (squirrel, mouse, bird) or cat outside? Chases cats but doesn’t chase birds and squirrels and mouseHas this dog ever killed a prey animal or pet? If yes, please describe the incident NoIs there any other information you would like to share about this dog interacting with other animals? PlayfulWhere did this dog spend most of their time? BothDo you have a fenced yard? NoIf you do not have a fenced yard, do you: Walk the dog on a leashHow did you exercise this dog? Running and playingHow often did you exercise this dog? 3-4 days a weekWhat kind of collar did you use for this dog? Body harnessHow was this dog on a leash? Some pulling, but manageable, Gets excited when they see other dogsHave you ever taken this dog to a training class? NoWhat commands does this dog know? SitWhich behaviors does this dog need improvement on? Potty training and being calm around other peopleWhen the dog played did they typically Jump, Bark, Bite lightlyHow long each day was this dog left alone inside your home? The longest was 2 daysWhen left inside your home alone, was this dog Able to roam freeWhen this dog was left alone did they show any of the following behaviors? Barked, CriedIs this dog crate trained? No! (tries to escape, cries, uses the bathroom)How often did this dog have potty accidents in the house? 1-2 times a weekHow often did this dog destroy things other than toys? RarelyIf this dog destroys things, is it only when left alone? YesWhat items did this dog destroy? Pillows and shoesWhat does this dog do when a stranger/visitor comes into the house? He barksWhat does this dog do when a stranger tries to pet them? Back up and barkWhat does this dog do when you or someone else goes near the food bowl while they are eating? Tried to bite but depends on the personWhat does this dog do when someone tries to take away toys, bones, food, or anything the dog decides is valuable? When it comes to bones and toys he tries playing tug of war and wit food he barks or tries bitingWhat does this dog do when someone tells them to get off of furniture? He runs up and jumps on them while tryna lickWhat is this dog's best quality? He’s good at running and is very playfulWhat is this dog's worst quality? Doesn’t like to stay in one spot and barely listens but with the right tone he willCheck all that apply to this dog's personality: Independent, Clingy, Playful, GrumpyIn your own words, describe this dog's personality Playful and wants to be around people 24/7What is this dog afraid of? How do they react? He’s afraid of loud noises and if he hears a loud noise like ,thunder or a something dropping or knocking he barksAll dogs have sensitive places TailHave you seen them act aggressively toward anyone? YesHave you seen this dog snarl (show teeth) at someone? When? How often? Please explain Yes but only if he feels like their a threat to meHas this dog growled at you or someone else? When? How often? Please explain He hasn’t growled for a while now last time he growled was at someone walking up to the car or to our doorHas this dog snapped at you or someone else? When? How often? Please explain NoHas this dog ever bitten or nipped anyone while living with you? NoPlease tell us anything you would like us to know about this dog to help us find it an adoptive home He likes being outside and he likes running and walking he loves to eat vegetablesWould you like to be notified if this animal is ever at risk for euthanasia? YesIf the animal is still here in 30 days, would you like us to check in with you? Yes",3/19/2025,L3
147,A0058070653,Dog,Aioli,05 year(s) 00 month(s) 06 day(s),"Brindle Tan Mixed Breed, Medium (up to 44 lbs fully grown) / Mix",Available,Foster Foster Home,3/27/2021,N,56,3,3/24/2025 02:43 PM,L1,941010003798873,,Negative,3/25/2026,Lack of Space,https://bit.ly/AdoptAioli,,,,3/27/2025 easily handled while in intake and during exam,"4/12/2025 AIOLI – Foster Return 4/9 Does this dog take any medication or have any known medical issues, injuries, or allergies? If yes, please explain. Take Doxy for kennel cough (gave it to kennel staff)How long have you had this dog? 4/5This dog is a... Foster (I had this pet as a foster for more than 3 nights.)What is the main reason you are returning this pet to the shelter? just wanted to get some home notes.While in your care, did this dog live with children? NoIf this dog has had issues with children that include behavior such as growling, snapping, or showing teeth, please describe the circumstance, tell us how often and give as much detail as possible. never met kidsWhat other animals did this dog live with in your home? Large dog(s)If other animals lived in the home, how well did this dog get along with them? great, very submissive and playfulIf this dog met or played with other dogs please describe their body language: awkward, was trying to figure out how to play.Has this dog ever fought with another dog? If yes, please describe the incident. noHas this dog ever injured another dog? If yes, please describe the incident. noHow does this dog react when they see a prey animal (squirrel, mouse, bird) or cat outside? non reactive but interestedHas this dog ever killed a prey animal or pet? If yes, please describe the incident. noIs there any other information you would like to share about this dog interacting with other animals? gentle play, doesn't mind rough play but would prefer someone more medium to low energyWhere did this dog spend most of their time? InsideDo you have a fenced yard? NoIf you do not have a fenced yard, do you: Walk the dog on a leashHow did you exercise this dog? didn't exerciseHow often did you exercise this dog? Did not exerciseWhat kind of collar did you use for this dog? leash and collarHow was this dog on a leash? Great on a leashHave you ever taken this dog to a training class? NoWhat commands does this dog know? sitWhich behaviors does this dog need improvement on? potty trainingWhen the dog played did they typically... layed down, tried to figure out how to play, very gentleHow long each day was this dog left alone inside your home? 1 hourWhen left inside your home alone, was this dog... CratedWhen this dog was left alone did they show any of the following behaviors? wasn't left aloneIs this dog crate trained? Yes, for 4-8 hours.How often did this dog have potty accidents in the house? DailyHow often did this dog destroy things other than toys? NeverIf this dog destroys things, is it only when left alone? NoWhat items did this dog destroy? nothing but we monitored him closely (does like socks)What does this dog do when a stranger/visitor comes into the house? no one came overWhat does this dog do when a stranger tries to pet them? very friendly, loves peopleWhat does this dog do when you or someone else goes near the food bowl while they are eating? nothing, he let me pick up the bowl with no issuesWhat does this dog do when someone tries to take away toys, bones, food, or anything the dog decides is valuable? follows you around when you pick up his bowl. Wasn't interested in toys.What does this dog do when someone tells them to get off of furniture? just looks at you. Doesn't know a lot of commands.What is this dog's best quality? very sweet and dog friendlyWhat is this dog's worst quality? not potty trained and eats his poopCheck all that apply to this dog's personality: Friendly, Clingy, Goofy, Playful, AffectionateIn your own words, describe this dog's personality. He is so sweet. Loves greeting people. He is learning how to be a dog and can be a little awkward and trips over his feet sometimes. He is a velcro dog and loves following you around the house. He is gentle and just wants to feel someone near. He loves to cuddle and be as close to you as possible. He is quiet but once he starts barking he doesn't stop. He also enjoys watching tv.What is this dog afraid of? How do they react? nothing that I noticed.All dogs have sensitive places. Where is this dog sensitive about being touched? Describe their reaction. didn't notice anything but he loves neck scratches.Have you seen them act aggressively toward anyone? NoWould you like to be notified if this animal is ever at risk for euthanasia? YesIf the animal is still here in 30 days, would you like us to check in with you? No

5/16/2025 AIOLI – Foster Notes Timestamp 2025-05-04 22:40:27General Personality Very much a Velcro dog. Wants constant attention. Ideal place is in your lap, if possible. He’s gotten somewhat playful and more energetic. Once he’s calmed down he just flees a lot.Daily Routine Go potty outside and get a treat, then breakfast. He’s left in the garage with the back door open to a large fenced in back yard. He eats around 7 pm or so. When we are home later in the evening we clean him off and bring him inside. Eventually he gets a treat in his crate and goes to bed.What food do they eat? Purina for nowWhat would be an ideal home and family for your foster? A family with a lot of energy to train him and give him a lot of affection. He is demanding of attention and affection, which has turned into pawing (scratching) and nipping. We know he is not intending to hurt anyone but he is quite relentless to sit in your lap and cuddle. We feel a family who lets their pets on the couch for cuddles is better suited. He’s not happy sitting in his own bed on the floor. He just wants to be close by all the time.On a scale of 1 to 5... how housetrained are they? 4Does your foster use a kennel without excessive barking/whining, escape attempts, or destruction? Yes he’s quite good in his kennel. Goes right to sleep and doesn’t seem apprehensive about being in there. Some mornings he whines a bit to get outWhere do they sleep at night? In a crateDo they sleep through the night? YesHas he / she been exposed to any kids? If yes, what ages? How did it go? 5-year old son. He loved him at first but his “pibble nibble” has alarmed him and he’s a bit scared of him. It’s made him not want to interact with him as much, although I think he likes children and would do well with consistent training.Has he / she been exposed to any cats? If yes, how did it go? Not yetDo they prefer men or women? He listens to me most since I’ve been with him from the start. My older brother is who he listens to the best, but not my husband or mother. So unsure if gender is a factor.Does he / she live with another dog? NoHas he / she been around other dogs? No - kennel coughDoes he / she know any basic commands? Which ones (Sit, stay, come, lay down, etc) ? SitIs your foster dog leash reactive? What makes them bark/lunge on leash? He doesn’t seem to enjoy walking on his leash muchWhat devices do you use to walk your dog? (Type of harness, collar, etc) CollarLeash Walking Rating 3How does your foster do in the car? Haven’t taken him since fostering began but I was told he loves car ridesHow does your foster do for a bath? Haven’t gotten a chance to - I need to plan the first bath when someone else can help. He’s been sprayed with a water hose outside and strongly dislikes it. I wipe him down with pet cloths daily and he doesn’t mind them at allEnergy level 3How much exercise does it take to tire them out? Not a lotIf they don't get enough exercise, what happens? I think it’s less about exercise and more interaction that gets him high energy and not listeningA perfect day for your foster would include ____________? Car ride with a pup cone - he really does love food so very much. Probably getting to play with other dogs, sitting on the couch and cuddling. He really wants to be held like a baby and goes limp in your armHow cuddly are they? 5Favorite toys or games? He’s just starting to react to toys but no real preferencesTell us a fun story about your foster... Every morning when he gets his breakfast he knows to sit patiently, but food excites him more than absolutely anything and he can’t keep his front paws still. It’s so cute to watch his little feet bouncing around as he tries his best to sit and be stillI love my foster and think he/she is fabulous because _____________? He’s such a cuddly little sweetheartWhat makes him/her nervous or unhappy? Being aloneOverall, how are your foster's manners? (some examples: Jumps on people? Mouthy? Gets into trash?) He doesn’t listen very well. He can quite relentless with getting in your lap. He will get mouthy and will continue trying to get up regardless of how many times you tell him noDoes your foster have any behavioral issues or quirks? The above - I’m sure training long term would helpDoes your foster have any medical issues? Not that I know ofAnything else you want to share? His skin issues have resolved for the most part and has gained weight!Facebook Presence 2Instagram Post Presence 2Instagram Stories Presence 2Nextdoor Presence 1Youtube Presence 1Other social media platforms utilized? NoneWhat was the date of the last adoption event you took your foster to? None yetWhat prevents you from taking your foster to (more) events? (check all that apply) Haven’t gotten a chance to look into this yetWhat gear & materials do you utilize to help get your foster recognized? (check all that apply) Not sureWhen was the last time you took your foster out on the town? Not yetWhat prevents you from taking your foster out on the town more often? (check all that apply) Waiting for kennel cough to be aafeWhat do you think is preventing your foster from being its most-adoptable self? (check all that apply) MouthyHow can we help? Social media partner, TrainingWhat day do you give your foster heartworm and flea/tick preventatives? Planning to do it tomorrowAre you interested in adopting your foster pet? Not sureWould you be willing to have your foster dog transfer to a rescue partner? Yes",3/24/2025,L1
148,A0058214995,Dog,Pauly D.,03 year(s) 00 month(s) 02 day(s)," Grey / Tan Terrier, Pit Bull / Mix",Available,Foster Foster Home,3/31/2023,N,46,3,3/30/2025 07:07 PM,L1,941010003949532,Little to no play,High Positive,4/1/2026,Lack of Space,https://bit.ly/AdoptPasco,,"4/10/2025 RT after NX

5/26/2025 Primary Handler:amberSecondary Handler:emilyRunners:Scribe: Notes:steerable, sniffed the yard, very tolerant of other dogs sniffing her, prefers to just coexist  ",,3/31/2025 easily handled in the kennel and during the intake exam. ,"6/13/2025 PASCO – DFTD Does this dog take any medication or have any known medical issues, injuries, or allergies? If yes, please explain NoHow long have you had this dog? 4 hoursThis dog is a Dog For The Day (I picked this pet up earlier today for an outing.)What activities did you do with this dog today? We went on a car ride then went and walked around Piedmont Park.Did this dog have any interactions with the following? [Dogs ] Positive InteractionDid this dog have any interactions with the following? [Cats] No InteractionDid this dog have any interactions with the following? [Men ] Positive InteractionDid this dog have any interactions with the following? [Women ] Positive InteractionDid this dog have any interactions with the following? [Children ] Positive InteractionWhat was this dog's activity level? 2-Medium Energy (Alternates rest and play)How cuddly was this dog today? 3-Play first, then snuggle!If this dog met any children on your outing, how would you describe this dog's behavior towards the children? Mostly FriendlyHow did this dog do on a leash? Some pulling, but manageableDid this dog know any commands? UnsureWhat is this dog's best quality, in your opinion? Pasco was so friendly with everyone he met. You could tell he just wanted to say hi to everyone and he loved the attention he got at the park.What is this dog's worst quality, in your opinion? I wouldn't say Pasco had a worst quality, but one thing I would say was a bit difficult was that he would pull on the leash sometimes. As we walked more he got better and didn't pull as much.Select any of these apply to the dog's personality: Friendly, Playful, AffectionateDid this dog have an potty accidents? We were outside all day.Did you see this dog act aggressively toward anyone? NoPlease tell us anything you would like us to know about this dog to help us find it an adoptive home This is something that I am sure y'all have noticed. But when I was walking Pasco and he walked by some people or dogs he wanted to say hi to, he would make this wheezing/reverse sneezing sound. It wasn't even that his leash was too tight or anything. When we sat by ourselves, he didn't make that noise. But as we walked throughout the park, he would make that noise, and I didn't know whether to be worried. Overall, he seemed happy, so I didn't think he was making that noise because he was sick or anything.Would you like to be notified if this animal is ever at risk for euthanasia? NoIf the animal is still here in 30 days, would you like us to check in with you? Yes",3/30/2025,L1
149,A0058215215,Dog,Nash,04 year(s) 00 month(s) 02 day(s)," Tan / White Terrier, Pit Bull / Mix",Available,Foster Foster Home,3/31/2022,N,52,3,8/22/2025 11:03 AM,L2-OA/JM,941010003942782,Push/Pull - Outgoing,Negative,4/1/2026,Lack of Space,https://bit.ly/Adopt-Nash,,"4/11/2025 while prepping to enter the yard, two dogs approached him unexpectedly and he responded in a friendly manner both times. at gate he was loose and very wiggly. immediately upon entrance to the yard he began playing with mcnubbin and tolerated birch's rough play well. birch stood over him a bunch and became vocal while body bumping him and nash received all of it well, maintaining loose or neutral body language. has greeter potential - would like to bring him out to a playgroup before final determination. ",,"3/31/2025 easily handled in the kennel and during the intake exam. High energy

4/10/2025 VOL W/U 4/8/25 - Took out for pictures, over aroused and jumpy. Very sweet though  RE: L2- OA/JM No change at this time. Went to foster home. MH

5/15/2025 VOL W/U 5/11/25Nash was not OA or JM today. After walking for a bit, I sat down with him in front of the shelter and he was just his goofy self. He’s affectionate and likes to get as close as possible, but he’s hilariously clumsy. Hoping he can potentially be leveled down.No change at this time. Went to foster home. MH","5/25/2025 Timestamp 2025-05-25 16:36:41Dog's name: NashAnimal ID #: 58215215Does this dog take any medication or have any known medical issues, injuries, or allergies? If yes, please explain. N/aHow long have you had this dog? 3 daysThis dog is a... Weekend Warrior (I have had this pet for less than 3 nights as a Weekend Warrior)Did this dog have any interactions with the following while with you? [Dogs ] Positive InteractionDid this dog have any interactions with the following while with you? [Cats] No InteractionDid this dog have any interactions with the following while with you? [Men ] Positive InteractionDid this dog have any interactions with the following while with you? [Women ] Positive InteractionDid this dog have any interactions with the following while with you? [Children ] Positive InteractionHow was this dog on a leash while with you? Some pulling, but manageableDoes this dog know any commands? Which ones? Sit, paw, lay down, we worked on “stay”In your opinion, what is this dog's best quality? Loveable!!! Such a snuggle boyIn your opinion, what is this dog's worst quality? Separation anxiety. He didn’t want to be in a separate room from me. When I left, Jumped on windows and broke blinds but nothing major. I didn’t get to test him in a crate but don’t know how he’d do.Check all that apply to this dog's personality... Friendly, Clingy, Goofy, Playful, AffectionateIn your own words, describe this dog's personality while out of the shelter. So fun! He came out of his shell. Lovable, curious, wanted to meet people, but a little clingyDid this dog have an potty accidents while in your care? Just a couple of accidents.What was this dog's activity level on a scale from 1-4? 2-Medium Energy (Alternates rest and play)Which behaviors does this dog need improvement on, if any? JumpingHow cuddly is this dog? 4-Super snugglerWhen this dog played did they typically... Jump, Bite lightlyHow long was this dog left alone? Less than 4 hoursIf you left this dog alone, was it... Able to roam freeWhen this dog was left alone did they show any of the following behavior? Destroyed household items, Urinated/defecated, CriedHave you seen them act aggressively toward anyone while they wee in your care? NoPlease tell us anything you would like us to know about this dog to help us find it an adoptive home. Super friendly and easy, needs a little work training-wise but not much. He’d adapt well to a family or couple because he loves to be with people all the time!Would you like to be notified if this animal is ever at risk for euthanasia? YesIf the animal is still here in 30 days, would you like us to check in with you? No",8/22/2025,L2
150,A0058231619,Dog,Coral,08 year(s) 11 month(s) 30 day(s)," Fawn / White Terrier, American Pit Bull / Mix",Available,Foster Foster Home,4/3/2017,S,59,3,8/28/2025 04:31 PM,L1- OD,982091067135630,Push/Pull - Outgoing,Negative,4/4/2026,Lack of Space,https://bit.ly/adopt-Coral,,"4/15/2025 bum rushed the dogs once she entered the yard. very interested in playing with goliath, came off a bit weird since she's a very loud breather and was very excited but too stubby to jump up like she was trying to do. ",,"4/3/2025 easily handled while in intake and during exam

8/30/2025 Personality:  Dog Test 1:  Dog Test 2:  Medical:  How Do I Handle Stress?  What Do I Need Help With Most?  The Most Memorable Thing About Me:  Intake Info:  What is my strategic out?  Ongoing care:  Other notes:","6/10/2025 Timestamp 2025-06-10 12:39:16Dog's name: CoralDoes this dog take any medication or have any known medical issues, injuries, or allergies? If yes, please explain Yes she was previously attacked so she had ear and neck injuriesHow long have you had this dog? 4 weeksThis dog is a Trial Adoption (I was fostering to see if I wanted to adopt.)Why are you bringing this dog back to the shelter today? Time commitmentPlease explain in your own words, why you need to return this dog I don’t have time to spend with her and she’s not 100% potty trained also she cries in her crate at night all nightWhile in your care, did this dog live with children? YesHow would you describe this dog's behavior towards the children? Mostly FriendlyIf this dog has had issues with children that include behavior such as growling, snapping, or showing teeth, please describe the circumstance, tell us how often and give as much detail as possible NoWhat other animals did this dog live with in your home? CatsIf other animals lived in the home, how well did this dog get along with them? She just sniffed other catsIf this dog met or played with other dogs please describe their body language: ExcitedHas this dog ever fought with another dog? If yes, please describe the incident Yes but she didn’t really fight backHas this dog ever injured another dog? If yes, please describe the incident NoHow does this dog react when they see a prey animal (squirrel, mouse, bird) or cat outside? NaHas this dog ever killed a prey animal or pet? If yes, please describe the incident NoIs there any other information you would like to share about this dog interacting with other animals? NoWhere did this dog spend most of their time? InsideDo you have a fenced yard? NoIf you do not have a fenced yard, do you: Walk the dog on a leashHow did you exercise this dog? WalkHow often did you exercise this dog? DailyWhat kind of collar did you use for this dog? Buckle collarHow was this dog on a leash? Some pulling, but manageableHave you ever taken this dog to a training class? NoWhat commands does this dog know? Sit layWhich behaviors does this dog need improvement on? Stay and potty trained but she a super holderWhen the dog played did they typically Roll overHow long each day was this dog left alone inside your home? 5 hoursWhen left inside your home alone, was this dog CratedWhen this dog was left alone did they show any of the following behaviors? Destroyed household items, Urinated/defecatedIs this dog crate trained? Yes, for 4-8 hours.How often did this dog have potty accidents in the house? 1-2 times a weekHow often did this dog destroy things other than toys? 1-2 times a weekIf this dog destroys things, is it only when left alone? NoWhat items did this dog destroy? Dog toysWhat does this dog do when a stranger/visitor comes into the house? NaWhat does this dog do when a stranger tries to pet them? Let themWhat does this dog do when you or someone else goes near the food bowl while they are eating? NaWhat does this dog do when someone tries to take away toys, bones, food, or anything the dog decides is valuable? NaWhat does this dog do when someone tells them to get off of furniture? Listen after few timesWhat is this dog's best quality? FriendlyWhat is this dog's worst quality? Can’t stay away from kitchen and will eat anything dog poopCheck all that apply to this dog's personality: Friendly, Independent, Clingy, Polite, Playful, AffectionateIn your own words, describe this dog's personality FriendlyWhat is this dog afraid of? How do they react? NaAll dogs have sensitive places Neck criesHave you seen them act aggressively toward anyone? NoPlease tell us anything you would like us to know about this dog to help us find it an adoptive home Needs attentionWould you like to be notified if this animal is ever at risk for euthanasia? NoIf the animal is still here in 30 days, would you like us to check in with you? Yes

9/2/2025 CORAL – Trial Adoption Return Timestamp 2025-08-28 16:41:26Does this dog take any medication or have any known medical issues, injuries, or allergies? If yes, please explain. NoHow long have you had this dog? 3 monthsThis dog is a... Trial Adoption (I was fostering to see if I wanted to adopt.)Why are you bringing this dog back to the shelter today? She isn’ta good fit with the our petPlease explain in your own words, why you need to return this dog. We call her Gidget, Gidgey Coral is a very sweet and intelligent dog. She has been a loving family companion, is well-mannered, and knows her basic commands. Unfortunately, she has shown territorial behavior and has become increasingly aggressive toward our other dog at home and toward other dogs when we go on walks. Because of this, we believe she would thrive best in a home where she can be the only pet and receive the focused attention she deserves.While in your care, did this dog live with children? YesIf this dog lived with or interacted with children, how old were the children? 11-12 How would you describe this dog's behavior towards the children? Mostly Friendly, She can be rough but not aggressiveAre there any details about this dog interacting with children that you would like to share? She is mouthy. She doesn’t bite out of anger but she uses her teeth to play if that makes senseIf this dog has had issues with children that include behavior such as growling, snapping, or showing teeth, please describe the circumstance, tell us how often and give as much detail as possible. No aggressionWhat other animals did this dog live with in your home? Large dog(s)If other animals lived in the home, how well did this dog get along with them? Initially she was ok but became domineeringIf this dog met or played with other dogs please describe their body language: Rough/needs mannersHas this dog ever fought with another dog? If yes, please describe the incident. Yes, she fought my dog. They were eating, when Gidget was done, she tried to eat Duchess’s food and when Duchess tried to eat out of the bowl while Gidget was eating, she bit her and they fought. No blood, just some nipping and growlingHas this dog ever injured another dog? If yes, please describe the incident. NoHow does this dog react when they see a prey animal (squirrel, mouse, bird) or cat outside? Anxious she will chase if allowedHas this dog ever killed a prey animal or pet? If yes, please describe the incident. NoIs there any other information you would like to share about this dog interacting with other animals? She doesn’t have a lot of patience. When she’s done playing, she’s doneWhere did this dog spend most of their time? InsideDo you have a fenced yard? NoIf you do not have a fenced yard, do you: Walk the dog on a leashHow did you exercise this dog? 2 miles on the beltline dailyHow often did you exercise this dog? DailyWhat kind of collar did you use for this dog? Buckle collarHow was this dog on a leash? Pulls very hard, Gets excited when they see other dogsHave you ever taken this dog to a training class? NoWhat commands does this dog know? Sit, no, downWhich behaviors does this dog need improvement on? Honestly, leash walking is it, she doesn’t do well and we’ve tried. Shes strong And knows itWhen the dog played did they typically... Bite lightly, She yaps her teeth like she’s talkingHow long each day was this dog left alone inside your home? NeverWhen left inside your home alone, was this dog... Able to roam freeWhen this dog was left alone did they show any of the following behaviors? Once she tore the trash but she’s pretty coolIs this dog crate trained? We never made this dog stay in a crate.How often did this dog have potty accidents in the house? RarelyHow often did this dog destroy things other than toys? OnceIf this dog destroys things, is it only when left alone? YesWhat items did this dog destroy? Trash bag for the foodWhat does this dog do when a stranger/visitor comes into the house? She’s fineWhat does this dog do when a stranger tries to pet them? She’s fine unless it’s my kidsWhat does this dog do when you or someone else goes near the food bowl while they are eating? She was fine with us but not my dogWhat does this dog do when someone tries to take away toys, bones, food, or anything the dog decides is valuable? She pulls if it’s something she wantsWhat does this dog do when someone tells them to get off of furniture? She obeysWhat is this dog's best quality? She is affectionateWhat is this dog's worst quality? She’s a “bully”Check all that apply to this dog's personality: Friendly, Independent, Clingy, AffectionateIn your own words, describe this dog's personality. She’s a really sweet dog, she’s relaxed, not high energyWhat is this dog afraid of? How do they react? NothingAll dogs have sensitive places. Where is this dog sensitive about being touched? Describe their reaction. Her stomachHave you seen them act aggressively toward anyone? NoPlease tell us anything you would like us to know about this dog to help us find it an adoptive home. She will be great with any family where it’s all about herWould you like to be notified if this animal is ever at risk for euthanasia? YesIf the animal is still here in 30 days, would you like us to check in with you? Yes",8/28/2025,L1
151,A0058233085,Dog,Lacie,02 year(s) 00 month(s) 00 day(s)," Brindle Mixed Breed, Medium (up to 44 lbs fully grown) / Mix",Available,Dogs 088 A1,4/2/2024,S,54,3,3/19/2026 01:25 PM,L1,941010003955703,,,,,,,,,,,3/19/2026,L1
152,A0058240878,Dog,Amelia,04 year(s) 11 month(s) 30 day(s),"Brindle Brown / White Mixed Breed, Medium (up to 44 lbs fully grown) / Mix",Available,Foster Foster Home,4/3/2021,S,38,3,4/5/2025 03:19 PM,L1,941010003638713,Gentle/Dainty - Cautious,High Positive,4/10/2026,Lack of Space,https://bit.ly/Adopt_Amelia,,"4/17/2025 skittish, submissive tail wags with other dogs. no interest in playing",,4/6/2025 easily handled,"4/8/2025 AMELIA (formerly “Pepper”) – Owner Surrender 4/5 Does this dog take any medication or have any known medical issues, injuries, or allergies? If yes, please explain NoHow long have you had this dog? 4 yearsThis dog is a Owner Surrender (This pet has never been to this shelter before)Where did you get this dog? Pebbles gave birth to herHow old is this dog? 4 years oldHow old was this dog when you got them? Since birthWhy do you need to surrender this dog? New landlord doesn't want dogs on the propertyPlease explain in your own words, why you need to surrender this dog today? New landlord doesn't want dogs on the propertyWhile in your care, did this dog live with children? The dog did not interact with children while with me.How would you describe this dog's behavior towards the children? Mostly FriendlyIf this dog has had issues with children that include behavior such as growling, snapping, or showing teeth, please describe the circumstance, tell us how often and give as much detail as possible NoneWhat other animals did this dog live with in your home? Large dog(s)If other animals lived in the home, how well did this dog get along with them? FineIf this dog met or played with other dogs please describe their body language: Excited, Jumpy, ShyHas this dog ever fought with another dog? If yes, please describe the incident NoHas this dog ever injured another dog? If yes, please describe the incident NoHow does this dog react when they see a prey animal (squirrel, mouse, bird) or cat outside? Barks at catsHas this dog ever killed a prey animal or pet? If yes, please describe the incident NoIs there any other information you would like to share about this dog interacting with other animals? NoWhere did this dog spend most of their time? OutsideDo you have a fenced yard? YesHow did you exercise this dog? YesHow often did you exercise this dog? DailyWhat kind of collar did you use for this dog? Buckle collarHow was this dog on a leash? Great on a leash, Some pulling, but manageableHave you ever taken this dog to a training class? NoWhat commands does this dog know? SitWhich behaviors does this dog need improvement on? ListenWhen the dog played did they typically JumpHow long each day was this dog left alone inside your home? NoWhen left inside your home alone, was this dog OutsideWhen this dog was left alone did they show any of the following behaviors? None of theseIs this dog crate trained? Yes, for 4 hours or less.How often did this dog have potty accidents in the house? NeverHow often did this dog destroy things other than toys? RarelyIf this dog destroys things, is it only when left alone? NoWhat does this dog do when a stranger/visitor comes into the house? Barks and growlsWhat does this dog do when a stranger tries to pet them? BarksWhat does this dog do when you or someone else goes near the food bowl while they are eating? NothingWhat does this dog do when someone tries to take away toys, bones, food, or anything the dog decides is valuable? NothingWhat does this dog do when someone tells them to get off of furniture? Get downWhat is this dog's best quality? LovingWhat is this dog's worst quality? Doesn't listen sometimesCheck all that apply to this dog's personality: Friendly, Shy, Independent, Clingy, Goofy, Playful, AffectionateIn your own words, describe this dog's personality Friendly Shy Independent Clingy Goofy Playful AffectionateWhat is this dog afraid of? How do they react? NothingAll dogs have sensitive places NoneHave you seen them act aggressively toward anyone? YesHave you seen this dog snarl (show teeth) at someone? When? How often? Please explain NoHas this dog growled at you or someone else? When? How often? Please explain NoHas this dog snapped at you or someone else? When? How often? Please explain NoHas this dog ever bitten or nipped anyone while living with you? NoPlease tell us anything you would like us to know about this dog to help us find it an adoptive home She very lovingWould you like to be notified if this animal is ever at risk for euthanasia? NoIf the animal is still here in 30 days, would you like us to check in with you? No

5/10/2025 Timestamp 2025-05-10 21:15:55Dog's name: AmeliaAnimal ID #: A0058240878Does this dog take any medication or have any known medical issues, injuries, or allergies? If yes, please explain. Yes, she is positive for heart worm and has a respiratory infection that she’s taking Azithro for.How long have you had this dog? Just the dayThis dog is a... Dog For The Day (I picked this pet up earlier today for an outing.)What activities did you do with this dog today? Went to a restaurant for lunch, went on short walk, drivesDid this dog have any interactions with the following? [Dogs ] No InteractionDid this dog have any interactions with the following? [Cats] No InteractionDid this dog have any interactions with the following? [Men ] Positive InteractionDid this dog have any interactions with the following? [Women ] Positive InteractionDid this dog have any interactions with the following? [Children ] No InteractionWhat was this dog's activity level? 1-Low energy (Couch potato)How cuddly was this dog today? 4-Super snugglerIf this dog met any children on your outing, how would you describe this dog's behavior towards the children? N/AHow did this dog do on a leash? Some pulling, but manageableDid this dog know any commands? UnsureWhat is this dog's best quality, in your opinion? She is SUPER sweet. She never barked once. She loves pets and gently takes treats. She is one of the sweetest dogs I’ve ever met. The whole day she was super gentle and sweet, enjoyed getting pets, was food motivated, and was calm throughout the car ride.What is this dog's worst quality, in your opinion? Amelia has no bad quality.Select any of these apply to the dog's personality: Friendly, Affectionate, PoliteDid this dog have an potty accidents? We were outside all day.Did you see this dog act aggressively toward anyone? NoPlease tell us anything you would like us to know about this dog to help us find it an adoptive home. She is the sweetest dog, and she did really well with everyone she met. We avoided her meeting other dogs due to her respiratory infection, but even when she did see other dogs, she didn’t show any reactivity whatsoever. She was very calm throughout the car ride.Would you like to be notified if this animal is ever at risk for euthanasia? YesIf the animal is still here in 30 days, would you like us to check in with you? Yes",4/5/2025,L1
153,A0058252924,Dog,Syrup,01 year(s) 11 month(s) 28 day(s)," Brindle Mixed Breed, Medium (up to 44 lbs fully grown) / Mix",Available,Foster Foster Home,4/5/2024,S,44,3,4/5/2025 02:02 PM,L1,941010002360844,Gentle/Dainty - Reserved,Positive,4/5/2026,Lack of Space,https://bit.ly/Adopt_syrup,,"4/17/2025 excited body language outside of yard, more reserved once greeting dogs. very tolerant of play although not reciprocated",,,"5/30/2025 Timestamp 2025-05-30 18:18:44Dog's name: SyrupDoes this dog take any medication or have any known medical issues, injuries, or allergies? If yes, please explain she has hyperketosis on her pawsHow long have you had this dog? 1+This dog is a Foster (I had this pet as a foster for more than 3 nights.)What is the main reason you are returning this pet to the shelter? death in familyWhile in your care, did this dog live with children? The dog did not live with children, but has met children while with me.If this dog lived with or interacted with children, how old were the children? 9 she did wellHow would you describe this dog's behavior towards the children? Mostly FriendlyAre there any details about this dog interacting with children that you would like to share? very sweetIf this dog has had issues with children that include behavior such as growling, snapping, or showing teeth, please describe the circumstance, tell us how often and give as much detail as possible no very sweetWhat other animals did this dog live with in your home? Small dog(s), chinchillaIf other animals lived in the home, how well did this dog get along with them? amazinglyIf this dog met or played with other dogs please describe their body language: Excited, NervousHas this dog ever fought with another dog? If yes, please describe the incident noHas this dog ever injured another dog? If yes, please describe the incident noHow does this dog react when they see a prey animal (squirrel, mouse, bird) or cat outside? curious but not reactiveHas this dog ever killed a prey animal or pet? If yes, please describe the incident noIs there any other information you would like to share about this dog interacting with other animals? noWhere did this dog spend most of their time? InsideDo you have a fenced yard? NoIf you do not have a fenced yard, do you: Walk the dog on a leashHow did you exercise this dog? walksHow often did you exercise this dog? DailyWhat kind of collar did you use for this dog? Buckle collarHow was this dog on a leash? Great on a leashHave you ever taken this dog to a training class? NoWhat commands does this dog know? sit down paw heel come stay go to crate center heelWhich behaviors does this dog need improvement on? house breakingWhen the dog played did they typically Bite lightlyHow long each day was this dog left alone inside your home? 8When left inside your home alone, was this dog CratedWhen this dog was left alone did they show any of the following behaviors? Destroyed household items, Urinated/defecated, Cried, Tried to escape crateIs this dog crate trained? Yes, for 4-8 hours.How often did this dog have potty accidents in the house? 1-2 times a weekHow often did this dog destroy things other than toys? 1-2 times a weekIf this dog destroys things, is it only when left alone? YesWhat does this dog do when a stranger/visitor comes into the house? Wags tailWhat does this dog do when a stranger tries to pet them? Uses cationWhat does this dog do when you or someone else goes near the food bowl while they are eating? NothimgWhat does this dog do when someone tries to take away toys, bones, food, or anything the dog decides is valuable? nothingWhat does this dog do when someone tells them to get off of furniture? listen half of the timeWhat is this dog's best quality? sweetWhat is this dog's worst quality? not house brokenCheck all that apply to this dog's personality: Friendly, Shy, Clingy, Goofy, AffectionateIn your own words, describe this dog's personality Lazy sweet goofyWhat is this dog afraid of? How do they react? nothingAll dogs have sensitive places naHave you seen them act aggressively toward anyone? NoPlease tell us anything you would like us to know about this dog to help us find it an adoptive home she knows another of commands loves to cuddleWould you like to be notified if this animal is ever at risk for euthanasia? YesIf the animal is still here in 30 days, would you like us to check in with you? Yes",4/5/2025,L1
154,A0058256030,Dog,Phattsoo,05 year(s) 11 month(s) 26 day(s)," Grey / White Terrier, Pit Bull / Mix",Court,Dogs 204 3,4/7/2020,F,67,2,4/19/2025 03:11 PM,L1,941010003002679,Pending,Negative,4/24/2026,,,Court Mandate,"5/6/2025 Got into a dog fight in the field. Needs dog interaction assessment. 05/06/2025 on court hold, ineligible for assessment. -gflebbe",,4/7/2025 easily handled,,4/19/2025,L1
155,A0058256042,Dog,Diesel,04 year(s) 11 month(s) 27 day(s)," Grey / White Terrier, Pit Bull / Mix",Court,Dog Quarantine A1,4/6/2021,M,67,1,4/19/2025 03:14 PM,L1,941010003056747,,High Positive,4/24/2026,,,Court Mandate,,,4/7/2025 easily handled,,4/19/2025,L1
156,A0058334939,Dog,Baby Feet,03 year(s) 11 month(s) 10 day(s)," Black Mixed Breed, Medium (up to 44 lbs fully grown) / Mix",Bite Quarantine - Not Visible,Dogs 204 4,4/23/2022,F,46,1,4/17/2025 09:48 AM,STAFF ONLY,,,Negative,6/13/2026,,,Court Mandate,,,"4/23/2025 Easily handled in intake kennel As I walked her to the exam room, she bumped into the wall a couple times & seems like she may be visually impaired. Seems to only see things when they are closer to her face. Very sweet & affectionate. Knows ""paw"". Easily handled during exam. Very food motivated. 

8/1/2025 7/21 Bite : Staff was talking with co worker, dog jumped up bit left breast , staff grabbed baby feet by collar, dog bit again twice. ",,4/17/2025,STAFF ONLY
157,A0058337943,Dog,Mia,05 year(s) 10 month(s) 28 day(s)," Brindle / Black Terrier, Pit Bull / Mix",Priority,Foster Foster Home,5/5/2020,S,68,3,1/23/2026 03:14 PM,L1,941010003682117,,,,,,,,,,,1/23/2026,L1
158,A0058340859,Dog,Erin,03 year(s) 11 month(s) 12 day(s)," Brown / White Terrier, American Pit Bull / Mix",Available,Foster Foster Home,4/21/2022,S,55,3,4/20/2025 11:29 AM,L1-MG,941010003045994,1:1 Socialization,Negative,4/23/2026,Lack of Space,https://bit.ly/Adopt-Erin,,"5/20/2025 initially loose at gate but after a few gate greetings she stiffened and growled at goliath. entered the yard calmly and showed no interest in interacting with him. when he approached she slightly raised her lip and stiffened - continued doing so every time he approached. didn't have a female tester in the yard, would like to assess with female before determining eligibility. 

7/22/2025 no change in reaction to dogs when greeting nala and toronto. offered low growl and displayed stiff body when nala approached her but didn't escalate. didn't seem very comfortable around other dogs, very interested and playful with people. would like to continue efforts to introduce her to other dogs to help with socialization, could likely live with other dogs if given appropriate time to decompress, would not bring her to playgroup at this time due to insecurity/defensive aggression towards dogs. ",,"4/21/2025 Easily handled in intake, but was nervous and frozen during exam.

6/13/2025 Staff rec L1, Has come around, greets eagerlyWhile Erin greets people eagerly to be taken on walks, she remained still with her tail upright the entire assessment today.  Allowed body pets, would occasionally do a small wag and lean on me, but body language was not loose enough to consider level 1 at this time.  She is also not confident around other dogs at this time.  Easy to walk, leash, and unleash.  Takes treats gently.  Removing SF and making her L2 alone until we do additional assessments. -CW

6/26/2025 VOL w/u 6/22/25 Several weeks of volunteer notes indicating she is not L2. All of her behavior (including with young children) that I've seen indicates she is an incredibly easy dog. No change at this time. Went to foster home. MH

7/5/2025 VOL W/U 6/29/25Multiple volunteers requesting level down to L1 in ASANA.  Please re-access and L1 rec Did well on her walk today and was happy to meet other people.  Still needs to be assessed with other dogs from initial reactions.  I'll request an assessment.  With people she is L1.  Pending printing new KC until we see how she does with other dogs. -CW No change at this time. Went to foster home. MH",,4/20/2025,L1
159,A0058341548,Dog,Bella,05 year(s) 11 month(s) 12 day(s)," Brown Terrier, Pit Bull / Mix",Microchip,Dogs 506 A2,4/21/2020,F,52,1,3/28/2026 09:21 PM,L1,941010003012721,,,,,,,,,,,3/28/2026,L1
160,A0058360897,Dog,Hachiya,02 year(s) 11 month(s) 09 day(s)," Black / White Mixed Breed, Large (over 44 lbs fully grown) / Mix",Available,Foster Foster Home,4/24/2023,S,51,3,4/23/2025 02:00 PM,L2-SF,941010003678357,,Negative,4/29/2026,Lack of Space,https://bit.ly/AdoptHachiya,,nan,,"4/24/2025 while in intake: very unsure, nervous, slow movements and no aggression shown (go slow)during intake exam: easily handled",,4/23/2025,L2
161,A0058428732,Dog,Little Dipper,01 year(s) 05 month(s) 30 day(s),Brindle Brindle Great Dane / Mix,Available,Foster Foster Home,10/3/2024,S,74,3,8/18/2025 03:00 PM,L2-SF,941010002997055,,Negative,5/14/2026,Lack of Space,https://bit.ly/Adopt_LittleDipper,,,,"5/3/2025 easily handled but would not walk on a leash during exam

8/19/2025 easily handled in the kennel and during the intake exam. ","8/28/2025 LITTLE DIPPER – Adoption Return Timestamp 2025-08-18 15:23:41Does this dog take any medication or have any known medical issues, injuries, or allergies? If yes, please explain. NoHow long have you had this dog? Since May 8, 2025This dog is a... Adoption Return (This pet was adopted from this shelter.)What is the main reason you are bringing this dog back to the shelter? Her brother had to be removed from the home and they are a bonded pairPlease explain in your own words, why you need to return this dog today. She is bonded to Big Dipper and was adopted with himWhile in your care, did this dog live with children? NoHow would you describe this dog's behavior towards the children? Mostly FriendlyWhat other animals did this dog live with in your home? Small dog(s), Large dog(s)If other animals lived in the home, how well did this dog get along with them? Little Dipper got along with all the dogsIf this dog met or played with other dogs please describe their body language: Excited, ShyHas this dog ever fought with another dog? If yes, please describe the incident. NoHas this dog ever injured another dog? If yes, please describe the incident. NoHow does this dog react when they see a prey animal (squirrel, mouse, bird) or cat outside? Runs after it sometimesHas this dog ever killed a prey animal or pet? If yes, please describe the incident. NoWhere did this dog spend most of their time? OutsideDo you have a fenced yard? YesHow did you exercise this dog? WalkingHow often did you exercise this dog? 1-2 weekly per vet’s ordersWhat kind of collar did you use for this dog? Buckle collarHow was this dog on a leash? Great on a leashHave you ever taken this dog to a training class? NoWhen the dog played did they typically... JumpHow long each day was this dog left alone inside your home? Never inside the main houseWhen left inside your home alone, was this dog... Confined to the sunroomWhen this dog was left alone did they show any of the following behaviors? None of theseIs this dog crate trained? We never made this dog stay in a crate.How often did this dog have potty accidents in the house? RarelyHow often did this dog destroy things other than toys? NeverIf this dog destroys things, is it only when left alone? NoWhat does this dog do when a stranger/visitor comes into the house? Little Dipper is very friendly with strangers and childrenWhat does this dog do when a stranger tries to pet them? She will sniff their hand and allow just about anyone to pet herWhat does this dog do when you or someone else goes near the food bowl while they are eating? She doesn’t react negativelyWhat does this dog do when someone tries to take away toys, bones, food, or anything the dog decides is valuable? If it’s something that she’s interested in, she might become excited and jump a littleWhat does this dog do when someone tells them to get off of furniture? She will obey with some direction or a treatWhat is this dog's best quality? She loving, friendly, and gentleWhat is this dog's worst quality? She is shy in new places so it takes some coaxing to get her to open upCheck all that apply to this dog's personality: Friendly, Shy, Polite, Playful, AffectionateIn your own words, describe this dog's personality. Little Dipper is so sweet and affectionate and loyal.What is this dog afraid of? How do they react? Taking a bath, experiencing new places at firstAll dogs have sensitive places. Where is this dog sensitive about being touched? Describe their reaction. She didn’t demonstrate any sensitivitiesHave you seen them act aggressively toward anyone? NoWould you like to be notified if this animal is ever at risk for euthanasia? YesIf the animal is still here in 30 days, would you like us to check in with you? Yes",8/18/2025,L2
162,A0058455126,Dog,Plankton,02 year(s) 10 month(s) 26 day(s)," Brown / White Mixed Breed, Large (over 44 lbs fully grown) / Mix",Available,Foster Foster Home,5/7/2023,N,65,3,5/7/2025 04:15 PM,L1,941010002441644,Helper/Greeter,Negative,5/13/2026,Lack of Space,https://bit.ly/AdoptPlankton,,"5/30/2025 sitting on the fence between push/pull and rough/rowdy play, but he is respectful of dogs that do not want to play and entices dogs to chase him. stayed in the yard for 30 minutes, met 4 other dogs and did very well adapting and staying even-tempered. when removing from the yard, he pancaked and tucked his tail. i had to pet him for a second and offer a bunch of support to get him to walk with me out of the yard. ","5/30/2025 adaptive, playful, engaging, tolerant. confident with other dogs, a bit shy with people but manageable","5/8/2025 Nervous go slow no signs of aggression while in intake easily handled food motived signs of stress/fear startles easily tense muscles urination/defecation during exam.

7/5/2025 volunteers report he no longer shows SF behaviors No SF behaviors displayed.  Pulls hard but no issues seen walking past others or canines. -CW","9/27/2025 PLANKTON – Foster notesTimestamp 2025-09-25 11:37:14Best Way to Contact TextFoster Dog Name (in shelter) PlanktonBest Time to Contact AnytimeDo you have any dates coming up that you need a foster petsitter for? Yes, October 9-13General Personality Super sweet and affectionate. Loves to cuddle, loves other dogs.Daily Routine Breakfast at 7-8, morning walk or fetch, naps all day, afternoon walk, dinner 6-8, bedtime at 10 in crate.What food do they eat? Purina OneWhat would be an ideal home and family for your foster? A family with another playful dog. Work from home (he has some separation anxiety we’ve been working on).On a scale of 1 to 5, how potty trained? 5.0Does your foster use a kennel without excessive barking/whining, escape attempts, or destruction? Yes. Will whine/howl if you’re home and he’s in the crate. Calms down after about 15 min if you leave.Where do they sleep at night? In a crateDo they sleep through the night? YesHas he / she been exposed to any kids? If yes, what ages? How did it go? Met kids briefly on leash, ages 8-10Has he / she been exposed to any cats? If yes, how did it go? Yes on a walk, didn’t go great. Was scared and very on alert/fixated.Do they prefer men or women? No preferenceDoes he / she live with another dog? YesHas he / she been around other dogs? Yes. He loves to play and is a pushy player, so needs a dog that either can put up with that or gives appropriate corrections.Does he / she know any basic commands? Which ones (Sit, stay, come, lay down, etc) ? Sit, pawIs your foster dog leash reactive? What makes them bark/lunge on leash? No.What devices do you use to walk your dog? (Type of harness, collar, etc) EZ walk harnessLeash Walking Rating 3.0How does your foster do in the car? Loves car ridesHow does your foster do for a bath? No bath yet, but loved the play yard pools at the shelterEnergy level 3.0How much exercise does it take to tire them out? 20 min or fetch/ 30 min walkIf they don't get enough exercise, what happens? More anxious when crated, will chew stuff occasionally if left outA perfect day for your foster would include ____________? Morning fetch, napping next to someone working from home, evening walk, evening cuddlesHow cuddly are they? 5.0Favorite toys or games? Loves all toysTell us a fun story about your foster He walked face first into a cactus the first time we took him to a restaurant patio, and the waitress noticed the little barbs in his nose and got me tweezers from her car to pluck them out ??I love my foster and think he/she is fabulous because _____________? He’s gorgeous, so friendly, and snuggly. Truly cannot comprehend anyone not liking him (dog or human).What makes him/her nervous or unhappy? Loud noises, strangers reaching hands over his headOverall, how are your foster's manners? (some examples: Jumps on people? Mouthy? Gets into trash?) He’s got decent manners. Jumps occasionally.Does your foster have any behavioral issues or quirks? Just needs continuous patience and practice being more comfortable in his crate.Does your foster have any medical issues? NoAnything else you want to share? He’s great!Facebook Presence 4.0Instagram Post Presence 4.0Instagram Stories Presence 5.0Nextdoor Presence 2.0Youtube Presence 1.0What was the date of the last adoption event you took your foster to? The August event at Bona FideWhat prevents you from taking your foster to (more) events? (check all that apply) I often find adoption events more trouble than they’re worth, and they’re hard for energetic pupsWhat gear & materials do you utilize to help get your foster recognized? (check all that apply) Adopt Me leash, Instagram - @hippoinmyhouseWhen was the last time you took your foster out on the town? A temp foster took him around EAV two weeks agoWhat prevents you from taking your foster out on the town more often? (check all that apply) Manners, Just haven’t had time, generally we like to do thisWhat do you think is preventing your foster from being its most-adoptable self? (check all that apply) CratetrainingHow can we help? Social media partnerWhat day do you give your foster heartworm and flea/tick preventatives? 18Are you interested in adopting your foster pet? MaybeWould you be willing to have your foster dog transfer to a rescue partner? No, we’d really like to keep him with us until he’s adopted. If the rescue had an adopter lined up, we’d be willing to drive him, but we don’t want to put him on a transport.",5/7/2025,L1
163,A0058467643,Dog,spongebob,00 year(s) 10 month(s) 26 day(s)," White Terrier, Pit Bull / Mix",Available,Dogs 403 A2,5/7/2025,N,43,3,3/14/2026 04:35 PM,L1,941010003874891,,,,,,,,,,,3/14/2026,L1
164,A0058491085,Dog,Mona,06 year(s) 10 month(s) 20 day(s)," Brown Terrier, American Pit Bull / Mix",Available,Clinic Clinic,5/13/2019,S,57,3,5/13/2025 01:14 PM,L1,941010003870276,Tag,Negative,6/7/2026,Lack of Space,https://bit.ly/Adopt-Mona,,"7/24/2025 very loose and bouncy. intolerant of birdy's vocality but did well playing with skittles who is also relatively vocal. alternated between play and rest. 

7/25/2025 Foster returned to get dog- dog test done.",,5/14/2025 easily handled,"7/5/2025 MONA – DFTD Timestamp 2025-07-03 15:38:25Does this dog take any medication or have any known medical issues, injuries, or allergies? If yes, please explain NoHow long have you had this dog? 2-3 hoursThis dog is a Dog For The Day (I picked this pet up earlier today for an outing.)What activities did you do with this dog today? Went to the parkDid this dog have any interactions with the following? [Dogs ] Positive InteractionDid this dog have any interactions with the following? [Cats] No InteractionDid this dog have any interactions with the following? [Men ] No InteractionDid this dog have any interactions with the following? [Women ] Positive InteractionDid this dog have any interactions with the following? [Children ] No InteractionWhat was this dog's activity level? 2-Medium Energy (Alternates rest and play)How cuddly was this dog today? 3-Play first, then snuggle!, 4-Super snugglerHow did this dog do on a leash? Great on a leashDid this dog know any commands? SitWhat is this dog's best quality, in your opinion? Friendly with everyone, very calm energy to relax with or take on a nice walk.What is this dog's worst quality, in your opinion? There were no bad qualitiesSelect any of these apply to the dog's personality: Friendly, Affectionate, PoliteDid this dog have an potty accidents? We were outside all day.Did you see this dog act aggressively toward anyone? NoPlease tell us anything you would like us to know about this dog to help us find it an adoptive home She saw other dogs and was curious but was patient. Possibly dog friendlyWould you like to be notified if this animal is ever at risk for euthanasia? YesIf the animal is still here in 30 days, would you like us to check in with you? Yes

7/11/2025 Timestamp 2025-07-11 18:42:17Dog's name: MonaDoes this dog take any medication or have any known medical issues, injuries, or allergies? If yes, please explain NoHow long have you had this dog? For the dayThis dog is a Dog For The Day (I picked this pet up earlier today for an outing.)What activities did you do with this dog today? We walked the beltline to Piedmont Park &Did this dog have any interactions with the following? [Dogs ] Positive InteractionDid this dog have any interactions with the following? [Cats] No InteractionDid this dog have any interactions with the following? [Men ] Positive InteractionDid this dog have any interactions with the following? [Women ] Positive InteractionDid this dog have any interactions with the following? [Children ] No InteractionWhat was this dog's activity level? 2-Medium Energy (Alternates rest and play)How cuddly was this dog today? 3-Play first, then snuggle!How did this dog do on a leash? Great on a leashDid this dog know any commands? SitWhat is this dog's best quality, in your opinion? She’s very calm & sweetWhat is this dog's worst quality, in your opinion? Can’t think of one!Select any of these apply to the dog's personality: Friendly, Independent, PoliteDid this dog have an potty accidents? NoDid you see this dog act aggressively toward anyone? NoPlease tell us anything you would like us to know about this dog to help us find it an adoptive home She’s a very sweet girl who would easily fit in with a good familyWould you like to be notified if this animal is ever at risk for euthanasia? YesIf the animal is still here in 30 days, would you like us to check in with you? Yes

7/18/2025 Timestamp 2025-07-18 22:15:27Dog's name: MonaDoes this dog take any medication or have any known medical issues, injuries, or allergies? If yes, please explain NoHow long have you had this dog? One dayThis dog is a Dog For The Day (I picked this pet up earlier today for an outing.)What activities did you do with this dog today? Went to a coffee shop, a restaurant, a hiking trail, and homeDid this dog have any interactions with the following? [Dogs ] Positive InteractionDid this dog have any interactions with the following? [Cats] No InteractionDid this dog have any interactions with the following? [Men ] Positive InteractionDid this dog have any interactions with the following? [Women ] Positive InteractionDid this dog have any interactions with the following? [Children ] No InteractionWhat was this dog's activity level? 2-Medium Energy (Alternates rest and play)How cuddly was this dog today? 2-I'm affectionate with friends, 3-Play first, then snuggle!How did this dog do on a leash? Great on a leash, Some pulling, but manageableDid this dog know any commands? SitWhat is this dog's best quality, in your opinion? So sweet, friendly and happy overall! She was happy to be anywhere, doing anything, always smiling and wagging her tailWhat is this dog's worst quality, in your opinion? She was honestly pretty perfect on our day out, nothing stands out to me at allSelect any of these apply to the dog's personality: Friendly, Playful, Affectionate, Goofy, PoliteDid this dog have an potty accidents? NoDid you see this dog act aggressively toward anyone? NoPlease tell us anything you would like us to know about this dog to help us find it an adoptive home She was great on the leash (a little pulling but manageable), she wanted to greet every person she saw, definitely potty trained, very gentle taking treats, we passed many dogs and she didn’t react at all (she was much more excited to see people), overall such an amazing dog, we did so many different activities and she was perfect the whole timeWould you like to be notified if this animal is ever at risk for euthanasia? YesIf the animal is still here in 30 days, would you like us to check in with you? No

7/20/2025 Timestamp 2025-07-20 12:26:53Dog's name: MonaDoes this dog take any medication or have any known medical issues, injuries, or allergies? If yes, please explain NoHow long have you had this dog? 1 dayThis dog is a Weekend Warrior (I have had this pet for less than 3 nights as a Weekend Warrior)Did this dog have any interactions with the following while with you? [Dogs ] No InteractionDid this dog have any interactions with the following while with you? [Cats] No InteractionDid this dog have any interactions with the following while with you? [Men ] Positive InteractionDid this dog have any interactions with the following while with you? [Women ] Positive InteractionDid this dog have any interactions with the following while with you? [Children ] No InteractionHow was this dog on a leash while with you? Great on a leashDoes this dog know any commands? Which ones? NoIn your opinion, what is this dog's best quality? Friendly, snuggly, quiet, low energy, chill, housetrained, crate trained, no barking, gentleIn your opinion, what is this dog's worst quality? None!Check all that apply to this dog's personality Friendly, Polite, Goofy, AffectionateIn your own words, describe this dog's personality while out of the shelter Very friendly and happy to meet strangers. Follows you around and wants to be by your feet or next to you. Takes treats gently and is gentle and polite while greeting new people. Quiet and calm in a crate and on car rides. House trained 100%. A little shy at first but warms up quickly and loves to get affection. Silly!Did this dog have an potty accidents while in your care? No- Likely potty trained. No accidents!What was this dog's activity level on a scale from 1-4? 1-Low energy (Couch potato)Which behaviors does this dog need improvement on, if any? Nothing! They are practically perfect in every way!How cuddly is this dog? 2-I'm affectionate with friendsWhen this dog played did they typically NoneHow long was this dog left alone? Less than 4 hoursIf you left this dog alone, was it Alternated crate / confined to roomWhen this dog was left alone did they show any of the following behavior? None!Have you seen them act aggressively toward anyone while they wee in your care? NoPlease tell us anything you would like us to know about this dog to help us find it an adoptive home Needs to be dog tested!Would you like to be notified if this animal is ever at risk for euthanasia? YesIf the animal is still here in 30 days, would you like us to check in with you? No",5/13/2025,L1
165,A0058492824,Dog,Shea,02 year(s) 04 month(s) 20 day(s)," White / Tan Terrier, Pit Bull",Available,Foster Foster Home,11/13/2023,S,48,3,5/13/2025 02:53 PM,L2-SF,941010002352185,1:1 Socialization,Negative,6/4/2026,Lack of Space,https://bit.ly/Adopt-Shea,,"6/11/2025 when entering yard she crouched low to the ground and needed a ton of reassurance before she entered the yard. she met graham cracker who immediately attempted to engage in play and after a short period of being unsure she engaged and play rough with graham cracker and hootie. stayed out for a few additional assessments with dogs of lower energy and she did well reading the room and not forcing play with dogs who weren’t interested.

7/30/2025 retested due to behavior noted in playgroup; very fearful, avoidant of dogs and looking to escape. when tested today, she was very resistant to entering the yard and immediately sat against the fence. loosened when crowe and foresight approached her, displayed friendly body language, but couldn't be convinced to get away from the fence. due to fear, removed from the yard. once out of the yard i sat in the catch pen with her to offer reassurance and she met dori through the gate, displayed much more confident body language. would really benefit from confidence buddy",,"5/14/2025 Showing signs of stress/fear, tense muscles, ducking,  frozen at times & needs encouragement to come out of kennel. Very nervous but no aggression shown. Easily handled.Opened up more once in exam room. Easily handled during exam.",,5/13/2025,L2
166,A0058536166,Dog,Chocolate Swirl,01 year(s) 10 month(s) 12 day(s)," Brown / White Terrier, American Pit Bull / Mix",Priority,Foster Foster Home,5/21/2024,S,57,3,7/29/2025 04:35 PM,L2 - LR,941010003962165,Tag,Negative,5/28/2026,Lack of Space,https://bit.ly/Adopt_ChocolateSwirl,,"6/17/2025 tolerant of hootie's rough play, would semi-reciprocate, but was also okay to hang out with the dogs without direct interactions. became a bit overwhelmed when 3 dogs approached her at once, but did well handling and deescalating. ",,"5/21/2025 Easily handled in intake and exam.

6/27/2025 Staff report leash biting behavior from Chocolate Swirl. Changed from L1 to L2 - LB. - Ashley McMahon","7/18/2025 Timestamp 2025-07-18 11:13:39Dog's name: Chocolate swirl (nivella)Animal ID #: A0058536166Does this dog take any medication or have any known medical issues, injuries, or allergies? If yes, please explain NoHow long have you had this dog? For a dayThis dog is a Dog For The Day (I picked this pet up earlier today for an outing.)What activities did you do with this dog today? I took her to get a pup cup from Starbucks, then the park, then to the belt line.Did this dog have any interactions with the following? [Dogs ] Positive Interaction, No InteractionDid this dog have any interactions with the following? [Cats] No InteractionDid this dog have any interactions with the following? [Men ] Positive InteractionDid this dog have any interactions with the following? [Women ] Positive InteractionDid this dog have any interactions with the following? [Children ] Positive InteractionWhat was this dog's activity level? 2-Medium Energy (Alternates rest and play), 3-High Energy, 4- Regular walking/running buddyHow cuddly was this dog today? 2-I'm affectionate with friendsIf this dog met any children on your outing, how would you describe this dog's behavior towards the children? Mostly FriendlyHow did this dog do on a leash? Great on a leash, Some pulling, but manageableDid this dog know any commands? SitWhat is this dog's best quality, in your opinion? Very calm and doesn’t bark and very friendly sweet dogWhat is this dog's worst quality, in your opinion? She had no bad qualities she’s the perfect dogSelect any of these apply to the dog's personality: Friendly, Playful, PoliteDid this dog have an potty accidents? NoDid you see this dog act aggressively toward anyone? NoPlease tell us anything you would like us to know about this dog to help us find it an adoptive home She’s the perfect dog very sweet and is so cute has beautiful eyes!Would you like to be notified if this animal is ever at risk for euthanasia? YesIf the animal is still here in 30 days, would you like us to check in with you? Yes

7/20/2025 Timestamp 2025-07-20 13:03:39Dog's name: Chocolate SwirlAnimal ID #: A0058536166Does this dog take any medication or have any known medical issues, injuries, or allergies? If yes, please explain NoHow long have you had this dog? 5 daysThis dog is a Foster (I had this pet as a foster for more than 3 nights.)What is the main reason you are returning this pet to the shelter? Going out of townWhile in your care, did this dog live with children? NoAre there any details about this dog interacting with children that you would like to share? She didn’t interact but she nibbles and jumps occasionally when excited so probably wouldn’t do well with young kidsWhat other animals did this dog live with in your home? Large dog(s)If other animals lived in the home, how well did this dog get along with them? Well, she wanted to play with themIf this dog met or played with other dogs please describe their body language: Excited, JumpyHas this dog ever fought with another dog? If yes, please describe the incident NoHas this dog ever injured another dog? If yes, please describe the incident NoHas this dog ever killed a prey animal or pet? If yes, please describe the incident NoIs there any other information you would like to share about this dog interacting with other animals? She really wants to play and doesn’t know when to stop bothering the other dogs if they aren’t interestedWhere did this dog spend most of their time? InsideDo you have a fenced yard? NoIf you do not have a fenced yard, do you: Walk the dog on a leashHow did you exercise this dog? Walk and play insideHow often did you exercise this dog? DailyWhat kind of collar did you use for this dog? Body harnessHow was this dog on a leash? Some pulling, but manageable, She gets overstimulated quickly and will start leash bitingHave you ever taken this dog to a training class? NoWhat commands does this dog know? Sit, shakeWhich behaviors does this dog need improvement on? Walking on leash, taking social cues from other dogsWhen the dog played did they typically Jump, Growl, Bite lightlyHow long each day was this dog left alone inside your home? A couple of hours at mostWhen left inside your home alone, was this dog CratedWhen this dog was left alone did they show any of the following behaviors? None of theseIs this dog crate trained? Yes, for more than 8 hours.How often did this dog have potty accidents in the house? NeverHow often did this dog destroy things other than toys? NeverIf this dog destroys things, is it only when left alone? NoWhat does this dog do when a stranger tries to pet them? Leans inWhat does this dog do when you or someone else goes near the food bowl while they are eating? NothingWhat does this dog do when someone tries to take away toys, bones, food, or anything the dog decides is valuable? If it’s a toy, tried to play. I never tried taking food awayWhat does this dog do when someone tells them to get off of furniture? She didn’t get on the furniture even when invitedWhat is this dog's best quality? She is a perfect house guest. She’s potty trained, crate trained, sweet, playfulWhat is this dog's worst quality? Leash bitingCheck all that apply to this dog's personality: Friendly, Goofy, Playful, AffectionateIn your own words, describe this dog's personality Cute, goofy, and very playful. She is cross eyed so does great snake eyes.What is this dog afraid of? How do they react? She didn’t seem afraid of anythingHave you seen them act aggressively toward anyone? NoPlease tell us anything you would like us to know about this dog to help us find it an adoptive home She finds stairs difficult and had to be carried up them. I think she would love to have a dog pal to play with. She loves rolling in the grass and being crosseyed is such an endearing quality but does seem to be visually impaired. She is well behaved generally and sits to be leashed. If you are walking and she is pulling and you stop, she sits to wait for you to catch up. She is good in the car and crate and loves toys. She is pretty chill during the day and sleeps for most of it.Would you like to be notified if this animal is ever at risk for euthanasia? YesIf the animal is still here in 30 days, would you like us to check in with you? No

9/27/2025 CHOCOLATE SWIRL – Foster notesTimestamp 2025-09-25 12:43:59Best Way to Contact EmailFoster Dog Name (in shelter) Chocolate SwirlBest Time to Contact M-F 10am-7pmDo you have any dates coming up that you need a foster petsitter for? Yes, October 2nd - 6thGeneral Personality Energetic goofball that can get a little overexcited and turns to rowdiness. She loves everyone, even kids.Daily Routine Breakfast around 7:30-8am. Leave her out of crate for about an hour. Put her back in the crate for 3-4 hours. Take her back out for an hour while I’m on my lunch break around 12-1pm. Put her back in the crate until 4:30pm-5pm when I feed her. Leave her out for an hour and then but her back in for a two hours until my senior dog goes to bed. I leave her out some nights and she has free roam in the house. Some nights I will sleep with her on the couch and others I will put her back in the crate until she wakes up around 7:30am whining cause she is ready to start the day.What food do they eat? Pedigree - Adult- grilled steak and vegetable flavorWhat would be an ideal home and family for your foster? A home with other younger dogs. She was a little rough with my 6 and 8 year old nephew, so I would say a house with kids no younger than 5 years old. Although, if there was an adult always present with her and a smaller child that should be fine. She is not aggressive towards them she just plays a little rough. She needs some training. She is getting better with not getting into things she isn’t supposed to, although she did chew part of my fireplace yesterday after I left the room for 5 mins (really my fault for leaving her alone). Once she is asleep at night she is good and has not gotten in to things when left out.On a scale of 1 to 5 5.0Does your foster use a kennel without excessive barking/whining, escape attempts, or destruction? Yes, She is great in the kennel and has only chewed on her dog bed once since I have been fostering her. She has never used to bathroom in the house or crate.Where do they sleep at night? In a crateDo they sleep through the night? YesHas he / she been exposed to any kids? If yes, what ages? How did it go? 6 to 9 years old. Explained some of this above but she loves them. She just plays rough with them. Like if they start running, she will chase after them and may playfully nip them.Has he / she been exposed to any cats? If yes, how did it go? No, unsure of cats. I have taken her to doggy daycare in Madison (The Lodge), where she passed the temperament test and had played well with other dogs. I requested videos.Do they prefer men or women? MenDoes he / she live with another dog? I have a senior dog and they have only met on walks. I do not let them interact inside the house.Has he / she been around other dogs? Yes, she has been around other dogs. I have not been able to observe the interaction which is why I requested a video from the doggy daycare but have not received it yet. I was told that she did well playing with the other dogs in smaller groups.Does he / she know any basic commands? Which ones (Sit, stay, come, lay down, etc) ? Yes, Sit, shake, lay, crate up, outside, and we are working on stay.Is your foster dog leash reactive? What makes them bark/lunge on leash? She is not reactive, however she will pull toward another dog if we pass one on a walk but it’s not aggressively, I think she just wants to greet the other dog and play with them. I have not let her get close enough to test this out though. She will bite the leash sometimes and want to play tug of war. She does it more when we walk in the neighborhood vs walking at a park, I guess she gets bored in the neighborhood and there are more stimuli at the park.What devices do you use to walk your dog? (Type of harness, collar, etc) The collar provided by lifeline. My own leash the one provided my lifeline was too rough on my hands.Leash Walking Rating 3.0How does your foster do in the car? Super chill. She is great in the car.How does your foster do for a bath? She doesn’t like them and looks a little scared but she does well overall and just stands there as I bathe her, she may even lay her head on my leg during one.Energy level 4.0How much exercise does it take to tire them out? This is very temperature dependent but usually we can walk around 20-25 mins and then she will start to slow down.If they don't get enough exercise, what happens? She has a little more energy and wants to play more, may misbehave a little more but sometimes she does that even if we go on walks. So it’s really not too different with or without one.A perfect day for your foster would include ____________? Lots of time out of the crate, play dates with a small group of dogs, a walk at the park where she can say hello to everyone we pass, a pup cup from Starbucks, dinner, and bothering mom on the couch when trying to watch Netflix. LolHow cuddly are they? 4.0Favorite toys or games? She loves stuffed animals and doesn’t tear them up. She likes ropes, a soccer ball that she somehow hasn’t popped yet, loves tennis balls, loves something to chew on and keep her busy. I’ve gotten her an enrichment game and she loves that and has caught on pretty quickly.Tell us a fun story about your foster She is really goofy and really does want to say hello to everyone she meets and wants them to pet her. She gets really excited sometimes outside and will start sliding in the grass and doing flips.I love my foster and think he/she is fabulous because _____________? She is curious and very smart. She may be cross-eyed and her depth perception is a little off but that doesn’t slow her down. She just wants someone to play with her and give her some love.What makes him/her nervous or unhappy? She really isn’t afraid of much. She doesn’t like the spray bottle and baths.Overall, how are your foster's manners? (some examples: Jumps on people? Mouthy? Gets into trash?) She could definitely improve in this area. She does jump and can get mouthy when she gets excited when someone walks in the door. She likes to get right up in your business sometimes, like if I am doing laundry or dishes she sticks her head right in the dishwasher and licks the dishes, I can’t really fold laundry around her without her thinking I am trying to play and she will grab my clothes and shake them around.Does your foster have any behavioral issues or quirks? Just too mouthy when playing and walks can sometimes be difficult when she grabs the leash and starts rolling around on her back and then she will start going for my hands.Does your foster have any medical issues? Yes, she has an environmental allergy which is currently being treated with zenrelia, it is helping with her symptoms.Anything else you want to share? I would consider keeping her if I didn’t have a senior dog and could give her more of my time/more time out of the crate/training. I think she would be a great addition to a home with another younger dog and older kids.Facebook Presence 3.0Instagram Post Presence 3.0Instagram Stories Presence 3.0Nextdoor Presence 1.0Youtube Presence 1.0Other social media platforms utilized? NoWhat was the date of the last adoption event you took your foster to? I have not taken her. I live an hour south of Atlanta.What prevents you from taking your foster to (more) events? (check all that apply) Dates / times don't work with my schedule, Locations aren't convenientWhat gear & materials do you utilize to help get your foster recognized? (check all that apply) FB and IGWhen was the last time you took your foster out on the town? I have only taken her to the park and daycare. I don’t live near the city.What prevents you from taking your foster out on the town more often? (check all that apply) Unsure about dog friendly locations near me, Not comfortable taking a dog out on the town myself, MannersWhat do you think is preventing your foster from being its most-adoptable self? (check all that apply) Leash Manners, MouthyHow can we help? Social media partner, Getting foster out on the town, Gear (Adopt Me), Printed Materials (business cards / flyers), TrainingWhat day do you give your foster heartworm and flea/tick preventatives? She was due on 9/21 for her next dose and has not received it yet.Are you interested in adopting your foster pet? NoWould you be willing to have your foster dog transfer to a rescue partner? YesCHOCOLATE SWIRL – Foster notesTimestamp 2025-09-25 12:43:59Best Way to Contact EmailFoster Dog Name (in shelter) Chocolate SwirlBest Time to Contact M-F 10am-7pmDo you have any dates coming up that you need a foster petsitter for? Yes, October 2nd - 6thGeneral Personality Energetic goofball that can get a little overexcited and turns to rowdiness. She loves everyone, even kids.Daily Routine Breakfast around 7:30-8am. Leave her out of crate for about an hour. Put her back in the crate for 3-4 hours. Take her back out for an hour while I’m on my lunch break around 12-1pm. Put her back in the crate until 4:30pm-5pm when I feed her. Leave her out for an hour and then but her back in for a two hours until my senior dog goes to bed. I leave her out some nights and she has free roam in the house. Some nights I will sleep with her on the couch and others I will put her back in the crate until she wakes up around 7:30am whining cause she is ready to start the day.What food do they eat? Pedigree - Adult- grilled steak and vegetable flavorWhat would be an ideal home and family for your foster? A home with other younger dogs. She was a little rough with my 6 and 8 year old nephew, so I would say a house with kids no younger than 5 years old. Although, if there was an adult always present with her and a smaller child that should be fine. She is not aggressive towards them she just plays a little rough. She needs some training. She is getting better with not getting into things she isn’t supposed to, although she did chew part of my fireplace yesterday after I left the room for 5 mins (really my fault for leaving her alone). Once she is asleep at night she is good and has not gotten in to things when left out.On a scale of 1 to 5 5.0Does your foster use a kennel without excessive barking/whining, escape attempts, or destruction? Yes, She is great in the kennel and has only chewed on her dog bed once since I have been fostering her. She has never used to bathroom in the house or crate.Where do they sleep at night? In a crateDo they sleep through the night? YesHas he / she been exposed to any kids? If yes, what ages? How did it go? 6 to 9 years old. Explained some of this above but she loves them. She just plays rough with them. Like if they start running, she will chase after them and may playfully nip them.Has he / she been exposed to any cats? If yes, how did it go? No, unsure of cats. I have taken her to doggy daycare in Madison (The Lodge), where she passed the temperament test and had played well with other dogs. I requested videos.Do they prefer men or women? MenDoes he / she live with another dog? I have a senior dog and they have only met on walks. I do not let them interact inside the house.Has he / she been around other dogs? Yes, she has been around other dogs. I have not been able to observe the interaction which is why I requested a video from the doggy daycare but have not received it yet. I was told that she did well playing with the other dogs in smaller groups.Does he / she know any basic commands? Which ones (Sit, stay, come, lay down, etc) ? Yes, Sit, shake, lay, crate up, outside, and we are working on stay.Is your foster dog leash reactive? What makes them bark/lunge on leash? She is not reactive, however she will pull toward another dog if we pass one on a walk but it’s not aggressively, I think she just wants to greet the other dog and play with them. I have not let her get close enough to test this out though. She will bite the leash sometimes and want to play tug of war. She does it more when we walk in the neighborhood vs walking at a park, I guess she gets bored in the neighborhood and there are more stimuli at the park.What devices do you use to walk your dog? (Type of harness, collar, etc) The collar provided by lifeline. My own leash the one provided my lifeline was too rough on my hands.Leash Walking Rating 3.0How does your foster do in the car? Super chill. She is great in the car.How does your foster do for a bath? She doesn’t like them and looks a little scared but she does well overall and just stands there as I bathe her, she may even lay her head on my leg during one.Energy level 4.0How much exercise does it take to tire them out? This is very temperature dependent but usually we can walk around 20-25 mins and then she will start to slow down.If they don't get enough exercise, what happens? She has a little more energy and wants to play more, may misbehave a little more but sometimes she does that even if we go on walks. So it’s really not too different with or without one.A perfect day for your foster would include ____________? Lots of time out of the crate, play dates with a small group of dogs, a walk at the park where she can say hello to everyone we pass, a pup cup from Starbucks, dinner, and bothering mom on the couch when trying to watch Netflix. LolHow cuddly are they? 4.0Favorite toys or games? She loves stuffed animals and doesn’t tear them up. She likes ropes, a soccer ball that she somehow hasn’t popped yet, loves tennis balls, loves something to chew on and keep her busy. I’ve gotten her an enrichment game and she loves that and has caught on pretty quickly.Tell us a fun story about your foster She is really goofy and really does want to say hello to everyone she meets and wants them to pet her. She gets really excited sometimes outside and will start sliding in the grass and doing flips.I love my foster and think he/she is fabulous because _____________? She is curious and very smart. She may be cross-eyed and her depth perception is a little off but that doesn’t slow her down. She just wants someone to play with her and give her some love.What makes him/her nervous or unhappy? She really isn’t afraid of much. She doesn’t like the spray bottle and baths.Overall, how are your foster's manners? (some examples: Jumps on people? Mouthy? Gets into trash?) She could definitely improve in this area. She does jump and can get mouthy when she gets excited when someone walks in the door. She likes to get right up in your business sometimes, like if I am doing laundry or dishes she sticks her head right in the dishwasher and licks the dishes, I can’t really fold laundry around her without her thinking I am trying to play and she will grab my clothes and shake them around.Does your foster have any behavioral issues or quirks? Just too mouthy when playing and walks can sometimes be difficult when she grabs the leash and starts rolling around on her back and then she will start going for my hands.Does your foster have any medical issues? Yes, she has an environmental allergy which is currently being treated with zenrelia, it is helping with her symptoms.Anything else you want to share? I would consider keeping her if I didn’t have a senior dog and could give her more of my time/more time out of the crate/training. I think she would be a great addition to a home with another younger dog and older kids.Facebook Presence 3.0Instagram Post Presence 3.0Instagram Stories Presence 3.0Nextdoor Presence 1.0Youtube Presence 1.0Other social media platforms utilized? NoWhat was the date of the last adoption event you took your foster to? I have not taken her. I live an hour south of Atlanta.What prevents you from taking your foster to (more) events? (check all that apply) Dates / times don't work with my schedule, Locations aren't convenientWhat gear & materials do you utilize to help get your foster recognized? (check all that apply) FB and IGWhen was the last time you took your foster out on the town? I have only taken her to the park and daycare. I don’t live near the city.What prevents you from taking your foster out on the town more often? (check all that apply) Unsure about dog friendly locations near me, Not comfortable taking a dog out on the town myself, MannersWhat do you think is preventing your foster from being its most-adoptable self? (check all that apply) Leash Manners, MouthyHow can we help? Social media partner, Getting foster out on the town, Gear (Adopt Me), Printed Materials (business cards / flyers), TrainingWhat day do you give your foster heartworm and flea/tick preventatives? She was due on 9/21 for her next dose and has not received it yet.Are you interested in adopting your foster pet? NoWould you be willing to have your foster dog transfer to a rescue partner? Yes",7/29/2025,L2
167,A0058546968,Dog,Duma,01 year(s) 06 month(s) 11 day(s),"Brindle Black / Brown Mixed Breed, Medium (up to 44 lbs fully grown) / Mix",Available,Dogs 601 8,9/22/2024,N,32,3,2/18/2026 12:25 PM,L1,941010003016766,,,,,,,,,,,2/18/2026,L1
168,A0058559877,Dog,Sagey,01 year(s) 05 month(s) 19 day(s)," Black Mixed Breed, Small (under 24 lbs fully grown) / Mix",Available,Foster Foster Home,10/14/2024,S,53,2,10/12/2025 02:56 PM,L1,941010003834324,,,,,,,,,,,10/12/2025,L1
169,A0058577701,Dog,California,12 year(s) 10 month(s) 06 day(s), Brindle / White Cane Corso / Mix,Court,Dogs 202 1,5/27/2013,F,135,1,5/27/2025 11:36 AM,L3-BR/ SD,,,,,,,Court Mandate,,,"6/11/2025 Doing much better, has decompressed a lot. Observed loose body language when approached and a wagging tail. Solicits affection through the kennel bar doors.

6/11/2025  Observed loose body language when approached and a wagging tail. Solicits affection through the kennel bar doors and allowed pets. Able to leash to courtyard, a little hesitant but no problem. Once in courtyard, sniffed around on leash shortly after began to engage in pets and rubs. I stopped petting to see if she would initiate to which she did. She would listen to basic commands like 'come on' was able to be re-kenneled and unleashed with no problem.

6/13/2025 Mari is able to take California out daily where she solicits affection.  California has only charged at and bared teeth to others.  Cindy stood outside of fence to courtyard earlier and California would see her but then walk and sit next to Mari.  Cindy may try to see if she will open up to others at some point.  Remaining Staff only at this time.

6/21/2025 Been working with Canine daily outside of kennel doors.  Today she solicited some affection but had a small growl like she was unsure.  California still loves Mari and gets excited to see her.  Warming up to Cindy slowly. -CW

8/21/2025 Hasn't had level since getting here- needs one so vols could possibly take out.

8/29/2025 Rec L3 BR for more staff and volunteer interaction ",,5/27/2025,L3
170,A0058577807,Dog,Texas,05 year(s) 10 month(s) 06 day(s)," White Bulldog, French / Mix",Court,Dog ISO 153 B3,5/27/2020,M,22,1,5/27/2025 12:01 PM,L1,,,Negative,5/29/2026,,,Court Mandate,,,5/27/2025 Easily handled,,5/27/2025,L1
171,A0058577837,Dog,Montana,03 year(s) 10 month(s) 05 day(s)," Cream Bulldog, French / Mix",Court,Dog ISO 153 A7,5/28/2022,S,23,1,5/27/2025 11:54 AM,L1,,,Negative,6/11/2026,,,Court Mandate,,,5/27/2025 Easily handled,,5/27/2025,L1
172,A0058577894,Dog,Tennessee,02 year(s) 04 month(s) 06 day(s),"Merle Brown / White Bulldog, French / Mix",Court,Dog ISO 153 A6,11/27/2023,F,26,1,5/27/2025 01:13 PM,L1,,,Negative,6/7/2026,,,Court Mandate,,,5/27/2025 Easily handled both in the kennel and during the exam.,,5/27/2025,L1
173,A0058577922,Dog,Alaska,02 year(s) 10 month(s) 06 day(s),"Merle Grey Bulldog, French / Mix",Court,Dog ISO 153 B5,5/27/2023,S,21,1,5/27/2025 12:11 PM,L1,,,Negative,6/7/2026,,,Court Mandate,,,5/27/2025 Easily handled,,5/27/2025,L1
174,A0058577947,Dog,Utah,06 year(s) 10 month(s) 06 day(s)," Brown Bulldog, French / Mix",Court,Dog ISO 153 B4,5/27/2019,F,19,1,5/27/2025 12:08 PM,L1,,,Negative,6/7/2026,,,Court Mandate,,,5/27/2025 Easily handled,,5/27/2025,L1
175,A0058577981,Dog,Virginia,02 year(s) 10 month(s) 06 day(s)," Brown / Black Bulldog, French / Mix",Court,Dog ISO 153 A4,5/27/2023,F,24,1,5/27/2025 01:18 PM,L2-SF,,,Negative,5/28/2026,,,Court Mandate,,,"5/27/2025 Very calm, easily handled. ",,5/27/2025,L2
176,A0058578010,Dog,Washington,04 year(s) 10 month(s) 06 day(s),"Merle Grey / Black Bulldog, French / Mix",Court,Dog ISO 153 A2,5/27/2021,M,29,1,5/27/2025 01:09 PM,L2 - OA,,,Negative,6/7/2026,,,Court Mandate,,,5/27/2025 Very humpy/OA,,5/27/2025,L2
177,A0058578043,Dog,Nebraska,10 year(s) 10 month(s) 06 day(s), Brindle / White Cane Corso / Mix,Court,Dogs 202 4,5/27/2015,M,137,1,5/28/2025 11:00 AM,L3 - BR / SD,,,,,,,Court Mandate,,,"6/13/2025 Actively lunges and barks at all handlers.  Cindy has been trying to be around him daily to see if he will decompress or accept her as okay to be around.  Needs physical exam because he smells badly and many flies have been around him.  Possible scaring from collar and skin flaps.  So far no progress to be able to make contact.  

6/21/2025 Have been working with this canine every day.  Had terrible BR for weeks.  He will now have slight BR with me and takes treats gently.  Nebraska will allow Arisha and Cindy to take him to the yard.  Today he enjoyed the swimming pool to cool off.  Hoping to give him a bath one of these days.  He allows brief touches to his back but is mostly aloof. -CW

7/12/2025 Doing well, has had decompression. Progress made is significant. Able to be leashed to the court yard, able to be pet, solicits affection/attention, sometimes jumping up in excitement. Nebraska is still BR when meeting new people but sweet when he is comfortable with you.

8/21/2025 Has had no level since coming in- needs level so vols can take out if able ",,5/28/2025,L3
178,A0058578124,Dog,Maryland,04 year(s) 10 month(s) 06 day(s)," White Bulldog, French / Mix",Court,Dog ISO 153 A1,5/27/2021,F,28,1,5/27/2025 01:27 PM,L1,,,Negative,5/29/2026,,,Court Mandate,,,5/27/2025 very sweet. easily handled,,5/27/2025,L1
179,A0058578173,Dog,New Jersey,02 year(s) 10 month(s) 06 day(s)," Brindle / White Bulldog, French / Mix",Court,Dog ISO 153 B2,5/27/2023,M,28,1,5/27/2025 12:01 PM,L1,,,Negative,6/7/2026,,,Court Mandate,,,5/27/2025 Easily handled,,5/27/2025,L1
180,A0058578208,Dog,Georgia,02 year(s) 10 month(s) 06 day(s),"Merle Grey / White Bulldog, French / Mix",Court,Dog ISO 153 A6,5/27/2023,F,24,1,5/27/2025 11:45 AM,L1,,,Negative,6/13/2026,,,Court Mandate,,,"5/27/2025 Easily handled, very calm. ",,5/27/2025,L1
181,A0058578273,Dog,Mississippi,02 year(s) 10 month(s) 06 day(s)," Grey / Brindle Bulldog, French / Mix",Court,Dog ISO 153 A7,5/27/2023,F,22,1,5/27/2025 11:49 AM,L1,,,Negative,7/1/2026,,,Court Mandate,,,"5/27/2025 Calm, easily handled. ",,5/27/2025,L1
182,A0058578305,Dog,Idaho,03 year(s) 10 month(s) 06 day(s),"Merle Brown / Black Bulldog, French / Mix",Court,Dog ISO 156 C6,5/27/2022,M,29,1,5/27/2025 11:51 AM,L1,,,Negative,6/7/2026,,,Court Mandate,,,5/27/2025 Easily handled,,5/27/2025,L1
183,A0058578335,Dog,New York,04 year(s) 10 month(s) 06 day(s),"Merle Tan / Brown Bulldog, French / Mix",Court,Dog ISO 153 A3,5/27/2021,M,30,2,5/27/2025 11:53 AM,L2 - SF,,,Negative,6/7/2026,,,Court Mandate,,,5/27/2025 Easily handled in intake kennel.Freezes during exam. SF.,,5/27/2025,L2
184,A0058578397,Dog,Rhode Island,01 year(s) 07 month(s) 06 day(s)," Tan / Cream Bulldog, French / Mix",Court,Dog ISO 153 B1,8/27/2024,F,17,1,5/27/2025 11:55 AM,L1,,,Negative,6/7/2026,,,Court Mandate,,,5/27/2025 Easily handled both in the kennel and during the exam.,,5/27/2025,L1
185,A0058578454,Dog,Dakota,01 year(s) 07 month(s) 06 day(s)," Brindle Bulldog, French / Mix",Court,Dog ISO 153 B7,8/27/2024,F,18,1,5/27/2025 11:59 AM,L1,,,Negative,6/7/2026,,,Court Mandate,,,5/27/2025 Easily handled both in the kennel and during the exam.,,5/27/2025,L1
186,A0058578487,Dog,Maine,01 year(s) 07 month(s) 06 day(s)," Brown / Black Bulldog, French / Mix",Court,Dog ISO 153 B6,8/27/2024,F,18,1,5/27/2025 11:56 AM,L1,,,Negative,6/7/2026,,,Court Mandate,,,5/27/2025 Easily handled both in the kennel and during the exam.,,5/27/2025,L1
187,A0058578550,Dog,New Mexico,01 year(s) 07 month(s) 06 day(s)," Tan / White Bulldog, French / Mix",Court,Dog ISO 153 A5,8/27/2024,F,21,1,5/27/2025 11:58 AM,L1,,,Negative,6/7/2026,,,Court Mandate,,,5/27/2025 Easily handled both in the kennel and during the exam.,,5/27/2025,L1
188,A0058579660,Dog,Ohio,01 year(s) 02 month(s) 06 day(s), Grey Cane Corso / Mix,Court,Dog ISO 156 K1,1/27/2025,M,45,2,5/27/2025 12:09 PM,L2-RG/LB,,,,8/7/2026,Court,,Court Mandate,,,5/27/2025 Easily handled both in the kennel and during the exam.,"8/1/2025 Timestamp 2025-08-01 12:20:49Dog's name: OhioDoes this dog take any medication or have any known medical issues, injuries, or allergies? If yes, please explain. NoHow long have you had this dog? 1 weekThis dog is a... Foster (I had this pet as a foster for more than 3 nights.)What is the main reason you are returning this pet to the shelter? MovingWhile in your care, did this dog live with children? YesIf this dog lived with or interacted with children, how old were the children? 6How would you describe this dog's behavior towards the children? Mostly FriendlyAre there any details about this dog interacting with children that you would like to share? Doesn’t like to be bothered when sleepIf this dog has had issues with children that include behavior such as growling, snapping, or showing teeth, please describe the circumstance, tell us how often and give as much detail as possible. NoneWhat other animals did this dog live with in your home? Large dog(s)If other animals lived in the home, how well did this dog get along with them? GoodIf this dog met or played with other dogs please describe their body language: Excited, JumpyHas this dog ever fought with another dog? If yes, please describe the incident. NoHas this dog ever injured another dog? If yes, please describe the incident. NoHow does this dog react when they see a prey animal (squirrel, mouse, bird) or cat outside? Just stands thereHas this dog ever killed a prey animal or pet? If yes, please describe the incident. NoWhere did this dog spend most of their time? BothDo you have a fenced yard? NoHow did you exercise this dog? YesHow often did you exercise this dog? DailyWhat kind of collar did you use for this dog? NoneHow was this dog on a leash? NoneHave you ever taken this dog to a training class? NoWhat commands does this dog know? Sit layWhich behaviors does this dog need improvement on? Food aggressionWhen the dog played did they typically... Jump, Growl, Bark, Bite lightlyHow long each day was this dog left alone inside your home? NoneWhen left inside your home alone, was this dog... Able to roam freeWhen this dog was left alone did they show any of the following behaviors? Destroyed household items, Urinated/defecatedIs this dog crate trained? We never made this dog stay in a crate.How often did this dog have potty accidents in the house? DailyHow often did this dog destroy things other than toys? DailyIf this dog destroys things, is it only when left alone? NoWhat items did this dog destroy? Paper random itemsWhat does this dog do when a stranger/visitor comes into the house? NoneWhat does this dog do when a stranger tries to pet them? ExcitedWhat does this dog do when you or someone else goes near the food bowl while they are eating? NoneWhat does this dog do when someone tries to take away toys, bones, food, or anything the dog decides is valuable? RunWhat does this dog do when someone tells them to get off of furniture? NoneWhat is this dog's best quality? N/aWhat is this dog's worst quality? N/aCheck all that apply to this dog's personality: Friendly, Independent, Clingy, Goofy, Playful, AffectionateIn your own words, describe this dog's personality. Great puppyWhat is this dog afraid of? How do they react? NoneAll dogs have sensitive places. Where is this dog sensitive about being touched? Describe their reaction. Tummy when eatingHave you seen them act aggressively toward anyone? NoWould you like to be notified if this animal is ever at risk for euthanasia? YesIf the animal is still here in 30 days, would you like us to check in with you? Yes

8/11/2025 OHIO – Foster Return Timestamp 2025-08-07 11:45:22Does this dog take any medication or have any known medical issues, injuries, or allergies? If yes, please explain Yes - he’s had his dose for today and I returned the remainingHow long have you had this dog? Since August 2This dog is a Foster (I had this pet as a foster for more than 3 nights.)What is the main reason you are returning this pet to the shelter? Prior trip commitment - took him on a temporary basis to keep him out of the shelterWhile in your care, did this dog live with children? The dog did not interact with children while with me.If this dog lived with or interacted with children, how old were the children? N/A - he encountered children and other people on our walks and was unbothered/friendlyHow would you describe this dog's behavior towards the children? Mostly Friendly, He was jumpy with most people but was doing well learning “Off!”What other animals did this dog live with in your home? No other animalsIf this dog met or played with other dogs please describe their body language: Calmly curious - observed from afarHas this dog ever fought with another dog? If yes, please describe the incident NoHas this dog ever injured another dog? If yes, please describe the incident NoHow does this dog react when they see a prey animal (squirrel, mouse, bird) or cat outside? Uninterested to mildly curiousIs there any other information you would like to share about this dog interacting with other animals? I didn’t let him get close to other dogs on our walks since he’s sick, but he just looked and seemed curious. Didn’t bark, whine, or pull toward the other animals.Where did this dog spend most of their time? InsideDo you have a fenced yard? NoIf you do not have a fenced yard, do you: Walk the dog on a leashHow did you exercise this dog? Several walks a day and play time in my condo’s dog run when no other dogs were presentHow often did you exercise this dog? DailyWhat kind of collar did you use for this dog? Martingale collarHow was this dog on a leash? Mostly great on a leash - didn’t pull but would occasionally try to bite the leash and play with it. Typical puppy behavior!Have you ever taken this dog to a training class? NoWhat commands does this dog know? Sit, off, drop it, leave itWhich behaviors does this dog need improvement on? Basic puppy manners - not jumping on people when excited, not trying to eat everything he sees on walksWhen the dog played did they typically JumpHow long each day was this dog left alone inside your home? No more than 4 hoursWhen left inside your home alone, was this dog CratedWhen this dog was left alone did they show any of the following behaviors? I only left him out of the crate when I was present - he tried to chew everything, but was easily redirected to a toy and especially a NylaboneIs this dog crate trained? Yes, for 4-8 hours.How often did this dog have potty accidents in the house? NeverHow often did this dog destroy things other than toys? NeverIf this dog destroys things, is it only when left alone? YesWhat items did this dog destroy? Toilet paper off the roll - everything else I caught immediately when he started to chew and redirected. I would NOT leave him unattended in a house until he’s had more training.What does this dog do when a stranger/visitor comes into the house? Curiously observesWhat does this dog do when a stranger tries to pet them? Happy to receive - flops over for belly rubsWhat does this dog do when you or someone else goes near the food bowl while they are eating? No reaction.What does this dog do when someone tries to take away toys, bones, food, or anything the dog decides is valuable? No reaction. I physically pulled several things out of his mouth (rocks, bark, etc.) that he picked up on our walks - he let me easily. No attempts at biting.What does this dog do when someone tells them to get off of furniture? ListensWhat is this dog's best quality? He’s sweet, loving, and calm (for a puppy!) Rarely barks/whines. Eager to please.What is this dog's worst quality? Still has a lot of puppy energy and needs a lot of time, attention, and training.Check all that apply to this dog's personality: Friendly, Goofy, Playful, AffectionateIn your own words, describe this dog's personality He’s a big sweet lovebug. He’s the typical Corso - calm, curious, affectionate, Velcro. Followed me everywhere, even to the bathroom.What is this dog afraid of? How do they react? Loud noises and overstimulation. We walked on a busy sidewalk by a busy road and he easily adjusted.All dogs have sensitive places He was fine with me cleaning his ears, wiping his paws, etc. I didn’t find sensitive spot.Have you seen them act aggressively toward anyone? NoPlease tell us anything you would like us to know about this dog to help us find it an adoptive home I’ve fostered/adopted over 10 Corsos and/or giant guardian breeds and he’s an amazing little guy and perfect example of this breed at its best. I didn’t observe any big issues. He’s perfect for someone who has the time and patience to train a puppy.Would you like to be notified if this animal is ever at risk for euthanasia? YesIf the animal is still here in 30 days, would you like us to check in with you? Yes",5/27/2025,L2
189,A0058579697,Dog,Arizona,01 year(s) 02 month(s) 06 day(s), Brown / Black Cane Corso / Mix,Court,Foster Foster Home,1/27/2025,F,23,1,5/27/2025 12:10 PM,L1,,,,,Court,,Court Mandate,,,5/27/2025 Easily handled both in the kennel and during the exam.,,5/27/2025,L1
190,A0058579871,Dog,Denali Frankfurt,05 year(s) 10 month(s) 05 day(s)," Black / White Mixed Breed, Large (over 44 lbs fully grown) / Mix",Available,Foster Foster Home,5/28/2020,N,55,3,5/27/2025 12:07 PM,L1,,Gentle Play,Low Positive,7/13/2026,Lack of Space,https://bit.ly/Adopt_DenaliFrankfurt,,"nan

8/12/2025 Came into the yard cautious and shy. Very tolerant of skittles climbing him like a jungle gym. Gave a very good correction when another dog was in his face too long. Very tolerant and sweet.",,5/28/2025 easily handled,,5/27/2025,L1
191,A0058602321,Dog,Farina,10 year(s) 10 month(s) 04 day(s)," Tan / White Terrier, Pit Bull / Mix",Available,Foster Foster Home,5/29/2015,S,41,3,5/29/2025 05:30 PM,L1,982000364938448,,Negative,6/2/2026,Lack of Space,https://bit.ly/Adopt_Farina,,,,5/30/2025 easily handled while in intake and during exam.,"6/7/2025 Timestamp 2025-06-07 16:56:10Dog's name: FarinaDoes this dog take any medication or have any known medical issues, injuries, or allergies? If yes, please explain N/aHow long have you had this dog? A few hoursThis dog is a Dog For The Day (I picked this pet up earlier today for an outing.)What activities did you do with this dog today? Walked the beltlineDid this dog have any interactions with the following? [Dogs ] No InteractionDid this dog have any interactions with the following? [Cats] No InteractionDid this dog have any interactions with the following? [Men ] No InteractionDid this dog have any interactions with the following? [Women ] Positive InteractionDid this dog have any interactions with the following? [Children ] No InteractionWhat was this dog's activity level? 2-Medium Energy (Alternates rest and play)How cuddly was this dog today? 3-Play first, then snuggle!If this dog met any children on your outing, how would you describe this dog's behavior towards the children? Mostly FriendlyHow did this dog do on a leash? Great on a leashDid this dog know any commands? UnsureWhat is this dog's best quality, in your opinion? Her tempermantWhat is this dog's worst quality, in your opinion? Nothing she was great!!Select any of these apply to the dog's personality: Friendly, Playful, Affectionate, PoliteDid this dog have an potty accidents? NoDid you see this dog act aggressively toward anyone? NoPlease tell us anything you would like us to know about this dog to help us find it an adoptive home N/aWould you like to be notified if this animal is ever at risk for euthanasia? NoIf the animal is still here in 30 days, would you like us to check in with you? No",5/29/2025,L1
192,A0058607230,Dog,Phineas,02 year(s) 10 month(s) 02 day(s)," Brown / White Mixed Breed, Large (over 44 lbs fully grown) / Mix",Available,Foster Foster Home,5/31/2023,N,63,3,5/30/2025 01:25 PM,L2 - SF,941010003811352,Little to no play,Negative,6/26/2026,Lack of Space,https://bit.ly/Adopt_Phineas,,"6/11/2025 tail tucked in catch pen. held onto his leash as he entered the yard. skittles was allowed to approach him, offering calm greeting before disengaging - allowing phineas to check him out without pressure. he showed no interest in engaging with the dogs in the yard and independently checked out the yard for a few minutes before being removed. tail remained tucked throughout assessment. ",,"5/31/2025 Nervous & tense in kennel but friendly. Startles easily, showing signs of stress/fear but still easily handled.Tense muscles & startles easily during exam, but no aggression shown. ",,5/30/2025,L2
193,A0058607804,Dog,Flint Flash,02 year(s) 04 month(s) 01 day(s)," Chestnut Mixed Breed, Medium (up to 44 lbs fully grown) / Mix",Available,Foster Foster Home,12/1/2023,N,43,3,1/8/2026 12:11 PM,L1 - EA,941010002442859,1:1 Socialization,Negative,6/7/2026,Lack of Space,https://bit.ly/Adopt_FlintFlash,,"7/30/2025 loose greeting at gate, stiff upon entrance but tolerated foresight and crowe sniffing him. made continuous attempts to mount foresight despite handler intervention with multiple aversives - had strong reaction to aversive tools (spray bottle, shaker can) but wasn't ever fully deterred from mounting. needs more socialization but was not aggressive towards either boy",,"5/31/2025 Easily handled

7/28/2025 Staff stated that Flint can escape from yards by squeezing between the fence and the posts. Added EA to level. - Ashley McMahon",,1/8/2026,L1
194,A0058609148,Dog,Miss Lyle,06 year(s) 10 month(s) 02 day(s)," Brown / White Mixed Breed, Medium (up to 44 lbs fully grown) / Mix",Available,Foster Foster Home,5/31/2019,S,68,3,5/30/2025 03:39 PM,L3-OA/BR,941010004628607,Gentle Play,Negative,7/3/2026,Lack of Space,https://bit.ly/Adopt_MissLyle,,"6/17/2025 muzzled out of precaution - loose body language during gate greeting - entered yard and maintained loose body as she greeted all the dogs (meeting 6 in total). due to loose behavior/no reactivity, muzzle was removed. displayed helicopter tail when engaging with plum pudding. she then engaged with cheddar and attempted to mount him but he ran away and she let it be. labeling as gentle/dainty for now - had a leaky butt so she was removed from the yard.. with longer interactions she may graduate to push/pull",,"5/31/2025 Dog is friendly/leashable but seems very dog aggressive. When other dogs are passing she muzzle punches the kennel door while attempting to bite. May be redirection hazard. Very difficult to rekennel with dogs next to her as she is hyperfocused on getting to them. Needs behavior assessment/focus group. 

5/31/2025 friendly with people but very dog aggressive use caution when walking dog while in intake. Muzzled but easily handled during exam.

6/3/2025 Easy in and out of her kennel, super wiggly and affectionate. Takes treats gently. No reactivity leaving her kennel or outside surrounded by lots of neighboring dogs. Nosed her neighbor when re-kenneling. Did not seem aggressive, most likely under socialized. Rec: L1-needs dog test/playgroup assessment

6/6/2025 Easy in and out of her kennel, super wiggly and affectionate. Takes treats gently. No reactivity leaving her kennel or outside surrounded by lots of neighboring dogs. Nosed her neighbor when re-kenneling. Did not seem aggressive, most likely under socialized.Rec: L1-needs dog test/playgroup assessment6.6.2025 taken out by Mari and Gillian.  Did not solicit affection but was fine with pets.  More curious on noises around her.6.7.25 taken out by Cindy.  Very wiggly.  Could handle easily and take out and re-kennel easily.  Gave a peanut butter bone and could be around it without any resource guarding.  Did great.  To be safe leveling to L2 until we see how other days go.  -CW  Assessing with dog on 6/10

6/10/2025 I decided to test Miss Lyle with another dog today as on Saturday she was greeting all dogs with loose body language inside the 200 indoor area, through the bars.  Today, when taking her out through the back during cleaning, Miss Lyle started reacting to the dog next door but was redirectable on the way out with me calling her.  When in the play yard she began to poop straight blood.  Instead of trying her muzzled in an assessment we are waiting to see what is going on with her medically.  On the way back in Miss Lyle went after a few of the dogs and did not wish to stop. Leveling up too L3-DR,OA until further testing can be done. -CW ",,5/30/2025,L3
195,A0058613596,Dog,Gumdrop Button,04 year(s) 07 month(s) 10 day(s)," Grey Mixed Breed, Medium (up to 44 lbs fully grown) / Mix",Available,Foster Foster Home,8/23/2021,S,46,3,5/31/2025 01:30 PM,L2-SD,941010003885117,Gentle Play,High Positive,7/13/2026,Lack of Space,https://bit.ly/Adopt_GumdropButton,Bite Quarantine,"nan

7/29/2025 Primary Handler:amberSecondary Handler:emilyRunners:Scribe: Notes:steerable, overcorrects due to under socialization, stayed in the yard a long time with different size dogs as well as different playstyles   ",,"6/1/2025 Stays in corner of kennel, growls, shows teeth. can be leashed but cannot be handled. behavior may improve over time.Catch pole + partial 

6/3/2025 Terrified. Took treats through the gate and eventually out of LR's hand. Able to leash by coaxing her with a treat. No issues walking on leash. Tail remained tucked for the majority of the focus group. Eventually able to pet all over. No issues re-kenneling.  Rec: Trazodone, daily socialization enrichment, and re-test next week.

6/10/2025 Very wiggly and happy at the gate. Easily leashed. Gets nervous walking on leash, go slow. In the Pathways office she solicited lots of affection from LR. SF meeting strangers, but did not take long to open up. LOVES tennis balls. Very sweet, shy girl. No issues re-kenneling.  Rec: L3-SF, daily socialization enrichment. 

6/13/2025 Very wiggly and happy at the gate. Easily leashed. Gets nervous walking on leash, go slow. In the Pathways office she solicited lots of affection from LR. SF meeting strangers, but did not take long to open up. LOVES tennis balls. Very sweet, shy girl. No issues re-kenneling. Rec: L3-SF, daily socialization enrichment.I woke her up when I entered 401 area and initially Gumdrop barked and bared teeth.  However, when I bent down and talked gently to her she began wagging her tail.  Easy to leash and walk.  Asked for affection by nudging my hands and leaning her body on me.    Leveling down to L3 SD for now. -CW

7/5/2025 requesting leveling down from L3 SD to L2 BR. during my observations and hand on handling, I've noticed she allows easy leashing and during walks doesn't bark, growl or act intimidated/fearful by anyone passing or greeting. she greets all people on own free will. lose body and waggy tail. accepts treat when given. appears she may be stranger danger but really think its all barrier reactive. once out of kennel a complete different demeanor.  ashley love Because Gumdrop knows me now she is very wiggly at the gate and loves to go on walks and lean into me.  She can sometimes be SD to newer people coming around.  She will allow for pets all over but at times will tense just a little and pick a lip but it is in almost a peaceful way.  I do not think she was socialized much before so I would recommend a household with no children to be on the safe side.  She loves walking up to team members and asking for affection and will just look at children and walk past.  No aggression seen but I think quick movements or loud noises may affect her.  Leveling to L2-SD  -CW","8/15/2025 GUMDROP BUTTON - foster returnTimestamp 2025-08-15 13:10:34Does this dog take any medication or have any known medical issues, injuries, or allergies? If yes, please explain Antibiotics for heartwormsHow long have you had this dog? 2 weeks 1 dayThis dog is a Trial Adoption (I was fostering to see if I wanted to adopt.)Why are you bringing this dog back to the shelter today? Needs to be only dog in home or with other big dogsPlease explain in your own words, why you need to return this dog Very sweet dog however she is a little aggressive towards my smaller dog which makes him uncomfortable. It would be great if she is the only dog in home.While in your care, did this dog live with children? YesIf this dog lived with or interacted with children, how old were the children? 17How would you describe this dog's behavior towards the children? Mostly FriendlyAre there any details about this dog interacting with children that you would like to share? NoIf this dog has had issues with children that include behavior such as growling, snapping, or showing teeth, please describe the circumstance, tell us how often and give as much detail as possible NoWhat other animals did this dog live with in your home? Small dog(s)If other animals lived in the home, how well did this dog get along with them? Not wellIf this dog met or played with other dogs please describe their body language: Jumpy, Rough/needs manners, GrumpyHas this dog ever fought with another dog? If yes, please describe the incident NoHas this dog ever injured another dog? If yes, please describe the incident NoHow does this dog react when they see a prey animal (squirrel, mouse, bird) or cat outside? Runs towards themHas this dog ever killed a prey animal or pet? If yes, please describe the incident NoIs there any other information you would like to share about this dog interacting with other animals? Needs to be only animal in home or with bigger animals does not need to be in home with small dogsWhere did this dog spend most of their time? InsideDo you have a fenced yard? YesHow did you exercise this dog? 20 minute walksHow often did you exercise this dog? 3-4 days a weekWhat kind of collar did you use for this dog? Body harnessHow was this dog on a leash? Some pulling, but manageableHave you ever taken this dog to a training class? NoWhat commands does this dog know? Sit stopWhen the dog played did they typically Jump, Bite lightlyHow long each day was this dog left alone inside your home? I work from home so never unless I went to storeWhen left inside your home alone, was this dog CratedWhen this dog was left alone did they show any of the following behaviors? None of theseIs this dog crate trained? We never made this dog stay in a crate.How often did this dog have potty accidents in the house? Daily, Urinates and defecatesHow often did this dog destroy things other than toys? NeverIf this dog destroys things, is it only when left alone? NoWhat does this dog do when a stranger/visitor comes into the house? BarkWhat does this dog do when a stranger tries to pet them? BarkWhat does this dog do when you or someone else goes near the food bowl while they are eating? Bark growlWhat does this dog do when someone tries to take away toys, bones, food, or anything the dog decides is valuable? NothingWhat does this dog do when someone tells them to get off of furniture? Not listenWhat is this dog's best quality? Sweet cuddlyWhat is this dog's worst quality? Aggressive towards smaller dogs that you give attention toCheck all that apply to this dog's personality: Friendly, Clingy, PlayfulIn your own words, describe this dog's personality Very sweet playful and wants all attention on her if another dog is around.What is this dog afraid of? How do they react? The dark she criesAll dogs have sensitive places Not that I am aware ofHave you seen them act aggressively toward anyone? NoPlease tell us anything you would like us to know about this dog to help us find it an adoptive home Needs to be only pet or in home with pets of the same sizeWould you like to be notified if this animal is ever at risk for euthanasia? YesIf the animal is still here in 30 days, would you like us to check in with you? NoWhat does this dog do when you or someone else goes near the food bowl while they are eating? Bark growlWhat does this dog do when someone tries to take away toys, bones, food, or anything the dog decides is valuable? NothingWhat does this dog do when someone tells them to get off of furniture? Not listenWhat is this dog's best quality? Sweet cuddlyWhat is this dog's worst quality? Aggressive towards smaller dogs that you give attention toCheck all that apply to this dog's personality: Friendly, Clingy, PlayfulIn your own words, describe this dog's personality Very sweet playful and wants all attention on her if another dog is around.All dogs have sensitive places Not that I am aware ofHave you seen them act aggressively toward anyone? NoWould you like to be notified if this animal is ever at risk for euthanasia? Yes",5/31/2025,L2
196,A0058625088,Dog,Canelo,03 year(s) 09 month(s) 30 day(s)," Black / White Mixed Breed, Large (over 44 lbs fully grown) / Mix",Available,Foster Foster Home,6/3/2022,N,64,3,6/2/2025 04:23 PM,L3-SF/BR,941010003680587,Pending,Negative,7/8/2026,Lack of Space,https://bit.ly/Adopt_Canelo,,nan,,"6/3/2025 scared avoids leash no aggression show signs of stress/fear tense muscles frozen/stuck in place hiding running away frigid while in intake and during exam.

6/16/2025 Leveled up to L3-SF was L2. Yesterday a vol went to take out for photos, he stopped outside and would not move, went out to assist and he was panting, stressed and uncomfy. Decided carrying was the only was to get him to move, wrapped his muzzle with my leash and picked up. Okay to pick up but would not be comfy doing so without his muzzle wrapped. Got him into the photo room and he low growled as I set him down. Got his photo, low growled once, muzzled with leash again and had to carry back to run. Was fine placing in run.

6/17/2025 6/17/2025 - SP/LRRequesting Traz. Scared of leash.  Will allow brief pets w/kennel door open.  Scared/anxious.  Retreats. Re-test

6/24/2025 Will allow brief pets inside of his kennel. Dodges the leash. Takes treats gently. Once we were finally able to leash him he froze, cowered in the corner. Able to get him to the play yard where he froze in the corner. He will flinch when touched and lip chatters. Able to put a collar on him to try a clip leash in the future. Very anxious and shy/fearful.  Rec: Re-test and continue Traz. Daily socialization enrightment.",,6/2/2025,L3
197,A0058638071,Dog,Chocolate Shake,08 year(s) 09 month(s) 28 day(s)," Chocolate / White Mixed Breed, Medium (up to 44 lbs fully grown) / Mix",Available,Foster Foster Home,6/5/2017,S,78,3,8/10/2025 02:32 PM,L1,941010003992067,Little to no play,Negative,6/26/2026,Lack of Space,https://bit.ly/Adopt_ChocolateShake,,"6/18/2025 haphazardly entered yard. showed the slightest bit of interest in plankton, mainly kept her distance from the dogs. as she slowly bumbled about in the yard chrome approached her, jumped on top of her and growled. received no reaction from chocolate shake - she remained neutral. fine to hang out with dogs of varying energy levels, but did not care to interact. 

7/29/2025 Primary Handler:amberSecondary Handler:emilyRunners:Scribe: Notes:steerable, peacefully roamed the yard, gave a great correction when our h/g dogs annoyed her, prefers to be left alone  

8/12/2025 Very peacefully roamed the yard alone and gives great corrections if a dog annoys her. Can definitely coexist but really wants to be left alone.",,"6/5/2025 Easily handled while in intake and during exam.

8/12/2025 Returned for dog reactivity ","7/23/2025 Timestamp 2025-07-23 21:40:05Dog's name: Chocolate ShakeAnimal ID #: A0058638071Does this dog take any medication or have any known medical issues, injuries, or allergies? If yes, please explain. NoHow long have you had this dog? 5 hrsThis dog is a... Dog For The Day (I picked this pet up earlier today for an outing.)What activities did you do with this dog today? We took a walk and played in the park. We chilled at home during a short rain shower. She played with my younger brother who is 11, very cuddly with him. Not aggressive at all. She did great with car rides. Not aggressive towards anyone she came across today (male or female) as we sat outside and had lunch with my family.Did this dog have any interactions with the following? [Dogs ] Positive InteractionDid this dog have any interactions with the following? [Cats] No InteractionDid this dog have any interactions with the following? [Men ] Positive InteractionDid this dog have any interactions with the following? [Women ] Positive InteractionDid this dog have any interactions with the following? [Children ] Positive InteractionWhat was this dog's activity level? 2-Medium Energy (Alternates rest and play)How cuddly was this dog today? 2-I'm affectionate with friends, 4-Super snugglerIf this dog met any children on your outing, how would you describe this dog's behavior towards the children? Mostly FriendlyHow did this dog do on a leash? Some pulling, but manageableDid this dog know any commands? Sit, StayWhat is this dog's best quality, in your opinion? Super sweet, very cuddly, playful but chill.What is this dog's worst quality, in your opinion? I think she’s amazing, so I’ll pass.Select any of these apply to the dog's personality: Friendly, Independent, Playful, AffectionateDid this dog have an potty accidents? NoDid you see this dog act aggressively toward anyone? NoWould you like to be notified if this animal is ever at risk for euthanasia? YesIf the animal is still here in 30 days, would you like us to check in with you? Yes

7/31/2025 Timestamp 2025-07-31 16:54:26Dog's name: Chocolate ShakeAnimal ID #: A0058638071Does this dog take any medication or have any known medical issues, injuries, or allergies? If yes, please explain. none that i’m aware ofHow long have you had this dog? 1 dayThis dog is a... Dog For The Day (I picked this pet up earlier today for an outing.)What activities did you do with this dog today? We went by a coffee shop in my neighborhood and Chocolate Shake got to meet all the workers there while we hung on the patios After that, we went to another outdoor seating area/restaurant for lunch and CS had some turkey (courtesy of the staff). We the. went to Ben and Jerry’s and got a pup ice cream to cool off a little. We were walking between these spaces but i tried to limit the distance walked bc it was so hot. CS was so great the entire time and was so so sweet to all tbe people ahe met!Did this dog have any interactions with the following? [Dogs ] Positive InteractionDid this dog have any interactions with the following? [Cats] No InteractionDid this dog have any interactions with the following? [Men ] Positive InteractionDid this dog have any interactions with the following? [Women ] Positive InteractionDid this dog have any interactions with the following? [Children ] Positive InteractionWhat was this dog's activity level? 2-Medium Energy (Alternates rest and play)How cuddly was this dog today? 4-Super snugglerIf this dog met any children on your outing, how would you describe this dog's behavior towards the children? Mostly FriendlyHow did this dog do on a leash? Some pulling, but manageable, Gets excited when they see other dogsDid this dog know any commands? UnsureWhat is this dog's best quality, in your opinion? Her friendliness/comfortabikity with people. She was SO sweet to anyone who wanted to pet her or scratch her head. She never jumped on anyone and never got too excited or tried to bother kids. She was so so niceWhat is this dog's worst quality, in your opinion? I think just her current weight. Obviously she is a fair amount overweight which makes it hard to have her be active in the heat but honestly it’s not a huge deal i don’t thinkSelect any of these apply to the dog's personality: Friendly, Playful, Affectionate, GoofyDid this dog have an potty accidents? We were outside all day.Did you see this dog act aggressively toward anyone? NoPlease tell us anything you would like us to know about this dog to help us find it an adoptive home. Chocolate Shake is so sweet and calm that i think she would make a great fit anywhere honestky. She seemed good with kids and was genuinely nice to everyone. I know she is a little on the older side so maybe somone older who isn’t as active would like her bc she doesn’t require as much physical activity.Would you like to be notified if this animal is ever at risk for euthanasia? YesIf the animal is still here in 30 days, would you like us to check in with you? Yes

8/11/2025 CHOCOLATE SHAKE Timestamp 2025-08-10 14:35:06Does this dog take any medication or have any known medical issues, injuries, or allergies? If yes, please explain Yes, skin issue referHow long have you had this dog? 5 daysThis dog is a Adoption Return (This pet was adopted from this shelter.)What is the main reason you are bringing this dog back to the shelter? Aggressive toward my dogPlease explain in your own words, why you need to return this dog today She attacked my dogWhile in your care, did this dog live with children? The dog did not interact with children while with me.What other animals did this dog live with in your home? Large dog(s)If other animals lived in the home, how well did this dog get along with them? Not wellIf this dog met or played with other dogs please describe their body language: AggressiveHas this dog ever fought with another dog? If yes, please describe the incident Yes, she pounced on my pupWhere did this dog spend most of their time? InsideDo you have a fenced yard? YesHow did you exercise this dog? WalksHow often did you exercise this dog? DailyWhat kind of collar did you use for this dog? Buckle collarHow was this dog on a leash? Some pulling, but manageableHave you ever taken this dog to a training class? NoWhich behaviors does this dog need improvement on? Leash pyllinhWhen the dog played did they typically No play allowedHow long each day was this dog left alone inside your home? 3 hoursWhen left inside your home alone, was this dog CratedWhen this dog was left alone did they show any of the following behaviors? None of theseIs this dog crate trained? Yes, for more than 8 hours.How often did this dog have potty accidents in the house? NeverHow often did this dog destroy things other than toys? NeverIf this dog destroys things, is it only when left alone? NoWhat does this dog do when someone tries to take away toys, bones, food, or anything the dog decides is valuable? NothingWhat does this dog do when someone tells them to get off of furniture? Minds wellWhat is this dog's best quality? Sweet and gentleWhat is this dog's worst quality? NoneCheck all that apply to this dog's personality: Friendly, Clingy, AffectionateIn your own words, describe this dog's personality Sweet as pie, thrives w love and attrntuonHave you seen them act aggressively toward anyone? NoPlease tell us anything you would like us to know about this dog to help us find it an adoptive home Sweet, low key and potty trainedWould you like to be notified if this animal is ever at risk for euthanasia? YesIf the animal is still here in 30 days, would you like us to check in with you? YesWhat does this dog do when someone tries to take away toys, bones, food, or anything the dog decides is valuable? NothingWhat does this dog do when someone tells them to get off of furniture? Minds wellWhat is this dog's best quality? Sweet and gentleWhat is this dog's worst quality? NoneCheck all that apply to this dog's personality: Friendly, Clingy, AffectionateIn your own words, describe this dog's personality Sweet as pie, thrives w love and attrntuonHave you seen them act aggressively toward anyone? NoWould you like to be notified if this animal is ever at risk for euthanasia? Yes",8/10/2025,L1
198,A0058638515,Dog,Draco,05 year(s) 09 month(s) 29 day(s)," Brindle / White Mixed Breed, Medium (up to 44 lbs fully grown) / Mix",Available,Foster Foster Home,6/4/2020,N,45,3,6/4/2025 12:06 PM,L2-SF,985112011894752,,Negative,,Lack of Space,https://bit.ly/Adopt-draco,,,,6/4/2025 easily startled while in intake. flails when being vetted clinic had to help draw blood unable to focus/redirect signs of stress/fear startles easily tense muscles frozen/stuck in place running away during exam.,,6/4/2025,L2
199,A0058648841,Dog,Mangorita,02 year(s) 09 month(s) 27 day(s)," Brindle / White Terrier, Pit Bull / Mix",Available,Foster Foster Home,6/6/2023,S,39,1,6/5/2025 02:14 PM,L2-SF,941010003954862,Gentle Play,Negative,6/18/2026,Lack of Space,https://bit.ly/Adopt_Mangorita,,"7/22/2025 very insecure. interested in greeting dogs but cowered when they engaged or continued to pursue after initial greeting. loose body and broad wag when greeting a dog that wasn't facing her - needs confidence boost. ok to go to g/d group, may graduate",,"6/6/2025 Very scared in intake kennel. Startles easily, showing signs of stress/fear, tense muscles, ducking.Needed a minute to warm up once in exam room. Very food motivated. Head whipping & can get snappy with fast movements. GO SLOW. Muzzled for precaution during exam. ",,6/5/2025,L2
200,A0058652764,Dog,Lips,02 year(s) 09 month(s) 27 day(s)," White / Black Terrier, Pit Bull / Mix",Available,Foster Foster Home,6/6/2023,S,48,3,6/5/2025 08:30 PM,L1,941010003939783,Physical Play,Negative,6/26/2026,Lack of Space,https://bit.ly/Adopt_Lips,,"nan

8/12/2025 Lips is a very physical player. He was nonstop running and having fun. He was very tolerant but quickly became annoying to our h/g dogs due to his high energy.",,"6/6/2025 Easily handled in intake kennel. Can be mouthy when excited, but no aggression shown. Very friendly. Easily handled. ",,6/5/2025,L1
201,A0058658572,Dog,Bumpers,01 year(s) 02 month(s) 26 day(s)," Brown / White Mixed Breed, Small (under 24 lbs fully grown) / Mix",Available,Foster Foster Home,1/7/2025,N,34,1,6/6/2025 03:54 PM,L1,941010003987991,,Negative,6/11/2026,Lack of Space,https://bit.ly/Adopt_Bumpers,,,,6/7/2025 Easily handled while in intake and during exam. ,"8/24/2025 BUMPERS – Foster Return Timestamp 2025-08-24 12:27:45Animal ID #: 58658572Does this dog take any medication or have any known medical issues, injuries, or allergies? If yes, please explain. NoHow long have you had this dog? 1 monthThis dog is a... Foster (I had this pet as a foster for more than 3 nights.)What is the main reason you are returning this pet to the shelter? Moving and cant take care of him right nowWhile in your care, did this dog live with children? YesIf this dog lived with or interacted with children, how old were the children? All ages from 2-15 very well with childrenHow would you describe this dog's behavior towards the children? Mostly FriendlyAre there any details about this dog interacting with children that you would like to share? NoIf this dog has had issues with children that include behavior such as growling, snapping, or showing teeth, please describe the circumstance, tell us how often and give as much detail as possible. Make sure not to allow children to pull his tail he does a low growl other than that he is wonderful with childrenWhat other animals did this dog live with in your home? Small dog(s), Large dog(s), CatsIf other animals lived in the home, how well did this dog get along with them? Very well they always played together and he is very curious about the kittensIf this dog met or played with other dogs please describe their body language: Excited, JumpyHas this dog ever fought with another dog? If yes, please describe the incident. Play fighting nothing serious everHas this dog ever injured another dog? If yes, please describe the incident. NoHow does this dog react when they see a prey animal (squirrel, mouse, bird) or cat outside? He is fine walks he doesnt run after them bark anything and he loves kittens he lived with 3 of themHas this dog ever killed a prey animal or pet? If yes, please describe the incident. NoIs there any other information you would like to share about this dog interacting with other animals? He loves them and is very playfull loves to roll over play tug of war and run aroundWhere did this dog spend most of their time? BothDo you have a fenced yard? NoIf you do not have a fenced yard, do you: Walk the dog on a leashHow did you exercise this dog? We took walks around the neighborhood to the store and dog parksHow often did you exercise this dog? DailyWhat kind of collar did you use for this dog? Buckle collarHow was this dog on a leash? Great on a leashHave you ever taken this dog to a training class? NoWhat commands does this dog know? Sit ,and laydown ,stop ,come here ,stayWhich behaviors does this dog need improvement on? Cage training he will try and chew the door or mess up the cage he always tears up the puppy padWhen the dog played did they typically... JumpHow long each day was this dog left alone inside your home? 4 hoursWhen left inside your home alone, was this dog... CratedWhen this dog was left alone did they show any of the following behaviors? Urinated/defecated, CriedIs this dog crate trained? Yes, for 4 hours or less.How often did this dog have potty accidents in the house? 1-2 times a weekHow often did this dog destroy things other than toys? NeverIf this dog destroys things, is it only when left alone? YesWhat items did this dog destroy? Any type of chew toy or plushie he loves to rip out the cotton and lay on itWhat does this dog do when a stranger/visitor comes into the house? Nothing sniffs them very friendlyWhat does this dog do when a stranger tries to pet them? Nothing licks their handWhat does this dog do when you or someone else goes near the food bowl while they are eating? NothingWhat does this dog do when someone tries to take away toys, bones, food, or anything the dog decides is valuable? Tried to play and get them backWhat does this dog do when someone tells them to get off of furniture? Jumps off and goes else whereWhat is this dog's best quality? He is calm and loves cuddlesWhat is this dog's worst quality? Messing up the crateCheck all that apply to this dog's personality: Friendly, Clingy, Goofy, Polite, Playful, AffectionateIn your own words, describe this dog's personality. Amazing and funnyWhat is this dog afraid of? How do they react? Nothing i know ofAll dogs have sensitive places. Where is this dog sensitive about being touched? Describe their reaction. His tail being pulledHave you seen them act aggressively toward anyone? NoWould you like to be notified if this animal is ever at risk for euthanasia? YesIf the animal is still here in 30 days, would you like us to check in with you? Yes",6/6/2025,L1
202,A0058659823,Dog,Chorizo,02 year(s) 09 month(s) 26 day(s)," Tan Terrier, Pit Bull / Mix",Available,Foster Foster Home,6/7/2023,S,57,3,6/6/2025 05:31 PM,L1,941010003948443,Tag,Negative,6/18/2026,Lack of Space,https://bit.ly/Adopt_Chorizo,,"6/18/2025 loose at gate, as she entered the yard hootie and pepsi were playing - chorizo displayed full body hackles and kept awkwardly trying (and failing) to jump on top of hootie. she was content to be the 3rd wheel with hootie and pepsi. tolerant of being body checked, rough play may not have been her speed but she wanted to play. ",,6/7/2025 Easily handled while in intake. During exam she was playful and friendly. Has mouthiness. ,,6/6/2025,L1
203,A0058662435,Dog,Sweetie Pie,05 year(s) 09 month(s) 25 day(s)," Grey / White Mixed Breed, Large (over 44 lbs fully grown) / Mix",Available,Receiving 130 3,6/8/2020,S,82,3,4/2/2026 03:09 PM,L1,941010003042852,,,,,,,,,,,4/2/2026,L1
207,A0058682196,Dog,DeMario,02 year(s) 03 month(s) 21 day(s)," Grey Mixed Breed, Medium (up to 44 lbs fully grown) / Mix",Available,Foster Foster Home,12/12/2023,S,50,3,2/27/2026 11:54 AM,L1,985112012547767,,Negative,7/5/2026,,https://bit.ly/Adopt-DeMario,,"8/18/2025 Lots of demand barking in the catchpin. Once he came in he was very quick to start playing. He’s a very weird player, he shows teeth the whole time and alligator chomps while barking for attention. But it’s all out of fun and he had a blast with Falconoid.",,6/11/2025 Easily handled in intake kennel & during exam. ,"9/28/2025 DEMARIO (aka Sage) – Adoption ReturnTimestamp 2025-09-26 12:45:48Dog's name: SageDoes this dog take any medication or have any known medical issues, injuries, or allergies? If yes, please explain EczemaHow long have you had this dog? 1 monthThis dog is a Adoption Return (This pet was adopted from this shelter.)What is the main reason you are bringing this dog back to the shelter? I’m homelessPlease explain in your own words, why you need to return this dog today I love Sage oh so much unfortunately I am homeless and she deserves better than this.While in your care, did this dog live with children? YesIf this dog lived with or interacted with children, how old were the children? 3years oldHow would you describe this dog's behavior towards the children? Mostly Friendly, Tolerent, Jumps On Them, Too much for them in play (knocks them down, etc)If this dog has had issues with children that include behavior such as growling, snapping, or showing teeth, please describe the circumstance, tell us how often and give as much detail as possible N/aWhat other animals did this dog live with in your home? No other animalsIf other animals lived in the home, how well did this dog get along with them? N/aIf this dog met or played with other dogs please describe their body language: Excited, JumpyHas this dog ever fought with another dog? If yes, please describe the incident NoHas this dog ever injured another dog? If yes, please describe the incident NoHow does this dog react when they see a prey animal (squirrel, mouse, bird) or cat outside? excitedHas this dog ever killed a prey animal or pet? If yes, please describe the incident NoIs there any other information you would like to share about this dog interacting with other animals? Shes amazingWhere did this dog spend most of their time? BothDo you have a fenced yard? NoIf you do not have a fenced yard, do you: Walk the dog on a leashHow did you exercise this dog? Dog parkHow often did you exercise this dog? DailyWhat kind of collar did you use for this dog? Pinch/Prong/Choke collarHow was this dog on a leash? Some pulling, but manageableHave you ever taken this dog to a training class? NoWhat commands does this dog know? Sit, wait, stay, go and lay downWhich behaviors does this dog need improvement on? PullingWhen the dog played did they typically JumpHow long each day was this dog left alone inside your home? NeverWhen left inside your home alone, was this dog Confined to a roomWhen this dog was left alone did they show any of the following behaviors? CriedIs this dog crate trained? We never made this dog stay in a crate.How often did this dog have potty accidents in the house? NeverHow often did this dog destroy things other than toys? NeverIf this dog destroys things, is it only when left alone? NoWhat does this dog do when a stranger/visitor comes into the house? BarksWhat does this dog do when a stranger tries to pet them? Nothing shows loveWhat does this dog do when you or someone else goes near the food bowl while they are eating? Nothing no aggressionWhat does this dog do when someone tries to take away toys, bones, food, or anything the dog decides is valuable? NothingWhat does this dog do when someone tells them to get off of furniture? Gets offWhat is this dog's best quality? EverythingWhat is this dog's worst quality? She’s perfectCheck all that apply to this dog's personality: Friendly, Shy, Independent, Clingy, Goofy, Polite, Playful, AffectionateIn your own words, describe this dog's personality ExtraordinaryWhat is this dog afraid of? How do they react? NothingAll dogs have sensitive places Feet an earsHave you seen them act aggressively toward anyone? NoPlease tell us anything you would like us to know about this dog to help us find it an adoptive home She loves people. She deserves loveWould you like to be notified if this animal is ever at risk for euthanasia? YesIf the animal is still here in 30 days, would you like us to check in with you? Yes",2/27/2026,L1
208,A0058700164,Dog,Mountain,00 year(s) 09 month(s) 22 day(s),"Tricolor Brown / White Bulldog, French / Mix",Court,Foster Foster Home,6/11/2025,M,0,1,6/12/2025 04:19 PM,L1,,,,,Court,,Court Mandate,,,,,6/12/2025,L1
209,A0058700175,Dog,Valley,00 year(s) 09 month(s) 22 day(s)," White Bulldog, French / Mix",Court,Dog ISO 153 B5,6/11/2025,M,11,1,6/12/2025 04:19 PM,L1,,,,,Court,,Court Mandate,,,,,6/12/2025,L1
210,A0058700182,Dog,Prairie,00 year(s) 09 month(s) 22 day(s)," Brown / White Bulldog, French / Mix",Court,Foster Foster Home,6/11/2025,F,0,1,6/12/2025 04:19 PM,daisy,,,,,Court,,Court Mandate,,,,,6/12/2025,
211,A0058700202,Dog,Forest,00 year(s) 09 month(s) 22 day(s),"Merle Brown Bulldog, French / Mix",Court,Foster Foster Home,6/11/2025,M,12,1,6/12/2025 04:19 PM,L1,,,,,Court,,Court Mandate,,,,,6/12/2025,L1
212,A0058716516,Dog,Saturday,00 year(s) 09 month(s) 19 day(s)," Tan Bulldog, French / Mix",Court,Foster Foster Home,6/14/2025,M,21,1,6/14/2025 10:00 AM,,,,,,Court,,Court Mandate,,,,,6/14/2025,
213,A0058735374,Dog,Leshen,04 year(s) 09 month(s) 14 day(s)," Grey / White Terrier, Pit Bull / Mix",Available,Foster Foster Home,6/19/2021,N,57,3,6/18/2025 02:15 PM,L2-SF,941010003884661,Tag,Negative,6/26/2026,Lack of Space,https://bit.ly/Adopt_Leshen,,"nan

7/22/2025 Leshen was tested with Skittles and Pippy. He was frustrated in the pen waiting to get in, crying and jumping. He came in shy but warmed up quickly. He had awkward body language the whole time but really was enjoying his time running and chasing the other dogs.",,"6/19/2025 no aggression very sweet but hard time walking due to fear overreacts to everything while in intake and during exam.

6/24/2025 Displaying signs of kennel stress - jumping, painting in kennel

8/2/2025 Kennel tech (Olivia) stated that Leshen bares his teeth when other dogs walk past his kennel. But it looks like he did well with other dogs in playgroup. Will monitor. - Ashley McMahon","7/29/2025 LESHEN – Foster Return Timestamp 2025-07-27 13:35:54Does this dog take any medication or have any known medical issues, injuries, or allergies? If yes, please explain. DoxiHow long have you had this dog? 6 daysThis dog is a... Foster (I had this pet as a foster for more than 3 nights.)What is the main reason you are returning this pet to the shelter? Short term onlyWhile in your care, did this dog live with children? NoIf this dog lived with or interacted with children, how old were the children? NoneIf this dog has had issues with children that include behavior such as growling, snapping, or showing teeth, please describe the circumstance, tell us how often and give as much detail as possible. NoneWhat other animals did this dog live with in your home? Large dog(s)If other animals lived in the home, how well did this dog get along with them? So well. Submissive to my dominant senuorIf this dog met or played with other dogs please describe their body language: ExcitedHas this dog ever fought with another dog? If yes, please describe the incident. NoHas this dog ever injured another dog? If yes, please describe the incident. NoHow does this dog react when they see a prey animal (squirrel, mouse, bird) or cat outside? UninterestedHas this dog ever killed a prey animal or pet? If yes, please describe the incident. NoIs there any other information you would like to share about this dog interacting with other animals? So gentle and takes cues greatWhere did this dog spend most of their time? BothDo you have a fenced yard? NoIf you do not have a fenced yard, do you: Walk the dog on a leashHow did you exercise this dog? Walks on leash in parksHow often did you exercise this dog? DailyWhat kind of collar did you use for this dog? Body harnessHow was this dog on a leash? Great on a leash, Some pulling, but manageableHave you ever taken this dog to a training class? NoWhat commands does this dog know? Sit, down, no, comeWhich behaviors does this dog need improvement on? A little shyWhen the dog played did they typically... Little hops wigglyHow long each day was this dog left alone inside your home? 4 hoursWhen left inside your home alone, was this dog... CratedWhen this dog was left alone did they show any of the following behaviors? None of these, So good in crate, potty trainedIs this dog crate trained? Yes, for more than 8 hours.How often did this dog have potty accidents in the house? NeverHow often did this dog destroy things other than toys? NeverIf this dog destroys things, is it only when left alone? NoWhat items did this dog destroy? NoneWhat does this dog do when a stranger/visitor comes into the house? FriendlyWhat does this dog do when a stranger tries to pet them? WigglyWhat does this dog do when you or someone else goes near the food bowl while they are eating? NothingWhat does this dog do when someone tries to take away toys, bones, food, or anything the dog decides is valuable? NothingWhat does this dog do when someone tells them to get off of furniture? NothingWhat is this dog's best quality? Happy wiggly boy that listens wellWhat is this dog's worst quality? A little shy at first but willing to learnCheck all that apply to this dog's personality: Friendly, Shy, Clingy, Goofy, Polite, Playful, AffectionateIn your own words, describe this dog's personality. Friendly happy boyWhat is this dog afraid of? How do they react? Stairs but mastered them after a few daysAll dogs have sensitive places. Where is this dog sensitive about being touched? Describe their reaction. None seenHave you seen them act aggressively toward anyone? NoPlease tell us anything you would like us to know about this dog to help us find it an adoptive home. Great dog. Quiet house guest. Dog froendlyWould you like to be notified if this animal is ever at risk for euthanasia? YesIf the animal is still here in 30 days, would you like us to check in with you? Yes",6/18/2025,L2
214,A0058762135,Dog,Valerie,04 year(s) 09 month(s) 10 day(s)," Brown Terrier, Pit Bull / Mix",Available,Foster Foster Home,6/23/2021,S,56,3,6/22/2025 08:37 PM,L1,941010003908981,Gentle Play,Positive,7/13/2026,Lack of Space,https://bit.ly/Adopt_Valerie,,"nan

7/29/2025 Primary Handler:amberSecondary Handler:emilyRunners:Scribe: Notes:steerable, awkward and reserved. start with the gentle/dainty but she will open up with confident dogs  ",,6/23/2025 Easily handled while in intake and during exam.,"6/27/2025 Timestamp 2025-06-27 12:37:39Dog's name: ValerieDoes this dog take any medication or have any known medical issues, injuries, or allergies? If yes, please explain NoHow long have you had this dog? OvernightThis dog is a Weekend Warrior (I have had this pet for less than 3 nights as a Weekend Warrior)Did this dog have any interactions with the following while with you? [Dogs ] No InteractionDid this dog have any interactions with the following while with you? [Cats] No InteractionDid this dog have any interactions with the following while with you? [Men ] Positive InteractionDid this dog have any interactions with the following while with you? [Women ] Positive InteractionDid this dog have any interactions with the following while with you? [Children ] Positive InteractionHow was this dog on a leash while with you? Great on a leash,Does this dog know any commands? Which ones? NoIn your opinion, what is this dog's best quality? CuddlingIn your opinion, what is this dog's worst quality? Might not be trainedCheck all that apply to this dog's personality Friendly, Shy, Clingy, Goofy, AffectionateIn your own words, describe this dog's personality while out of the shelter Very friendlyDid this dog have an potty accidents while in your care? Just a couple of accidents.What was this dog's activity level on a scale from 1-4? 1-Low energy (Couch potato), 2-Medium Energy (Alternates rest and play)Which behaviors does this dog need improvement on, if any? BeggingHow cuddly is this dog? 4-Super snugglerWhen this dog played did they typically NothingHow long was this dog left alone? The dog was not left aloneIf you left this dog alone, was it Able to roam freeWhen this dog was left alone did they show any of the following behavior? Was not left aloneHave you seen them act aggressively toward anyone while they wee in your care? NoWould you like to be notified if this animal is ever at risk for euthanasia? YesIf the animal is still here in 30 days, would you like us to check in with you? Yes",6/22/2025,L1
215,A0058762439,Dog,Foghorn,11 year(s) 09 month(s) 30 day(s),Tricolor White / Black Catahoula Leopard dog,Available,Foster Foster Home,6/3/2014,N,45,3,6/23/2025 02:12 AM,L1,0A127D4921,,Positive,7/3/2026,Lack of Space,https://bit.ly/Adopt_Foghorn,,,,6/23/2025 Easily handled while in intake and during exam.,"9/7/2025 FOGHORN – Foster Return Timestamp 2025-09-01 11:24:03Does this dog take any medication or have any known medical issues, injuries, or allergies? If yes, please explain. Received his heartworm shots Aug 20&21How long have you had this dog? Since July 6This dog is a... Foster (I had this pet as a foster for more than 3 nights.)What is the main reason you are returning this pet to the shelter? Incompatible with shared walls and my young dogWhile in your care, did this dog live with children? NoWhat other animals did this dog live with in your home? Large dog(s)If other animals lived in the home, how well did this dog get along with them? Fine with older female who did not seek engagement. Required space with young dog who wanted to play (enforced with appropriate growl/snap correction, no contact).If this dog met or played with other dogs please describe their body language: Uninterested, GrumpyHas this dog ever fought with another dog? If yes, please describe the incident. NoHas this dog ever injured another dog? If yes, please describe the incident. NoHow does this dog react when they see a prey animal (squirrel, mouse, bird) or cat outside? Predatory - hunting dog crouch and stalk/trackHas this dog ever killed a prey animal or pet? If yes, please describe the incident. NoIs there any other information you would like to share about this dog interacting with other animals? He's beautiful on leash, non-reactive, and perfect with respected boundaries. His corrections are appropriate and controlled. He just prefers coexistence to active engagement.Where did this dog spend most of their time? InsideDo you have a fenced yard? NoIf you do not have a fenced yard, do you: Walk the dog on a leashHow did you exercise this dog? Walks, ball play prior to his treatmentHow often did you exercise this dog? DailyWhat kind of collar did you use for this dog? Body harnessHow was this dog on a leash? Great on a leashHave you ever taken this dog to a training class? NoWhat commands does this dog know? Sit, lie downWhich behaviors does this dog need improvement on? Quiet (he demand barks)When the dog played did they typically... He is a fetch pro, brings the ball back and sets it down when told.How long each day was this dog left alone inside your home? 20 minutes daily, 3hrs weekendsWhen left inside your home alone, was this dog... Confined to a roomWhen this dog was left alone did they show any of the following behaviors? BarkedIs this dog crate trained? Yes, for 4 hours or less.How often did this dog have potty accidents in the house? NeverHow often did this dog destroy things other than toys? NeverIf this dog destroys things, is it only when left alone? NoWhat items did this dog destroy? Nothing, he's trustworthyWhat does this dog do when a stranger/visitor comes into the house? Barks, greets with sweeping tail wag, leans in for pets.What does this dog do when a stranger tries to pet them? Encourages themWhat does this dog do when you or someone else goes near the food bowl while they are eating? People - nothing. Other dogs - warningWhat does this dog do when someone tries to take away toys, bones, food, or anything the dog decides is valuable? He's fine with it.What does this dog do when someone tells them to get off of furniture? N/A - not been on furniture (has a little back leg weakness)What is this dog's best quality? He is a lover! All people are friends.What is this dog's worst quality? That bark, but he's a hound - hounds gonna talk.Check all that apply to this dog's personality: Friendly, Clingy, Polite, Playful, AffectionateIn your own words, describe this dog's personality. I wrote his adoption bio - it says all. Pure gentleman.What is this dog afraid of? How do they react? In storms, he will go to his crate.All dogs have sensitive places. Where is this dog sensitive about being touched? Describe their reaction. He has let me clean his ears and teeth, trim his nails, and bathe him. He gets mopey but has never given me a moment's trouble.Have you seen them act aggressively toward anyone? NoPlease tell us anything you would like us to know about this dog to help us find it an adoptive home. There is no place here to put date. I will keep him 30 days post shots. Intended return 9/20. Trying to find a foster takeover (any help with this welcome!!) and will promote for adoption. He is listed as 11 but is not a lazybone. He needs sniffy walks, lots of petting, and no shared walls. I feel he will be less barky when he has more one-on-one attention- but he doesn't feel there is any such thing as too much attention. Any dogs should respect his space. No cats.Would you like to be notified if this animal is ever at risk for euthanasia? YesIf the animal is still here in 30 days, would you like us to check in with you? Yes",6/23/2025,L1
216,A0058766779,Dog,Stormy,01 year(s) 06 month(s) 09 day(s)," Brown / Black Mixed Breed, Medium (up to 44 lbs fully grown) / Mix",Available,Foster Foster Home,9/24/2024,S,31,2,6/23/2025 02:47 PM,L1,941010003863460,Pending,Negative,7/5/2026,Lack of Space,https://bit.ly/Adopt-stormy,,nan,,6/24/2025 Easily handled in intake kennel & during exam. ,,6/23/2025,L1
217,A0058778619,Dog,Lamar,05 year(s) 09 month(s) 08 day(s)," Black / White Terrier, Pit Bull / Mix",Available,Foster Foster Home,6/25/2020,N,57,3,6/25/2025 01:38 AM,L1,941010003838828,Tag,Positive,7/13/2026,Lack of Space,https://bit.ly/Adopt_Lamar,,"nan

8/24/2025 Came into the yard with very loose wiggly body language. Offered a lot of play bows and romped around the yard with the other dogs.",,6/25/2025 Easily handled in intake kennel & during exam. ,,6/25/2025,L1
218,A0058795391,Dog,Bethany,01 year(s) 09 month(s) 05 day(s)," White / Black Mixed Breed, Medium (up to 44 lbs fully grown) / Mix",Available,Foster Foster Home,6/28/2024,S,33,3,6/26/2025 11:17 PM,L2 - SF,941010003758594,,Negative,7/13/2026,Lack of Space,https://bit.ly/Adopt_Bethany,,,,"6/28/2025 Very scared & snappy when attempting to leash from shoreline kennels. She was moved to a run & her behavior improved, doesn't do well in shorelines. Go slow. Easily handled during exam. Muzzled for precaution. ",,6/26/2025,L2
219,A0058809387,Dog,Eris Neem,05 year(s) 09 month(s) 03 day(s)," White Mixed Breed, Medium (up to 44 lbs fully grown) / Mix",Available,Foster Foster Home,6/30/2020,S,61,3,6/29/2025 03:01 PM,L2-SF,941010003980383,,Negative,7/1/2026,Lack of Space,https://bit.ly/Adopt_ErisNeem,,,,"6/30/2025 Easily handled but very nervous while in intake. Go slow. Was unable to complete HW test and Dapp due to skin.

8/16/2025 My first time meeting Eris Neem (8/15). He approached the gate with wagging tail and loose body language when I approached. Easily leashed and handled. Let me pet her while on leash, and easy to unleash. Recommend L1. - Ashley McMahon ",,6/29/2025,L2
220,A0058831101,Dog,Lionheart,05 year(s) 08 month(s) 30 day(s)," Brown Mixed Breed, Large (over 44 lbs fully grown) / Mix",Priority,Foster Foster Home,7/3/2020,S,59,3,7/2/2025 01:11 PM,L1,941010003853888,Little to no play,Negative,7/13/2026,Lack of Space,https://bit.ly/Adopt_Lionheart,,"7/29/2025 Primary Handler:amberSecondary Handler:emilyRunners:Scribe: Notes:steerable, gives very good corrections, great coexisting in the yard with other dogs  ",,7/3/2025 easily handled while in intake and during exam.,"8/15/2025 LIONHEART  - Weekend WarriorTimestamp 2025-08-13 13:08:08Does this dog take any medication or have any known medical issues, injuries, or allergies? If yes, please explain Carprofen 100mgHow long have you had this dog? 1 dayThis dog is a Weekend Warrior (I have had this pet for less than 3 nights as a Weekend Warrior)Did this dog have any interactions with the following while with you? [Dogs ] No InteractionDid this dog have any interactions with the following while with you? [Cats] No InteractionDid this dog have any interactions with the following while with you? [Men ] Positive InteractionDid this dog have any interactions with the following while with you? [Women ] Positive InteractionDid this dog have any interactions with the following while with you? [Children ] No InteractionHow was this dog on a leash while with you? Some pulling, but manageableDoes this dog know any commands? Which ones? NoneIn your opinion, what is this dog's best quality? Very sweet, loves attention and pettingIn your opinion, what is this dog's worst quality? Nothing bad observedCheck all that apply to this dog's personality Friendly, AffectionateIn your own words, describe this dog's personality while out of the shelter She loves people and attention, does great in her crate at night. Energy level is medium.Did this dog have an potty accidents while in your care? No- Likely potty trained. No accidents!What was this dog's activity level on a scale from 1-4? 2-Medium Energy (Alternates rest and play)Which behaviors does this dog need improvement on, if any? Nothing! They are practically perfect in every way!How cuddly is this dog? 4-Super snugglerWhen this dog played did they typically We didn’t play since she was just spayedHow long was this dog left alone? The dog was not left aloneIf you left this dog alone, was it Not aloneWhen this dog was left alone did they show any of the following behavior? Not aloneHave you seen them act aggressively toward anyone while they wee in your care? NoPlease tell us anything you would like us to know about this dog to help us find it an adoptive home She really is super sweet and just wants to be petted 24/7Would you like to be notified if this animal is ever at risk for euthanasia? YesIf the animal is still here in 30 days, would you like us to check in with you? YesWould you like to be notified if this animal is ever at risk for euthanasia? Yes",7/2/2025,L1
221,A0058844546,Dog,Independence,03 year(s) 08 month(s) 28 day(s)," White / Black Terrier, American Pit Bull / Mix",Available,Foster Foster Home,7/5/2022,S,51,1,7/4/2025 12:11 AM,L1,941010003791282,,Positive,7/8/2026,Pregnant/Nursing w/Mom,,,,,7/5/2025 Easily handled while in intake and during exam.,,7/4/2025,L1
222,A0058844555,Dog,Bruce,03 year(s) 08 month(s) 28 day(s)," Brown Terrier, American Pit Bull / Mix",Available,Dogs 603 A6,7/5/2022,N,62,3,3/18/2026 10:39 AM,L1,941010003830927,,,,,,,,,,,3/18/2026,L1
223,A0058855489,Dog,Tyson,03 year(s) 08 month(s) 25 day(s),"Brindle Brown / Black Mixed Breed, Large (over 44 lbs fully grown) / Mix",Available,Foster Foster Home,7/8/2022,N,67,3,7/7/2025 11:14 AM,L2 - SF,941010003930975,,Negative,7/13/2026,Lack of Space,,,,,"7/8/2025 Very nervous & showing signs of stress/fear, & whale eye in kennel but no aggression shown. Otherwise easily handled in kennel & during exam. ","7/8/2025 TYSON – Found Pet Does this dog take any medication or have any known medical issues, injuries, or allergies? If yes, please explain NoHow long have you had this dog? 3 daysThis dog is a Lost Pet ( Found pet/Stray)When was the first time you saw this dog? Last yearHave you fed this dog? YesWould you consider this dog to be friendly? YesDo you know where this dog lives/who owns this dog? Yes but they said they don't want him backHave you seen them show aggressive behavior towards anyone? NoPlease tell us anything you would like us to know about this dog to help us find it an adoptive home He is a very shy and scared boy but warms up after a few days. He is super sweet and super chill indoors. Once he trusts you he will come to you to ask for love. He is potty trained, crate trained, and does well with other dogs. He is around 1.5 yrs old. He is treat/food motivated. He does pull on a leash but he's never been on a leash before. He doesnt have an issue with baths or car rides, you'll just have to help him up. He just needs someone to give him a chance, he will make a great family member.Would you like to be notified if this animal is ever at risk for euthanasia? YesIf the animal is still here in 30 days, would you like us to check in with you? Yes

7/21/2025 TYSON – Weekend Warrior Timestamp 2025-07-20 15:50:29Does this dog take any medication or have any known medical issues, injuries, or allergies? If yes, please explain DoxycyclineHow long have you had this dog? 3 days weekend warriorThis dog is a Weekend Warrior (I have had this pet for less than 3 nights as a Weekend Warrior)Did this dog have any interactions with the following while with you? [Dogs ] Positive InteractionDid this dog have any interactions with the following while with you? [Cats] No InteractionDid this dog have any interactions with the following while with you? [Men ] Positive InteractionDid this dog have any interactions with the following while with you? [Women ] Positive InteractionDid this dog have any interactions with the following while with you? [Children ] Positive InteractionHow was this dog on a leash while with you? Pulls very hardDoes this dog know any commands? Which ones? Not yetIn your opinion, what is this dog's best quality? Super chillIn your opinion, what is this dog's worst quality? Pulling on leashCheck all that apply to this dog's personality Shy, Polite, Fearful, Playful, AffectionateIn your own words, describe this dog's personality while out of the shelter He does well once you gain his trust. He likes to play fetch but rarely brings the ball back. Thanks you with lots of kisses. Likes to play once he comes out of his shell. Does amazing in a crate. Food motivated. Was fearful inside of pet supplies so needs work on socializing. Loved his walks, 2 a dayDid this dog have an potty accidents while in your care? No- Likely potty trained. No accidents!What was this dog's activity level on a scale from 1-4? 2-Medium Energy (Alternates rest and play)Which behaviors does this dog need improvement on, if any? Socializing in new places, pulling on leashHow cuddly is this dog? 1- Let's get to know each other before cuddlingWhen this dog played did they typically LickHow long was this dog left alone? 4-8 hoursIf you left this dog alone, was it CratedWhen this dog was left alone did they show any of the following behavior? NoneHave you seen them act aggressively toward anyone while they wee in your care? NoPlease tell us anything you would like us to know about this dog to help us find it an adoptive home He just needs 3 days with a person to come out his shell.Would you like to be notified if this animal is ever at risk for euthanasia? YesIf the animal is still here in 30 days, would you like us to check in with you? Yes",7/7/2025,L2
224,A0058858235,Dog,Morning Walk,04 year(s) 08 month(s) 25 day(s)," Grey / White Terrier, Pit Bull / Mix",Available,Foster Foster Home,7/8/2021,N,46,3,7/7/2025 02:26 PM,L2 - OA,941010003875026,Pending,Negative,7/20/2026,Lack of Space,,,nan,,7/8/2025 Hyper in intake kennel but still easily handled.Once in the exam room he became very hyperactive & began barking with stiff body language. Muzzled for precaution during exam. ,,7/7/2025,L2
225,A0058867555,Dog,Prince Tonne,04 year(s) 08 month(s) 24 day(s)," Black / White Terrier, Pit Bull / Mix",Available,Foster Foster Home,7/9/2021,N,90,3,7/8/2025 03:33 PM,L1,941010003904543,Little to no play,Positive,7/13/2026,,,,"nan

8/18/2025 Could coexist with other dogs but has no interest. He will allow other dogs to overtake him and push him around due to not correcting. Very gentle and submissive.",,"7/9/2025 Easily handled in intake kennel & during exam. 

8/2/2025 Kennel tech (Olivia) stated that when she walks Prince Tonne on leash to the yards during cleaning, he pulls hard on the leash and lunges at other dogs in their kennels. She wasn't sure if he was excited to interact or being aggressive.  - Ashley McMahon",,7/8/2025,L1
226,A0058870423,Dog,Sammy,03 year(s) 08 month(s) 02 day(s)," Tan / White Terrier, American Pit Bull / Mix",Available,Foster Foster Home,7/31/2022,N,50,3,7/8/2025 10:25 PM,L1,941010003941369,Pending,Negative,7/10/2026,Medical,,,nan,,7/9/2025 easily handled,,7/8/2025,L1
227,A0058875618,Dog,Jewel,04 year(s) 08 month(s) 22 day(s)," Black / White Terrier, American Pit Bull / Mix",Available,Foster Foster Home,7/11/2021,S,74,3,9/4/2025 06:30 PM,L2-H/OA/OD,941010003915872,Little to no play,Positive,8/7/2026,Lack of Space,,,9/1/2025 Jewel is an independent girly. Came in only interested in sniffing around the yard. Let other dogs approach her and had good body language. Showed no signs that she wanted to play but was fine coexisting in the yard.,,"7/11/2025 very protective of pups go slow when leashing very food motivated very stressed in kennel may be BE hard to tell if she is just being protective alarm barking growling hard staring while in intake muzzled for precaution during exam.unable to focus/redirect signs of stress/fear tense muscles.

8/2/2025 Personality: friendly, solicits attention, easygoing, anxiousDog Test 1: n/aDog Test 2: n/aMedical: ears super crusty, blood tinged discharge from vagina, one boob is very warm in comparison to the others (med write up submitted)How Do I Handle Stress? well. gave her a bath in the sally port and while she attempted to jump out a few times, she didn't fight when we pulled her back in and was tolerant of being shampooed and sprayed with waterWhat Do I Need Help With Most? anxiety. after her bath she was placed on leash and pulled extremely hard to get to the door, then once in the pasture she cried and paced by the barn door - would come up to ashley and myself for pets but then go back to the barn door and whine.  The Most Memorable Thing About Me: she sits very nicely when you interact with her. when she gets excited she'll jump up on you Intake Info:What is my strategic out? adoption/foster; easy to handle, needs dog testOngoing care:Other notes: she was given two high value treats which she took nicely but removed herself from where we were to eat it. was given a treat while in the tub and she held it in her mouth but would not eat it - looked for an exit to go eat it away from us. had no issue eating regular food in front of us, she was more apprehensive about high-value treats

8/8/2025 Request a level down, L2-A, she was eager to go outside during my walk through so I opened her kennel door and allowed her to walk to the yard. Once in the yard she went potty and then seeked pets and attention. Brought back inside and she would not go back in her kennel. She kept jumping up on me seeking attention. Loves butt scratches. Leashed to get back in kennel, no issues leashing or unleashing- DG Took out 8.8.25.  No BR, happy to be leashed and walk around, loose body language.  Was okay to be touched but would pause and not wag tail.  Still having discharge coming out of her privates so she may feel tender and not be used to it.  Was great going back inside when I put a treat on her bed.  I'm recommending L2 but BH.  -CW

9/6/2025 I took Jewel to the pasture for some play time. I removed the leash & allowed her to run. I found a ball & began throwing it for her & playing with her. She became over aroused & began jumping & nipping at my arms. I tried to redirect her attention back to the ball, & she began to nip harder & left a bruise on the inside of my left arm. After sternly giving the NO command, she seemed to listen & redirected back to playing & sniffing around the field. Easily leashed & walked back to intake. 

9/9/2025 Allie and I took Jewel to the field yesterday to let her use the bathroom. When we got out there, she was instantly fixated on a dog walking the trail with a volunteer. We tried to interrupt her fixation and initiate play, but she instantly became over aroused and started jumping on Allie and biting her arms and stomach. Allie tried to push her off, but she just started biting harder, so I pulled her back by her leash and decided to bring her back inside. No issues walking her in or placing her back in her cage.",9/4/2025 Jewel killed the adopter's cat within hours after getting home. Returning,9/4/2025,L2
228,A0058879473,Dog,Mr Brown,02 year(s) 08 month(s) 22 day(s)," Brown Terrier, Pit Bull / Mix",Priority,Foster Foster Home,7/11/2023,M,59,3,7/10/2025 10:36 AM,L1,941010003898210,Little to no play,Positive,7/20/2026,Lack of Space,,,"nan

8/18/2025 Roamed the yard and took some time to warm up. Initiated calm play with gentle dogs but would low growl as a correction to more high energy dogs.",,"7/11/2025 Easily handled in intake kennel. Muzzled for precaution during exam.

8/11/2025 No longer SF Taken out on 8.11.2025. Very loose body language, happy to be pet and walked.  Takes treats easily.  Leveling down- CW",,7/10/2025,L1
229,A0058882547,Dog,Leeanne,06 year(s) 08 month(s) 21 day(s),"Brindle Brown / White Terrier, Rat / Mix",Available,Foster Foster Home,7/12/2019,S,67,3,7/10/2025 02:31 PM,L1,941010003889581,Tag,Positive,7/20/2026,Lack of Space,,,"nan

8/26/2025 Very odd player. She would run up to a dogs, get stiff, do a play bow, and then run away and come back and bulldozed them over. Awkward player ",,"7/12/2025 Easily handled while in intake and during exam.

8/30/2025 Easily handled while in intake and during exam.","8/24/2025 LEEANNE – Weekend Warrior Timestamp 2025-08-22 11:18:23Does this dog take any medication or have any known medical issues, injuries, or allergies? If yes, please explain. HW+How long have you had this dog? 3 nightsThis dog is a... Weekend Warrior (I have had this pet for less than 3 nights as a Weekend Warrior)Did this dog have any interactions with the following while with you? [Dogs ] Positive InteractionDid this dog have any interactions with the following while with you? [Cats] No InteractionDid this dog have any interactions with the following while with you? [Men ] Positive InteractionDid this dog have any interactions with the following while with you? [Women ] Positive InteractionDid this dog have any interactions with the following while with you? [Children ] No InteractionHow was this dog on a leash while with you? Some pulling, but manageable, did slightly lunge/try to chase @ passing bicyclists on BeltlineDoes this dog know any commands? Which ones? sit, go pottyIn your opinion, what is this dog's best quality? sweet, affectionateIn your opinion, what is this dog's worst quality? didn't see anyCheck all that apply to this dog's personality... Friendly, Independent, Polite, Goofy, Playful, AffectionateIn your own words, describe this dog's personality while out of the shelter. easy-going/not demanding, loves affection/also independent, funny/goofy/playful around resident dogs, quiet, enjoys sniffing while on walks. Leeanne maybe scared of t-storms. About an hr after getting her home a strong t-storms popped up and she was freaked out.Did this dog have an potty accidents while in your care? No- Likely potty trained. No accidents!What was this dog's activity level on a scale from 1-4? 1-Low energy (Couch potato), 2-Medium Energy (Alternates rest and play)Which behaviors does this dog need improvement on, if any? Nothing! They are practically perfect in every way!How cuddly is this dog? 2-I'm affectionate with friendsWhen this dog played did they typically... lots of play bows - seems to have G/D playstyleHow long was this dog left alone? Less than 4 hoursIf you left this dog alone, was it... CratedWhen this dog was left alone did they show any of the following behavior? quiet/good in crateHave you seen them act aggressively toward anyone while they wee in your care? NoPlease tell us anything you would like us to know about this dog to help us find it an adoptive home. Leeanne would be good for 1st time pet owner/foster.Would you like to be notified if this animal is ever at risk for euthanasia? YesIf the animal is still here in 30 days, would you like us to check in with you? Yes

9/2/2025 LEEANNE – Weekend Warrior Timestamp 2025-08-29 16:08:03Does this dog take any medication or have any known medical issues, injuries, or allergies? If yes, please explain. noHow long have you had this dog? 3 nightsThis dog is a... Weekend Warrior (I have had this pet for less than 3 nights as a Weekend Warrior)Did this dog have any interactions with the following while with you? [Dogs ] Positive InteractionDid this dog have any interactions with the following while with you? [Cats] No InteractionDid this dog have any interactions with the following while with you? [Men ] Positive InteractionDid this dog have any interactions with the following while with you? [Women ] Positive InteractionDid this dog have any interactions with the following while with you? [Children ] No InteractionHow was this dog on a leash while with you? Some pulling, but manageable, on pack walks she'll pull cause she's so excited bit manageable w/ front clip harness & martingale collarDoes this dog know any commands? Which ones? sit, come, crate, go.pottyIn your opinion, what is this dog's best quality? affectionate & wiggle buttIn your opinion, what is this dog's worst quality? has been reactive to bicyclesCheck all that apply to this dog's personality... Friendly, Goofy, Playful, AffectionateIn your own words, describe this dog's personality while out of the shelter. Friendly, affectionate, enjoys attention but doesnt demand it, balance of playfulness & being chillDid this dog have an potty accidents while in your care? No- Likely potty trained. No accidents!What was this dog's activity level on a scale from 1-4? 1-Low energy (Couch potato), 2-Medium Energy (Alternates rest and play)Which behaviors does this dog need improvement on, if any? Nothing! They are practically perfect in every way!How cuddly is this dog? 2-I'm affectionate with friendsWhen this dog played did they typically... Jump, playbows, rolled around, chasedHow long was this dog left alone? Less than 4 hoursIf you left this dog alone, was it... CratedWhen this dog was left alone did they show any of the following behavior? sometimes would whine but settled quicklyHave you seen them act aggressively toward anyone while they wee in your care? NoPlease tell us anything you would like us to know about this dog to help us find it an adoptive home. Leeanne has been reactive to bicycles when passing her on walks... and it doesn't help when a bicyclist comes flying pass from behind and doesn't announce their approach. ??Would you like to be notified if this animal is ever at risk for euthanasia? YesIf the animal is still here in 30 days, would you like us to check in with you? No",7/10/2025,L1
230,A0058897336,Dog,Proton,01 year(s) 02 month(s) 20 day(s)," Black Terrier, Pit Bull / Mix",Available,Foster Foster Home,1/13/2025,S,60,3,7/12/2025 03:51 PM,L1,941010002698938,,Negative,7/12/2026,Lack of Space,,,,,"7/12/2025 snappy during vetting, Muzzled for precaution ",,7/12/2025,L1
231,A0058900557,Dog,Houdini,03 year(s) 08 month(s) 19 day(s)," Brown / White Terrier, Pit Bull / Mix",Available,Foster Foster Home,7/14/2022,N,36,3,7/13/2025 10:10 PM,L2-EA,941010002707611,Neutral,Positive,7/20/2026,Lack of Space,,,"nan

9/12/2025 friendly gate greetings, stiff during interactions with dogs, remained tolerant, seems under socialized but might open up with more confident dogs. fun police!",nan,"7/14/2025 Easily handled while in intake and during exam.

9/10/2025 "" Houdini is an escape artist. I watched him get out of a playpen multiple times. The first time he was jumping up and hitting the gate latch, so much so that he got it to unlatch and was able to run around. I then put him back in, latched it and tied it with a leash, and he was able to unlatch it again and slide through the gap and get out again. ""Leveling to L2 -EASourced from QR CODE - 9/8/2025  Allie Chapman",,7/13/2025,L2
232,A0058901520,Dog,Mr Bongo,05 year(s) 08 month(s) 19 day(s)," Brown Retriever, Labrador / Mix",Available,Foster Foster Home,7/14/2020,N,69,3,7/14/2025 02:32 AM,L2-A,941010003870080,Friendly,Negative,7/20/2026,Lack of Space,,,"8/13/2025 greeted all dogs nicely, was out in the yard for about 10 minutes and did well with 7 dogs. he then became focused on ruffetta and kept mounting her and was no longer steerable. high energy dogs may be too much for him, would recommend going to a group with calmer dogs only. ",nan,"7/14/2025 Easily handled but muzzled as a precaution for exam. doesn't like vetting.

8/31/2025 When assessing neighboring dogs Mr. Bongo would not stop jumping off the walls, barking, and foaming at the mouth so much so that he was exhausted afterward.  He still seemed anxious when I walked by later.  Reading back on notes he also did not do well with vetting so I am leveling him up to L2-A/H for that reason of previous body handling issues during vet check so that it is noted for potential adopters.  He has done playgroups and has done well with people.-CW",,7/14/2025,L2
233,A0058902637,Dog,Papi,01 year(s) 08 month(s) 18 day(s)," Grey Mixed Breed, Large (over 44 lbs fully grown) / Mix",Court,Dogs 204 5,7/15/2024,M,59,2,7/14/2025 11:31 AM,L2-OA,,,Negative,,,,Court Mandate,,,"7/15/2025 Easily handled in intake kennel & during exam. 

8/19/2025 Per staff- leveled up to L2-OA due to him being over-aroused in the kennel.",,7/14/2025,L2
234,A0058911318,Dog,Celeste,05 year(s) 08 month(s) 17 day(s)," Grey / White Terrier, Pit Bull / Mix",Priority,Foster Foster Home,7/16/2020,S,56,3,12/10/2025 05:41 PM,L2-LR,941010002719053,No PlayGroup- Slow Intros,Negative,7/17/2026,Trial Adoption,,,nan,,"7/16/2025 easily handled

8/24/2025 Observed kennel tech bringing her inside from the yard. She was pulling on leash and heavily panting. Kennel tech stated she had been fence fighting with another dog while she was outside.",,12/10/2025,L2
235,A0058916541,Dog,Tico,02 year(s) 08 month(s) 17 day(s), Tan / Black Mastiff / Mix,Available,Foster Foster Home,7/16/2023,N,84,3,12/13/2025 01:20 PM,L3- SD,941010003779344,Tag,Negative,7/20/2026,Trial Adoption,,,"8/14/2025 needs slow, respectful intro to dogs - attempted to intro him to skippy and he attempted to bite him when skippy came in to the yard ready to play. meeting ruffetta he did well and offered a few play bows but allowed her to control the interaction. she offered a correction which he took very well and backed off until she approached him again. introduced him to sly who had a milder approach and tico displayed a super wiggly butt and took turns play bowing with sly.  sly kept moving around tico to attempt to approach marissa but tico blocked him and wouldn't let him approach. ",,"7/16/2025 easily handled

7/29/2025 No BR observed at time of focus group. He was friendly and calm at the gate with a tail wag and eagerly accepted treats. I asked Dennis, who was working in his area, what his experience has been with Tico. He advised Tico shows concerning BR. We let Tico over to the outside portion of the run given how high the FAS in 501 was at the time. He was easily leashed and retrieved by May and brought to the play yard. Eagerly solicited attention from myself, Maddie and May. Investigated the yard and eliminated. He stood still for a moment and stared at the dogs across from him and hackles briefly rose but he was easily redirected by calling him over. He knows sit and shake. Easily returned to the kennel.

8/14/2025 brought tico out to do a dog test. when we approached ashley he began growling and barking. could not get him near her with or without a barrier. ",,12/13/2025,L3
236,A0058920051,Dog,Rosie,05 year(s) 08 month(s) 16 day(s)," Tan / White Terrier, Pit Bull / Mix",Available,Foster Foster Home,7/17/2020,S,78,3,7/16/2025 12:46 PM,L1,982126057239593,Pending,Negative,7/19/2026,Lack of Space,,,nan,,7/17/2025 easily handled while in intake and during exam.,"7/29/2025 ROSIE – Weekend WarriorTimestamp 2025-07-27 13:01:06Does this dog take any medication or have any known medical issues, injuries, or allergies? If yes, please explain. Cepnalexin for her skinHow long have you had this dog? 4 daysThis dog is a... Weekend Warrior (I have had this pet for less than 3 nights as a Weekend Warrior)Did this dog have any interactions with the following while with you? [Dogs ] No InteractionDid this dog have any interactions with the following while with you? [Cats] Positive InteractionDid this dog have any interactions with the following while with you? [Men ] Positive InteractionDid this dog have any interactions with the following while with you? [Women ] Positive InteractionDid this dog have any interactions with the following while with you? [Children ] No InteractionHow was this dog on a leash while with you? Great on a leashDoes this dog know any commands? Which ones? SitIn your opinion, what is this dog's best quality? Will patiently follow you around super sweet girl.In your opinion, what is this dog's worst quality? She won’t make in more than a hundred feet on a walk.Check all that apply to this dog's personality... Friendly, Polite, Goofy, AffectionateIn your own words, describe this dog's personality while out of the shelter. Sweet girl that just wants to hang out with you. Crate trained very smart. Huge couch potato but very calm.Did this dog have an potty accidents while in your care? No- Likely potty trained. No accidents!What was this dog's activity level on a scale from 1-4? 1-Low energy (Couch potato)Which behaviors does this dog need improvement on, if any? Nothing! They are practically perfect in every way!How cuddly is this dog? 4-Super snugglerWhen this dog played did they typically... N/aHow long was this dog left alone? 4-8 hoursIf you left this dog alone, was it... CratedWhen this dog was left alone did they show any of the following behavior? Perfectly crate trained and potty trained!Have you seen them act aggressively toward anyone while they wee in your care? NoPlease tell us anything you would like us to know about this dog to help us find it an adoptive home. She’s super low maintenance the only time she’ll wine is when she wants more pets! She has no prey drive and was friendly with our pet bunny. Sweet sweet girl that’s crate trained and potty trained. She just wants someone to hangout with and is fine to be left alone for a few hours.Would you like to be notified if this animal is ever at risk for euthanasia? YesIf the animal is still here in 30 days, would you like us to check in with you? No",7/16/2025,L1
237,A0058936565,Dog,Tito Ali,03 year(s) 08 month(s) 14 day(s)," Grey Mixed Breed, Large (over 44 lbs fully grown) / Mix",Available,Foster Foster Home,7/19/2022,N,53,3,7/18/2025 02:00 PM,L2-SF,985113009424857,Pending,Negative,7/20/2026,Lack of Space,,,nan,,"7/19/2025 Frozen, whale eye, very scared, lots of lip licking. fine being handled just needs encouragement. easily handled for exam.","7/18/2025 Timestamp 2025-07-18 13:49:13Dog's name: titoDoes this dog take any medication or have any known medical issues, injuries, or allergies? If yes, please explain noHow long have you had this dog? yearThis dog is a Owner Surrender (This pet has never been to this shelter before)Where did you get this dog? Found as a stray.How old is this dog? yearHow old was this dog when you got them? a couple monthsWhy do you need to surrender this dog? movingPlease explain in your own words, why you need to surrender this dog today? moving and cant takeWhile in your care, did this dog live with children? YesIf this dog lived with or interacted with children, how old were the children? 2 yearsHow would you describe this dog's behavior towards the children? Mostly Friendly, Nervous, ScaredIf this dog has had issues with children that include behavior such as growling, snapping, or showing teeth, please describe the circumstance, tell us how often and give as much detail as possible noWhat other animals did this dog live with in your home? Small dog(s), Large dog(s), CatsIf other animals lived in the home, how well did this dog get along with them? greatIf this dog met or played with other dogs please describe their body language: Excited, Jumpy, NervousHas this dog ever fought with another dog? If yes, please describe the incident noHas this dog ever injured another dog? If yes, please describe the incident noHow does this dog react when they see a prey animal (squirrel, mouse, bird) or cat outside? Kinda pullsHas this dog ever killed a prey animal or pet? If yes, please describe the incident noIs there any other information you would like to share about this dog interacting with other animals? noWhere did this dog spend most of their time? InsideDo you have a fenced yard? YesIf you do not have a fenced yard, do you: Walk the dog on a leashHow did you exercise this dog? WalksHow often did you exercise this dog? 3-4 days a weekWhat kind of collar did you use for this dog? Buckle collarHow was this dog on a leash? Great on a leash, Some pulling, but manageableHave you ever taken this dog to a training class? NoWhat commands does this dog know? sitWhich behaviors does this dog need improvement on? dependsWhen the dog played did they typically Jump, Bark, Bite lightlyHow long each day was this dog left alone inside your home? a couple times a weekWhen left inside your home alone, was this dog Able to roam freeWhen this dog was left alone did they show any of the following behaviors? None of theseIs this dog crate trained? No! (tries to escape, cries, uses the bathroom)How often did this dog have potty accidents in the house? NeverHow often did this dog destroy things other than toys? RarelyIf this dog destroys things, is it only when left alone? YesWhat items did this dog destroy? socks and fluffy toysWhat does this dog do when a stranger/visitor comes into the house? barksWhat does this dog do when a stranger tries to pet them? allowsWhat does this dog do when you or someone else goes near the food bowl while they are eating? nothingWhat does this dog do when someone tries to take away toys, bones, food, or anything the dog decides is valuable? nothingWhat does this dog do when someone tells them to get off of furniture? gets offWhat is this dog's best quality? LovingWhat is this dog's worst quality? AcidentsCheck all that apply to this dog's personality: Friendly, ShyIn your own words, describe this dog's personality lovingWhat is this dog afraid of? How do they react? alotAll dogs have sensitive places headHave you seen them act aggressively toward anyone? NoWould you like to be notified if this animal is ever at risk for euthanasia? NoIf the animal is still here in 30 days, would you like us to check in with you? No

8/21/2025 TITO ALI – Weekend Warrior Timestamp 2025-08-18 17:30:45Does this dog take any medication or have any known medical issues, injuries, or allergies? If yes, please explain. Doxy for kennel coughHow long have you had this dog? 3 daysThis dog is a... Weekend Warrior (I have had this pet for less than 3 nights as a Weekend Warrior)Did this dog have any interactions with the following while with you? [Dogs ] Positive InteractionDid this dog have any interactions with the following while with you? [Cats] No InteractionDid this dog have any interactions with the following while with you? [Men ] Positive InteractionDid this dog have any interactions with the following while with you? [Women ] Positive InteractionDid this dog have any interactions with the following while with you? [Children ] No InteractionHow was this dog on a leash while with you? Some pulling, but manageableDoes this dog know any commands? Which ones? Sit, lay down, stayIn your opinion, what is this dog's best quality? Sweet and playfulIn your opinion, what is this dog's worst quality? ScaredCheck all that apply to this dog's personality... Friendly, Shy, Fearful, Playful, AffectionateIn your own words, describe this dog's personality while out of the shelter. Shy but warmed up. Very sweet and chillDid this dog have an potty accidents while in your care? No- Likely potty trained. No accidents!What was this dog's activity level on a scale from 1-4? 1-Low energy (Couch potato)Which behaviors does this dog need improvement on, if any? Nothing! They are practically perfect in every way!How cuddly is this dog? 2-I'm affectionate with friendsWhen this dog played did they typically... ToysHow long was this dog left alone? Less than 4 hoursIf you left this dog alone, was it... Able to roam freeWhen this dog was left alone did they show any of the following behavior? SleptHave you seen them act aggressively toward anyone while they wee in your care? NoPlease tell us anything you would like us to know about this dog to help us find it an adoptive home. He’s an angel!!Would you like to be notified if this animal is ever at risk for euthanasia? YesIf the animal is still here in 30 days, would you like us to check in with you? Yes

9/28/2025 TITO ALI – Foster notesTimestamp 2025-09-25 18:02:24Best Way to Contact EmailFoster Dog Name (in shelter) Tito AliBest Time to Contact anytime if by email, will usually answer within a dayDo you have any dates coming up that you need a foster petsitter for? 2025-10-10 00:00:00General Personality Low energy overall but getting more energetic as he comes out of his shell. Tito is often timid and anxious but has shown playfulness.Daily Routine goes outside, I throw a toys and he chases them. I was able to walk him for the first week but he is refusing to walk now.What food do they eat? dry dog food, treats like milkbone or jerkyWhat would be an ideal home and family for your foster? I think a home with another pet, maybe one with more energy that will engage Tito but also give him his space. I think a small dog would be better but a large dog will be OK as long as it is not aggressive or territorial. Tito is a good dog and will be a good family member but he has been abused, I am not the only one who has made that observation. In a recent discussion with a trainer at PetSmart he stated that Tito needs lots of love in order to build his confidence and I think that is spot on. Whoever adopts Tito will hopefully shower him with love and attention.On a scale of 1 to 5, potty trained? 4.0Does your foster use a kennel without excessive barking/whining, escape attempts, or destruction? I have put Tito in a crate for a couple of hours. He does not go in willingly and has to be prodded but he will go in. He does not bark or whine, but it takes a while for him to relax. I am fostering puppies at the moment and the crate is being used for them, but once they are leaving on/around October 3 and after that I will work on increasing the time Tito spends in the crate. When inside, Tito ""hides"" behind a chair in my living room. This is not a good thing but just noting that he does not run around the house and does not jump on furniture and does not scratch and chew on things.Where do they sleep at night? behind a chair in the living roomDo they sleep through the night? Unfortunately Tito has started peeing and pooping indoors overnight, that is a regression because he did not do it at first. I tend to get up in the middle of the night and am making a point of sending him outside to go potty. IIRC when I have gotten up during the night, he would get up and shift about. I think that I recall him going to his food dish or water dish during the night. Whatever he does, he is not noisy .Has he / she been exposed to any kids? If yes, what ages? How did it go? Not with me. I think he would do well with kids school age and olderHas he / she been exposed to any cats? If yes, how did it go? Yes. He is definitely not aggressive. He is mostly indifferent, sometimes he is mildly curious or somewhat scared. .Do they prefer men or women? Tito can get very timid or anxious around men and women, may a bit moreso with men, but he has responded positively to men.Does he / she live with another dog? Not at the moment but according to his profile he has in the past.Has he / she been around other dogs? When he is in my fenced yard and a dog comes by, he gets excited and runs up to the closest place with the dog. He did not used to bark but he now barks.Does he / she know any basic commands? Which ones (Sit, stay, come, lay down, etc) ? He knows sit.Is your foster dog leash reactive? What makes them bark/lunge on leash? No.What devices do you use to walk your dog? (Type of harness, collar, etc) Harness or collar and leash but Tito has been refusing to go on walks. He may walk a few feet away from my house and will just stop and refuse to move other than to go back to my house. Again Tito has experienced trauma and when I did walk him he had anxious moments, but I am not sure if this is about anxiety or Tito making it know that he prefers to be in the fenced yard.Leash Walking Rating 1.0How does your foster do in the car? Hard to get in the car, but once in the car he can be anxious (panting) but he is getting better.How does your foster do for a bath? I have not given him one yet.Energy level 2.0How much exercise does it take to tire them out? I can throw a toy around 4-6 times. When he allowed himself to be walked, we were able to circle my street. so that would be about mile.If they don't get enough exercise, what happens? Don't KnowA perfect day for your foster would include ____________? laying out in the sun on a not too hot / not too cold day. Being able to chase toys. Eat a few nice treats. Getting pets and affection from humans. Playing with a non-threatening dog.How cuddly are they? 3.0Favorite toys or games? rope toysTell us a fun story about your foster He was very resistant to going to his first foster event but when he got there he interacted very well with the other dogs, was not anxious about the cars and trucks on a busy street. He was a bit timid with some humans but warmed up, especially when treats were introduced.I love my foster and think he/she is fabulous because _____________? He is very sweet and playful.What makes him/her nervous or unhappy? Unfortunately Tito is often anxious. He can get nervous around people at times, cars and trucks driving by, going on walks, loud noises, a human hold a stick-like object.Overall, how are your foster's manners? (some examples: Jumps on people? Mouthy? Gets into trash?) Tito has good manners. When he comes out if his shell, he may jump on people. I doubt if it will be anyone, just probably those he knows best and it will be his way of saying he is happy to see them or wants to play.Does your foster have any behavioral issues or quirks? Stubborn and won't follow commandsDoes your foster have any medical issues? He is currently limping.Anything else you want to share? Good dog, needs love.Facebook Presence 1.0Instagram Post Presence 1.0Instagram Stories Presence 1.0Nextdoor Presence 3.0Youtube Presence 1.0Other social media platforms utilized? None but will contribute to Lifeline's FCAS' social media.What was the date of the last adoption event you took your foster to? 2025-09-20 00:00:00What prevents you from taking your foster to (more) events? (check all that apply) I have taken Tito to 3 events and am going to take him to an event on Saturday. So far there have been events that are not too far away, Starting in October, I will only be able to do weekend events - Saturday afternoons and Sundays.What gear & materials do you utilize to help get your foster recognized? (check all that apply) Adopt Me bandana, Adopt Me harnessWhen was the last time you took your foster out on the town? Last SaturdayWhat prevents you from taking your foster out on the town more often? (check all that apply) Unsure about dog friendly locations near me, Not sure what is allowed, my understanding is that fosters cannot go to dog parks. Can't afford anything too pricey.What do you think is preventing your foster from being its most-adoptable self? (check all that apply) Housetraining, I don't have time to market them, I do market Tito but still could use more time. Tito is a pit bull, he is very sweet and not aggressive but unfortunately the market is flooded with his breed. Tito has trauma but I believe that there are people who are willing to give him love to make him feel confident. I am more concern about him not following commands, going potty in the house and refusing to go on walks. I am open to getting any assistance with getting Tito on the right track and have discussed this with the team at FCAS.How can we help? Social media partner, Printed Materials (business cards / flyers), Training, Be on the lookout for an adopter who can provide Tito a good home and offer options to them like Foster to Adopt, Dog for the Day, Weekend Warrior,What day do you give your foster heartworm and flea/tick preventatives? Gave on 9/22. The email that was sent when I got Tito said he takes his preventatives on the 18th.Are you interested in adopting your foster pet? NoWould you be willing to have your foster dog transfer to a rescue partner? Yes",7/18/2025,L2
238,A0058943849,Dog,Stitch,04 year(s) 08 month(s) 13 day(s)," Black / White Terrier, Pit Bull / Mix",Available,Foster Foster Home,7/20/2021,N,50,2,7/19/2025 03:44 PM,L2-SF,941010003958413,Gentle Play,Positive,8/28/2026,Lack of Space,,,8/5/2025 Was terrified walking to the yard. He had to be carried into the catchpin. Once he was in the catchpin and saw the dogs he went from being pancaked to standing with a small wagging tail. He came into the yard very shy but immediately got more confident when he was around another dog. He was very soft and gentle with the dogs but when it was time to leave the yard he had to be carried again. He would really benefit from a dog sibling.,,"7/20/2025 Shut down, does not want to walk and has to be carried. During the intake exam low tail wags but still not wanting to walk otherwise easily handledSigns of stress/fearstartles easilyFrozen/Stuck in place

8/1/2025 Showing signs of kennel stress- barking, drooling",,7/19/2025,L2
239,A0058952168,Dog,Timba,03 year(s) 08 month(s) 12 day(s)," White / Brown Terrier, Pit Bull / Mix",Available,Foster Foster Home,7/21/2022,N,65,3,7/21/2025 10:32 PM,L1,941010003013592,1:1 Socialization,Negative,9/6/2026,Lack of Space,,,"8/13/2025 entered the yard fairly stiff initially but after greeting all dogs displayed more neutral body language. independently checked out the yard and trotted around, was very tolerant of conbo mounting him until conbo would get off and walk away, then harkness would chase after him growling then stand over him. displayed same behavior with whopper jr. when dogs began running around the yard, he perked up and chased after them in the same manner he chased after conbo and whopper jr, but stopped short of growling or standing over any of the dogs. he was attacked by adam after accidentally running into him while chasing other dogs, received a few punctures to his neck, did not attempt to fight back. 

9/16/2025 retested harkness due to him being attacked in a prior playgroup. he was extremely terrified and avoidant of the other dogs. he was never offensive or defensive towards the other dogs, just extremely avoidant and didn't want to be around them.","8/13/2025 see play style assessment note. did fine co-existing with a big group, but attempted a few times to chase down and stand over a few of the dogs. he showed interest in chasing after dogs while displaying looser body language and no growling/attempts to stand over them, but he was attacked by adam and may need some 1:1 sessions to determine overall dog sociability. ","7/22/2025 easily handled

8/13/2025 attacked by a dog during playgroup - received a few punctures to his neck and became very sensitive to being touched near the wounds. i was able to look at the punctures and loosen the collar immediately after he was removed from the yard and he gave no indication that he did not want me touching his neck, but by the time he was replaced in his kennel he growled at me when i went to remove his collar so i left it on him. i visited him on thursday and he let me pet his muzzle, the top of his head, and his chest while giving me kisses, but his head twitched when i got close to his neck. advised staff working in his area to keep an eye on him to ensure the collar doesn't get hung up on anything, will reattempt removal after he's had time to heal. 

8/26/2025 very stoic during initial interaction. after marking the yard 100 times he began nonchalantly soliciting attention. he allowed full body pets and let me scratch his neck and pat his chest, but was hesitant about me loosening the collar to remove it - opted to leave it. spent a total of 20 minutes with him and by the end of our interaction he was jumping up on me excitedly. 09/05/2025 totally different dog when he has a toy. he bounces around and will jump up on you offering his toy for you to throw!! was able to remove his collar finally without negative reaction, allowed full body pets. ",,7/21/2025,L1
240,A0058952549,Dog,Tinko,03 year(s) 08 month(s) 11 day(s)," Black / White Terrier, Pit Bull / Mix",Urgent,Foster Foster Home,7/22/2022,N,52,3,10/2/2025 01:38 PM,L2 - OA/LB,941010003653328,Little to no play,,,,,,,,,,10/2/2025,L2
241,A0058955722,Dog,Rylo,02 year(s) 08 month(s) 10 day(s)," Brown / White Terrier, Pit Bull / Mix",Available,Dogs 403 B5,7/23/2023,N,53,3,2/26/2026 02:29 PM,L1,941010003647048,,,,,,,,,,,2/26/2026,L1
242,A0058970456,Dog,Sweetface,02 year(s) 08 month(s) 09 day(s)," Grey / White Terrier, Pit Bull / Mix",Available,Foster Foster Home,7/24/2023,S,57,3,7/23/2025 10:03 PM,L1,941010003892988,Pending,Negative,7/29/2026,Lack of Space,,,nan,,7/24/2025 easily handled while in intake and during exam.,,7/23/2025,L1
243,A0058978092,Dog,Trinket,03 year(s) 08 month(s) 08 day(s)," Black / White Terrier, Pit Bull / Mix",Available,Foster Foster Home,7/25/2022,S,46,3,7/24/2025 08:41 PM,L2-RG,941010003036136,Neutral,Negative,7/29/2026,Lack of Space,,,"9/9/2025 kept to herself, was shy/independent, no play at all. fine to coexist with the dogs in the yard ",nan,"7/25/2025 Easily handled in intake kennel & during exam. 

9/1/2025 Leveled up to L2-RG based on this note from kennel tech ""I opened Trinkets kennel door to grab her food bowl. I was low, moved slow, and allowed her to smell me. She let me pet her for a minute and then when I went to grab the bowl from behind her she jumped up an bit my arm. There's no marks, almost like she used no teeth. I did stand up after petting her, so I was kind of towering over her when I reached to grab it. She never growled, showed teeth, or put her tail down.""",,7/24/2025,L2
244,A0058978213,Dog,Bubba-ADOPTED,02 year(s) 08 month(s) 08 day(s)," Tan Mixed Breed, Medium (up to 44 lbs fully grown) / Mix",Trial Adoption,Foster Trial Adoption,7/25/2023,N,57,3,7/24/2025 10:28 PM,L1,982091069354934,Pending,Negative,8/7/2026,Lack of Space,,,nan,,7/25/2025 easily handled while in intake and during exam.,"8/13/2025 BUBBA WW NOTESTimestamp 2025-08-11 19:04: Does this dog take any medication or have any known medical issues, injuries, or allergies? If yes, please explain. Cough/mucus How long have you had this dog? 3 days This dog is a... Weekend Warrior (I have had this pet for less than 3 nights as a Weekend Warrior) Did this dog have any interactions with the following while with you? [Dogs ] Positive Interaction Did this dog have any interactions with the following while with you? [Cats] No Interaction Did this dog have any interactions with the following while with you? [Men ] Positive Interaction Did this dog have any interactions with the following while with you? [Women ] Positive Interaction Did this dog have any interactions with the following while with you? [Children ] Positive Interaction How was this dog on a leash while with you? Some pulling, but manageable Does this dog know any commands? Which ones? Sit, Stop, Bubba In your opinion, what is this dog's best quality? Cuddles In your opinion, what is this dog's worst quality? Barks at skateboards/scooters Check all that apply to this dog's personality... Friendly, Clingy, Polite, Affectionate In your own words, describe this dog's personality while out of the shelter. Super cuddly, loyal and quiet Did this dog have an potty accidents while in your care? Just a couple of accidents. What was this dog's activity level on a scale from 1-4? 1-Low energy (Couch potato) Which behaviors does this dog need improvement on, if any? Nothing! They are practically perfect in every way! How cuddly is this dog? 2-I'm affectionate with friends When this dog played did they typically... Jump How long was this dog left alone? The dog was not left alone Have you seen them act aggressively toward anyone while they wee in your care? No Please tell us anything you would like us to know about this dog to help us find it an adoptive home. Very calm around the house, friendly going up to people, can handle big walks but also likes to lay on the couch and bed. Respectful with food and water, no begging. Would you like to be notified if this animal is ever at risk for euthanasia? Yes If the animal is still here in 30 days, would you like us to check in with you? Yes

9/7/2025 BUBBA – Weekend WarriorTimestamp 2025-09-02 17:58:48Does this dog take any medication or have any known medical issues, injuries, or allergies? If yes, please explain. Kennel coughDoxyciclineHow long have you had this dog? 3 daysDid this dog have any interactions with the following while with you? [Dogs ] Positive InteractionDid this dog have any interactions with the following while with you? [Cats] No InteractionDid this dog have any interactions with the following while with you? [Men ] Positive InteractionDid this dog have any interactions with the following while with you? [Women ] Positive InteractionDid this dog have any interactions with the following while with you? [Children ] Positive InteractionHow was this dog on a leash while with you? Great on a leashDoes this dog know any commands? Which ones? his name, maybe sit,come,treat,outIn your opinion, what is this dog's best quality? he is very friendlyIn your opinion, what is this dog's worst quality? kinda mouthy, tears up paper and cardboardCheck all that apply to this dog's personality... Friendly, Polite, Goofy, Playful, Affectionate, quietIn your own words, describe this dog's personality while out of the shelter. He was a dog gentleman! EASY GOING, friendly, affectionate, still a bit of a puppy, He likes treats ,bones, and cardboard. HE WENT IN HIS crate I at night and didnt cry or bark until I got up, I think once he is in a home you would get to know his signals and he wouldn't pee in the house.Did this dog have an potty accidents while in your care? Just a couple of accidents.What was this dog's activity level on a scale from 1-4? 2-Medium Energy (Alternates rest and play)Which behaviors does this dog need improvement on, if any? Jumping, ChewingHow cuddly is this dog? 4-Super snugglerWhen this dog played did they typically... Bite lightly, he needs chew toysHow long was this dog left alone? Less than 4 hoursIf you left this dog alone, was it... CratedWhen this dog was left alone did they show any of the following behavior? no he was in a crateHave you seen them act aggressively toward anyone while they wee in your care? NoPlease tell us anything you would like us to know about this dog to help us find it an adoptive home. I think he likes people, walks, treats, and other dogs.He would probably be good with kids He does use his mouth alot. But he is still young and it might be a breed characteristic. HE SEEMS LIKE HE REALLY NEEDS A HUMAN.Would you like to be notified if this animal is ever at risk for euthanasia? YesIf the animal is still here in 30 days, would you like us to check in with you? Yes

9/15/2025 BUBBA – Weekend WarriorTimestamp 2025-09-14 11:41:56Dog's name: BubbaDoes this dog take any medication or have any known medical issues, injuries, or allergies? If yes, please explain. Yes, DoxycyclineHow long have you had this dog? 3 NightsThis dog is a... Weekend Warrior (I have had this pet for less than 3 nights as a Weekend Warrior)Did this dog have any interactions with the following while with you? [Dogs ] Positive InteractionDid this dog have any interactions with the following while with you? [Cats] No InteractionDid this dog have any interactions with the following while with you? [Men ] Positive InteractionDid this dog have any interactions with the following while with you? [Women ] Positive InteractionDid this dog have any interactions with the following while with you? [Children ] Positive InteractionHow was this dog on a leash while with you? Great on a leash, Gets excited when they see other dogsDoes this dog know any commands? Which ones? Sit, stay, no, goIn your opinion, what is this dog's best quality? His lovingnessIn your opinion, what is this dog's worst quality? TeethingCheck all that apply to this dog's personality... Friendly, Clingy, Fearful, Playful, AffectionateIn your own words, describe this dog's personality while out of the shelter. Very loving, energetic, behavedDid this dog have an potty accidents while in your care? Just a couple of accidents.What was this dog's activity level on a scale from 1-4? 3-High EnergyWhich behaviors does this dog need improvement on, if any? Chewing, TeethingHow cuddly is this dog? 3-Play first, then snuggle!When this dog played did they typically... Bite lightly, LickHow long was this dog left alone? Less than 4 hoursIf you left this dog alone, was it... Able to roam freeWhen this dog was left alone did they show any of the following behavior? Urinated/defecatedHave you seen them act aggressively toward anyone while they wee in your care? NoPlease tell us anything you would like us to know about this dog to help us find it an adoptive home. He needs someone who can reciprocate his affection.Would you like to be notified if this animal is ever at risk for euthanasia? YesIf the animal is still here in 30 days, would you like us to check in with you? NoInput by Dana Mylie",7/24/2025,L1
245,A0058978654,Dog,Uriah,03 year(s) 08 month(s) 07 day(s),"Brindle Brown / Black Terrier, Pit Bull / Mix",Urgent,Foster Foster Home,7/26/2022,N,56,3,7/25/2025 09:17 AM,L2- RG,941010003694775,1:1 Socialization,Negative,8/7/2026,Lack of Space,,,"nan

9/9/2025 He was stiff when approached, but was tolerant of dogs in his face, kept to self.",,"7/26/2025 A little head shy when leashing/handling but no aggression shown. Ducks around the leash but once it's on he's fine being walked/handled.Easily handled during exam. 

9/2/2025 Changed to L2 RG due to resource guarding food from staff. ",,7/25/2025,L2
246,A0058988613,Dog,Constable Corndog,03 year(s) 08 month(s) 06 day(s)," Grey Mixed Breed, Medium (up to 44 lbs fully grown) / Mix",Available,Foster Foster Home,7/27/2022,N,52,3,7/26/2025 04:18 PM,L2-BR,941010002700554,Pending,Negative,8/28/2026,Lack of Space,,,"nan

8/10/2025 Was very excited in the catch pin and came into the yard very fast and immediately ready to play. Very physical player with very high energy. 

nan",,"7/27/2025 Timid but easily handled after a minute. Doesn't like to be vetted but no aggression shown.

7/29/2025 Changed to L2-BR. When doing my morning walkthrough, I approached him at the gate, he would jump up on the glass door and when I put my hard up to the bars he would let out a low growl.",,7/26/2025,L2
247,A0058991756,Dog,Mr. Wags,03 year(s) 08 month(s) 03 day(s)," Brindle / White Terrier, Pit Bull / Mix",Available,Foster Foster Home,7/30/2022,N,58,3,7/27/2025 04:43 PM,L2-BR,941010003631030,Tag,Negative,9/17/2026,Lack of Space,,,"nan

9/1/2025 His kennel tech was walking him and they clearly have a connection because Mr. Wags watched him basically the whole time until he was out of sight. He came in with loose body language and was interested in playing tag with Douglas. Tolerant of dogs in his face and playing all around him. Wagging his tail the whole time, would break for more play if he was in the yard longer. ",,"7/30/2025 Was very nervous before traz decom. Able to leash now, but still nervous. Go slow.Opened up once in the exam room, giving low tail wags. Was easily handled.

9/16/2025 changed from L2-SF to L2-BR based on reactivity at gate, fine once he is out as long as he knows you",,7/27/2025,L2
248,A0058998761,Dog,Taz,04 year(s) 08 month(s) 04 day(s)," Black Retriever, Labrador / Mix",Available,Foster Foster Home,7/29/2021,N,75,3,7/28/2025 05:56 PM,L1,,Little to no play,,8/7/2026,Lack of Space,,,8/12/2025 Came into the yard confident and just began roaming and sniffing. Would sniff the dogs with a wagging tail when they approached but then he would walk away. Very tolerant and sweet with all the dogs but didn’t want to engage in play.,,7/29/2025 Easily handled in intake kennel.Muzzled for precaution during exam. Does not like being vetted. Could not complete HW test due to flailing. ,"9/28/2025 TAZ – Foster notesTimestamp 2025-09-25 16:27:58Best Way to Contact TextFoster Dog Name (in shelter) TazBest Time to Contact AnytimeDo you have any dates coming up that you need a foster petsitter for? NoGeneral Personality Active, affectionate, curiousDaily Routine Up at 7 AM for potty and breakfast, then caged for a few hours while I work; another potty break during the day and and playtime/chill with other dogs. Dinner around 7 PM and potty break again before we chill in the room for bed time.What food do they eat? Hills chicken and barley adult 1-6What would be an ideal home and family for your foster? Someone who is active and maybe has another dog that they can play with, but will also thrive in a household without any animals, as he loves attention!On a scale of 1 to 5, how potty trained? 5.0Does your foster use a kennel without excessive barking/whining, escape attempts, or destruction? YesWhere do they sleep at night? On my bedroom floorDo they sleep through the night? YesHas he / she been exposed to any kids? If yes, what ages? How did it go? Yes, under 5 and it went well!Has he / she been exposed to any cats? If yes, how did it go? NoDo they prefer men or women? No preferenceDoes he / she live with another dog? YesHas he / she been around other dogs? Yes, he has. He’s very playful and dog tolerant, but he can get territorial over his food, if he feels like he has to share it.Does he / she know any basic commands? Which ones (Sit, stay, come, lay down, etc) ? Yes, he knows sit, lay down and paw.Is your foster dog leash reactive? What makes them bark/lunge on leash? No!What devices do you use to walk your dog? (Type of harness, collar, etc) Collar and regular leashLeash Walking Rating 5.0How does your foster do in the car? Great!!!! Loves card ridesHow does your foster do for a bath? Good! He doesn’t care for it, but also doesn’t make it challenging.Energy level 3.0How much exercise does it take to tire them out? 30 minutes outside is enough to get him settledIf they don't get enough exercise, what happens? NothingA perfect day for your foster would include ____________? Long walk in the morning long walk at night and playtime in betweenHow cuddly are they? 4.0Favorite toys or games? Anything that squeaksTell us a fun story about your foster The first week I got him, I was walking him in the neighborhood, and I accidentally let go of the leash and he kept walking and once he noticed, he immediately laid on the ground until I came and grabbed it.I love my foster and think he/she is fabulous because _____________? He’s just a chill guy who wants to be loved.What makes him/her nervous or unhappy? He does not like other pets around him during feeding time; as he thinks that they might be taking his food.Overall, how are your foster's manners? (some examples: Jumps on people? Mouthy? Gets into trash?) I haven’t seen him get into trash, but he definitely will go to a toilet and drink out of it if the seat is up. He does jump, but once you tell him down, he stops.Does your foster have any behavioral issues or quirks? NoDoes your foster have any medical issues? NoAnything else you want to share? NoFacebook Presence 1.0Instagram Post Presence 3.0Instagram Stories Presence 3.0Nextdoor Presence 3.0Youtube Presence 1.0Other social media platforms utilized? N/aWhat was the date of the last adoption event you took your foster to? N/aWhat prevents you from taking your foster to (more) events? (check all that apply) don’t know how to go about thatWhat gear & materials do you utilize to help get your foster recognized? (check all that apply) Adopt Me leashWhen was the last time you took your foster out on the town? I do it at least twice a weekWhat prevents you from taking your foster out on the town more often? (check all that apply) I don’t have any issuesWhat do you think is preventing your foster from being its most-adoptable self? (check all that apply) I don't have time to market themHow can we help? Getting foster to events, Gear (Adopt Me)What day do you give your foster heartworm and flea/tick preventatives? I never received any preventativesAre you interested in adopting your foster pet? MaybeWould you be willing to have your foster dog transfer to a rescue partner? Yes",7/28/2025,L1
249,A0059005850,Dog,Wanda,04 year(s) 08 month(s) 03 day(s)," Tan / White Terrier, Pit Bull / Mix",Available,Foster Foster Home,7/30/2021,S,56,3,7/29/2025 04:38 PM,L1,982091073477942,Little to no play,Negative,9/3/2026,Lack of Space,,,8/12/2025 Shy of humans in the yard. Approached the other dogs out of curiosity but never broke for play. Under socialized and shy,,7/30/2025 Easily handled both in the kennel and during the exam. Muzzled out of precaution but showed no aggression. ,,7/29/2025,L1
251,A0059044513,Dog,Malu,04 year(s) 07 month(s) 28 day(s)," Grey / White Terrier, American Pit Bull / Mix",Available,Foster Foster Home,8/5/2021,S,54,3,8/4/2025 07:03 PM,L1,941010003635948,Pending,Positive,9/16/2026,Lack of Space,,,nan,,"8/5/2025 nervous, low crawling and slow movements. No aggression shown. Opened up a little once in the exam room easily handled during the intake exam. Signs of stress/fearWhale eye

8/18/2025 Vol req level down- not showing SF behaviors anymore",,8/4/2025,L1
252,A0059055438,Dog,Doris,01 year(s) 02 month(s) 27 day(s)," Black / White Mixed Breed, Medium (up to 44 lbs fully grown) / Mix",Available,Foster Foster Home,1/6/2025,S,40,2,11/9/2025 02:40 PM,L1,941010003626503,,,,,,,,,,,11/9/2025,L1
253,A0059068907,Dog,Dobster,10 year(s) 07 month(s) 25 day(s)," Brown Mixed Breed, Large (over 44 lbs fully grown) / Mix",Available,Foster Foster Home,8/8/2015,N,70,3,8/7/2025 06:43 PM,L1,941010003649699,Friendly,Positive,9/6/2026,Lack of Space,,,nan,nan,8/8/2025 easily handled while and during exam.,,8/7/2025,L1
254,A0059098443,Dog,Doppler,04 year(s) 07 month(s) 20 day(s)," Brown / White Mixed Breed, Large (over 44 lbs fully grown) / Mix",Available,Foster Foster Home,8/13/2021,N,49,3,8/12/2025 05:53 PM,L3 - SF,941010004224993,Gentle Play,,9/3/2026,Lack of Space,,,8/26/2025 positive body language in the catchpin. came in and was very tolerant of all dogs. he was gentle with all the dogs but we removed him because he began hunting falconoid sexually.,,"8/13/2025 Easily handled in intake kennel. Startled very easily once in exam room. Showing signs of stress/fear, tail completely tucked, very tense muscles, stiff body language, urination/defecation from fear, & running away. Muzzled for precaution during exam. Could not complete HW test/microchip implant. 

8/19/2025 Not L3-Sf, more so L2-BR

9/5/2025 Not exhibiting shy/fearful behavior, very sweet.",,8/12/2025,L3
255,A0059100213,Dog,Rufus,10 year(s) 07 month(s) 19 day(s)," Brown / White Terrier, American Pit Bull / Mix",Available,Foster Foster Home,8/14/2015,N,59,3,8/13/2025 10:20 AM,L2 - A,991003911515638,Little to no play,Negative,9/9/2026,Lack of Space,,,"9/9/2025 neutral body when greeting other dogs. was in the yard with dogs of varying energy levels, was unbothered and mainly kept to himself. offered appropriate corrections to lowrider who kept attempting to mount him, was tolerant of dogs greeting him so long as it remained respectful. appeared very comfortable around dogs. ",nan,"8/14/2025 Easily handled in intake kennel Constantly pacing & whining once in exam room. Wouldn't settle, but no aggression shown.",,8/13/2025,L2
256,A0059101670,Dog,Coolio,05 year(s) 07 month(s) 18 day(s)," Black / Brindle Mixed Breed, Large (over 44 lbs fully grown) / Mix",Available,Foster Foster Home,8/15/2020,N,65,3,8/13/2025 12:28 PM,L2-OA,941010002325028,Physical Play,Negative,1/27/2026,Lack of Space,,,8/26/2025 Very awkward player and couldnt understand his body language initially. we realized hes just vocal and very rough and physical. Hes a bulldozer.,,8/15/2025 Easily handled while in intake but was a bit OA during exam. Constant barking and jumping. (no aggression shown),,8/13/2025,L2
257,A0059114517,Dog,Tweety,01 year(s) 07 month(s) 17 day(s)," Sandy Mixed Breed, Large (over 44 lbs fully grown) / Mix",Available,Foster Foster Home,8/16/2024,S,106,3,8/14/2025 08:00 PM,L1,941010003620069,Friendly,Negative,9/6/2026,Lack of Space,,,"9/12/2025 loose wiggly body, immediate play bow and break for play",nan,8/16/2025 easily handled while and during intake and exam.,,8/14/2025,L1
258,A0059116037,Dog,Symphony,01 year(s) 05 month(s) 17 day(s)," Black / White Terrier, American Staffordshire / Mix",Available,Foster Foster Home,10/16/2024,S,32,3,8/15/2025 11:28 AM,L1,941010003671133,Gentle Play,Negative,8/25/2026,Trial Adoption,,,"9/19/2025 very nervous when playful dogs approached her. needs time to be comfortable with each dog before being in a group setting, would do best in GP yard",,8/16/2025 easily handled while and during intake and exam.,"9/7/2025 SYMPHONY – DFTDTimestamp 2025-09-06 17:30:26Dog's name: SymphonyDoes this dog take any medication or have any known medical issues, injuries, or allergies? If yes, please. I don’t knowHow long have you had this dog? Just for the adopt a dog for the dayThis dog is a... Dog For The Day (I picked this pet up earlier today for an outing.)What activities did you do with this dog today? We walking on the beltline! She was so good on the leash and listened to me very well. She was also very friendly towards other dogs.Did this dog have any interactions with the following? [Dogs ] Positive InteractionDid this dog have any interactions with the following? [Cats] No InteractionDid this dog have any interactions with the following? [Men ] Positive InteractionDid this dog have any interactions with the following? [Women ] Positive InteractionDid this dog have any interactions with the following? [Children ] Positive InteractionWhat was this dog's activity level? 2-Medium Energy (Alternates rest and play)How cuddly was this dog today? 3-Play first, then snuggle!If this dog met any children on your outing, how would you describe this dog's behavior towards the children? Mostly FriendlyHow did this dog do on a leash? Great on a leashDid this dog know any commands? I was trying to teach her to sit and she seemed to be catching on very quicklyWhat is this dog's best quality, in your opinion? She’s a bundle of love and very easy goingWhat is this dog's worst quality, in your opinion? Barked at a few things that set her off but she stopped when I told her toSelect any of these apply to the dog's personality: Friendly, Playful, Affectionate, PoliteDid this dog have an potty accidents? We were outside all day.Did you see this dog act aggressively toward anyone? NoPlease tell us anything you would like us to know about this dog to help us find it an adoptive home. Easy going and good naturedWould you like to be notified if this animal is ever at risk for euthanasia? YesIf the animal is still here in 30 days, would you like us to check in with you? No",8/15/2025,L1
259,A0059117737,Dog,Bob,07 year(s) 07 month(s) 13 day(s)," Tan / White Terrier, Pit Bull / Mix",Available,Foster Foster Home,8/20/2018,N,54,3,10/6/2025 11:45 AM,L1,941010003634818,Gentle Play,Negative,8/23/2026,,,,"9/12/2025 super sweet and friendly with other dogs. allowed dogs to check him out and mount him, but otherwise kept his distance and independently checked out the yard. was in love with handler and when they weren't giving him attention he'd bark at them. sweet old man",nan,8/16/2025 Easily handled both in the kennel and during the exam. ,"9/28/2025 BOB – DFTD Timestamp 2025-09-28 15:25:10Does this dog take any medication or have any known medical issues, injuries, or allergies? If yes, please explain NoHow long have you had this dog? 3 hoursThis dog is a Dog For The Day (I picked this pet up earlier today for an outing.)What activities did you do with this dog today? Walk and hang at a breweryDid this dog have any interactions with the following? [Dogs ] Positive InteractionDid this dog have any interactions with the following? [Cats] No InteractionDid this dog have any interactions with the following? [Men ] Positive InteractionDid this dog have any interactions with the following? [Women ] Positive InteractionDid this dog have any interactions with the following? [Children ] Positive InteractionWhat was this dog's activity level? 2-Medium Energy (Alternates rest and play)How cuddly was this dog today? 3-Play first, then snuggle!If this dog met any children on your outing, how would you describe this dog's behavior towards the children? Mostly Friendly, Too much for them in play (knocks them down, etc)How did this dog do on a leash? Some pulling, but manageableDid this dog know any commands? NoneWhat is this dog's best quality, in your opinion? Very silly and a big goofballWhat is this dog's worst quality, in your opinion? Bad fartsSelect any of these apply to the dog's personality: Friendly, Playful, GoofyDid this dog have an potty accidents? We were outside all day.Did you see this dog act aggressively toward anyone? NoWould you like to be notified if this animal is ever at risk for euthanasia? NoIf the animal is still here in 30 days, would you like us to check in with you? No",10/6/2025,L1
260,A0059121809,Dog,Leelah,03 year(s) 07 month(s) 12 day(s)," Tan / White Terrier, Staffordshire Bull / Mix",Available,Foster Foster Home,8/21/2022,S,47,3,8/16/2025 09:51 AM,L2-OA,941010004217275,Neutral,Negative,9/20/2026,,,,"9/12/2025 high energy at gate, calmed down once in yard. alternated between rest and interacting with other dogs.",nan,"8/21/2025 moved to 200 as special quarantine precaution friendly while in intake. easily handled intake completed in 200 kennel during exam.

9/7/2025 Unknown behavior as she was evidence that we were not able to handle not related to know behavioral issues.  

9/8/2025 Easy to leash out of kennel, presented with loose body language. Walked along the play yards and greeted Texas through the fence. Brought her up to Erica's office where she greeted her with loose body language and allowed pets all over. Sometimes gets the zoomies out of nowhere. Then took to Audrey's office to ask about leveling. Audrey and Erica agreed to level her L1 and have her move out of 200.

nan",,8/16/2025,L2
261,A0059193088,Dog,Beezy,05 year(s) 07 month(s) 14 day(s)," Black Mixed Breed, Large (over 44 lbs fully grown) / Mix",Available,Foster Foster Home,8/19/2020,S,42,3,8/18/2025 07:09 PM,L2-BR,941010003998001,Neutral,Negative,9/10/2026,Pet Sitting,,,9/9/2025 good gate greeting. wiggly body but then as soon as she got in the yard and was approached by the other dogs she became stiff had her tail high and hackles before disengaging and roaming around the yard. was more interested in what was going on outside of the yard and was super fixated on trying to get out of the yard to get her toy. loves toys ,nan,"8/19/2025 easily handled while and during intake and exam.

8/24/2025 Previous Level: L1Current Level: L2-BRWhy did this level change? During the morning walkthrough, I observed signs of barrier reactivity in Beezy, which included teeth baring, whale eye, lunging, and growling. -JG",,8/18/2025,L2
262,A0059193435,Dog,Tonka,05 year(s) 07 month(s) 14 day(s)," Brindle / White Terrier, Pit Bull / Mix",Available,Foster Foster Home,8/19/2020,N,52,3,8/18/2025 10:51 PM,L1,941010004111994,Friendly,Negative,9/6/2026,Lack of Space,,,"nan

9/9/2025 Tonka loose body language in the pen, immediately wanted to be a physical player but was super sexually motivated. Would be great player after he is neutered. ",nan,8/19/2025 easily handled while in intake. during exam needs HW test was flailing.,,8/18/2025,L1
263,A0059201841,Dog,Glo,01 year(s) 04 month(s) 13 day(s),"Spotted White / Black Terrier, Pit Bull / Mix",Available,Foster Foster Home,11/20/2024,S,40,3,8/19/2025 10:35 PM,L1,941010003631392,Friendly,Negative,8/28/2026,,,,"9/12/2025 shy initially but began warming up and displayed very friendly body language towards other dogs. coexisted well, no interest in playing",nan,"8/20/2025 easily handled while and during intake and exam.

9/21/2025 painting kennel",,8/19/2025,L1
264,A0059205909,Dog,Roscoe,00 year(s) 11 month(s) 11 day(s), White / Brown German Shepherd / Mix,Priority,Dogs 301 2,4/22/2025,N,65,1,2/17/2026 11:47 AM,L3-SF,941010004137180,,,,,,,,,,,2/17/2026,L3
265,A0059209398,Dog,Gerald,03 year(s) 07 month(s) 12 day(s)," Brown Terrier, Pit Bull / Mix",Urgent,Foster Foster Home,8/21/2022,N,40,3,8/20/2025 09:34 PM,L1,941010004004298,Neutral,Positive,9/7/2026,,,,"nan

9/20/2025 way to sexually motivated - would not stop mounting, retest after neuter. ",,8/21/2025 easily handled while in intake and during exam.,,8/20/2025,L1
266,A0059209562,Dog,Odit,02 year(s) 07 month(s) 11 day(s)," Brown / White Terrier, American Pit Bull / Mix",Available,Foster Foster Home,8/22/2023,M,54,3,8/20/2025 10:07 PM,L2-OA,941010003683877,No PlayGroup-Medical,Positive,8/26/2026,Lack of Space,,,"nan

9/1/2025 Odit gave neutral gate greetings so we brought him on leash. He did fine initially but was pretty stiff with a high tail if the dog lingered for too long. Kept trying to neck the other dogs, will retest after neuter. ",,"8/22/2025 Easily handled while in intake but was very hyperactive during exam (snatching treats, unable to focus/redirect) muzzled as a precaution ",,8/20/2025,L2
267,A0059223836,Dog,Bader,01 year(s) 07 month(s) 10 day(s)," Brown / White Terrier, Pit Bull / Mix",Priority,Dogs 081 B10,8/23/2024,N,51,3,3/28/2026 01:26 PM,L3-OA/JM,941010003686754,Friendly,Positive,8/23/2026,Trial Adoption,,,"9/12/2025 Friendly and loose body language during greetings in the pen and in the yard. Never broke for play and stayed independent in the yard, stayed close to the fence ready to leave. ",nan,"8/23/2025 easily handled while and during intake and exam.

9/11/2025 Changed to L2-SF due to volunteer notes of needing two people to coax him out of kennel

9/18/2025 changed to L2-OA. While doing playgroup, I witnessed and kennel tech taking him out for cleaning. She had an extremley hard time getting him to the yard due to him constantly jumping up at her face and trying to bute the leash abd her shirt. She then got him into the yard and she had an extremely difficult time time getting out of the yard because he was constantly jumping up at her and blocking her from the gate. He was bot redirectable with squeaker or toys.

9/24/2025 Trying to get Foxy on the urgent list.  Becoming more JM, throws himself at the door and sometimes so hard he falls backward to the ground.  Difficult to take in and out now. Also changing level ",,3/28/2026,L3
268,A0059223851,Dog,Lima,02 year(s) 07 month(s) 10 day(s)," Brown Terrier, Pit Bull / Mix",Available,Foster Foster Home,8/23/2023,S,40,3,8/22/2025 06:35 PM,L3-SF,941010003625586,,Positive,9/9/2026,Medical,,,,,"8/23/2025 while in intake terrified wont walk, urinates when handled.during exam completely shut down. wouldn't move. muzzled for precaution.",,8/22/2025,L3
269,A0059240909,Dog,Keeshond,02 year(s) 07 month(s) 06 day(s)," Black / White Terrier, Pit Bull / Mix",Available,Foster Foster Home,8/27/2023,N,53,3,8/26/2025 01:19 PM,L1,941010003675874,Gentle Play,Negative,9/6/2026,,,,"9/20/2025 RT 09/20/2025needs time to get comfortable with each dog. attempted to mount a few times but maintained playful-to-neutral body language and did well with a mix of dogs very high energy in catch pen and in yard, another dog corrected him and he became more intense, seeming to be offended by the correction. needs reassessment",,8/27/2025 easily handled in the kennel and during the intake exam. ,,8/26/2025,L1
270,A0059242581,Dog,Dolce,02 year(s) 07 month(s) 06 day(s)," Brown / White Terrier, American Pit Bull / Mix",Urgent,Foster Foster Home,8/27/2023,N,55,3,1/27/2026 08:36 PM,L2-OA/RG,941010003479933,,,,,,,,,,,1/27/2026,L2
271,A0059257262,Dog,Babes,02 year(s) 07 month(s) 04 day(s)," Tan Terrier, Pit Bull / Mix",Urgent,Foster Foster Home,8/29/2023,S,50,3,8/28/2025 01:44 PM,L2-RG/BR,941010004220349,Neutral,Negative,9/6/2026,,,,"9/12/2025 timid upon entry to yard, loosened up and explored yard independently. ",nan,8/29/2025 Easily handled while in intake and during exam. Very sweet.,,8/28/2025,L2
272,A0059259739,Dog,Peppa,04 year(s) 06 month(s) 28 day(s)," Grey Mixed Breed, Medium (up to 44 lbs fully grown) / Mix",Available,Foster Foster Home,9/5/2021,S,48,3,9/4/2025 05:21 PM,L2-SF,985113006051343,Defensive,Negative,9/16/2026,Lack of Space,,,"9/12/2025 she was very shy at the gate and came in with her tail tucked and cowering. when other dogs approached she would run away and yelp if others tried to engage in play, removed quickly to not overwhelm her. she was more interested in sniffing the yard, potentially could co exist with a calm yard. she startles easily. ",nan,"9/5/2025 Easily handled while in intake. During exam was running away due to not being able to focus or redirect, tense muscles, fearful but very friendly.",,9/4/2025,L2
273,A0059261979,Dog,Gyro,05 year(s) 07 month(s) 04 day(s)," Brown Mixed Breed, Large (over 44 lbs fully grown) / Mix",Urgent,Foster Foster Home,8/29/2020,N,57,3,8/28/2025 10:07 PM,L2-BH,941010004063425,No PlayGroup-Medical,Positive,9/20/2026,,,,"9/12/2025 very friendly with other dogs, made continuous attempts to mount all dogs. reassess after nx",,8/29/2025 Easily handled while in intake but muzzled a precaution for exam. small growls from over stimulation and does not like to be restrained. Couldn't microchip.,,8/28/2025,L2
274,A0059264238,Dog,Spice,12 year(s) 07 month(s) 03 day(s), Black / Brown German Shepherd / Mix,Priority,Flex 82,8/30/2013,F,61,3,2/15/2026 11:19 AM,L2-BH,982126059841731,,,,,,,,,,,2/15/2026,L2
275,A0059264248,Dog,Brownie,07 year(s) 07 month(s) 03 day(s)," Black Mixed Breed, Large (over 44 lbs fully grown) / Mix",Priority,Flex 82,8/30/2018,S,70,3,2/15/2026 11:19 AM,L2-SF,941010003638156,,,,,,,,,,,2/15/2026,L2
276,A0059265558,Dog,AVALANCHE,06 year(s) 07 month(s) 04 day(s)," Brown / White Mixed Breed, Medium (up to 44 lbs fully grown) / Mix",Available,Foster Foster Home,8/29/2019,S,70,3,8/29/2025 02:51 PM,L2-SF/BH/H,941010004398032,Selective,Negative,9/10/2026,Lack of Space,,,9/14/2025 Primary Handler:Secondary Handler:Runners:Scribe: Notes:Came into the yard very avoidant of all the dogs and humans. As our greeter walked up to her she immediately tried to get away and make herself as small as possible. Amber held the other dogs back while Kelsey tried to remove her from the yard. She was so scared of Kelsey that it took a while to remove her.  ,nan,"8/29/2025 easily handled while in intake nervous go slow flails badly during vetting muzzled for precaution during exam.signs of stress/fear running away 

9/8/2025 9/8 Delaney and I took Avalanche out for her focus group. When we approached the kennel, she was timid, ears back, tail tucked, but came to the gate when I crouched down and offered a treat, though she didn't take it. Small, low tail wags as we spoke to her and when I opened the gate. She avoided the leash, but I was able to leash her. Easy on leash. In the yard (kept on leash), she approached Delaney and sniffed her had, though her ears remained back and tail tucked. Delaney was able to pet her head, but as she moved down Avalanche's back, Avalanche turned to look at Delaney and gave side eye. When Delaney moved her hand down Avalanche's leg, Avalanche ran away. I guided Avalanche back to Delaney, and Delany was able to touch her back for a few seconds to look for fleas, but Avalanche again tried to get away and appeared uncomfortable (tail still tucked, ears still back). We walked Avalanche back inside, and I was unable to unleash Avalanche without issue, though she was a little stiff and ears were back while I did so. Current level seems appropriate (L2 - SF/BH/H). - Ashley McMahonPersonality: timidDog Test 1: not dog testedDog Test 2: not dog testedMedical: appeared to have flea dirt; written upHow Do I Handle Stress? avoiding it, removing herself from the situationWhat Do I Need Help With Most? proper placement, building confidenceThe Most Memorable Thing About Me: body handling issuesIntake Info: courtWhat is my strategic out? adoption, fosterOngoing care: training for body handlingOther notes: n/a ",,8/29/2025,L2
277,A0059275577,Dog,Burnt Cheese,07 year(s) 07 month(s) 01 day(s)," Black / White Mixed Breed, Large (over 44 lbs fully grown) / Mix",Available,Foster Foster Home,9/1/2018,N,71,3,8/31/2025 06:37 PM,L2 - LB,982126055440535,Selective,Negative,9/6/2026,,,,"9/12/2025 very friendly greetings, played well w assessors. offered a strong correction when another dog kept attempting to get him to engage in play. ",nan,"9/1/2025 Easily handled while in intake and during exam.

9/12/2025 Previous Level: L1Current Level: L2 - LBWhy did this level change? Kennel tech Kyle Felix and Kenya Wells stated that Burnt Cheese leash bites - he starts doing so when they go to leash him, and continues to bite up the leash while on leash, until something else catches his attention. They haven't tried to redirect with treats or toys. - Ashley McMahon",,8/31/2025,L2
278,A0059281698,Dog,Dalton,03 year(s) 06 month(s) 30 day(s), Blond / Black German Shepherd / Mix,Available,Foster Foster Home,9/3/2022,N,56,3,9/2/2025 01:56 PM,L3- H/ SF,941010004130188,Pending,Negative,9/10/2026,Lack of Space,,,nan,,"9/3/2025 Cowering in the corner of the kennel. Did not want to walk once on leash. Cowering in the corner and frozen during the exam. No aggression shown, just very shut down.

9/9/2025 Personality: stoic, gentle, friendly with dogsDog Test 1: tested with skippy, a bit too high energy for dalton but was tolerant of skippy being in his face and circling around him. broad tail wag throughout interaction. hips/rear legs appear lame? kept dog test short due to weird walkDog Test 2: n/aMedical: some lameness observed in gait. feet drag together, seems to sag at the hipHow Do I Handle Stress? no discernible indicator of stress during interaction. very stoic, no reaction when walking by other dogs/concern of passing through gates or being leashes. avoidant at mostWhat Do I Need Help With Most? interactions with people, some hesitancy to interact but was curious when my back was turned. might be head shy due to ear hematomas? took treats from my handThe Most Memorable Thing About Me: personality comes out when interacting with dogs. socializing with dogs may aid in socialization with people. was more willing to approach me when skippy didIntake Info:What is my strategic out? adoption/foster/rescueOngoing care: no growling, baring teeth, or avoidance upon approach. after a few minutes of interacting he began taking treats from me and allowed me to leash him without issue. taking back to kennel he allowed me to enter with him and remove the leash without incident.  Other notes: curious if painful? a bit of an odd gait, doesn't stand all the way up, is always laying down when in kennel. rear nails are short- indicating normal wear, may have odd posture due to insecurity, would have to physically palpate hips after gaining more trust to determine.  

9/10/2025 Someone asked about taking Dalton to foster, but had concerns about his rear end and his odd gait. I went with Dr. C and we were able to get Dalton out of the kennel, he did head duck and try to move away. He walked decently on leash but was very scared. She gave him a rabies shot in the hallway and noted that his ears were very infected. She was able to administer an Otipack in the hallway. We were able to pet him and leash muzzle him for the process. I think based on the invasive handling we did with him, he could be moved down to L3- SF. He needs to leave for foster due to high FAS, but I believe he has potential to improve in a home setting. ",,9/2/2025,L3
279,A0059290504,Dog,Zena,03 year(s) 06 month(s) 30 day(s)," Tan / White Terrier, Pit Bull / Mix",Available,Dogs 081 B1,9/3/2022,S,59,3,2/14/2026 02:02 PM,L2-SD,941010004401413,,Positive,9/6/2026,,,,9/12/2025 initially very stiff and unsure when dogs approached her in the yard. as she interacted with more dogs and became more comfortable she broke for play and became a very physical player. did not like when dogs got in her face,nan,9/5/2025 Easily handled while in intake and during exam.,,2/14/2026,L2
280,A0059293093,Dog,Kuzco- ADOPTED,03 year(s) 06 month(s) 29 day(s)," Brindle / White Mixed Breed, Large (over 44 lbs fully grown) / Mix",Adopted,Foster Pre-Fix,9/4/2022,M,69,3,9/3/2025 07:59 PM,L2-A,,No PlayGroup-Medical,Negative,9/6/2026,Lack of Space,,,"9/12/2025 lots of energy at gate, immediately began playing upon entrance to yard, very physical player but began mounting every dog and kept going back to attempt mounting again. may be due to overstimulation but would like to reassess after nx to rule out sexual motivation",,"9/4/2025 easily handled while in intake constant barking during exam.

9/13/2025 Showing signs of kennel stress - NAOMI",,9/3/2025,L2
281,A0059304406,Dog,Milah,01 year(s) 06 month(s) 28 day(s)," Tan Retriever, Labrador / Mix",Urgent,Foster Foster Home,9/5/2024,S,48,3,9/26/2025 02:41 PM,L2 - BH,941010004179074,Friendly,Negative,,,,,,,"9/27/2025 When approaching kennel, stiff, hard staring no signs of aggression. Still tense in exam room, signs of stress/fear. (Startles easily, tense muscles, urination/defection during vetting, frozen/stuck in place, head whipping)Muzzled as a precaution. CAUTION WHEN VETTING, extreme flailing. Does not like vetting.",,9/26/2025,L2
282,A0059305155,Dog,Susan Da Dog,07 year(s) 06 month(s) 27 day(s)," Brown Terrier, Pit Bull / Mix",Available,Foster Foster Home,9/6/2018,S,36,3,9/5/2025 02:06 PM,L1,941010004222599,Defensive,Negative,9/15/2026,Lack of Space,,,"9/12/2025 neutral with greetings, showed a lot more interest in people than dogs. a dog lingered too long after greeting her and she snarled and charged him - had given no prior corrections. ","9/16/2025 see play style assessment note; may benefit from additional interactions with dogs, did fine coexisting but overcorrected a dog during a minor interaction",9/6/2025 Easily handled while in intake and during exam.,,9/5/2025,L1
283,A0059314264,Dog,Bing Bong,03 year(s) 06 month(s) 25 day(s)," Grey / White Terrier, American Pit Bull / Mix",Urgent,Foster Foster Home,9/8/2022,S,42,3,9/7/2025 03:28 PM,L1,941010004208469,Gentle Play,Negative,9/9/2026,,,,"9/12/2025 shy at gate, upon entrance immediately cowered into corner of yard. stayed low to ground, snapped at dogs when they approached. very insecure",,"9/8/2025 Easily handled while in intake and during exam.

9/23/2025 No longer SF",,9/7/2025,L1
284,A0059338894,Dog,Yoshi,03 year(s) 06 month(s) 22 day(s)," Black / White Terrier, American Pit Bull / Mix",Available,Foster Foster Home,9/11/2022,S,43,3,9/11/2025 09:06 AM,L1,985113008073078,,Negative,9/12/2026,,,Needs Rescue,,,9/11/2025 Easily handled during exam.,,9/11/2025,L1
285,A0059343335,Dog,Lemon,02 year(s) 05 month(s) 25 day(s)," Brown / Black Mixed Breed, Medium (up to 44 lbs fully grown) / Mix",Urgent,Foster Foster Home,10/8/2023,N,52,3,12/9/2025 02:39 PM,L3 - SF,941010004216190,Selective,,,,,,"9/26/2025 Primary Handler: AshleySecondary Handler: EmelyRunners: Snow and JohnathanScribe: Chase and Jade Steerable, had to be pulled from catch pin, very tense when approached, no interest in engaging, incredibly defensive, not tolerant, maybe selective - try slow intros  ",,"9/12/2025 Was placed in a bottom shoreline in intake. Growling/snarling, tense muscles, hard staring, showing teeth, frigid, & attempting to bite while slamming the kennel door when approached. Partial on catchpole & moved to 200. 

9/22/2025 Personality: goofy sillyDog Test 1: n/aDog Test 2: n/aMedical: n/aHow Do I Handle Stress? avoidant, all bark no bite. gets zoomies to avoid interactionsWhat Do I Need Help With Most? handling on leash. was fine once on leash but showing him the leash and putting it over his head he ducked down to try and avoid. no aggression shown while leashingThe Most Memorable Thing About Me: he went from being aloof to zooming around the yard. zoomies was his way of interacting in a way that felt safe to him, eventually sitting nearby me and allowing me to pet his back. although he seemed unsure about interacting, when he finally allowed me to pet him he faced away from me. fine with pets from head to tail.Intake Info:What is my strategic out? adoption/fosterOngoing care: comfortability with leashing. made big strides today.Other notes: lemon is very barrier reactive but with treats began loosening. upon first approach he took treats nicely but would stiffen when spoken to and growled when hand was offered. let him back inside and discontinued interaction to allow him to decompress. came back 20 minutes later and he displayed slightly looser body language, but this time licked my hand when offered and wagged his tail when i spoke to him. he was fairly avoidant of the leash so we opted to let him out of his kennel and guide him to the courtyard unleashed. after a few minutes of sniffing the yard, he began zooming around the yard passing by me and ashley multiple times. i knelt down and encouraged him to approach me and he ran past me, brushing up against my legs twice before sitting in front of me with his back turned towards me. since he still appeared uncomfortable with direct interaction, i let him be alone in the courtyard for 10 minutes before going back to interact again. when approached he sat at the gate leading to the yard and allowed me to pet his head all over. when i pulled out the leash he attempted to run away but i already had the leash around him - he walked without issue to his kennel and i was able to remove leash without issue. entering interior run his body language was very loose and he offered kisses through the kennel door. video taken of courtyard interaction for reference 

9/23/2025 Leveling down to L3-BR/SF based on focus group, continue to monitor behavior - NAOMI",,12/9/2025,L3
286,A0059343758,Dog,Clipper,01 year(s) 06 month(s) 21 day(s)," Grey / White Mixed Breed, Large (over 44 lbs fully grown) / Mix",Trial Adoption,Foster Trial Adoption,9/12/2024,N,63,3,3/7/2026 02:34 PM,L1,941010004169348,,Negative,9/20/2026,,,,"9/20/2025 Clipper was extremely steerable in the catch pen and yard, he really read the room and adapted to other dogs play well. He is super friendly and a fun player as he is wiggly tag!

9/20/2025 Clipper and Dino Nuggies were quick friends, they loved playing tag with each other! He was quick to warm up and greet all the dogs in the yard. Very steerable and super friendly to dogs and people. Only reason he was kicked out is we had many unneutered males entering the yard.","nan

nan",9/12/2025 Easily handled while in intake and during exam.,,3/7/2026,L1
287,A0059356861,Dog,Stella,06 year(s) 05 month(s) 26 day(s)," Tan / White Terrier, American Pit Bull / Mix",Available,Foster Foster Home,10/7/2019,S,52,3,9/13/2025 06:32 PM,L3-SF,941010005057507,Neutral,,,,,Cites,,,"9/16/2025 while in intake low growling, hard staring, able to leash but constantly trying to hide.partial on catch pole 

9/24/2025 Personality:  Dog Test 1:  Dog Test 2:  Medical:  How Do I Handle Stress?  What Do I Need Help With Most?  The Most Memorable Thing About Me:  Intake Info:  What is my strategic out?  Ongoing care:  Other notes:

9/27/2025 Approached the kennel, she initially began to bark, accepted treats gently, and offered a slow wagging tail. Super hesitant to be leashed. Will revisit with full focus group notes",,9/13/2025,L3
288,A0059365101,Dog,Victory,03 year(s) 04 month(s) 27 day(s)," Black / White Terrier, Pit Bull / Mix",Urgent,Foster Foster Home,11/6/2022,N,63,3,9/15/2025 04:35 PM,L3-OA,941010004192541,Friendly,,,,,Cites,,,"9/16/2025 while in intake growling, hackles, hard staring cannot be handled. partial on catchpole

9/22/2025 Able to leash & walk over to 200. Still very nervous but behavior seems to be improving. See intake behavior notes. Needs assessment for possible leveling down. ",,9/15/2025,L3
289,A0059375376,Dog,Thing 3,01 year(s) 05 month(s) 16 day(s)," White / Black Mixed Breed, Medium (up to 44 lbs fully grown) / Mix",Available,Foster Foster Home,10/17/2024,S,37,3,9/16/2025 11:02 PM,L3-SF,941010004230532,1:1 Socialization,Negative,,,,,"9/20/2025 VERY scared of everything. could not integrate into yard, taken to indiv. yard where she interacted with mocha but was still very fearful and showed teeth and air snapped while laying down. assessed separately from sister, may need to be brought out together to help with socialization",,"9/17/2025 Thrashes while on leash. Hides in corner of kennel. Muzzled out of precaution during intake exam unable to focus, Runs away.Signs of stress/fearStartles easilyFrozen/Stuck in placeHidingRunning away",,9/16/2025,L3
290,A0059380817,Dog,Darla,03 year(s) 06 month(s) 14 day(s)," Brindle Mixed Breed, Large (over 44 lbs fully grown) / Mix",Available,Foster Foster Home,9/19/2022,S,71,3,9/17/2025 04:34 PM,L2-LR,981020055447570,Tag,Negative,,,,,"9/20/2025 Darla has never met a stranger, she immediately came in and was ready to play! Went straight in to play bowing and approached all dogs with wiggly body language. A little too high energy for some of the dogs in the yard so she came off too pushy sometimes. At one point, she mounted Trevor who was tolerant of it. At some points she was a vocal player. Darla was tolerant of everything that dogs were doing to her but she might be too much for the more calm dogs who need space. ",nan,9/19/2025 Easily handled while in intake and during exam.,,9/17/2025,L2
291,A0059387271,Dog,Gourmet,05 year(s) 06 month(s) 14 day(s)," Brown / White Terrier, Pit Bull / Mix",Available,Foster Foster Home,9/19/2020,N,68,3,9/18/2025 02:14 PM,L2-LR,941010004199196,Neutral,Negative,9/20/2026,,,,"9/20/2025 stiff, high tail, very interested in sniffing butts. disengages nicely, coexists nicely. didn't pick up on pinkie being nervous. ",nan,9/19/2025 Dog reactive but easily handled while in intake and during exam.,,9/18/2025,L2
292,A0059390862,Dog,Petey,02 year(s) 06 month(s) 14 day(s)," Tan / White Terrier, American Pit Bull / Mix",Available,Foster Foster Home,9/19/2023,N,50,3,9/18/2025 09:23 PM,L3-LR/OA,941010004195932,No PlayGroup- Slow Intros,Negative,9/19/2026,,,Court Mandate,,,"9/19/2025 Easily handled while in intake and during exam

9/21/2025 Previous Level: L1Current Level: L3-LR/OAWhy did this level change? Dog exhibits significant over-arousal in the kennel, jumping and scratching at handlers during leashing, which makes safe handling difficult. Displays destructive behavior by chewing kennel walls and guillotine door wiring. On leash, the dog reacts aggressively toward every dog encountered, including attempting to fight through kennel doors, and is not able to be redirected once aroused.",,9/18/2025,L3
293,A0059397798,Dog,Little Foot,05 year(s) 06 month(s) 13 day(s),Merle Brown Catahoula Leopard dog / Mix,Urgent,Foster Foster Home,9/20/2020,N,46,3,9/20/2025 12:39 AM,L1,900235000841407,1:1 Socialization,Positive,,,,Microchip,9/22/2025 very reactive through gate. stiff and growling when dogs approached. once in yard showed no interest initially but then fixated on sniffing delaney's butt. very awkward seems under socialized,,9/20/2025 Easily handled while in intake but go slow. Fast movements startle him.,,9/20/2025,L1
294,A0059399658,Dog,Truce,03 year(s) 06 month(s) 12 day(s)," Black Mixed Breed, Medium (up to 44 lbs fully grown) / Mix",Available,Foster Foster Home,9/21/2022,N,61,3,9/20/2025 01:51 PM,L1,985113008805316,Neutral,Negative,9/23/2026,,,,9/23/2025 Was very curious and interested in the other dogs but he never broke for play. He preferred to walk around and just coexist. Very tolerant.,nan,9/21/2025 Easily handled while in intake and during exam.,,9/20/2025,L1
295,A0059401825,Dog,Tyrique,06 year(s) 06 month(s) 12 day(s)," Black / White Terrier, Pit Bull / Mix",Urgent,Foster Foster Home,9/21/2019,N,60,3,9/20/2025 10:05 PM,L1,941010004231800,Pending,Negative,9/23/2026,,,,9/28/2025 Eugene came into the yard hot and ready to play. He bounced around the yard and had a lot of fun playing with Asta.,nan,9/21/2025 Easily handled very sweet.,,9/20/2025,L1
296,A0059404011,Dog,Pup Pup,01 year(s) 04 month(s) 11 day(s)," White Mixed Breed, Medium (up to 44 lbs fully grown) / Mix",Available,Dogs 406 A6,11/22/2024,N,44,3,2/21/2026 10:49 PM,L1,941010004110523,,,,,,,,,,,2/21/2026,L1
297,A0059406448,Dog,Glacier,00 year(s) 06 month(s) 12 day(s)," White / Black Bulldog, French",Court,Foster Foster Home,9/21/2025,M,4,1,9/21/2025 05:00 PM,L1,,,,,,,Court Mandate,,,,,9/21/2025,L1
298,A0059406474,Dog,Arctic,00 year(s) 06 month(s) 12 day(s)," White Bulldog, French / Mix",Court,Foster Foster Home,9/21/2025,M,13,1,9/21/2025 05:00 PM,,,,,,,,Court Mandate,,,,,9/21/2025,
299,A0059420470,Dog,Tiya,12 year(s) 04 month(s) 14 day(s)," Black / White Mixed Breed, Medium (up to 44 lbs fully grown) / Mix",Available,Foster Foster Home,11/19/2013,S,50,1,9/24/2025 10:50 AM,L3-SF,941010004201860,Selective,Positive,,,,,9/28/2025 Tia was very scared in the catchpin. We held the other dogs back and opened the gate and backed away so she would walk in on her own. She was very tolerant of Asta and Loyal sniffing her all over but she really wanted nothing to do with humans or the other dogs. She never got scared when a dog approached her but she would become avoidant and look away.,nan,"9/26/2025 Ducks around leash, tries to bolt when kennel is opened. Very frantic when walking and will randomly freeze. no aggression shown.",,9/24/2025,L3
300,A0059422620,Dog,Scarface-Capone,03 year(s) 06 month(s) 08 day(s)," White Terrier, American Pit Bull / Mix",Available,Foster Foster Home,9/25/2022,N,48,3,1/6/2026 11:56 AM,L2-A,941010004386775,Inconclusive,Positive,,,,,9/28/2025 retest after nx,,9/25/2025 Alarm barked for a second before calming down easily handled while in intake. startles easily sign of stress but no aggression shown during exam.,,1/6/2026,L2
301,A0059426615,Dog,Zip,00 year(s) 09 month(s) 08 day(s)," Black Mixed Breed, Medium (up to 44 lbs fully grown) / Mix",Court,Dog Quarantine B7,6/25/2025,F,37,2,9/24/2025 08:07 PM,L1,,,,,,,Court Mandate,,,9/25/2025 easily handled while in intake and during exam.,,9/24/2025,L1
302,A0059426616,Dog,Zap,00 year(s) 11 month(s) 08 day(s)," Brown Mixed Breed, Medium (up to 44 lbs fully grown) / Mix",Court,Dog Quarantine B7,4/25/2025,F,40,3,9/24/2025 08:07 PM,L1 - EA,,,,,,,Court Mandate,,,9/25/2025 easily handled while in intake and during exam.,,9/24/2025,L1
303,A0059426622,Dog,Zop,00 year(s) 10 month(s) 09 day(s)," Tan Mixed Breed, Medium (up to 44 lbs fully grown) / Mix",Court,Dog Quarantine B4,5/24/2025,M,15,1,9/24/2025 08:07 PM,L1,941010004209165,,,,,,Court Mandate,,,9/25/2025 easily handled while in intake and during exam.,,9/24/2025,L1
304,A0059426629,Dog,Tip,02 year(s) 06 month(s) 08 day(s)," Grey / White Mixed Breed, Medium (up to 44 lbs fully grown) / Mix",Court,Dog Quarantine A8,9/25/2023,F,48,3,9/24/2025 08:07 PM,L3 BR,,,Negative,,,,Court Mandate,,,9/25/2025 Easily handled in intake kennel & during exam.,,9/24/2025,L3
305,A0059426630,Dog,Tap,02 year(s) 06 month(s) 08 day(s)," Brown / White Mixed Breed, Medium (up to 44 lbs fully grown) / Mix",Court,Dogs 203 9,9/25/2023,F,51,1,9/24/2025 08:07 PM,L1,,,Negative,,,,Court Mandate,,,9/25/2025 Easily handled in intake kennel & during exam. ,,9/24/2025,L1
306,A0059426640,Dog,Top,03 year(s) 06 month(s) 08 day(s)," Brown / White Mixed Breed, Medium (up to 44 lbs fully grown) / Mix",Court,Dogs 204 1,9/25/2022,M,60,1,9/24/2025 08:07 PM,L2-OA,,,Negative,,,,Court Mandate,,,9/25/2025 Easily handled in intake kennel & during exam. ,,9/24/2025,L2
307,A0059434792,Dog,Cane,03 year(s) 06 month(s) 07 day(s)," Black / White Mixed Breed, Large (over 44 lbs fully grown) / Mix",Bite Quarantine - Not Visible,Foster Foster Home,9/26/2022,N,63,3,9/25/2025 10:47 PM,L1,941010004241008,Inconclusive,Negative,,,,,9/28/2025 retest after nx,,9/26/2025 easily handled while in intake and during exam.,,9/25/2025,L1
308,A0059446971,Dog,Mabel,03 year(s) 06 month(s) 04 day(s)," Brown / White Terrier, American Pit Bull / Mix",Available,Foster Foster Home,9/29/2022,S,42,3,9/28/2025 12:41 PM,L2-OA,941010004189452,Friendly,,,,,Identifying Info,,,,,9/28/2025,L2
309,A0059452021,Dog,Pomegranate,04 year(s) 06 month(s) 03 day(s)," White Terrier, American Pit Bull / Mix",Available,Foster Foster Home,9/30/2021,S,54,3,9/29/2025 02:37 PM,L1,941010004169642,Selective,,,,,,,,,,9/29/2025,L1
310,A0059455100,Dog,Watermelon,03 year(s) 11 month(s) 29 day(s)," Grey / White Terrier, Pit Bull / Mix",Available,Dogs 067 B2,4/4/2022,N,62,3,3/25/2026 04:56 PM,L1,991003001431588,,,,,,,,,,,3/25/2026,L1
311,A0059455160,Dog,Cochito,01 year(s) 01 month(s) 00 day(s)," Tan Terrier, Pit Bull / Mix",Available,Foster Foster Home,3/2/2025,S,29,2,9/29/2025 06:54 PM,L1,941010004169778,,,,,,,,,,,9/29/2025,L1
312,A0059462524,Dog,Supernova,10 year(s) 06 month(s) 01 day(s)," Tan Mixed Breed, Medium (up to 44 lbs fully grown) / Mix",Available,Foster Foster Home,10/1/2015,S,25,3,9/30/2025 04:35 PM,L1,,Neutral,,,,,,,,,,9/30/2025,L1
313,A0059532420,Dog,Pugsley,03 year(s) 05 month(s) 30 day(s)," Brown Mixed Breed, Medium (up to 44 lbs fully grown) / Mix",Available,Foster Foster Home,10/3/2022,N,36,3,10/2/2025 06:08 PM,L3-SF,941010004169028,,,,,,,,,,,10/2/2025,L3
314,A0059533461,Dog,Moose,02 year(s) 05 month(s) 30 day(s)," White / Black Terrier, Pit Bull / Mix",Urgent,Foster Foster Home,10/3/2023,N,52,3,10/2/2025 11:25 PM,L2-SF/BR,941010004669737,Selective,,,,,,,,,,10/2/2025,L2
315,A0059536665,Dog,Ms.Parker,06 year(s) 05 month(s) 23 day(s)," Black Cur, Mountain / Retriever, Labrador",Available,Foster Foster Home,10/10/2019,S,40,3,10/3/2025 01:47 PM,L1,941010004029306,,,,,,,,,,,10/3/2025,L1
316,A0059543487,Dog,Whilmer,06 year(s) 05 month(s) 28 day(s)," White / Black Terrier, Pit Bull / Mix",Available,Dogs 068 A1,10/5/2019,N,58,3,10/4/2025 04:31 PM,L1,941010004427453,Friendly,,,,,,,,,,10/4/2025,L1
317,A0059546093,Dog,HUDSON,06 year(s) 11 month(s) 00 day(s), Black / Brown German Shepherd / Mix,Available,Foster Foster Home,5/2/2019,N,75,3,10/10/2025 01:14 PM,L2 - SF,,Neutral,,,,,,,,,,10/10/2025,L2
318,A0059560945,Dog,Whoopty,01 year(s) 05 month(s) 25 day(s)," White / Black Terrier, American Pit Bull / Mix",Available,Foster Foster Home,10/8/2024,N,67,3,10/7/2025 06:29 PM,L3-OA,941010004087840,Friendly,,,,,,,,,,10/7/2025,L3
319,A0059562812,Dog,Liz,05 year(s) 05 month(s) 24 day(s)," Brown / White Terrier, Pit Bull / Mix",Available,Foster Foster Home,10/9/2020,S,47,3,10/8/2025 11:10 AM,L1,941010004059323,Little to no play,,,,,,,,,,10/8/2025,L1
320,A0059585503,Dog,Clyde,01 year(s) 05 month(s) 21 day(s)," Black / White Mixed Breed, Large (over 44 lbs fully grown) / Mix",Available,Foster Foster Home,10/12/2024,N,13,3,2/21/2026 11:32 AM,L2-SF,941010004074695,,,,,,,,,,,2/21/2026,L2
321,A0059588090,Dog,Kadaffi,07 year(s) 05 month(s) 21 day(s)," White Bulldog, American / Mix",Pending Behavior Assessment,Dogs 203 5,10/12/2018,M,95,1,3/4/2026 03:46 PM,STAFF ONLY,,,,,,,,,,,,3/4/2026,STAFF ONLY
322,A0059588960,Dog,Tammy,02 year(s) 05 month(s) 20 day(s), Brown / Brindle Cane Corso / Mix,Microchip,Dogs 403 A5,10/13/2023,S,84,2,3/27/2026 03:06 PM,L2-SF,985113009989632,,,,,,,,,,,3/27/2026,L2
323,A0059599608,Dog,Cup Noodles,02 year(s) 03 month(s) 13 day(s)," Blond Terrier, Pit Bull / Mix",Available,Foster Foster Home,12/20/2023,N,65,3,10/15/2025 04:44 PM,L2-SF,941010004361962,Friendly,,,,,,,,,,10/15/2025,L2
324,A0059600554,Dog,Kuzco,07 year(s) 05 month(s) 07 day(s), White / Brown Bully American  - Standard / Mix,Priority,Foster Foster Home,10/26/2018,N,56,3,10/14/2025 02:50 PM,L2 - BH,941010004977394,Neutral,,,,,,,,,,10/14/2025,L2
326,A0059619501,Dog,Latte,06 year(s) 05 month(s) 16 day(s)," Brown Terrier, American Pit Bull / Mix",Priority,Foster Foster Home,10/17/2019,S,57,3,10/16/2025 07:54 PM,L1,941010004355248,No PlayGroup-Medical,,,,,,,,,,10/16/2025,L1
327,A0059628706,Dog,Willie,02 year(s) 05 month(s) 14 day(s)," Grey / White Mixed Breed, Large (over 44 lbs fully grown) / Mix",Available,Foster Foster Home,10/19/2023,N,70,3,10/18/2025 12:10 PM,L2-OA,941010004366402,Friendly,,,,,,,,,,10/18/2025,L2
328,A0059637847,Dog,Cheyenne,03 year(s) 05 month(s) 10 day(s)," Grey / White Terrier, Pit Bull / Mix",Pending Medical Assessment/Treatment,Foster Foster Home,10/23/2022,S,49,3,10/20/2025 02:30 PM,L1,941010004415363,,,,,,,,,,,10/20/2025,L1
329,A0059640015,Dog,Jumper,12 year(s) 05 month(s) 12 day(s)," Black / White Mixed Breed, Medium (up to 44 lbs fully grown) / Mix",Available,Foster Foster Home,10/21/2013,N,67,3,10/20/2025 04:29 PM,L1,985112007760456,Friendly,,,,,,,,,,10/20/2025,L1
330,A0059640030,Dog,Cooper,04 year(s) 05 month(s) 12 day(s)," Black / White Mixed Breed, Medium (up to 44 lbs fully grown) / Mix",Urgent,Foster Foster Home,10/21/2021,N,60,3,10/20/2025 04:29 PM,L2-BR,981020035631915,Helper/Greeter,,,,,,,,,,10/20/2025,L2
331,A0059648947,Dog,Nibbles,01 year(s) 04 month(s) 11 day(s)," Brown / White Mixed Breed, Medium (up to 44 lbs fully grown) / Mix",Urgent,Foster Foster Home,11/22/2024,N,37,3,10/21/2025 05:01 PM,L1,941010004419833,Neutral,,,,,,,,,,10/21/2025,L1
332,A0059658007,Dog,Bingo from Bluey,02 year(s) 05 month(s) 10 day(s)," White / Brown Mixed Breed, Medium (up to 44 lbs fully grown) / Mix",Available,Foster Foster Home,10/23/2023,N,36,3,12/23/2025 02:24 PM,L2 SF,941010004557747,Neutral,,,,,,,,,,12/23/2025,L2
333,A0059668396,Dog,Nanny May,08 year(s) 05 month(s) 08 day(s)," Grey / White Terrier, Pit Bull / Mix",Urgent,Foster Foster Home,10/25/2017,S,48,3,10/24/2025 02:22 PM,L2 - BH,941010004379653,Neutral,,,,,,,,,,10/24/2025,L2
334,A0059668887,Dog,Winter,04 year(s) 05 month(s) 08 day(s),"Spotted White / Black Terrier, Pit Bull / Mix",Available,Foster Foster Home,10/25/2021,S,46,3,10/24/2025 02:15 PM,L1,,Neutral,,,,,,,,,,10/24/2025,L1
335,A0059673276,Dog,Yoda,01 year(s) 05 month(s) 07 day(s)," Black / White Mixed Breed, Large (over 44 lbs fully grown) / Mix",Available,Foster Foster Home,10/26/2024,N,44,3,10/25/2025 12:47 PM,L1,941010004361411,Neutral,,,,,,,,,,10/25/2025,L1
336,A0059673526,Dog,Pixel,03 year(s) 05 month(s) 07 day(s)," White / Red Mixed Breed, Large (over 44 lbs fully grown) / Mix",Available,Foster Foster Home,10/26/2022,N,51,3,10/25/2025 01:02 PM,L1,941010004344725,Friendly,,,,,,,,,,10/25/2025,L1
337,A0059675889,Dog,Mona,10 year(s) 05 month(s) 07 day(s)," Black / White Terrier, Pit Bull / Mix",Available,Foster Foster Home,10/26/2015,F,56,3,10/25/2025 11:23 PM,L2-SF,,Little to no play,,,,,,,,,,10/25/2025,L2
338,A0059675890,Dog,Penelope,13 year(s) 05 month(s) 07 day(s)," Grey / White Terrier, Pit Bull / Mix",Available,Foster Foster Home,10/26/2012,F,85,3,10/25/2025 11:26 PM,L2-SF,,Neutral,,,,,,,,,,10/25/2025,L2
339,A0059677700,Dog,Nami,01 year(s) 05 month(s) 06 day(s)," Black Retriever, Labrador / Mix",Priority,Dogs 064 B1,10/27/2024,S,38,3,1/30/2026 01:34 PM,L1,941010004432964,,,,,,,,,,,1/30/2026,L1
340,A0059683353,Dog,Heffalump,05 year(s) 05 month(s) 05 day(s)," Black / White Terrier, Pit Bull / Mix",Available,Foster Foster Home,10/28/2020,S,68,3,10/27/2025 04:15 PM,L2-SF/A/ OD,941010004448180,Selective,,,,,,,,,,10/27/2025,L2
341,A0059684070,Dog,Suga,06 year(s) 05 month(s) 04 day(s)," Tan / White Terrier, Pit Bull / Mix",Priority,Foster Foster Home,10/29/2019,S,54,3,10/28/2025 02:09 PM,L1,941010004168243,Neutral,,,,,,,,,,10/28/2025,L1
342,A0059688884,Dog,Faerun,05 year(s) 05 month(s) 04 day(s)," Black / White Terrier, Pit Bull / Siberian Husky",Available,Foster Foster Home,10/29/2020,S,49,3,10/28/2025 02:05 PM,L1-EA,985113007939879,Neutral,,,,,,,,,,10/28/2025,L1
343,A0059702236,Dog,Judge,02 year(s) 05 month(s) 03 day(s)," Brown / White Terrier, Pit Bull",Urgent,Foster Foster Home,10/30/2023,N,62,3,10/30/2025 12:31 PM,L1,941010004177570,Inconclusive,,,,,,,,,,10/30/2025,L1
344,A0059702289,Dog,Midnight - ADOPTED,01 year(s) 05 month(s) 02 day(s)," Black Retriever, Labrador / Mix",Trial Adoption,Foster Trial Adoption,10/31/2024,S,45,1,2/24/2026 07:19 PM,L1,941010004238460,,,,,,,,,,,2/24/2026,L1
345,A0059702901,Dog,Brisket,00 year(s) 08 month(s) 02 day(s)," Black Terrier, Pit Bull / Mix",Available,Dogs 068 B1,7/31/2025,N,52,3,2/28/2026 12:01 PM,L1,941010004215488,,,,,,,,,,,2/28/2026,L1
346,A0059711167,Dog,Simba,02 year(s) 05 month(s) 01 day(s)," Brown / White Terrier, Pit Bull / Mix",Urgent,Foster Foster Home,11/1/2023,N,40,3,10/31/2025 01:17 PM,L1,985112012546697,Friendly,,,,,,,,,,10/31/2025,L1
347,A0059714732,Dog,Sweetie,04 year(s) 05 month(s) 00 day(s),"Brindle Brown / Black Terrier, Pit Bull / Mix",Available,Foster Foster Home,11/2/2021,S,35,3,11/1/2025 09:41 AM,L1,941010004055159,Selective,,,,,,,,,,11/1/2025,L1
348,A0059716525,Dog,Lillypad,06 year(s) 05 month(s) 00 day(s)," Grey / White Terrier, Pit Bull / Mix",Available,Foster Foster Home,11/2/2019,S,57,3,11/1/2025 02:17 PM,L2-A,941010003983855,,,,,,,,,,,11/1/2025,L2
349,A0059719472,Dog,Gamora,02 year(s) 04 month(s) 30 day(s), Brindle Perro de Presa Canario / Mix,Court,Dogs 201 1,11/3/2023,F,83,1,11/2/2025 02:14 PM,L3 BR,,,,,,,,,,,,11/2/2025,L3
350,A0059726356,Dog,George,04 year(s) 04 month(s) 29 day(s)," Brindle / White Terrier, Pit Bull / Mix",Available,Foster Foster Home,11/4/2021,N,45,3,11/3/2025 09:27 PM,L1,941010004090725,Neutral,,,,,,,,,,11/3/2025,L1
351,A0059726360,Dog,Vixy,04 year(s) 04 month(s) 29 day(s)," Brindle Terrier, Pit Bull / Mix",Available,Foster Foster Home,11/4/2021,S,44,3,11/3/2025 09:28 PM,L1,941010004186601,Neutral,,,,,,,,,,11/3/2025,L1
352,A0059728129,Dog,Croptop,03 year(s) 04 month(s) 28 day(s)," Brown / White Terrier, Pit Bull / Mix",Available,Foster Foster Home,11/5/2022,N,59,3,11/4/2025 09:57 AM,L2-BR,941010004105151,Friendly,,,,,,,,,,11/4/2025,L2
353,A0059748554,Dog,Pumpkin - ADOPTED,01 year(s) 01 month(s) 26 day(s)," Brown / White Mixed Breed, Medium (up to 44 lbs fully grown) / Mix",Trial Adoption,Foster Trial Adoption,2/7/2025,N,43,3,3/25/2026 01:50 PM,L1,941010004943416,,,,,,,,,,,3/25/2026,L1
354,A0059753002,Dog,Fantasia,04 year(s) 04 month(s) 26 day(s)," Grey Mixed Breed, Medium (up to 44 lbs fully grown) / Mix",Available,Foster Foster Home,11/7/2021,S,48,3,11/7/2025 02:19 PM,L1,941010004247071,,,,,,,,,,,11/7/2025,L1
355,A0059755574,Dog,Frappe,00 year(s) 07 month(s) 28 day(s)," Grey / Brown Mixed Breed, Small (under 24 lbs fully grown) / Mix",Court,Dog ISO 155 A2,8/5/2025,F,32,1,11/7/2025 07:47 PM,L1,,,,,,,,,,,,11/7/2025,L1
356,A0059755584,Dog,Latte,00 year(s) 07 month(s) 28 day(s)," Brown Mixed Breed, Small (under 24 lbs fully grown) / Mix",Court,Dog ISO 155 B2,8/5/2025,F,33,1,11/7/2025 07:50 PM,L1,,,,,,,,,,,,11/7/2025,L1
357,A0059756103,Dog,Spinach,03 year(s) 04 month(s) 25 day(s)," Tan / Black Cur, Black-Mouth / Mix",Pending Behavior Assessment,Dogs 301 6,11/8/2022,N,0,1,4/1/2026 11:45 AM,STAFF ONLY,985112012253031,,,,,,,,,,,4/1/2026,STAFF ONLY
358,A0059758023,Dog,Sly,05 year(s) 04 month(s) 24 day(s)," Grey Terrier, Pit Bull / Mix",Priority,Foster Foster Home,11/9/2020,S,46,3,11/8/2025 03:24 PM,L1,941010004535606,No PlayGroup- Slow Intros,,,,,,,,,,11/8/2025,L1
359,A0059760339,Dog,Neal,02 year(s) 04 month(s) 23 day(s)," Tan Terrier, American Pit Bull / Mix",Available,Foster Foster Home,11/10/2023,N,34,3,11/9/2025 12:34 PM,L2-OA,985112012545510,Friendly,,,,,,,,,,11/9/2025,L2
360,A0059761809,Dog,Dolly Parton,03 year(s) 06 month(s) 09 day(s)," Black / Brown Mixed Breed, Large (over 44 lbs fully grown) / Mix",Available,Foster Foster Home,9/24/2022,F,46,3,11/9/2025 07:06 PM,L1,941010003986255,,,,,,,,,,,11/9/2025,L1
361,A0059765463,Dog,Blythe,02 year(s) 04 month(s) 22 day(s)," Brown / White Terrier, American Pit Bull / Mix",Priority,Foster Foster Home,11/11/2023,S,49,3,11/10/2025 02:15 PM,L2-SF,941010004921532,No PlayGroup- Slow Intros,,,,,,,,,,11/10/2025,L2
362,A0059767576,Dog,Astro,02 year(s) 04 month(s) 22 day(s)," White / Black Terrier, American Pit Bull / Mix",Urgent,Dogs 067 B4,11/11/2023,S,39,3,11/10/2025 05:19 PM,L2-RG/OA,941010004284705,No PlayGroup- Slow Intros,,,,,,,,,,11/10/2025,L2
363,A0059782879,Dog,Flanders,01 year(s) 04 month(s) 19 day(s)," Brown / White Mixed Breed, Large (over 44 lbs fully grown) / Mix",Urgent,Foster Foster Home,11/14/2024,N,57,3,11/13/2025 11:52 AM,L3-OA/LB,941010004183374,Tag,,,,,,,,,,11/13/2025,L3
365,A0059796119,Dog,Norman,00 year(s) 11 month(s) 18 day(s)," Brindle Mixed Breed, Large (over 44 lbs fully grown) / Mix",Available,Foster Foster Home,4/15/2025,N,62,3,11/15/2025 12:43 PM,L2-SF,941010004235851,,,,,,,,,,,11/15/2025,L2
366,A0059803596,Dog,O' Toole,03 year(s) 04 month(s) 16 day(s)," Black / White Terrier, American Staffordshire / Mix",Priority,Foster Foster Home,11/17/2022,N,63,3,11/17/2025 12:45 PM,L2-OA,941010004384022,No PlayGroup- Slow Intros,,,,,,,,,,11/17/2025,L2
367,A0059817192,Dog,Muses,05 year(s) 04 month(s) 13 day(s)," White / Fawn Terrier, Pit Bull / Mix",Available,Foster Foster Home,11/20/2020,S,54,3,11/19/2025 12:06 PM,L2-OA,985113010488042,Selective,,,,,,,,,,11/19/2025,L2
368,A0059824398,Dog,Kong,03 year(s) 04 month(s) 12 day(s)," Grey Mixed Breed, Medium (up to 44 lbs fully grown) / Mix",Available,Foster Foster Home,11/21/2022,N,57,3,11/20/2025 11:26 AM,L3-OA,941010003964410,Friendly,,,,,,,,,,11/20/2025,L3
369,A0059829644,Dog,Eggnog,01 year(s) 04 month(s) 12 day(s),"Tiger Brown / White Mixed Breed, Medium (up to 44 lbs fully grown) / Mix",Available,Foster Foster Home,11/21/2024,S,55,3,11/21/2025 06:05 AM,L3-SF,941010004333570,No PlayGroup- Slow Intros,,,,,,,,,,11/21/2025,L3
370,A0059832238,Dog,Captain Kid,01 year(s) 04 month(s) 11 day(s)," Black / White Mixed Breed, Large (over 44 lbs fully grown) / Mix",Priority,Dogs 506 B1,11/22/2024,N,65,3,3/17/2026 12:42 PM,L2 - BH/SD,941010004436327,No PlayGroup- Slow Intros,,,,,,,,,,3/17/2026,L2
371,A0059832516,Dog,Junebug,02 year(s) 04 month(s) 11 day(s)," White / Grey Mixed Breed, Large (over 44 lbs fully grown) / Mix",Urgent,Foster Foster Home,11/22/2023,N,56,3,11/21/2025 01:12 PM,L3 - LB/OA,941010004404082,Tag,,,,,,,,,,11/21/2025,L3
372,A0059837762,Dog,Stavvy,06 year(s) 04 month(s) 10 day(s)," Tan / White Terrier, American Pit Bull / Mix",Available,Foster Foster Home,11/23/2019,N,54,1,11/22/2025 01:31 PM,L2-OA/LR,941010004329801,No PlayGroup- Slow Intros,,,,,,,,,,11/22/2025,L2
373,A0059840186,Dog,Josie,09 year(s) 03 month(s) 05 day(s)," Cream Mixed Breed, Small (under 24 lbs fully grown) / Mix",Available,Foster Foster Home,12/28/2016,S,16,1,11/23/2025 07:03 AM,L3-BH/SF,941010004237161,,,,,,,,,,,11/23/2025,L3
374,A0059842902,Dog,Pumpkin Pie,05 year(s) 04 month(s) 08 day(s)," Chocolate / White Terrier, American Pit Bull / Mix",Available,Foster Foster Home,11/25/2020,S,42,3,11/24/2025 09:22 AM,L1,941010004328324,1:1 Socialization,,,,,,,,,,11/24/2025,L1
375,A0059843787,Dog,Billion,04 year(s) 04 month(s) 08 day(s), Black / Brown Bully American  - Standard / Mix,Bite Quarantine - Not Visible,Dogs 203 2,11/25/2021,M,71,1,3/5/2026 12:14 PM,STAFF ONLY,,,,,,,,,,,,3/5/2026,STAFF ONLY
376,A0059843826,Dog,Loyal,02 year(s) 04 month(s) 08 day(s), Brown Bully American - Pocket / Mix,Court,Dog ISO 156 C8,11/25/2023,F,41,1,3/5/2026 12:14 PM,L2-H,,,,,,,,,,,,3/5/2026,L2
377,A0059848980,Dog,Benjamin Franklin,, White Argentine Dogo / Mix,Court,Dogs 201 7,,M,0,1,11/24/2025 11:43 PM,STAFF ONLY,,,,,,,,,,,,11/24/2025,STAFF ONLY
378,A0059850946,Dog,Chowder,01 year(s) 04 month(s) 07 day(s)," White / Tan Mixed Breed, Medium (up to 44 lbs fully grown) / Mix",Available,Foster Foster Home,11/26/2024,S,40,3,11/25/2025 11:39 AM,L1,941010004213950,Tag,,,,,,,,,,11/25/2025,L1
379,A0059856116,Dog,Snowdrop,02 year(s) 04 month(s) 07 day(s)," Black / White Terrier, Pit Bull / Mix",Urgent,Foster Foster Home,11/26/2023,S,48,3,11/25/2025 09:02 PM,L2-SF,941010004173788,1:1 Socialization,,,,,,,,,,11/25/2025,L2
380,A0059863210,Dog,Sushi Williams,01 year(s) 10 month(s) 02 day(s)," Brown / White Mixed Breed, Medium (up to 44 lbs fully grown) / Mix",Available,Foster Foster Home,5/31/2024,S,54,3,11/28/2025 12:42 PM,L2-BR,941010004478369,Tag,,,,,,,,,,11/28/2025,L2
381,A0059863913,Dog,Monte Cristo,00 year(s) 11 month(s) 04 day(s)," White / Black Mixed Breed, Small (under 24 lbs fully grown) / Mix",Priority,Foster Foster Home,4/29/2025,N,28,3,11/28/2025 02:55 PM,L2-OA,985113009934750,Inconclusive,,,,,,,,,,11/28/2025,L2
382,A0059867410,Dog,Luna,08 year(s) 04 month(s) 27 day(s)," Brown Terrier, American Pit Bull / Mix",Available,Foster Foster Home,11/6/2017,S,42,3,11/29/2025 04:23 PM,L2-SF,982126052308353,1:1 Socialization,,,,,,,,,,11/29/2025,L2
383,A0059870923,Dog,LuLu,03 year(s) 04 month(s) 00 day(s)," Grey / White Terrier, Pit Bull / Mix",Available,Dogs 081 A10,12/2/2022,S,43,3,4/1/2026 11:27 AM,L2 - SF,941010005035725,1:1 Socialization,,,,,,,,,,4/1/2026,L2
384,A0059874986,Dog,Valentine,08 year(s) 03 month(s) 30 day(s)," Bronze Mixed Breed, Large (over 44 lbs fully grown) / Mix",Priority,Foster Foster Home,12/3/2017,N,66,3,12/2/2025 02:22 PM,L1,981020023139146,Gentle Play,,,,,,,,,,12/2/2025,L1
385,A0059876004,Dog,Treasure,04 year(s) 04 month(s) 00 day(s)," White / Black Mixed Breed, Large (over 44 lbs fully grown) / Mix",Available,Foster Foster Home,12/2/2021,S,50,3,12/1/2025 04:14 PM,L1,941010005030777,,,,,,,,,,,12/1/2025,L1
386,A0059876839,Dog,Cocoa Pebbles,00 year(s) 08 month(s) 00 day(s)," Black / White Retriever, Labrador / Mix",Pending Medical Assessment/Treatment,Foster Foster Home,8/2/2025,S,35,1,12/13/2025 01:43 PM,L2-SF,941010004527143,,,,,,,,,,,12/13/2025,L2
387,A0059879049,Dog,Liza Minnelli,00 year(s) 06 month(s) 00 day(s)," Blond / Brown Mixed Breed, Medium (up to 44 lbs fully grown) / Mix",Available,Dogs 067 A5,10/2/2025,S,26,3,3/25/2026 11:18 AM,L1,941010005087640,,,,,,,,,,,3/25/2026,L1
388,A0059879738,Dog,Yanga,05 year(s) 03 month(s) 30 day(s)," Brindle / White Terrier, American Pit Bull / Mix",Available,Foster Foster Home,12/3/2020,S,63,3,12/2/2025 12:39 PM,L1,941010004510628,Physical Play,,,,,,,,,,12/2/2025,L1
389,A0059883251,Dog,Brawny,03 year(s) 09 month(s) 29 day(s), Tan / Black Cane Corso / Mix,Available,Foster Foster Home,6/4/2022,N,63,3,3/2/2026 04:58 PM,L1,941010004413306,,,,,,,,,,,3/2/2026,L1
390,A0059883999,Dog,Toni,02 year(s) 02 month(s) 25 day(s)," Grey Terrier, Pit Bull / Mix",Available,Foster Foster Home,1/8/2024,S,48,3,12/2/2025 08:35 PM,L1,941010005037191,Gentle Play,,,,,,,,,,12/2/2025,L1
391,A0059887168,Dog,Sally,01 year(s) 09 month(s) 28 day(s)," White / Black Terrier, Pit Bull / Mix",Urgent,Foster Foster Home,6/5/2024,S,41,3,12/3/2025 02:17 PM,L2-OD/H,941010004967696,1:1 Socialization,,,,,,,,,,12/3/2025,L2
392,A0059887386,Dog,Jo,06 year(s) 00 month(s) 07 day(s)," White / Black Terrier, Pit Bull / Mix",Pre-Euthanasia,Dog Pre/Post Op 138 3,3/26/2020,N,49,3,12/3/2025 02:17 PM,L1,941010005069932,Friendly,,,,,,,,,,12/3/2025,L1
393,A0059897793,Dog,Freckles,13 year(s) 03 month(s) 28 day(s)," Tan / White Mixed Breed, Medium (up to 44 lbs fully grown) / Mix",Bite Quarantine - Not Visible,Foster Foster Home,12/5/2012,S,36,3,12/4/2025 09:11 PM,L1,0A134A4749,,,,,,,,,,,12/4/2025,L1
394,A0059899389,Dog,Bongela,04 year(s) 03 month(s) 27 day(s)," Grey / White Terrier, Pit Bull / Mix",Priority,Puppy 48 2,12/6/2021,S,59,1,12/5/2025 11:53 AM,L1,941010004860018,,,,,,,,,,,12/5/2025,L1
395,A0059906032,Dog,Bonnie,02 year(s) 03 month(s) 18 day(s)," Tan / Black Mixed Breed, Medium (up to 44 lbs fully grown) / Mix",Priority,Foster Foster Home,12/15/2023,S,38,3,12/6/2025 02:07 PM,L3-SF,941010004686522,,,,,,,,,,,12/6/2025,L3
396,A0059912386,Dog,Arwen,01 year(s) 00 month(s) 24 day(s)," Brown / White Mixed Breed, Medium (up to 44 lbs fully grown) / Mix",Available,Dogs 402 C6,3/9/2025,S,36,3,3/10/2026 11:31 AM,L1,941010004355919,,,,,,,,,,,3/10/2026,L1
397,A0059914806,Dog,Genesis,01 year(s) 09 month(s) 18 day(s)," Black / White Mixed Breed, Medium (up to 44 lbs fully grown) / Mix",Available,Dogs 066 B3,6/15/2024,S,52,3,3/28/2026 02:00 PM,L1,941010004971406,Physical Play,,,,,,,,,,3/28/2026,L1
398,A0059916584,Dog,Frangilla,02 year(s) 03 month(s) 24 day(s)," Charcoal / White Terrier, Pit Bull",Available,Foster Foster Home,12/9/2023,S,50,3,12/9/2025 10:09 AM,L1,941010004464556,Little to no play,,,,,,,,,,12/9/2025,L1
399,A0059922434,Dog,Willow,10 year(s) 03 month(s) 23 day(s)," Brown Terrier, Pit Bull / Mix",Available,Dogs 079 B6,12/10/2015,S,56,2,12/9/2025 07:40 PM,L1,941010004956855,Little to no play,,,,,,,,,,12/9/2025,L1
401,A0059926387,Dog,Jetsam,02 year(s) 03 month(s) 22 day(s), Brown Bulldog / Mix,Priority,Foster Foster Home,12/11/2023,N,60,2,12/10/2025 02:33 PM,L2-OA,941010004976437,Physical Play,,,,,,,,,,12/10/2025,L2
402,A0059929504,Dog,Suga Suga,01 year(s) 03 month(s) 22 day(s)," Black Terrier, American Pit Bull / Mix",Urgent,Foster Foster Home,12/11/2024,S,53,3,12/11/2025 04:20 AM,L3 - OA,941010004858846,Inconclusive,,,,,,,,,,12/11/2025,L3
403,A0059932630,Dog,Bailey,02 year(s) 01 month(s) 25 day(s),"Badger Brown / White Terrier, American Pit Bull / Mix",Available,Foster Foster Home,2/8/2024,S,43,3,2/7/2026 08:59 PM,L1,941000030438149,,,,,,,,,,,2/7/2026,L1
404,A0059936274,Dog,Jett-ADOPTED,02 year(s) 03 month(s) 21 day(s)," Brown Mixed Breed, Medium (up to 44 lbs fully grown) / Mix",Trial Adoption,Foster Trial Adoption,12/12/2023,N,40,3,3/14/2026 06:04 PM,L2-OA/JM,941010004639163,,,,,,,,,,,3/14/2026,L2
405,A0059942852,Dog,Beluga,02 year(s) 02 month(s) 25 day(s)," Tan / White Mixed Breed, Medium (up to 44 lbs fully grown) / Mix",Urgent,Receiving 129 Crate,1/8/2024,N,41,3,12/13/2025 12:04 PM,L2-SF,941010004142975,1:1 Socialization,,,,,,,,,,12/13/2025,L2
406,A0059943984,Dog,Jeff,07 year(s) 03 month(s) 18 day(s)," Grey / White Terrier, Pit Bull / Mix",Available,Foster Foster Home,12/15/2018,N,72,2,12/14/2025 06:49 PM,L2-OA,981020057034021,Helper/Greeter,,,,,,,,,,12/14/2025,L2
407,A0059949826,Dog,Rylo,04 year(s) 03 month(s) 18 day(s)," White / Tan Mixed Breed, Large (over 44 lbs fully grown) / Mix",Priority,Dogs 503 A5,12/15/2021,N,75,3,12/15/2025 12:45 PM,L1,985113004470400,Inconclusive,,,,,,,,,,12/15/2025,L1
408,A0059953781,Dog,IRMA,02 year(s) 09 month(s) 15 day(s)," Grey Terrier, Pit Bull / Mix",Urgent,Foster Foster Home,6/18/2023,S,42,3,12/16/2025 05:45 PM,L2-A/M&G,941010005036045,,,,,,,,,,,12/16/2025,L2
409,A0059956967,Dog,Atticus,00 year(s) 11 month(s) 17 day(s)," Brown / White Mixed Breed, Medium (up to 44 lbs fully grown) / Mix",Available,Foster Foster Home,4/16/2025,N,48,3,12/16/2025 02:01 PM,L1,941010005053260,,,,,,,,,,,12/16/2025,L1
410,A0059957796,Dog,Sasha,05 year(s) 03 month(s) 16 day(s)," Tan / White Terrier, American Pit Bull / Mix",Available,Dogs 406 B7,12/17/2020,S,60,3,3/28/2026 12:30 PM,L2-H/OA,941010004416903,Physical Play,,,,,,,,,,3/28/2026,L2
411,A0059959702,Dog,Holly,01 year(s) 09 month(s) 15 day(s)," Grey / White Mixed Breed, Medium (up to 44 lbs fully grown) / Mix",Priority,Dogs 506 A1,6/18/2024,S,56,3,3/25/2026 03:05 PM,L1,941010004506627,,,,,,,,,,,3/25/2026,L1
412,A0059960650,Dog,Dondone,02 year(s) 09 month(s) 15 day(s)," Grey Mixed Breed, Medium (up to 44 lbs fully grown) / Mix",Urgent,Foster Foster Home,6/18/2023,N,62,3,12/16/2025 10:37 PM,L2-A/FJ,941010005003090,Physical Play,,,,,,,,,,12/16/2025,L2
413,A0059977933,Dog,Cal-ADOPTED,00 year(s) 03 month(s) 17 day(s)," Brown / White Mixed Breed, Large (over 44 lbs fully grown) / Mix",Available,Foster Foster Home,12/16/2025,N,10,2,12/19/2025 03:27 PM,2025015673,941010004026598,,,,,,,,,,,12/19/2025,
414,A0059978580,Dog,Smiles,01 year(s) 09 month(s) 12 day(s)," Brown Mixed Breed, Medium (up to 44 lbs fully grown) / Mix",Available,Dogs 306 A5,6/21/2024,S,48,3,2/28/2026 03:58 PM,L1,941010005103753,,,,,,,,,,,2/28/2026,L1
415,A0059980948,Dog,Honor,02 year(s) 05 month(s) 22 day(s)," Grey / White Mixed Breed, Medium (up to 44 lbs fully grown) / Mix",Available,Dogs 606 A7,10/11/2023,S,51,3,3/19/2026 03:08 PM,L1,941010003542995,,,,,,,,,,,3/19/2026,L1
416,A0059980958,Dog,Jolene,02 year(s) 11 month(s) 18 day(s)," Rust Mixed Breed, Medium (up to 44 lbs fully grown) / Mix",Available,Dogs 606 A1,4/15/2023,S,47,3,3/19/2026 03:13 PM,L1,981020043225866,,,,,,,,,,,3/19/2026,L1
417,A0059985568,Dog,Rocky,04 year(s) 03 month(s) 10 day(s), Brown / White Bully American  - Standard / Mix,Court,Dogs 204 2,12/23/2021,M,44,1,12/22/2025 08:59 AM,L1-EA,,,,,,,,,,,,12/22/2025,L1
418,A0059987203,Dog,Daisy Duck,05 year(s) 09 month(s) 09 day(s)," Grey / White Terrier, Pit Bull / Mix",Available,Receiving 130 11,6/24/2020,S,44,3,2/17/2026 02:35 PM,L1,981020025548770,,,,,,,,,,,2/17/2026,L1
419,A0059998766,Dog,Poinsettia,03 year(s) 03 month(s) 08 day(s)," White / Brown Terrier, American Pit Bull / Mix",Available,Foster Foster Home,12/25/2022,S,51,3,12/24/2025 01:27 PM,L1,941010004697847,,,,,,,,,,,12/24/2025,L1
420,A0059999309,Dog,Twonkle,04 year(s) 02 month(s) 20 day(s)," Brown / White Terrier, Pit Bull / Mix",Urgent,Foster Foster Home,1/13/2022,N,61,3,12/24/2025 03:53 PM,L2-SF,941010004139024,,,,,,,,,,,12/24/2025,L2
421,A0059999744,Dog,Garms,08 year(s) 02 month(s) 23 day(s)," Black Mixed Breed, Medium (up to 44 lbs fully grown) / Mix",Urgent,Foster Foster Home,1/10/2018,N,52,3,12/24/2025 08:36 PM,L2-A/SF,941010004867192,,,,,,,,,,,12/24/2025,L2
422,A0059999810,Dog,Cypress - ADOPTED,01 year(s) 03 month(s) 07 day(s)," Tan Terrier, Pit Bull / Mix",Trial Adoption,Foster Trial Adoption,12/26/2024,N,39,3,3/28/2026 11:00 AM,L3-SF,941010004145837,,,,,,,,,,,3/28/2026,L3
423,A0060000360,Dog,Pompey,01 year(s) 00 month(s) 07 day(s)," Brown / Taupe Terrier, American Pit Bull / Mix",Available,Foster Foster Home,3/26/2025,S,44,2,12/26/2025 09:13 AM,L1,991003911588952,,,,,,,,,,,12/26/2025,L1
424,A0060000370,Dog,Denver,02 year(s) 03 month(s) 07 day(s)," Black / Brown Mixed Breed, Large (over 44 lbs fully grown) / Mix",Urgent,Foster Foster Home,12/26/2023,N,58,3,3/5/2026 02:28 PM,L2-EA/OA/H,941010004976738,,,,,,,,,,,3/5/2026,L2
425,A0060004839,Dog,Anette,06 year(s) 01 month(s) 14 day(s)," Bronze Mixed Breed, Medium (up to 44 lbs fully grown) / Mix",Available,Foster Foster Home,2/19/2020,S,55,3,12/27/2025 11:40 AM,L1,985113005393730,,,,,,,,,,,12/27/2025,L1
426,A0060007257,Dog,Queenie,03 year(s) 03 month(s) 05 day(s)," Black Mixed Breed, Medium (up to 44 lbs fully grown) / Mix",Available,Foster Foster Home,12/28/2022,S,45,3,12/28/2025 03:33 AM,L1,941010005068601,,,,,,,,,,,12/28/2025,L1
427,A0060009593,Dog,Boomerang,04 year(s) 03 month(s) 03 day(s)," Brown / White Terrier, American Pit Bull / Mix",Court,Dogs 201 9,12/30/2021,M,69,1,12/29/2025 03:21 PM,L3-BR,,,,,,,,,,,,12/29/2025,L3
428,A0060009595,Dog,Ziga,04 year(s) 03 month(s) 03 day(s)," Tan / White Terrier, American Pit Bull / Mix",Court,Dog Quarantine B4,12/30/2021,F,55,1,12/29/2025 03:21 PM,L3-BR,,,,,,,,,,,,12/29/2025,L3
429,A0060009596,Dog,Nonna,03 year(s) 03 month(s) 03 day(s)," Tan / White Terrier, American Pit Bull / Mix",Court,Dogs 204 6,12/30/2022,F,54,1,12/29/2025 03:21 PM,L2-OA,,,,,,,,,,,,12/29/2025,L2
430,A0060009597,Dog,Tevy,02 year(s) 03 month(s) 03 day(s)," Tan / White Terrier, American Pit Bull / Mix",Court,Dog Quarantine B3,12/30/2023,M,49,1,12/29/2025 03:21 PM,L2-SF/OA,,,,,,,,,,,,12/29/2025,L2
431,A0060009599,Dog,Tavis,01 year(s) 03 month(s) 03 day(s)," Tan / White Terrier, American Pit Bull / Mix",Court,Dog Quarantine A3,12/30/2024,M,56,1,12/29/2025 03:21 PM,L2-SF,,,,,,,,,,,,12/29/2025,L2
432,A0060012030,Dog,Bullseye,01 year(s) 06 month(s) 24 day(s)," Brown / White Mixed Breed, Medium (up to 44 lbs fully grown) / Mix",Urgent,Foster Foster Home,9/9/2024,N,29,3,12/29/2025 01:12 PM,L3-A,941010004000649,,,,,,,,,,,12/29/2025,L3
433,A0060014800,Dog,Blue,02 year(s) 03 month(s) 03 day(s)," Black / White Terrier, Pit Bull / Mix",Priority,Dogs 406 A7,12/30/2023,N,67,3,12/29/2025 06:05 PM,L2-OA/LR/M&G,941010004979784,,,,,,,,,,,12/29/2025,L2
434,A0060016224,Dog,Jayla,01 year(s) 03 month(s) 02 day(s)," Brown / White Mixed Breed, Medium (up to 44 lbs fully grown) / Mix",Available,Foster Foster Home,12/31/2024,S,46,3,3/8/2026 05:15 PM,L1,941010004676352,1:1 Socialization,,,,,,,,,,3/8/2026,L1
435,A0060017473,Dog,Mama Odie,03 year(s) 03 month(s) 02 day(s)," Brown Mixed Breed, Large (over 44 lbs fully grown) / Mix",Available,Foster Foster Home,12/31/2022,S,52,3,12/30/2025 11:48 AM,L2-SF,941010004580831,,,,,,,,,,,12/30/2025,L2
436,A0060018734,Dog,Janis,02 year(s) 03 month(s) 02 day(s)," Brown / White Terrier, Pit Bull / Mix",Priority,Puppy 48 1,12/31/2023,S,45,3,12/30/2025 02:35 PM,L1,941010004508977,,,,,,,,,,,12/30/2025,L1
439,A0060022430,Dog,Tri,01 year(s) 03 month(s) 02 day(s)," Black / White Mixed Breed, Medium (up to 44 lbs fully grown) / Mix",Priority,Dogs 606 A5,12/31/2024,N,46,3,3/14/2026 02:47 PM,L2-SF,941010004953883,,,,,,,,,,,3/14/2026,L2
440,A0060023094,Dog,Ralphie,01 year(s) 03 month(s) 02 day(s)," Brown / White Terrier, Pit Bull / Mix",Priority,Dogs 066 B4,12/31/2024,N,55,3,12/30/2025 09:23 PM,L3-OA,941010005073160,,,,,,,,,,,12/30/2025,L3
441,A0060025585,Dog,Corn Syrup,03 year(s) 03 month(s) 02 day(s)," Brown / White Mixed Breed, Medium (up to 44 lbs fully grown) / Mix",Priority,Dogs 506 A7,12/31/2022,F,58,3,12/31/2025 01:50 PM,L2-RG,941010005025111,,,,,,,,,,,12/31/2025,L2
442,A0060026249,Dog,Gordon,00 year(s) 09 month(s) 01 day(s)," Black / White Siberian Husky / Terrier, Pit Bull",Available,Foster Foster Home,7/1/2025,N,38,3,12/31/2025 02:26 PM,L1,941010004509296,,,,,,,,,,,12/31/2025,L1
443,A0060026829,Dog,Mr Squatch,06 year(s) 03 month(s) 01 day(s)," Brown Terrier, Pit Bull / Mix",Available,Foster Foster Home,1/1/2020,N,66,3,1/25/2026 04:45 PM,L3-SD/BH,941010004663414,,,,,,,,,,,1/25/2026,L3
444,A0060028920,Dog,Ahri,07 year(s) 03 month(s) 00 day(s)," Tan Mixed Breed, Medium (up to 44 lbs fully grown) / Mix",Priority,Puppy 47 3,1/2/2019,S,95,3,1/1/2026 01:32 PM,L1,956000011965913,Little to no play,,,,,,,,,,1/1/2026,L1
445,A0060031280,Dog,Remus - adopted!,04 year(s) 08 month(s) 28 day(s), Black / Brown Rottweiler / Mix,Rescue,Foster Foster Home,7/5/2021,N,77,3,1/2/2026 12:17 PM,L1,941010004547309,,,,,,,,,,,1/2/2026,L1
446,A0060032565,Dog,Albie,01 year(s) 02 month(s) 30 day(s)," Brown Mixed Breed, Medium (up to 44 lbs fully grown) / Mix",Priority,Foster Foster Home,1/3/2025,S,43,2,1/2/2026 02:14 PM,L2-SF,941010004988836,,,,,,,,,,,1/2/2026,L2
448,A0060038122,Dog,Gingersnap,02 year(s) 02 month(s) 29 day(s)," Brown / White Mixed Breed, Medium (up to 44 lbs fully grown) / Mix",Urgent,Foster Foster Home,1/4/2024,S,47,3,1/3/2026 04:27 PM,L2-A,941010005082852,,,,,,,,,,,1/3/2026,L2
449,A0060038890,Dog,Lamelo,05 year(s) 02 month(s) 29 day(s)," Black / Brown Mixed Breed, Medium (up to 44 lbs fully grown) / Mix",Available,Dogs 503 B3,1/4/2021,S,57,1,1/3/2026 10:21 PM,L1,,,,,,,,,,,,1/3/2026,L1
450,A0060039715,Dog,Mister Worldwide,03 year(s) 02 month(s) 28 day(s)," Grey Mixed Breed, Medium (up to 44 lbs fully grown) / Mix",Available,Foster Foster Home,1/5/2023,N,56,3,1/4/2026 01:00 PM,L1,941010005016235,,,,,,,,,,,1/4/2026,L1
451,A0060041145,Dog,Gwendolyn,01 year(s) 02 month(s) 28 day(s),Tiger Brindle / Black Dutch Shepherd / Mix,Available,Puppy 48 3,1/5/2025,S,38,3,1/5/2026 12:54 AM,L2-LB/OA,941010004708646,,,,,,,,,,,1/5/2026,L2
452,A0060042666,Dog,Gonzo,02 year(s) 02 month(s) 27 day(s)," Grey / White Mixed Breed, Medium (up to 44 lbs fully grown) / Mix",Available,Foster Foster Home,1/6/2024,N,50,3,1/5/2026 11:15 AM,L1,941010004650600,,,,,,,,,,,1/5/2026,L1
453,A0060043610,Dog,Zara,04 year(s) 02 month(s) 20 day(s)," Brown / Black Mixed Breed, Medium (up to 44 lbs fully grown) / Mix",Priority,Dogs 602 5,1/13/2022,S,48,3,1/5/2026 12:29 PM,L2-SD,941010004157434,,,,,,,,,,,1/5/2026,L2
454,A0060046996,Dog,Mannie,05 year(s) 02 month(s) 27 day(s)," Black / White Mixed Breed, Medium (up to 44 lbs fully grown) / Mix",Priority,Dogs 506 A6,1/6/2021,N,54,3,1/5/2026 05:34 PM,L1,941010005086580,,,,,,,,,,,1/5/2026,L1
455,A0060052135,Dog,Starla,01 year(s) 00 month(s) 26 day(s)," Black / White Mixed Breed, Medium (up to 44 lbs fully grown) / Mix",Priority,Dogs 601 9,3/7/2025,S,36,3,2/26/2026 11:59 AM,L2-OA,941010004862003,,,,,,,,,,,2/26/2026,L2
456,A0060054346,Dog,Flippa,05 year(s) 02 month(s) 26 day(s)," Grey Terrier, Pit Bull / Mix",Priority,Dogs 088 A8,1/7/2021,S,47,3,2/4/2026 11:28 PM,L2-BR/SF,941010004858925,,,,,,,,,,,2/4/2026,L2
457,A0060057579,Dog,Syd the Sloth-adopted!,12 year(s) 02 month(s) 25 day(s)," White / Grey Mixed Breed, Medium (up to 44 lbs fully grown) / Mix",Rescue,Foster Foster Home,1/8/2014,N,54,3,1/7/2026 12:39 PM,L1,941010004829320,,,,,,,,,,,1/7/2026,L1
458,A0060058126,Dog,Oreo,04 year(s) 02 month(s) 26 day(s)," Black / White Mixed Breed, Medium (up to 44 lbs fully grown) / Mix",Pre-Euthanasia,Dogs 201 5,1/7/2022,S,42,3,1/7/2026 01:51 PM,STAFF ONLY,941010004522672,,,,,,,,,,,1/7/2026,STAFF ONLY
459,A0060061069,Dog,Bronco,08 year(s) 02 month(s) 25 day(s)," Black Mixed Breed, Large (over 44 lbs fully grown) / Mix",Available,Dogs 303 B5,1/8/2018,N,73,3,1/7/2026 05:20 PM,L1,941010004801552,,,,,,,,,,,1/7/2026,L1
460,A0060061448,Dog,Flame,05 year(s) 02 month(s) 24 day(s)," Buff / White Terrier, Pit Bull / Mix",Priority,Dogs 079 A2,1/9/2021,N,61,3,3/13/2026 03:13 PM,L2-OA,941010004853427,,,,,,,,,,,3/13/2026,L2
461,A0060061827,Dog,Javalino,01 year(s) 08 month(s) 22 day(s)," Tan Terrier, Pit Bull / Mix",Priority,Dogs 503 A4,7/11/2024,N,61,3,1/7/2026 07:39 PM,L1,941010004822993,,,,,,,,,,,1/7/2026,L1
462,A0060062293,Dog,Fossy - ADOPTED,02 year(s) 02 month(s) 24 day(s)," Black / White Terrier, Pit Bull / Mix",Adopted,Foster Foster Home,1/9/2024,S,49,3,1/8/2026 11:05 AM,L2-OA,941010004841467,,,,,,,,,,,1/8/2026,L2
463,A0060068151,Dog,Birdy,01 year(s) 01 month(s) 24 day(s)," White / Black Mixed Breed, Medium (up to 44 lbs fully grown) / Mix",Available,Foster Foster Home,2/9/2025,S,43,3,1/8/2026 04:40 PM,L1,941010004863397,,,,,,,,,,,1/8/2026,L1
464,A0060069454,Dog,Jey Uso,06 year(s) 02 month(s) 23 day(s)," Grey / White Mixed Breed, Large (over 44 lbs fully grown) / Mix",Identifying Info,Dogs 303 A2,1/10/2020,M,70,2,3/31/2026 07:40 AM,L1,981020041777510,,,,,,,,,,,3/31/2026,L1
465,A0060074982,Dog,Madame,06 year(s) 02 month(s) 23 day(s)," Brown / White Mixed Breed, Medium (up to 44 lbs fully grown) / Mix",Available,Foster Foster Home,1/10/2020,S,43,3,1/9/2026 04:52 PM,L1,911002001291807,,,,,,,,,,,1/9/2026,L1
466,A0060077278,Dog,Franz,02 year(s) 02 month(s) 22 day(s)," Golden Mixed Breed, Large (over 44 lbs fully grown) / Mix",Urgent,Foster Foster Home,1/11/2024,N,58,3,1/10/2026 11:47 AM,L3-A/LB,941010004750490,,,,,,,,,,,1/10/2026,L3
467,A0060081557,Dog,Brownie- ADOPTED,00 year(s) 04 month(s) 03 day(s)," Black / Tan Mixed Breed, Small (under 24 lbs fully grown) / Mix",Adopted,Foster Foster Home,11/30/2025,M,3,2,1/11/2026 02:50 PM,L1,,,,,,,,,,,,1/11/2026,L1
468,A0060088158,Dog,Handsome,02 year(s) 02 month(s) 20 day(s), Tan Siberian Husky / Mix,Available,Dogs 088 B6,1/13/2024,N,55,3,3/5/2026 04:07 PM,L1,941010001649244,,,,,,,,,,,3/5/2026,L1
470,A0060108607,Dog,Alcon-ADOPTED,04 year(s) 02 month(s) 17 day(s)," Black / Brindle Mixed Breed, Large (over 44 lbs fully grown) / Mix",Adopted,Foster Pre-Fix,1/16/2022,M,65,3,1/15/2026 03:42 PM,L2-OA/M&G,941010004274196,,,,,,,,,,,1/15/2026,L2
471,A0060108641,Dog,Venue,01 year(s) 02 month(s) 17 day(s)," Grey / White Mixed Breed, Medium (up to 44 lbs fully grown) / Mix",Pending Behavior Assessment,Dogs 301 9,1/16/2025,S,46,3,1/15/2026 03:46 PM,STAFF ONLY,941010004834291,,,,,,,,,,,1/15/2026,STAFF ONLY
472,A0060110670,Dog,Eria,01 year(s) 01 month(s) 17 day(s)," Buff / White Terrier, Pit Bull / Mix",Urgent,Foster Foster Home,2/16/2025,F,37,3,1/15/2026 11:38 PM,L2-OA,941010004016512,,,,,,,,,,,1/15/2026,L2
473,A0060115508,Dog,Boone,00 year(s) 08 month(s) 17 day(s)," Black / White Terrier, American Pit Bull / Mix",Urgent,Foster Foster Home,7/16/2025,N,54,3,1/16/2026 04:37 PM,L2-SF,941010004267868,,,,,,,,,,,1/16/2026,L2
474,A0060117464,Dog,PAC,13 year(s) 02 month(s) 16 day(s)," White / Black Terrier, Pit Bull / Mix",Available,Foster Foster Home,1/17/2013,N,47,3,1/17/2026 01:14 PM,L1,982000407627216,,,,,,,,,,,1/17/2026,L1
475,A0060118534,Dog,Toast,02 year(s) 02 month(s) 15 day(s)," Brown / Tan Mixed Breed, Large (over 44 lbs fully grown) / Mix",Available,Foster Foster Home,1/18/2024,N,72,3,1/17/2026 01:42 PM,L2 - OA/EA,941010004860768,,,,,,,,,,,1/17/2026,L2
476,A0060121428,Dog,Henry,03 year(s) 02 month(s) 15 day(s)," Grey / White Terrier, Pit Bull / Mix",Priority,Dogs 402 5,1/18/2023,N,55,3,1/18/2026 12:42 PM,L3-SF/BH/RG,941010004726623,,,,,,,,,,,1/18/2026,L3
477,A0060121717,Dog,Brutus,02 year(s) 02 month(s) 14 day(s)," Tan / Brown Mixed Breed, Medium (up to 44 lbs fully grown) / Mix",Urgent,Foster Foster Home,1/19/2024,N,55,3,1/18/2026 01:41 PM,L2-H/OA,941010004811050,,,,,,,,,,,1/18/2026,L2
478,A0060128031,Dog,Poptart,05 year(s) 02 month(s) 12 day(s)," Black / White Mixed Breed, Medium (up to 44 lbs fully grown) / Mix",Priority,Dogs 606 B5,1/21/2021,N,65,3,1/20/2026 11:28 AM,L1,941010004303733,,,,,,,,,,,1/20/2026,L1
479,A0060130108,Dog,Lady,02 year(s) 02 month(s) 12 day(s)," Blond Mixed Breed, Medium (up to 44 lbs fully grown) / Mix",Urgent,Foster Foster Home,1/21/2024,S,49,3,1/20/2026 02:11 PM,L2-OA/JM,941010004246007,,,,,,,,,,,1/20/2026,L2
480,A0060134378,Dog,Scrat,02 year(s) 02 month(s) 11 day(s)," Tan / White Terrier, American Pit Bull / Mix",Priority,Dogs 501 9,1/22/2024,N,56,3,1/21/2026 10:56 AM,L2-BH/OA,941010003994485,,,,,,,,,,,1/21/2026,L2
481,A0060146766,Dog,Betty,04 year(s) 02 month(s) 10 day(s)," Grey / White Mixed Breed, Large (over 44 lbs fully grown) / Mix",Priority,Foster Foster Home,1/23/2022,S,51,3,1/22/2026 05:00 PM,L2-SF,941010004321619,,,,,,,,,,,1/22/2026,L2
482,A0060146924,Dog,Snowman- ADOPTED,08 year(s) 02 month(s) 02 day(s)," Brown Retriever, Labrador / Mix",Adopted,Foster Pre-Fix,1/31/2018,M,52,3,1/30/2026 12:03 PM,L1,941010004850469,,,,,,,,,,,1/30/2026,L1
483,A0060146934,Dog,Dude,07 year(s) 02 month(s) 11 day(s)," Brown Retriever, Labrador / Mix",Available,Receiving 130 18,1/22/2019,N,60,3,4/1/2026 12:54 PM,L2-SF,941010004870665,,,,,,,,,,,4/1/2026,L2
484,A0060147191,Dog,Shay,05 year(s) 02 month(s) 11 day(s)," Black / White Bulldog, American / Mix",Priority,Dogs 603 A2,1/22/2021,S,55,2,1/24/2026 02:37 PM,L3-A/SF/V,981020039533170,,,,,,,,,,,1/24/2026,L3
485,A0060152736,Dog,Guide,00 year(s) 08 month(s) 09 day(s)," Tan Mixed Breed, Medium (up to 44 lbs fully grown) / Mix",Available,Foster Foster Home,7/24/2025,N,24,3,2/28/2026 01:39 PM,L1,941010004823923,,,,,,,,,,,2/28/2026,L1
486,A0060152786,Dog,Polka Spot,05 year(s) 02 month(s) 09 day(s)," White / Black Mixed Breed, Medium (up to 44 lbs fully grown) / Mix",Priority,Dogs 088 A3,1/24/2021,N,50,3,1/23/2026 04:46 PM,L1,941010004800541,,,,,,,,,,,1/23/2026,L1
487,A0060152927,Dog,Turkey,07 year(s) 08 month(s) 07 day(s)," Tan Terrier, Pit Bull / Mix",Urgent,Foster Foster Home,7/26/2018,N,45,3,1/23/2026 05:05 PM,L2-BR,941010004861357,,,,,,,,,,,1/23/2026,L2
488,A0060154483,Dog,Bella-ADOPTED,10 year(s) 02 month(s) 00 day(s)," White Mixed Breed, Medium (up to 44 lbs fully grown) / Mix",Trial Adoption,Foster Trial Adoption,2/2/2016,S,55,3,1/24/2026 11:22 AM,L1,941010004867727,,,,,,,,,,,1/24/2026,L1
489,A0060155127,Dog,Wynona,03 year(s) 02 month(s) 08 day(s)," Black / White Retriever, Labrador / Terrier, Pit Bull",Priority,Dogs 081 A6,1/25/2023,S,46,3,1/24/2026 03:13 PM,L2-BH,941010004831298,,,,,,,,,,,1/24/2026,L2
490,A0060155777,Dog,Tucker,04 year(s) 02 month(s) 08 day(s)," Black / White Terrier, Pit Bull / Mix",Available,Foster Foster Home,1/25/2022,N,62,3,1/24/2026 03:32 PM,L3- JM/ LB,941010004115508,,,,,,,,,,,1/24/2026,L3
491,A0060156316,Dog,Royal,04 year(s) 03 month(s) 01 day(s)," White / Black Mixed Breed, Medium (up to 44 lbs fully grown) / Mix",Priority,Dogs 401 4,1/1/2022,S,60,3,1/24/2026 04:53 PM,L3-BR/SD,941010004794592,,,,,,,,,,,1/24/2026,L3
492,A0060163050,Dog,Culpepper,01 year(s) 01 month(s) 05 day(s)," Tan / White Terrier, Pit Bull",Priority,Dogs 088 B8,2/28/2025,N,48,3,1/27/2026 01:19 PM,L1,941010004865525,,,,,,,,,,,1/27/2026,L1
493,A0060165053,Dog,Suhweetie,01 year(s) 02 month(s) 06 day(s)," Brown / White Bulldog, English / Mix",Priority,Dogs 401 6,1/27/2025,F,50,3,1/27/2026 03:44 PM,L2-BH/OA,,,,,,,,,,,,1/27/2026,L2
494,A0060165141,Dog,Ridley-ADOPTED,03 year(s) 02 month(s) 05 day(s)," Grey / White Terrier, Pit Bull",Trial Adoption,Foster Trial Adoption,1/28/2023,N,50,3,1/27/2026 01:20 PM,L1,941010004249648,,,,,,,,,,,1/27/2026,L1
495,A0060167567,Dog,Puppy 2- ADOPTED,00 year(s) 04 month(s) 21 day(s)," Black Mixed Breed, Small (under 24 lbs fully grown) / Mix",Available,Dogs 067 C1,11/12/2025,N,15,1,4/1/2026 03:45 PM,L1,941010004839118,,,,,,,,,,,4/1/2026,L1
496,A0060176953,Dog,Valentina,00 year(s) 07 month(s) 30 day(s)," White / Black Terrier, Pit Bull / Mix",Available,Featured Dogs 54,8/3/2025,S,30,3,3/26/2026 04:26 PM,L1,941010004715126,,,,,,,,,,,3/26/2026,L1
497,A0060177938,Dog,Chet,00 year(s) 08 month(s) 18 day(s)," Brown Mixed Breed, Medium (up to 44 lbs fully grown) / Mix",Available,Dogs 306 B6,7/15/2025,N,32,3,3/23/2026 11:55 AM,L1-H,941010004847563,,,,,,,,,,,3/23/2026,L1
498,A0060178388,Dog,Brenda,07 year(s) 02 month(s) 03 day(s)," Tan Mixed Breed, Medium (up to 44 lbs fully grown) / Mix",Urgent,Foster Foster Home,1/30/2019,S,46,3,1/29/2026 11:54 AM,L2-SF,941010004823219,,,,,,,,,,,1/29/2026,L2
499,A0060178395,Dog,Micheal,10 year(s) 02 month(s) 03 day(s)," Black Mixed Breed, Medium (up to 44 lbs fully grown) / Mix",Priority,Dogs 079 B1,1/30/2016,N,58,3,1/29/2026 11:54 AM,L1,941010004807146,,,,,,,,,,,1/29/2026,L1
500,A0060182881,Dog,Kingsman,05 year(s) 06 month(s) 15 day(s), Black / Brown Dutch Shepherd / Mix,Available,Dogs 402 4,9/18/2020,M,61,3,3/12/2026 03:42 PM,L2-SF/RG,941010004012145,,,,,,,,,,,3/12/2026,L2
501,A0060183428,Dog,August,01 year(s) 02 month(s) 04 day(s)," Grey / White Mixed Breed, Medium (up to 44 lbs fully grown) / Mix",Priority,Dogs 501 6,1/29/2025,N,63,3,1/29/2026 07:27 PM,L3-OA,985113009871711,,,,,,,,,,,1/29/2026,L3
502,A0060183763,Dog,Ivy Thorn,01 year(s) 08 month(s) 01 day(s)," Black Mixed Breed, Medium (up to 44 lbs fully grown) / Mix",Priority,Dogs 306 A2,8/1/2024,F,64,3,1/29/2026 08:30 PM,L2-H/SF,985113010492040,,,,,,,,,,,1/29/2026,L2
503,A0060185876,Dog,Champ,02 year(s) 02 month(s) 01 day(s)," Brown Mixed Breed, Large (over 44 lbs fully grown) / Mix",Priority,Foster Foster Home,2/1/2024,N,65,3,1/30/2026 11:21 AM,L3 SF/A,941010004818350,,,,,,,,,,,1/30/2026,L3
504,A0060186832,Dog,Baylor,02 year(s) 08 month(s) 02 day(s)," Black / White Terrier, Pit Bull",Priority,Foster Foster Home,7/31/2023,N,66,3,1/30/2026 12:55 PM,L1,941010004045507,,,,,,,,,,,1/30/2026,L1
505,A0060188539,Dog,Maxx,04 year(s) 00 month(s) 18 day(s)," Brown / Black Mixed Breed, Large (over 44 lbs fully grown) / Mix",Priority,Dogs 602 4,3/15/2022,M,57,3,1/30/2026 02:36 PM,L3-A/SF,,,,,,,,,,,,1/30/2026,L3
506,A0060193137,Dog,DRAKO,07 year(s) 02 month(s) 01 day(s),"Brindle Brown / Black Terrier, Pit Bull / Mix",Available,Foster Foster Home,2/1/2019,N,70,3,1/31/2026 02:51 PM,L2 BR/A,981020000619960,,,,,,,,,,,1/31/2026,L2
507,A0060196494,Dog,Pad Thai-ADOPTED,02 year(s) 01 month(s) 30 day(s)," Tan Mixed Breed, Medium (up to 44 lbs fully grown) / Mix",Trial Adoption,Foster Trial Adoption,2/3/2024,N,51,3,2/16/2026 11:12 AM,L3-BR/OA,941010004067744,,,,,,,,,,,2/16/2026,L3
508,A0060196612,Dog,Amaryllis,03 year(s) 02 month(s) 01 day(s)," Black / White Terrier, American Pit Bull / Mix",Priority,Dogs 502 4,2/1/2023,S,38,3,2/1/2026 02:33 PM,L3 - SF/SD,941010004133162,,,,,,,,,,,2/1/2026,L3
509,A0060196835,Dog,Sage,01 year(s) 02 month(s) 00 day(s)," Brown / White Mixed Breed, Medium (up to 44 lbs fully grown) / Mix",Available,Foster Foster Home,2/2/2025,N,31,3,2/1/2026 03:25 PM,L1,985112012064452,,,,,,,,,,,2/1/2026,L1
510,A0060197066,Dog,Whales,03 year(s) 02 month(s) 00 day(s)," Black / White Mixed Breed, Large (over 44 lbs fully grown) / Mix",Priority,Dogs 067 B5,2/2/2023,N,52,3,2/1/2026 05:39 PM,L2-LR,941010004946884,,,,,,,,,,,2/1/2026,L2
511,A0060197247,Dog,Sammie,01 year(s) 08 month(s) 01 day(s)," Grey / White Terrier, Pit Bull / Mix",Priority,Dogs 403 B6,8/1/2024,N,50,3,2/1/2026 06:35 PM,L2-SF,941010004496379,,,,,,,,,,,2/1/2026,L2
512,A0060199796,Dog,Dorothy-ADOPTED,02 year(s) 01 month(s) 30 day(s)," Black / White Mixed Breed, Medium (up to 44 lbs fully grown) / Mix",Trial Adoption,Foster Trial Adoption,2/3/2024,S,33,3,2/2/2026 12:46 PM,L1,941010004845972,,,,,,,,,,,2/2/2026,L1
513,A0060201542,Dog,Coco Nibbles,05 year(s) 02 month(s) 00 day(s)," Black / White Mixed Breed, Medium (up to 44 lbs fully grown) / Mix",Priority,Dogs 068 B5,2/2/2021,S,43,3,2/2/2026 03:35 PM,L2-JM,982091072948981,,,,,,,,,,,2/2/2026,L2
514,A0060202189,Dog,Vigilant,06 year(s) 01 month(s) 30 day(s)," Brown / White Mixed Breed, Medium (up to 44 lbs fully grown) / Mix",Priority,Dogs 306 A3,2/3/2020,N,59,3,2/2/2026 04:53 PM,L1,,,,,,,,,,,,2/2/2026,L1
516,A0060205290,Dog,Richard,02 year(s) 01 month(s) 30 day(s)," Black / White Mixed Breed, Large (over 44 lbs fully grown) / Mix",Priority,Foster Foster Home,2/3/2024,N,73,3,2/3/2026 12:16 PM,L2-A,941010004301942,,,,,,,,,,,2/3/2026,L2
517,A0060206886,Dog,Betty Mighty,00 year(s) 11 month(s) 30 day(s)," White / Tan Terrier, Pit Bull / Mix",Available,Foster Foster Home,4/3/2025,S,30,3,2/3/2026 03:05 PM,L1,941010004846960,,,,,,,,,,,2/3/2026,L1
518,A0060207076,Dog,Dr Red,00 year(s) 11 month(s) 30 day(s)," Red / White Terrier, Pit Bull / Mix",Priority,Dogs 401 2,4/3/2025,N,37,3,2/3/2026 03:05 PM,L3- A/ MG,941010004155586,,,,,,,,,,,2/3/2026,L3
519,A0060207526,Dog,Max,01 year(s) 01 month(s) 29 day(s)," White / Black Mixed Breed, Medium (up to 44 lbs fully grown) / Mix",Available,Foster Foster Home,2/4/2025,N,48,3,2/3/2026 03:15 PM,L2-A/BH,941010004041369,,,,,,,,,,,2/3/2026,L2
520,A0060208636,Dog,Mama Girl,01 year(s) 01 month(s) 27 day(s)," Tan / White Mixed Breed, Medium (up to 44 lbs fully grown) / Mix",Priority,Dogs 406 B4,2/6/2025,S,43,2,2/3/2026 05:07 PM,L3-BR/SF,941010004042602,,,,,,,,,,,2/3/2026,L3
521,A0060211019,Dog,Hanky,07 year(s) 01 month(s) 28 day(s)," Grey / White Terrier, Pit Bull / Mix",Priority,Dogs 306 B7,2/5/2019,M,61,1,2/4/2026 11:07 AM,L2-OA,941010004067703,,,,,,,,,,,2/4/2026,L2
524,A0060215683,Dog,King-ADOPTED,00 year(s) 07 month(s) 29 day(s)," White / Brindle Terrier, Pit Bull / Mix",Trial Adoption,Foster Trial Adoption,8/4/2025,N,50,3,2/4/2026 06:41 PM,L1,941010004843755,,,,,,,,,,,2/4/2026,L1
525,A0060218498,Dog,Iconic,04 year(s) 01 month(s) 27 day(s), Black / White Boxer / Mix,Priority,Dogs 606 B2,2/6/2022,N,46,3,2/5/2026 02:06 PM,L1,941010004029860,,,,,,,,,,,2/5/2026,L1
526,A0060222349,Dog,Morocco,01 year(s) 07 month(s) 23 day(s)," Tan Mixed Breed, Medium (up to 44 lbs fully grown) / Mix",Available,Dogs 503 A2,8/10/2024,N,54,3,3/28/2026 02:30 PM,L1,985113010236268,,,,,,,,,,,3/28/2026,L1
527,A0060225234,Dog,Spike,07 year(s) 07 month(s) 15 day(s), Black / Brown Mastiff / Mix,Priority,Dogs 502 2,8/18/2018,N,83,3,2/6/2026 12:49 PM,L3-A,941010004037072,,,,,,,,,,,2/6/2026,L3
528,A0060228595,Dog,Haller,03 year(s) 07 month(s) 24 day(s)," Brown Mixed Breed, Medium (up to 44 lbs fully grown) / Mix",Caution-Not Visible,Dogs 302 2,8/9/2022,N,58,3,3/29/2026 03:19 PM,STAFF ONLY,941010004070375,,,,,,,,,,,3/29/2026,STAFF ONLY
529,A0060228739,Dog,Ness,02 year(s) 01 month(s) 26 day(s)," Brindle Mixed Breed, Medium (up to 44 lbs fully grown) / Mix",Priority,Dogs 506 B2,2/7/2024,N,53,3,2/6/2026 07:59 PM,L1,985113010491380,,,,,,,,,,,2/6/2026,L1
530,A0060231347,Dog,Apollo- ADOPTED,06 year(s) 01 month(s) 25 day(s)," Brown / White Bulldog, American / Mix",Adopted,Foster Pre-Fix,2/8/2020,M,56,1,2/7/2026 09:03 PM,L1,941000030438020,,,,,,,,,,,2/7/2026,L1
532,A0060235705,Dog,Birdie,07 year(s) 01 month(s) 16 day(s)," Brindle / White Mixed Breed, Medium (up to 44 lbs fully grown) / Mix",Available,Foster Foster Home,2/17/2019,S,36,1,2/9/2026 11:55 AM,L3-SF,941010004019711,,,,,,,,,,,2/9/2026,L3
533,A0060235968,Dog,Carlotta,07 year(s) 01 month(s) 24 day(s), Black / White Bulldog / Mix,Priority,Featured Dogs 52,2/9/2019,F,48,3,2/9/2026 12:33 PM,L2-SF,,,,,,,,,,,,2/9/2026,L2
534,A0060238116,Dog,Ryder,06 year(s) 01 month(s) 23 day(s)," Brown / White Mixed Breed, Medium (up to 44 lbs fully grown) / Mix",Priority,Dogs 603 A5,2/10/2020,N,45,3,2/9/2026 03:25 PM,L2-RG,941010004840034,,,,,,,,,,,2/9/2026,L2
536,A0060239144,Dog,Diamond-ADOPTED,11 year(s) 01 month(s) 24 day(s)," White Mixed Breed, Small (under 24 lbs fully grown) / Mix",Adopted,Foster Pre-Fix,2/9/2015,F,12,2,2/26/2026 02:21 PM,L1,941010004108430,,,,,,,,,,,2/26/2026,L1
537,A0060239321,Dog,Miles major,05 year(s) 01 month(s) 23 day(s)," White / Grey Terrier, Pit Bull / Mix",Available,Foster Foster Home,2/10/2021,N,43,3,2/9/2026 06:33 PM,L1,941010004812222,,,,,,,,,,,2/9/2026,L1
538,A0060239953,Dog,Sapphire,00 year(s) 06 month(s) 27 day(s)," Brown / Black Mixed Breed, Small (under 24 lbs fully grown) / Mix",Available,Foster Foster Home,9/6/2025,S,26,2,2/10/2026 12:30 AM,L1,941010004842898,,,,,,,,,,,2/10/2026,L1
539,A0060241803,Dog,Beetroot - ADOPTED,02 year(s) 01 month(s) 22 day(s)," Brown / White Terrier, Pit Bull / Mix",Adopted,Foster Pre-Fix,2/11/2024,M,77,3,2/10/2026 03:20 PM,L1,941010004846778,,,,,,,,,,,2/10/2026,L1
540,A0060243366,Dog,Chloe,02 year(s) 01 month(s) 23 day(s)," Tan / White Mixed Breed, Medium (up to 44 lbs fully grown) / Mix",Available,Foster Foster Home,2/10/2024,S,45,2,2/10/2026 01:34 PM,L3 SF,941010004283468,,,,,,,,,,,2/10/2026,L3
541,A0060244574,Dog,Junior,03 year(s) 01 month(s) 01 day(s)," Apricot Mixed Breed, Medium (up to 44 lbs fully grown) / Mix",Priority,Dogs 066 B1,3/1/2023,N,30,3,3/1/2026 04:59 PM,L2-SF,985113009358891,,,,,,,,,,,3/1/2026,L2
542,A0060245040,Dog,Pinga,01 year(s) 07 month(s) 20 day(s)," Black / White Mixed Breed, Medium (up to 44 lbs fully grown) / Mix",Priority,Dogs 602 2,8/13/2024,S,45,3,2/10/2026 03:37 PM,L2-RG,941010004163003,,,,,,,,,,,2/10/2026,L2
544,A0060246471,Dog,Ainsley- ADOPTED,03 year(s) 01 month(s) 23 day(s)," Black Mixed Breed, Large (over 44 lbs fully grown) / Mix",Adopted,Foster Pre-Fix,2/10/2023,F,54,3,2/10/2026 06:15 PM,L1,941010004016807,,,,,,,,,,,2/10/2026,L1
547,A0060247039,Dog,Sidney,09 year(s) 01 month(s) 12 day(s)," White / Black Mixed Breed, Medium (up to 44 lbs fully grown) / Mix",Available,Dogs 079 A4,2/21/2017,F,43,3,2/11/2026 12:43 AM,L1,941010004158390,,,,,,,,,,,2/11/2026,L1
548,A0060248355,Dog,Catty-ADOPTED,04 year(s) 01 month(s) 21 day(s)," Grey Terrier, Pit Bull / Mix",Adopted,Foster Pre-Fix,2/12/2022,M,41,3,2/11/2026 12:14 PM,L3-BR/SF,941010004046580,,,,,,,,,,,2/11/2026,L3
549,A0060249395,Dog,Panda,07 year(s) 01 month(s) 21 day(s)," Grey / White Mixed Breed, Medium (up to 44 lbs fully grown) / Mix",Priority,Dogs 606 B1,2/12/2019,N,55,3,2/11/2026 12:42 PM,L1,941010004025765,,,,,,,,,,,2/11/2026,L1
550,A0060251698,Dog,Boomer,05 year(s) 01 month(s) 21 day(s)," Brown Mixed Breed, Medium (up to 44 lbs fully grown) / Mix",Priority,Dogs 402 3,2/12/2021,N,52,3,2/11/2026 03:55 PM,L2-LB,941010004038203,,,,,,,,,,,2/11/2026,L2
551,A0060251921,Dog,Maggie,05 year(s) 01 month(s) 22 day(s)," Brown Terrier, Pit Bull / Mix",Priority,Dogs 306 A1,2/11/2021,S,50,3,2/24/2026 01:14 PM,L2-BH,982091068219823,,,,,,,,,,,2/24/2026,L2
552,A0060253407,Dog,Ruby,05 year(s) 01 month(s) 21 day(s)," Brindle / White Terrier, Pit Bull / Mix",Available,Foster Foster Home,2/12/2021,F,71,3,2/11/2026 11:33 PM,L1,,,,,,,,,,,,2/11/2026,L1
553,A0060254922,Dog,Green 77,03 year(s) 01 month(s) 19 day(s)," Tan / White Mixed Breed, Medium (up to 44 lbs fully grown) / Mix",Available,Dogs 503 A6,2/14/2023,S,46,3,2/12/2026 11:13 AM,L1,982091067130078,,,,,,,,,,,2/12/2026,L1
554,A0060257021,Dog,Fallon,01 year(s) 01 month(s) 20 day(s)," Brown / Tan Terrier, Pit Bull / Australian Shepherd",Available,Dogs 079 A3,2/13/2025,S,32,3,2/12/2026 02:32 PM,L1,941010004049680,,,,,,,,,,,2/12/2026,L1
555,A0060258353,Dog,Batman,00 year(s) 11 month(s) 21 day(s)," Black Retriever, Labrador / Mix",Pending Behavior Assessment,Dogs 301 3,4/12/2025,M,0,1,3/26/2026 12:39 PM,STAFF ONLY,,,,,,,,,,,,3/26/2026,STAFF ONLY
556,A0060259729,Dog,Brian-ADOPTED,01 year(s) 07 month(s) 18 day(s)," Brindle Terrier, American Pit Bull / Mix",Adopted,Foster Pre-Fix,8/15/2024,M,70,1,2/12/2026 08:19 PM,L2 - OA/FJ,941010003982645,,,,,,,,,,,2/12/2026,L2
557,A0060261356,Dog,Shrek,03 year(s) 01 month(s) 19 day(s)," Tan Terrier, Pit Bull / Mix",Priority,Dogs 502 5,2/14/2023,N,45,3,2/13/2026 11:57 AM,L3-OA/BR,941010004201609,,,,,,,,,,,2/13/2026,L3
558,A0060263317,Dog,Beyonce-Knowles,00 year(s) 03 month(s) 01 day(s)," Apricot Mixed Breed, Medium (up to 44 lbs fully grown) / Mix",Available,Flex 84,1/1/2026,F,10,1,3/31/2026 11:26 AM,L2-SF,941010004760544,,,,,,,,,,,3/31/2026,L2
561,A0060263435,Dog,Kelly Rowland,00 year(s) 03 month(s) 01 day(s)," White / Brown Mixed Breed, Medium (up to 44 lbs fully grown) / Mix",Available,Flex 84,1/1/2026,F,11,1,3/31/2026 11:26 AM,L2-SF,941010004735725,,,,,,,,,,,3/31/2026,L2
562,A0060263441,Dog,LaTavia-Roberson,00 year(s) 03 month(s) 01 day(s)," Brown / Black Mixed Breed, Small (under 24 lbs fully grown) / Mix",Available,Flex 84,1/1/2026,F,12,2,3/31/2026 11:26 AM,L2-SF,941010004719190,,,,,,,,,,,3/31/2026,L2
563,A0060263448,Dog,Michelle Williams,00 year(s) 03 month(s) 01 day(s)," White / Brown Mixed Breed, Small (under 24 lbs fully grown) / Mix",Available,Flex 84,1/1/2026,F,13,1,3/31/2026 11:26 AM,L2-SF,941010004484697,,,,,,,,,,,3/31/2026,L2
564,A0060265533,Dog,Big Baby,02 year(s) 07 month(s) 16 day(s)," Grey / White Mixed Breed, Large (over 44 lbs fully grown) / Mix",Priority,Foster Foster Home,8/17/2023,M,82,2,2/13/2026 07:40 PM,L3-SF,941010004135739,,,,,,,,,,,2/13/2026,L3
565,A0060265625,Dog,Nolan,03 year(s) 01 month(s) 18 day(s)," Brown Mixed Breed, Medium (up to 44 lbs fully grown) / Mix",Priority,Featured Dogs 56,2/15/2023,M,55,2,2/13/2026 09:02 PM,L2-SF,,,,,,,,,,,,2/13/2026,L2
569,A0060268329,Dog,Rockette,01 year(s) 01 month(s) 17 day(s)," Grey Terrier, American Pit Bull / Mix",Available,Foster Foster Home,2/16/2025,S,26,3,2/14/2026 05:47 PM,L2-SF/BR,941010004035645,,,,,,,,,,,2/14/2026,L2
570,A0060272500,Dog,Bullarina,06 year(s) 01 month(s) 16 day(s)," Brown / White Terrier, Pit Bull / Mix",Available,Dogs 606 B4,2/17/2020,S,64,3,2/16/2026 02:37 PM,L1,941010004990600,,,,,,,,,,,2/16/2026,L1
571,A0060272652,Dog,Bryanne Of Tarth,00 year(s) 09 month(s) 16 day(s),"Merle Tan / White Mixed Breed, Medium (up to 44 lbs fully grown) / Mix",Available,Dogs 303 B1,6/17/2025,S,40,3,2/16/2026 01:58 PM,L1,941010004948835,,,,,,,,,,,2/16/2026,L1
572,A0060272711,Dog,Remus Lupin,03 year(s) 01 month(s) 17 day(s)," White / Black Mixed Breed, Large (over 44 lbs fully grown) / Mix",Available,Dogs 503 B4,2/16/2023,N,56,2,3/12/2026 07:34 PM,L2-SF,941010004132979,,,,,,,,,,,3/12/2026,L2
573,A0060276457,Dog,Shiloh,03 year(s) 01 month(s) 14 day(s), Tan German Shepherd / Mix,Priority,Featured Dogs 55,2/19/2023,S,62,3,2/17/2026 11:30 AM,L2-OA,941010004060364,,,,,,,,,,,2/17/2026,L2
574,A0060277089,Dog,Jesse Jackson,00 year(s) 09 month(s) 15 day(s)," Black Mixed Breed, Small (under 24 lbs fully grown) / Mix",Priority,Dogs 501 5,6/18/2025,N,54,3,2/17/2026 12:20 PM,L2-LB,941010004015989,,,,,,,,,,,2/17/2026,L2
580,A0060278660,Dog,Daza - ADOPTED,00 year(s) 03 month(s) 16 day(s)," Black / Tan Mixed Breed, Small (under 24 lbs fully grown) / Mix",Adopted,Foster Pre-Fix,12/17/2025,M,7,1,2/17/2026 02:36 PM,L1,941010004222896,,,,,,,,,,,2/17/2026,L1
581,A0060278935,Dog,Dude,08 year(s) 01 month(s) 16 day(s), Grey / White Bully American  - Standard / Mix,Priority,Foster Foster Home,2/17/2018,N,44,3,2/21/2026 12:44 PM,L2-SF/BH,941010004509822,,,,,,,,,,,2/21/2026,L2
582,A0060281154,Dog,Wanda,03 year(s) 01 month(s) 14 day(s), Tan German Shepherd / Mix,Priority,Dogs 302 3,2/19/2023,S,55,3,2/17/2026 06:41 PM,L3-SF/BH,,,,,,,,,,,,2/17/2026,L3
583,A0060281489,Dog,Olive,02 year(s) 01 month(s) 15 day(s)," Tan Terrier, Pit Bull / Mix",Available,Dogs 088 B10,2/18/2024,N,52,3,2/17/2026 09:31 PM,L1,981020051355058,,,,,,,,,,,2/17/2026,L1
584,A0060281627,Dog,Jake Ballard,," Black / White Mixed Breed, Medium (up to 44 lbs fully grown) / Mix",Court,Dogs 201 2,,M,55,1,2/18/2026 01:38 AM,STAFF ONLY,,,,,,,,,,,,2/18/2026,STAFF ONLY
585,A0060282005,Dog,Roller Rink,04 year(s) 01 month(s) 14 day(s)," Brown / White Terrier, American Pit Bull / Mix",Priority,Dogs 601 5,2/19/2022,N,62,3,2/18/2026 09:41 AM,L3-H/OA/RG,941010004086495,,,,,,,,,,,2/18/2026,L3
586,A0060282377,Dog,Zippy,02 year(s) 01 month(s) 15 day(s)," Black / White Mixed Breed, Medium (up to 44 lbs fully grown) / Mix",Priority,Dogs 064 A4,2/18/2024,N,53,3,2/18/2026 10:51 AM,L3-A,941010003976660,,,,,,,,,,,2/18/2026,L3
587,A0060283968,Dog,Bunny,02 year(s) 07 month(s) 14 day(s)," White Terrier, Pit Bull / Terrier, Bull",Priority,Dogs 401 7,8/19/2023,F,0,3,2/18/2026 12:49 PM,L2-SD/BR,,,,,,,,,,,,2/18/2026,L2
588,A0060287368,Dog,Alex,07 year(s) 01 month(s) 14 day(s)," Brown / White Mixed Breed, Medium (up to 44 lbs fully grown) / Mix",Available,Dogs 403 B2,2/19/2019,M,50,3,2/18/2026 05:07 PM,L3-OD,941010004027596,,,,,,,,,,,2/18/2026,L3
589,A0060288269,Dog,King J,05 year(s) 01 month(s) 15 day(s)," Brown Terrier, Pit Bull / Mix",Priority,Dogs 068 A2,2/18/2021,N,56,3,2/18/2026 08:03 PM,L2-OA/BR,985113009343291,,,,,,,,,,,2/18/2026,L2
590,A0060288426,Dog,Rosa,02 year(s) 01 month(s) 14 day(s)," Brown / White Mixed Breed, Medium (up to 44 lbs fully grown) / Mix",Priority,Dogs 506 A4,2/19/2024,S,56,2,2/18/2026 10:53 PM,L2-LR,941010004040086,,,,,,,,,,,2/18/2026,L2
591,A0060288508,Dog,Geronimo,03 year(s) 01 month(s) 13 day(s)," Brindle / White Terrier, Pit Bull / Mix",Priority,Dogs 401 9,2/20/2023,N,47,3,2/19/2026 02:38 PM,L3-A/SF,941010004160674,,,,,,,,,,,2/19/2026,L3
592,A0060291396,Dog,The Lady Chablis-ADOPTED,03 year(s) 01 month(s) 13 day(s)," Grey / White Mixed Breed, Large (over 44 lbs fully grown) / Mix",Trial Adoption,Foster Trial Adoption,2/20/2023,S,46,3,2/19/2026 01:08 PM,L1,941010004036399,,,,,,,,,,,2/19/2026,L1
593,A0060291815,Dog,Diesel,06 year(s) 01 month(s) 14 day(s)," Grey / White Mixed Breed, Medium (up to 44 lbs fully grown) / Mix",Available,Dogs 406 A3,2/19/2020,N,64,3,2/19/2026 01:41 PM,L1,941010004032937,,,,,,,,,,,2/19/2026,L1
594,A0060292027,Dog,Harrison Wright,02 year(s) 01 month(s) 13 day(s), Black / Tan Bully American  - Standard / Mix,Court,Dog ISO 155 A3,2/20/2024,M,62,2,2/19/2026 03:30 PM,L2-SF,,,,,,,,,,,,2/19/2026,L2
595,A0060292048,Dog,Gandalf the Gray,14 year(s) 01 month(s) 13 day(s)," Grey Mixed Breed, Large (over 44 lbs fully grown) / Mix",Available,Foster Foster Home,2/20/2012,N,62,1,2/19/2026 02:04 PM,L1,985113005999658,,,,,,,,,,,2/19/2026,L1
596,A0060292070,Dog,Purdy,04 year(s) 01 month(s) 13 day(s)," Grey Terrier, Pit Bull",Priority,Dogs 303 B4,2/20/2022,S,39,2,2/19/2026 02:25 PM,L2-BR,941010004019524,,,,,,,,,,,2/19/2026,L2
597,A0060292308,Dog,Zima-ADOPTED,03 year(s) 01 month(s) 13 day(s)," Grey / Brown Mixed Breed, Small (under 24 lbs fully grown) / Mix",Trial Adoption,Foster Trial Adoption,2/20/2023,S,6,1,2/19/2026 02:50 PM,L2-SF,941010004018070,,,,,,,,,,,2/19/2026,L2
598,A0060294791,Dog,Cannon,05 year(s) 01 month(s) 14 day(s)," Grey Mixed Breed, Large (over 44 lbs fully grown) / Mix",Available,Foster Foster Home,2/19/2021,N,89,3,2/28/2026 03:37 PM,L1,941010004026169,,,,,,,,,,,2/28/2026,L1
599,A0060295209,Dog,Zekrom - ADOPTED,, Black / Brown Rottweiler / Mix,Adopted,Foster Pre-Fix,,M,87,3,2/19/2026 09:28 PM,L3- BH/A,941010004753588,,,,,,,,,,,2/19/2026,L3
600,A0060295212,Dog,Abby Whelan,01 year(s) 01 month(s) 12 day(s), Tan Retriever / Mix,Court,Dog ISO 155 A4,2/21/2025,S,58,1,2/19/2026 07:00 PM,L1,941010004089403,,,,,,,,,,,2/19/2026,L1
601,A0060295416,Dog,CHEWY,09 year(s) 01 month(s) 13 day(s)," Black / White Terrier, Pit Bull / Mix",Priority,Dogs 306 A6,2/20/2017,N,60,3,2/20/2026 08:10 AM,L2-BH,985141002221853,,,,,,,,,,,2/20/2026,L2
602,A0060297231,Dog,Milo,01 year(s) 00 month(s) 13 day(s)," Brown / White Mixed Breed, Small (under 24 lbs fully grown) / Mix",Available,Foster Foster Home,3/20/2025,N,37,3,2/20/2026 11:45 AM,L1,941010004059560,,,,,,,,,,,2/20/2026,L1
603,A0060300232,Dog,Tater,00 year(s) 08 month(s) 12 day(s)," Brown Mixed Breed, Medium (up to 44 lbs fully grown) / Mix",Available,Dogs 506 B4,7/21/2025,N,34,3,2/18/2026 04:29 PM,L1,941010004011204,,,,,,,,,,,2/18/2026,L1
604,A0060301145,Dog,Patrick Paws,02 year(s) 01 month(s) 12 day(s)," Tan Mixed Breed, Large (over 44 lbs fully grown) / Mix",Priority,Dogs 506 B5,2/21/2024,N,49,3,2/20/2026 06:40 PM,L2-OA,941010004021682,,,,,,,,,,,2/20/2026,L2
605,A0060301668,Dog,Travis,01 year(s) 01 month(s) 12 day(s)," Black Mixed Breed, Medium (up to 44 lbs fully grown) / Mix",Priority,Dogs 064 B3,2/21/2025,N,43,3,2/20/2026 10:07 PM,L2-BR/OA,941010004163110,,,,,,,,,,,2/20/2026,L2
606,A0060302187,Dog,CHURRO,02 year(s) 01 month(s) 12 day(s)," Black / White Chihuahua, Short Coat / Pomeranian",Available,Dogs 079 A5,2/21/2024,N,31,3,3/30/2026 11:39 AM,L3-H/SD,985141008136185,,,,,,,,,,,3/30/2026,L3
607,A0060302456,Dog,Lina-ADOPTED,01 year(s) 01 month(s) 12 day(s)," Brown / White Mixed Breed, Medium (up to 44 lbs fully grown) / Mix",Adopted,Foster Pre-Fix,2/21/2025,F,45,3,2/21/2026 11:45 AM,L3-SF/SD,941010004066748,,,,,,,,,,,2/21/2026,L3
608,A0060303816,Dog,Kamara- ADOPTED,00 year(s) 08 month(s) 12 day(s)," Brown Mixed Breed, Medium (up to 44 lbs fully grown) / Mix",Trial Adoption,Foster Trial Adoption,7/21/2025,S,35,3,2/21/2026 03:21 PM,L1,941010004068166,,,,,,,,,,,2/21/2026,L1
609,A0060304685,Dog,Duece,03 year(s) 01 month(s) 11 day(s)," Brindle Mixed Breed, Large (over 44 lbs fully grown) / Mix",Court,Dog ISO 156 K2,2/22/2023,M,89,1,2/21/2026 06:46 PM,L1,,,,,,,,,,,,2/21/2026,L1
610,A0060306618,Dog,Pinky-ADOPTED,01 year(s) 01 month(s) 10 day(s)," Fawn Terrier, Pit Bull / Mix",Trial Adoption,Foster Trial Adoption,2/23/2025,S,42,3,2/22/2026 06:19 PM,L2-SF/SD,941010004134522,,,,,,,,,,,2/22/2026,L2
611,A0060309992,Dog,Tricky - ADOPTED,05 year(s) 01 month(s) 10 day(s)," Grey / White Mixed Breed, Medium (up to 44 lbs fully grown) / Mix",Trial Adoption,Foster Foster Home,2/23/2021,S,44,3,2/23/2026 02:20 PM,L1,941010004025989,,,,,,,,,,,2/23/2026,L1
612,A0060310742,Dog,Ace,03 year(s) 01 month(s) 10 day(s)," Brown / White Terrier, Pit Bull / Mix",Available,Foster Foster Home,2/23/2023,N,78,3,2/23/2026 03:35 PM,L1,900235000351026,,,,,,,,,,,2/23/2026,L1
613,A0060314357,Dog,Ace - ADOPTED,04 year(s) 08 month(s) 08 day(s)," Tan / White Mixed Breed, Large (over 44 lbs fully grown) / Mix",Trial Adoption,Foster Trial Adoption,7/25/2021,N,60,3,2/24/2026 11:26 AM,L1,981020000840129,,,,,,,,,,,2/24/2026,L1
614,A0060314449,Dog,Marcellous,06 year(s) 01 month(s) 09 day(s),"Brindle Brown / Black Mixed Breed, Large (over 44 lbs fully grown) / Mix",Available,Dogs 088 A10,2/24/2020,N,88,3,2/24/2026 11:46 AM,L1,985113007008500,,,,,,,,,,,2/24/2026,L1
615,A0060315257,Dog,Bailey,02 year(s) 01 month(s) 09 day(s), Black German Shepherd / Dalmatian,Priority,Dogs 067 A1,2/24/2024,N,43,3,2/24/2026 01:06 PM,L1,941010004073660,,,,,,,,,,,2/24/2026,L1
616,A0060315850,Dog,Bluee,03 year(s) 07 month(s) 06 day(s)," Blue / White Terrier, Pit Bull / Mix",Priority,Dogs 503 A1,8/27/2022,S,54,3,2/24/2026 01:40 PM,L2-OA,985113008073582,,,,,,,,,,,2/24/2026,L2
617,A0060316961,Dog,Geralt-ADOPTED,03 year(s) 01 month(s) 08 day(s), Grey Cane Corso / Mix,Available,Dogs 303 B2,2/25/2023,N,72,3,2/24/2026 03:19 PM,L1,985113009570655,,,,,,,,,,,2/24/2026,L1
618,A0060323042,Dog,Leela,03 year(s) 01 month(s) 08 day(s)," Tan / White Terrier, Pit Bull / Mix",Priority,Dogs 603 B1,2/25/2023,S,49,3,2/25/2026 03:04 PM,L2-BH/SF,941010004014165,,,,,,,,,,,2/25/2026,L2
619,A0060535954,Dog,Brooke,03 year(s) 01 month(s) 07 day(s)," Brown Mixed Breed, Medium (up to 44 lbs fully grown) / Mix",Available,Dogs 506 A3,2/26/2023,S,46,3,2/25/2026 07:22 PM,L1,941010004152877,,,,,,,,,,,2/25/2026,L1
620,A0060537883,Dog,Blake,," White / Black Mixed Breed, Medium (up to 44 lbs fully grown) / Mix",Pending Behavior Assessment,Dogs 301 4,,M,65,1,2/25/2026 07:58 PM,STAFF ONLY,,,,,,,,,,,,2/25/2026,STAFF ONLY
621,A0060537945,Dog,Tana,00 year(s) 08 month(s) 06 day(s)," Fawn Mixed Breed, Medium (up to 44 lbs fully grown) / Mix",Available,Foster Foster Home,7/27/2025,S,36,3,2/25/2026 08:15 PM,L3-SF,941010004139356,,,,,,,,,,,2/25/2026,L3
622,A0060538125,Dog,Nathan,01 year(s) 01 month(s) 06 day(s)," Grey Terrier, Pit Bull / Mix",Priority,Dogs 081 A1,2/27/2025,N,49,3,2/25/2026 10:14 PM,L2- LB,941010004011615,,,,,,,,,,,2/25/2026,L2
623,A0060541477,Dog,Jinkx Monsoon,05 year(s) 01 month(s) 06 day(s)," Brown Mixed Breed, Medium (up to 44 lbs fully grown) / Mix",Available,Foster Foster Home,2/27/2021,N,32,3,2/26/2026 01:26 PM,L2-BR,941010004079135,,,,,,,,,,,2/26/2026,L2
624,A0060542697,Dog,Onyx,01 year(s) 01 month(s) 06 day(s)," Black / White Mixed Breed, Medium (up to 44 lbs fully grown) / Mix",Available,Dogs 088 A7,2/27/2025,N,66,3,2/26/2026 03:04 PM,L2-OA,985113010189204,,,,,,,,,,,2/26/2026,L2
625,A0060547815,Dog,Davora,02 year(s) 01 month(s) 06 day(s)," Black / White Terrier, Pit Bull",Available,Foster Foster Home,2/27/2024,S,49,3,2/27/2026 03:26 PM,L1,941010004019712,,,,,,,,,,,2/27/2026,L1
626,A0060551078,Dog,Tootsie,03 year(s) 01 month(s) 01 day(s)," Brindle Mixed Breed, Medium (up to 44 lbs fully grown) / Mix",Priority,Dogs 501 4,3/1/2023,S,51,3,2/27/2026 09:35 PM,L2 - SF/A,941010004136322,,,,,,,,,,,2/27/2026,L2
627,A0060551174,Dog,Hollywood,01 year(s) 07 month(s) 03 day(s)," Black / White Terrier, American Pit Bull / Mix",Available,Dogs 081 B9,8/30/2024,N,48,3,2/27/2026 11:18 PM,L1,941010004097673,,,,,,,,,,,2/27/2026,L1
628,A0060553289,Dog,Archibald,09 year(s) 01 month(s) 00 day(s)," Tan Mixed Breed, Medium (up to 44 lbs fully grown) / Mix",Available,Foster Foster Home,3/2/2017,N,31,3,2/28/2026 03:28 PM,L1,941010004027145,,,,,,,,,,,2/28/2026,L1
629,A0060553475,Dog,Karma,03 year(s) 01 month(s) 00 day(s)," Tan Mixed Breed, Medium (up to 44 lbs fully grown) / Mix",Available,Dogs 401 1,3/2/2023,S,44,3,2/28/2026 03:49 PM,L1,941010004071054,,,,,,,,,,,2/28/2026,L1
630,A0060553876,Dog,Sullivan-ADOPTED,02 year(s) 01 month(s) 00 day(s)," Brown / White Mixed Breed, Medium (up to 44 lbs fully grown) / Mix",Trial Adoption,Foster Trial Adoption,3/2/2024,N,63,2,2/28/2026 04:55 PM,L2-BR/RH,941010004077529,,,,,,,,,,,2/28/2026,L2
631,A0060554407,Dog,Rocko,01 year(s) 11 month(s) 17 day(s)," Brown Mixed Breed, Medium (up to 44 lbs fully grown) / Mix",Priority,Dogs 501 3,4/16/2024,M,39,3,2/28/2026 08:22 PM,L1,941010002249526,,,,,,,,,,,2/28/2026,L1
632,A0060554705,Dog,Tropicando,01 year(s) 01 month(s) 00 day(s)," Brown / Tan Mixed Breed, Large (over 44 lbs fully grown) / Mix",Priority,Dogs 601 7,3/2/2025,N,58,2,3/1/2026 04:20 PM,L2-OA,941010004032505,,,,,,,,,,,3/1/2026,L2
633,A0060555162,Dog,Queen Herby,04 year(s) 01 month(s) 00 day(s)," Tan / White Terrier, Pit Bull / Mix",Available,Foster Foster Home,3/2/2022,S,37,3,3/1/2026 01:11 PM,L1,941010004062954,,,,,,,,,,,3/1/2026,L1
634,A0060555651,Dog,Peanut,02 year(s) 00 month(s) 10 day(s)," Black / Tan Mixed Breed, Medium (up to 44 lbs fully grown) / Mix",Available,Dogs 088 A9,3/23/2024,N,49,3,3/22/2026 03:14 PM,L1,941010004766897,,,,,,,,,,,3/22/2026,L1
635,A0060555706,Dog,Minnoe,03 year(s) 00 month(s) 30 day(s)," Fawn Terrier, Pit Bull / Mix",Stray Wait,Dogs 406 A2,3/3/2023,M,48,3,3/1/2026 04:18 PM,L1,941010004029811,,,,,,,,,,,3/1/2026,L1
636,A0060556065,Dog,MARGE,04 year(s) 00 month(s) 26 day(s)," Tan Terrier, Pit Bull / Mix",Available,Dogs 068 A4,3/7/2022,S,44,3,3/1/2026 05:29 PM,L1,941010004149132,,,,,,,,,,,3/1/2026,L1
637,A0060556069,Dog,BART,00 year(s) 01 month(s) 10 day(s)," Brindle Terrier, Pit Bull / Mix",Under Age,Foster Foster Home,2/23/2026,M,6,1,3/1/2026 05:31 PM,L1,,,,,,,,,,,,3/1/2026,L1
638,A0060556176,Dog,Mrs. Sprinkles,01 year(s) 01 month(s) 01 day(s)," Tan / White Boxer / Terrier, Pit Bull",Available,Dogs 303 A4,3/1/2025,S,75,3,3/24/2026 03:30 PM,L1,941010004143422,,,,,,,,,,,3/24/2026,L1
639,A0060556559,Dog,Apple,03 year(s) 07 month(s) 00 day(s)," Brindle Mixed Breed, Large (over 44 lbs fully grown) / Mix",Stray Wait,Foster Foster Home,9/2/2022,F,10,2,3/2/2026 12:49 AM,L3 SF,941010004147646,,,,,,,,,,,3/2/2026,L3
640,A0060556560,Dog,Braeburn,00 year(s) 01 month(s) 17 day(s)," Brindle Terrier, Pit Bull / Mix",Under Age,Foster Foster Home,2/16/2026,M,10,1,3/2/2026 12:49 AM,L1,,,,,,,,,,,,3/2/2026,L1
641,A0060556561,Dog,Golden Delicious,00 year(s) 01 month(s) 17 day(s)," Tan Terrier, Pit Bull / Mix",Under Age,Foster Foster Home,2/16/2026,M,5,1,3/2/2026 12:49 AM,L1,,,,,,,,,,,,3/2/2026,L1
642,A0060556564,Dog,Cosmic Crisp,00 year(s) 01 month(s) 17 day(s)," Black Terrier, Pit Bull / Mix",Under Age,Foster Foster Home,2/16/2026,M,10,1,3/2/2026 12:49 AM,L1,,,,,,,,,,,,3/2/2026,L1
643,A0060556565,Dog,Mcintosh,00 year(s) 01 month(s) 17 day(s)," Brindle / Black Terrier, Pit Bull / Mix",Under Age,Foster Foster Home,2/16/2026,M,10,1,3/2/2026 12:49 AM,L1,,,,,,,,,,,,3/2/2026,L1
644,A0060556566,Dog,Rome,00 year(s) 01 month(s) 17 day(s)," Black / White Terrier, Pit Bull / Mix",Under Age,Foster Foster Home,2/16/2026,M,10,1,3/2/2026 12:49 AM,L1,,,,,,,,,,,,3/2/2026,L1
645,A0060556569,Dog,Mustsu,00 year(s) 01 month(s) 17 day(s)," Grey Terrier, Pit Bull / Mix",Under Age,Foster Foster Home,2/16/2026,M,10,1,3/2/2026 12:49 AM,L1,,,,,,,,,,,,3/2/2026,L1
646,A0060556571,Dog,Cameo,00 year(s) 01 month(s) 17 day(s)," Grey Terrier, Pit Bull / Mix",Under Age,Foster Foster Home,2/16/2026,M,10,1,3/2/2026 12:49 AM,L1,,,,,,,,,,,,3/2/2026,L1
647,A0060556573,Dog,Pear,04 year(s) 00 month(s) 30 day(s)," Grey / Tan Terrier, Pit Bull / Mix",Priority,Dogs 066 A1,3/3/2022,S,44,2,3/1/2026 11:00 PM,L2 - SF/FJ,941010004765241,,,,,,,,,,,3/1/2026,L2
648,A0060557289,Dog,Jupiter - ADOPTED,03 year(s) 01 month(s) 00 day(s), Black / Brown Belgian Malinois / Mix,Adopted,Foster Pre-Fix,3/2/2023,M,79,1,3/2/2026 11:34 AM,L2-A/EA,941010004087016,,,,,,,,,,,3/2/2026,L2
649,A0060558490,Dog,Margie-ADOPTED,00 year(s) 06 month(s) 00 day(s)," Black / Brown Mixed Breed, Small (under 24 lbs fully grown) / Mix",Adopted,Foster Foster Home,10/2/2025,F,7,2,3/2/2026 11:44 AM,L1,941010004149552,,,,,,,,,,,3/2/2026,L1
650,A0060558916,Dog,Mischievous-ADOPTED,00 year(s) 04 month(s) 00 day(s)," Black / White Mixed Breed, Medium (up to 44 lbs fully grown) / Mix",Adopted,Foster Pre-Fix,12/2/2025,M,15,2,3/2/2026 12:28 PM,L1,941010004091177,,,,,,,,,,,3/2/2026,L1
651,A0060560086,Dog,Reese Russell-ADOPTED,02 year(s) 00 month(s) 30 day(s)," Brown / Tan Mixed Breed, Medium (up to 44 lbs fully grown) / Mix",Trial Adoption,Foster Trial Adoption,3/3/2024,N,53,3,3/2/2026 02:24 PM,L1,941010004069945,,,,,,,,,,,3/2/2026,L1
652,A0060562308,Dog,Baskin Robbins,04 year(s) 00 month(s) 30 day(s)," Brown Mixed Breed, Medium (up to 44 lbs fully grown) / Mix",Available,Featured Dogs 59,3/3/2022,N,50,3,3/2/2026 06:51 PM,L1,941010004033712,,,,,,,,,,,3/2/2026,L1
653,A0060562656,Dog,Chingy,01 year(s) 07 month(s) 00 day(s)," Black / Brown Terrier, Pit Bull / Mix",Available,Featured Dogs 53,9/2/2024,N,54,3,3/2/2026 10:44 PM,L1,941010004157370,,,,,,,,,,,3/2/2026,L1
654,A0060563718,Dog,Dialga,00 year(s) 08 month(s) 29 day(s), Tan / White Siberian Husky / Mix,Available,Dogs 606 B6,7/4/2025,S,42,3,3/3/2026 11:46 AM,L2-OA/EA,941010004097295,,,,,,,,,,,3/3/2026,L2
655,A0060564150,Dog,Lucario,08 year(s) 00 month(s) 29 day(s)," Brown / White Terrier, Pit Bull / Mix",Available,Dogs 079 B5,3/4/2018,N,42,3,3/3/2026 11:38 AM,L1,,,,,,,,,,,,3/3/2026,L1
656,A0060564730,Dog,Wimbledon-ADOPTED,00 year(s) 04 month(s) 29 day(s)," Black / White Mixed Breed, Small (under 24 lbs fully grown) / Mix",Trial Adoption,Foster Trial Adoption,11/4/2025,S,11,2,3/3/2026 11:45 AM,L2-BH/SF,941010004040516,,,,,,,,,,,3/3/2026,L2
657,A0060566528,Dog,Arcanine,06 year(s) 00 month(s) 29 day(s)," Brown / Black Terrier, Pit Bull / Mix",Available,Dogs 068 B2,3/4/2020,N,51,3,3/3/2026 03:10 PM,L1,941010004510203,,,,,,,,,,,3/3/2026,L1
658,A0060569358,Dog,Griselda,05 year(s) 00 month(s) 29 day(s)," Brown / White Mixed Breed, Medium (up to 44 lbs fully grown) / Mix",Available,Dogs 081 B8,3/4/2021,S,57,3,3/3/2026 06:13 PM,L1,941010002284715,,,,,,,,,,,3/3/2026,L1
659,A0060570403,Dog,Lewis - ADOPTED,03 year(s) 00 month(s) 28 day(s)," Brown / Black Mixed Breed, Large (over 44 lbs fully grown) / Mix",Trial Adoption,Foster Trial Adoption,3/5/2023,N,47,3,3/4/2026 02:28 PM,L2-RG,941010004138566,,,,,,,,,,,3/4/2026,L2
660,A0060571772,Dog,Karti,05 year(s) 00 month(s) 28 day(s)," Apricot Terrier, Pit Bull / Mix",Priority,Foster Foster Home,3/5/2021,S,47,3,3/4/2026 11:54 AM,L2-OA,985113010002842,,,,,,,,,,,3/4/2026,L2
661,A0060571796,Dog,Wombat,03 year(s) 00 month(s) 28 day(s)," Black / Brindle Mixed Breed, Large (over 44 lbs fully grown) / Mix",Priority,Dogs 088 B3,3/5/2023,M,60,3,3/4/2026 11:52 AM,L2-SF/SD,,,,,,,,,,,,3/4/2026,L2
663,A0060573163,Dog,Forrest,05 year(s) 00 month(s) 29 day(s)," White / Black Terrier, Pit Bull / Pointer",Priority,Dogs 501 7,3/4/2021,M,56,3,3/4/2026 02:31 PM,L3 BR,982091068999458,,,,,,,,,,,3/4/2026,L3
664,A0060576766,Dog,Bella,01 year(s) 00 month(s) 28 day(s),"Dapple Brindle Mixed Breed, Medium (up to 44 lbs fully grown) / Mix",Available,Dogs 506 A5,3/5/2025,S,57,3,3/4/2026 11:19 PM,L1,941010004787258,,,,,,,,,,,3/4/2026,L1
665,A0060576769,Dog,Kane,01 year(s) 00 month(s) 28 day(s)," Brown Mixed Breed, Medium (up to 44 lbs fully grown) / Mix",Available,Dogs 502 3,3/5/2025,N,56,3,3/4/2026 11:24 PM,L1,941010004870315,,,,,,,,,,,3/4/2026,L1
666,A0060577294,Dog,Radolfo,00 year(s) 11 month(s) 27 day(s),"Brindle Brown / Black Terrier, Pit Bull",Priority,Receiving 129 K7,4/6/2025,N,35,3,3/5/2026 12:41 PM,L2-SF,941010004024494,,,,,,,,,,,3/5/2026,L2
667,A0060580840,Dog,Cato-ADOPTED,01 year(s) 00 month(s) 26 day(s)," Black / White Mixed Breed, Large (over 44 lbs fully grown) / Mix",Trial Adoption,Foster Trial Adoption,3/7/2025,N,62,1,3/5/2026 02:40 PM,L1,941010004022490,,,,,,,,,,,3/5/2026,L1
668,A0060581184,Dog,Crown,01 year(s) 00 month(s) 27 day(s)," Blue / White Terrier, American Pit Bull / Mix",Available,Dogs 064 A3,3/6/2025,S,47,3,3/5/2026 02:49 PM,L2-SF,941010004145681,,,,,,,,,,,3/5/2026,L2
669,A0060581810,Dog,Tiger,02 year(s) 00 month(s) 27 day(s)," Tan / Brown Mixed Breed, Large (over 44 lbs fully grown) / Mix",Available,Foster Foster Home,3/6/2024,N,55,1,3/5/2026 03:44 PM,L2-SF,985113009344988,,,,,,,,,,,3/5/2026,L2
670,A0060583448,Dog,Lois,03 year(s) 00 month(s) 27 day(s)," Brown Mixed Breed, Medium (up to 44 lbs fully grown) / Mix",Trial Adoption,Foster Trial Adoption,3/6/2023,S,33,3,3/5/2026 07:21 PM,L2-SF,941010004143061,,,,,,,,,,,3/5/2026,L2
671,A0060583580,Dog,Peter - ADOPTED,00 year(s) 03 month(s) 27 day(s)," Brown / White Mixed Breed, Small (under 24 lbs fully grown) / Mix",Trial Adoption,Foster Trial Adoption,12/6/2025,N,12,1,3/5/2026 08:11 PM,L1,941010004160909,,,,,,,,,,,3/5/2026,L1
672,A0060585216,Dog,Brocky,," Tan Mixed Breed, Medium (up to 44 lbs fully grown) / Mix",Available,Receiving 130 21,,M,42,3,3/6/2026 11:23 AM,L3-SF,,,,,,,,,,,,3/6/2026,L3
673,A0060586186,Dog,Sniffie,02 year(s) 00 month(s) 26 day(s), Brown / White Boxer / Mix,Available,Dogs 406 B5,3/7/2024,N,46,3,3/6/2026 01:45 PM,L1,941010002397000,,,,,,,,,,,3/6/2026,L1
674,A0060586828,Dog,Bandicoot,02 year(s) 00 month(s) 26 day(s)," Tan / Black Mixed Breed, Large (over 44 lbs fully grown) / Mix",Available,Dogs 064 B2,3/7/2024,N,53,3,3/6/2026 03:05 PM,L1,941010004152301,,,,,,,,,,,3/6/2026,L1
675,A0060587506,Dog,Bandido,02 year(s) 00 month(s) 26 day(s)," Black / Brown Mixed Breed, Large (over 44 lbs fully grown) / Mix",Priority,Dogs 602 6,3/7/2024,N,66,3,3/6/2026 02:32 PM,L2-OA,941010004128629,,,,,,,,,,,3/6/2026,L2
676,A0060587804,Dog,Nexy,03 year(s) 00 month(s) 26 day(s)," Grey Mixed Breed, Large (over 44 lbs fully grown) / Mix",Available,Dogs 403 B3,3/7/2023,S,45,3,3/6/2026 03:18 PM,L2-SF,991003911634288,,,,,,,,,,,3/6/2026,L2
677,A0060589706,Dog,Glenda,05 year(s) 00 month(s) 26 day(s), Rust / White Alaskan Klee Kai / Mix,Available,Dogs 079 B2,3/7/2021,S,73,3,3/6/2026 08:10 PM,L1,941010004127908,,,,,,,,,,,3/6/2026,L1
678,A0060589839,Dog,CASH,," Black Retriever, Labrador / Mix",Priority,Dogs 301 7,,M,65,3,3/6/2026 10:57 PM,L3-A,,,,,,,,,,,,3/6/2026,L3
679,A0060589840,Dog,Princess Celestia,05 year(s) 00 month(s) 26 day(s)," Golden Terrier, American Pit Bull / Mix",Available,Dogs 079 B4,3/7/2021,F,60,3,3/6/2026 10:59 PM,L1,,,,,,,,,,,,3/6/2026,L1
680,A0060589843,Dog,Fluttershy - ADOPTED,00 year(s) 02 month(s) 09 day(s)," Brown / Brindle Terrier, American Pit Bull / Mix",Adopted,Foster Pre-Fix,1/24/2026,M,9,1,3/6/2026 11:01 PM,L1,941010003980247,,,,,,,,,,,3/6/2026,L1
681,A0060589847,Dog,Apple Jack-ADOPTED,00 year(s) 02 month(s) 09 day(s)," Brindle Terrier, American Pit Bull / Mix",Adopted,Foster Pre-Fix,1/24/2026,M,10,1,3/6/2026 11:03 PM,L1,941010004051103,,,,,,,,,,,3/6/2026,L1
682,A0060589947,Dog,Lime,04 year(s) 00 month(s) 26 day(s)," Grey / White Terrier, Pit Bull / Mix",Stray Wait,Dogs 301 5,3/7/2022,M,0,1,3/7/2026 09:07 AM,L3-BH/SD,,,,,,,,,,,,3/7/2026,L3
683,A0060590160,Dog,Irene,01 year(s) 10 month(s) 26 day(s)," Brown / Black Mixed Breed, Medium (up to 44 lbs fully grown) / Mix",Priority,Dogs 502 1,5/7/2024,S,31,3,3/7/2026 02:46 PM,L3-EA/A/H,941000029653719,,,,,,,,,,,3/7/2026,L3
684,A0060590922,Dog,Flash,10 year(s) 00 month(s) 03 day(s)," Tan / White Mixed Breed, Medium (up to 44 lbs fully grown) / Mix",Pending Behavior Assessment,Dog Quarantine B5,3/30/2016,N,45,3,3/7/2026 12:35 PM,STAFF ONLY,985112008153968,,,,,,,,,,,3/7/2026,STAFF ONLY
685,A0060592303,Dog,Rose,02 year(s) 00 month(s) 25 day(s)," Tan / White Mixed Breed, Large (over 44 lbs fully grown) / Mix",Available,Dogs 067 A4,3/8/2024,S,60,3,3/7/2026 04:19 PM,L1,941010001532740,,,,,,,,,,,3/7/2026,L1
686,A0060593068,Dog,Rhonda,02 year(s) 00 month(s) 25 day(s), Black / Brindle Rottweiler / Cane Corso,Stray Wait,Dogs 503 B1,3/8/2024,F,98,3,3/7/2026 08:11 PM,L1,941010004151755,,,,,,,,,,,3/7/2026,L1
687,A0060594012,Dog,Mercury,00 year(s) 10 month(s) 24 day(s)," Grey Mixed Breed, Medium (up to 44 lbs fully grown) / Mix",Available,Dogs 064 A1,5/9/2025,N,36,3,3/8/2026 02:34 PM,L2-SF,941010004017413,,,,,,,,,,,3/8/2026,L2
688,A0060594323,Dog,Penny Lane,09 year(s) 00 month(s) 24 day(s)," White / Brindle Mixed Breed, Medium (up to 44 lbs fully grown) / Mix",Priority,Foster Foster Home,3/9/2017,F,40,3,3/8/2026 02:23 PM,L1,941010004034508,,,,,,,,,,,3/8/2026,L1
689,A0060594417,Dog,Linguista,01 year(s) 00 month(s) 25 day(s)," Black / White Mixed Breed, Medium (up to 44 lbs fully grown) / Mix",Nursing Mom,Foster Foster Home,3/8/2025,F,47,2,3/8/2026 03:16 PM,L1,941010004133007,,,,,,,,,,,3/8/2026,L1
690,A0060594429,Dog,Cantonese,00 year(s) 00 month(s) 26 day(s)," Black Mixed Breed, Medium (up to 44 lbs fully grown) / Mix",Under Age,Foster Foster Home,3/7/2026,F,0,2,3/8/2026 03:16 PM,,,,,,,,,,,,,3/8/2026,
691,A0060594433,Dog,Yoruba,00 year(s) 00 month(s) 26 day(s)," Black / White Mixed Breed, Medium (up to 44 lbs fully grown) / Mix",Under Age,Foster Foster Home,3/7/2026,F,0,2,3/8/2026 03:16 PM,,,,,,,,,,,,,3/8/2026,
692,A0060594444,Dog,Tagalog,00 year(s) 00 month(s) 26 day(s)," Brown / White Mixed Breed, Medium (up to 44 lbs fully grown) / Mix",Under Age,Foster Foster Home,3/7/2026,M,1,2,3/8/2026 03:16 PM,,,,,,,,,,,,,3/8/2026,
693,A0060594449,Dog,Tajiki,00 year(s) 00 month(s) 26 day(s)," Brown / White Mixed Breed, Medium (up to 44 lbs fully grown) / Mix",Under Age,Foster Foster Home,3/7/2026,M,0,2,3/8/2026 03:16 PM,,,,,,,,,,,,,3/8/2026,
694,A0060594486,Dog,Urdu,00 year(s) 00 month(s) 26 day(s)," Brown / Black Mixed Breed, Medium (up to 44 lbs fully grown) / Mix",Under Age,Foster Foster Home,3/7/2026,M,0,2,3/8/2026 03:16 PM,,,,,,,,,,,,,3/8/2026,
695,A0060594495,Dog,Thai,00 year(s) 00 month(s) 26 day(s)," Brown / Black Mixed Breed, Medium (up to 44 lbs fully grown) / Mix",Under Age,Foster Foster Home,3/7/2026,M,0,2,3/8/2026 03:16 PM,,,,,,,,,,,,,3/8/2026,
696,A0060594505,Dog,Telugu,00 year(s) 00 month(s) 26 day(s)," Brown Mixed Breed, Medium (up to 44 lbs fully grown) / Mix",Under Age,Foster Foster Home,3/7/2026,F,0,2,3/8/2026 03:16 PM,,,,,,,,,,,,,3/8/2026,
697,A0060594518,Dog,Balochi,00 year(s) 00 month(s) 26 day(s)," Brown Mixed Breed, Medium (up to 44 lbs fully grown) / Mix",Under Age,Foster Foster Home,3/7/2026,M,0,2,3/8/2026 03:16 PM,,,,,,,,,,,,,3/8/2026,
698,A0060594524,Dog,Dari,00 year(s) 00 month(s) 26 day(s)," Brown Mixed Breed, Medium (up to 44 lbs fully grown) / Mix",Under Age,Foster Foster Home,3/7/2026,F,1,2,3/8/2026 03:16 PM,,,,,,,,,,,,,3/8/2026,
699,A0060595673,Dog,Rudolph,02 year(s) 00 month(s) 24 day(s), Brindle / Grey Cane Corso / Mix,Available,Dogs 081 B7,3/9/2024,N,73,3,3/9/2026 06:31 AM,L1,941010005063544,,,,,,,,,,,3/9/2026,L1
700,A0060598170,Dog,Smitty,05 year(s) 00 month(s) 24 day(s), Black / White Cane Corso / Mix,Stray Wait,Dogs 606 A3,3/9/2021,M,92,3,3/9/2026 02:53 PM,L1,941010004055439,,,,,,,,,,,3/9/2026,L1
701,A0060598528,Dog,Tosino,00 year(s) 07 month(s) 23 day(s)," White / Tan Mixed Breed, Medium (up to 44 lbs fully grown) / Mix",Available,Foster Foster Home,8/10/2025,N,27,3,3/9/2026 01:47 PM,L1,941010004012445,,,,,,,,,,,3/9/2026,L1
702,A0060599012,Dog,Shoogie-ADOPTED,00 year(s) 09 month(s) 09 day(s)," Black / White Mixed Breed, Large (over 44 lbs fully grown) / Mix",Trial Adoption,Foster Trial Adoption,6/24/2025,S,30,1,3/9/2026 03:23 PM,L1,941010004158557,,,,,,,,,,,3/9/2026,L1
706,A0060599184,Dog,Meelah,00 year(s) 09 month(s) 24 day(s)," Brindle / White Mixed Breed, Medium (up to 44 lbs fully grown) / Mix",Available,Dogs 603 B4,6/9/2025,S,41,3,3/9/2026 03:14 PM,L1,941010004141353,,,,,,,,,,,3/9/2026,L1
707,A0060599235,Dog,Dinella-ADOPTED,00 year(s) 07 month(s) 24 day(s)," Brown / White Mixed Breed, Large (over 44 lbs fully grown) / Mix",Adopted,Foster Foster Home,8/9/2025,F,31,3,3/9/2026 03:12 PM,L1,941010004043981,,,,,,,,,,,3/9/2026,L1
708,A0060600141,Dog,Lione,02 year(s) 00 month(s) 23 day(s), Tan / Black German Shepherd / Mix,Rescue,Dogs 501 1,3/10/2024,N,54,3,3/9/2026 03:55 PM,L3 A/BR,941010004013678,,,,,,,,,,,3/9/2026,L3
709,A0060600255,Dog,FAA,02 year(s) 00 month(s) 23 day(s)," Grey / White Mixed Breed, Large (over 44 lbs fully grown) / Mix",Available,Dogs 081 B5,3/10/2024,N,53,3,3/9/2026 04:13 PM,L1,941010004080289,,,,,,,,,,,3/9/2026,L1
714,A0060601115,Dog,Nene,02 year(s) 00 month(s) 23 day(s)," Brindle / White Mixed Breed, Medium (up to 44 lbs fully grown) / Mix",Stray Wait,Dogs 501 8,3/10/2024,F,45,2,3/9/2026 06:31 PM,L2-SF,941010004015068,,,,,,,,,,,3/9/2026,L2
715,A0060601371,Dog,Jojo,00 year(s) 11 month(s) 23 day(s), Brown / Black German Shepherd / Alaskan Husky,Available,Foster Foster Home,4/10/2025,S,33,1,3/9/2026 07:54 PM,L1,,,,,,,,,,,,3/9/2026,L1
716,A0060602971,Dog,Lady Lucy-ADOPTED,05 year(s) 00 month(s) 22 day(s)," Black Chihuahua, Short Coat / Mix",Trial Adoption,Foster Trial Adoption,3/11/2021,S,14,1,3/10/2026 11:03 AM,L2-SF,941010004137769,,,,,,,,,,,3/10/2026,L2
717,A0060605483,Dog,Bean Bag,03 year(s) 00 month(s) 23 day(s)," Grey / White Terrier, Pit Bull / Mix",Priority,Dogs 401 8,3/10/2023,N,51,2,3/10/2026 02:42 PM,L3 - SF,941010004039644,,,,,,,,,,,3/10/2026,L3
718,A0060605509,Dog,Hudson Bay,04 year(s) 00 month(s) 22 day(s)," Grey / White Terrier, Pit Bull / Mix",Priority,Dogs 081 A4,3/11/2022,N,48,3,3/10/2026 02:44 PM,L3 SF,941010004013101,,,,,,,,,,,3/10/2026,L3
719,A0060605905,Dog,Fortuno,01 year(s) 00 month(s) 22 day(s)," Grey / White Terrier, Pit Bull / Mix",Stray Wait,Dogs 306 B1,3/11/2025,M,44,3,3/11/2026 06:17 AM,L1,941010004082952,,,,,,,,,,,3/11/2026,L1
720,A0060606718,Dog,Shawn the Sheep,00 year(s) 10 month(s) 22 day(s)," White / Brindle Mixed Breed, Medium (up to 44 lbs fully grown) / Mix",Available,Dogs 303 A1,5/11/2025,N,46,3,3/10/2026 03:32 PM,L1,941010004087173,,,,,,,,,,,3/10/2026,L1
721,A0060607607,Dog,Gnomeo,00 year(s) 08 month(s) 22 day(s)," Black / White Mixed Breed, Large (over 44 lbs fully grown) / Mix",Available,Dogs 606 A4,7/11/2025,N,48,3,3/10/2026 04:36 PM,L1,941010004156356,,,,,,,,,,,3/10/2026,L1
722,A0060607958,Dog,Pochacco,00 year(s) 08 month(s) 22 day(s)," White / Grey Mixed Breed, Medium (up to 44 lbs fully grown) / Mix",Stray Wait,Dogs 502 C5,7/11/2025,S,24,3,3/10/2026 05:29 PM,L1,941010004142154,,,,,,,,,,,3/10/2026,L1
723,A0060608028,Dog,Rocky,02 year(s) 00 month(s) 22 day(s), Black / White Terrier / Mix,Available,Dogs 603 B3,3/11/2024,N,48,3,3/10/2026 06:35 PM,L1,941010004143718,,,,,,,,,,,3/10/2026,L1
724,A0060608779,Dog,Cardos,01 year(s) 00 month(s) 22 day(s)," Brindle Mixed Breed, Medium (up to 44 lbs fully grown) / Mix",Pre-Euthanasia,Dogs 201 4,3/11/2025,M,60,1,3/10/2026 08:03 PM,STAFF ONLY,,,,,,,,,,,,3/10/2026,STAFF ONLY
725,A0060608912,Dog,Midnight,00 year(s) 04 month(s) 22 day(s), Black / White Pointer / Mix,Trial Adoption,Foster Trial Adoption,11/11/2025,S,23,1,3/10/2026 09:15 PM,L1,941010004161555,,,,,,,,,,,3/10/2026,L1
728,A0060612245,Dog,Prissy,02 year(s) 00 month(s) 22 day(s), Brown / Brindle Shepherd / Mix,Priority,Dogs 066 B2,3/11/2024,F,0,1,3/11/2026 02:43 PM,L3 - A,,,,,,,,,,,,3/11/2026,L3
729,A0060612295,Dog,Bummy,03 year(s) 00 month(s) 22 day(s)," Black / White Terrier, Pit Bull / Mix",Priority,Dogs 406 A1,3/11/2023,M,66,3,3/11/2026 02:41 PM,L2-OA,941010004081011,,,,,,,,,,,3/11/2026,L2
730,A0060614291,Dog,Duke-ADOPTED,02 year(s) 00 month(s) 22 day(s)," White / Brown Terrier, Pit Bull / Chihuahua, Short Coat",Trial Adoption,Foster Trial Adoption,3/11/2024,N,17,2,3/18/2026 11:54 AM,L2-SF,941010004724324,,,,,,,,,,,3/18/2026,L2
731,A0060616914,Dog,Tosh,00 year(s) 06 month(s) 14 day(s)," Tan / Black Terrier, Pit Bull / Mix",Available,Dogs 602 C4,9/19/2025,N,20,3,3/12/2026 11:57 AM,L1,941010004115907,,,,,,,,,,,3/12/2026,L1
732,A0060616990,Dog,Teagan -ADOPTED,00 year(s) 06 month(s) 21 day(s)," Grey Terrier, Pit Bull / Mix",Stray Wait,Foster Trial Adoption,9/12/2025,S,22,1,3/12/2026 11:58 AM,L1,941010004162843,,,,,,,,,,,3/12/2026,L1
733,A0060618090,Dog,Twin,04 year(s) 00 month(s) 21 day(s)," Black / White Terrier, Pit Bull / Mix",Priority,Dogs 402 1,3/12/2022,M,0,3,3/12/2026 01:10 PM,L2 - A/SD,,,,,,,,,,,,3/12/2026,L2
737,A0060618950,Dog,Moosh,05 year(s) 00 month(s) 20 day(s)," Tan / White Terrier, Pit Bull",Priority,Dogs 601 3,3/13/2021,M,34,3,3/12/2026 02:50 PM,L2-OA/A,,,,,,,,,,,,3/12/2026,L2
738,A0060619753,Dog,Spencer- ADOPTED,01 year(s) 00 month(s) 20 day(s)," Tan Mixed Breed, Large (over 44 lbs fully grown) / Mix",Trial Adoption,Foster Trial Adoption,3/13/2025,N,46,3,3/12/2026 03:10 PM,L1,941010004163207,,,,,,,,,,,3/12/2026,L1
739,A0060622236,Dog,Buck,01 year(s) 00 month(s) 20 day(s)," Black Retriever, Labrador / Mix",Available,Dogs 081 A2,3/13/2025,M,48,3,3/12/2026 10:49 PM,L1,941010004153844,,,,,,,,,,,3/12/2026,L1
740,A0060622623,Dog,Bus Boy Me Bob,02 year(s) 00 month(s) 19 day(s)," White / Black Mixed Breed, Medium (up to 44 lbs fully grown) / Mix",Priority,Dogs 067 C2,3/14/2024,M,24,3,3/13/2026 11:00 AM,L2-BR,941010004011167,,,,,,,,,,,3/13/2026,L2
741,A0060623663,Dog,Browny,04 year(s) 00 month(s) 19 day(s)," Brown Terrier, Pit Bull / Mix",Available,Featured Dogs 58,3/14/2022,F,65,3,3/13/2026 11:43 AM,L1-V,941010004083368,,,,,,,,,,,3/13/2026,L1
742,A0060624985,Dog,Loki,00 year(s) 05 month(s) 17 day(s)," Fawn Terrier, Pit Bull / Mix",Available,Receiving 130 19,10/16/2025,N,34,1,4/2/2026 10:00 AM,L2 SF,941010004061599,,,,,,,,,,,4/2/2026,L2
743,A0060625717,Dog,Three,03 year(s) 00 month(s) 20 day(s)," Tan Terrier, Pit Bull / Mix",Available,Dogs 306 B3,3/13/2023,N,55,1,3/20/2026 02:04 PM,L1,941010004788334,,,,,,,,,,,3/20/2026,L1
744,A0060625834,Dog,Bluey Pooh,02 year(s) 00 month(s) 19 day(s)," Grey / White Mixed Breed, Medium (up to 44 lbs fully grown) / Mix",Available,Dogs 306 B5,3/14/2024,S,48,3,3/13/2026 02:50 PM,L2-OA,941010002127107,,,,,,,,,,,3/13/2026,L2
745,A0060627215,Dog,Blast,03 year(s) 00 month(s) 19 day(s)," White / Brown Mixed Breed, Large (over 44 lbs fully grown) / Mix",Priority,Puppy 47 2,3/14/2023,F,42,2,3/13/2026 05:07 PM,L3 SF,985113008405510,,,,,,,,,,,3/13/2026,L3
746,A0060627228,Dog,Baja,14 year(s) 00 month(s) 19 day(s)," Tan / White Mixed Breed, Large (over 44 lbs fully grown) / Mix",Available,Puppy 47 2,3/14/2012,F,46,3,3/13/2026 05:07 PM,L2-SF,941010004087744,,,,,,,,,,,3/13/2026,L2
747,A0060627745,Dog,Clay Co.,06 year(s) 00 month(s) 18 day(s)," Blue / White Terrier, American Pit Bull / Mix",Stray Wait,Dogs 603 A1,3/15/2020,M,62,3,3/13/2026 05:30 PM,L2-SF,941010004071347,,,,,,,,,,,3/13/2026,L2
748,A0060627835,Dog,Hendrix,01 year(s) 06 month(s) 20 day(s)," Brown / White Mixed Breed, Large (over 44 lbs fully grown) / Mix",Available,Dogs 306 A7,9/13/2024,N,63,1,3/13/2026 08:00 PM,L1,941010004135114,,,,,,,,,,,3/13/2026,L1
749,A0060628186,Dog,Eliza - ADOPTED,00 year(s) 07 month(s) 18 day(s)," Grey / White Terrier, Pit Bull / Mix",Trial Adoption,Foster Trial Adoption,8/15/2025,S,23,1,3/14/2026 08:35 AM,L1,941010004122137,,,,,,,,,,,3/14/2026,L1
753,A0060630375,Dog,Caramel Swirl -ADOPTED,06 year(s) 00 month(s) 18 day(s)," Sandy Mixed Breed, Small (under 24 lbs fully grown) / Mix",Trial Adoption,Foster Trial Adoption,3/15/2020,S,11,1,3/14/2026 03:18 PM,L1,941010004019457,,,,,,,,,,,3/14/2026,L1
754,A0060630466,Dog,Chimichurri,00 year(s) 11 month(s) 15 day(s)," Grey / White Mixed Breed, Medium (up to 44 lbs fully grown) / Mix",Available,Dogs 068 C2,4/18/2025,N,27,3,3/14/2026 03:26 PM,L1,941010004138343,,,,,,,,,,,3/14/2026,L1
755,A0060631394,Dog,Saver,01 year(s) 06 month(s) 16 day(s)," Grey / White Mixed Breed, Large (over 44 lbs fully grown) / Mix",Available,Dogs 088 B9,9/17/2024,F,56,3,3/14/2026 10:33 PM,L1,981020055818110,,,,,,,,,,,3/14/2026,L1
756,A0060631620,Dog,Bunty,07 year(s) 00 month(s) 18 day(s)," Grey / White Terrier, Pit Bull / Mix",Priority,Dogs 602 3,3/15/2019,M,70,3,3/15/2026 11:08 AM,L3-OA/JM,941010004615629,,,,,,,,,,,3/15/2026,L3
757,A0060631797,Dog,Senpai,03 year(s) 00 month(s) 17 day(s)," White / Black Terrier, American Pit Bull / Mix",Stray Wait,Dogs 088 B2,3/16/2023,M,55,3,3/15/2026 12:24 PM,L2 A,941010004072905,,,,,,,,,,,3/15/2026,L2
758,A0060632038,Dog,Oldie B Goodie,12 year(s) 00 month(s) 17 day(s)," Brown Terrier, Pit Bull / Mix",Available,Dogs 602 1,3/16/2014,M,46,2,3/15/2026 12:48 PM,L2 SF,941010004050101,,,,,,,,,,,3/15/2026,L2
760,A0060633544,Dog,Billie - ADOPTED,00 year(s) 02 month(s) 14 day(s)," Brown Dachshund, Miniature Long Haired / Mix",Adopted,Foster Pre-Fix,1/19/2026,F,2,1,3/15/2026 11:15 PM,L1,941010004732703,,,,,,,,,,,3/15/2026,L1
761,A0060633687,Dog,Kazaam,07 year(s) 00 month(s) 17 day(s), Black / Brown Shepherd / Mix,Stray Wait,Flex 83,3/16/2019,M,58,3,3/16/2026 05:07 AM,L1,941010004069623,,,,,,,,,,,3/16/2026,L1
762,A0060635924,Dog,Flaco,03 year(s) 00 month(s) 16 day(s)," Brown / White Mixed Breed, Large (over 44 lbs fully grown) / Mix",Available,Dogs 088 A5,3/17/2023,N,43,3,3/16/2026 01:01 PM,L2-SF,941010004757560,,,,,,,,,,,3/16/2026,L2
763,A0060636406,Dog,Murphy,00 year(s) 08 month(s) 16 day(s)," Grey / White Mixed Breed, Medium (up to 44 lbs fully grown) / Mix",Available,Dogs 506 B3,7/17/2025,N,45,3,3/16/2026 01:57 PM,L1,941010004779509,,,,,,,,,,,3/16/2026,L1
764,A0060636689,Dog,Chickie - ADOPTED,05 year(s) 00 month(s) 16 day(s)," Grey / White Terrier, American Pit Bull / Mix",Trial Adoption,Foster Trial Adoption,3/17/2021,M,65,3,3/17/2026 07:16 AM,L1,941010004738438,,,,,,,,,,,3/17/2026,L1
767,A0060638932,Dog,Casimiro,03 year(s) 06 month(s) 17 day(s)," White / Brown Mixed Breed, Medium (up to 44 lbs fully grown) / Mix",Available,Dogs 606 A2,9/16/2022,S,43,3,3/16/2026 09:20 PM,L1,941010004736030,,,,,,,,,,,3/16/2026,L1
768,A0060638976,Dog,Porsche,01 year(s) 07 month(s) 13 day(s), Black / Brown Alaskan Husky / Mix,Available,Dogs 068 A4,8/20/2024,S,38,3,3/16/2026 10:00 PM,L1,941010005051211,,,,,,,,,,,3/16/2026,L1
769,A0060640260,Dog,Hunk,02 year(s) 06 month(s) 15 day(s)," Brown Terrier, Pit Bull",Available,Dogs 088 A6,9/18/2023,N,48,3,3/17/2026 11:24 AM,L1,941010004498493,,,,,,,,,,,3/17/2026,L1
770,A0060641540,Dog,Rocky -ADOPTED,00 year(s) 06 month(s) 14 day(s)," Grey / Brown Cane Corso / Poodle, Standard",Trial Adoption,Foster Trial Adoption,9/19/2025,N,57,1,3/17/2026 12:45 PM,L2-BH,941010004728932,,,,,,,,,,,3/17/2026,L2
771,A0060641862,Dog,Wesley,01 year(s) 00 month(s) 15 day(s), Tan Retriever / Mix,Available,Dogs 081 A5,3/18/2025,N,52,3,3/17/2026 01:27 PM,L1,941010004771468,,,,,,,,,,,3/17/2026,L1
772,A0060642192,Dog,Knuckles- ADOPTED,00 year(s) 02 month(s) 12 day(s)," Black / White Mixed Breed, Small (under 24 lbs fully grown) / Mix",Trial Adoption,Foster Trial Adoption,1/21/2026,N,13,1,3/17/2026 01:34 PM,L1,941010004718981,,,,,,,,,,,3/17/2026,L1
773,A0060642445,Dog,Skink,00 year(s) 02 month(s) 12 day(s)," Black / Brown Mixed Breed, Large (over 44 lbs fully grown) / Mix",Available,Dogs 402 C5,1/21/2026,N,16,1,3/17/2026 01:54 PM,L3-SF,941010004737274,,,,,,,,,,,3/17/2026,L3
774,A0060642690,Dog,Flobberscotch,01 year(s) 06 month(s) 16 day(s)," Grey / Brown Terrier, Pit Bull / Mix",Priority,Dogs 401 3,9/17/2024,N,46,2,3/17/2026 02:35 PM,L3 - OA,941010004716864,,,,,,,,,,,3/17/2026,L3
776,A0060643525,Dog,Puppy 1,," Beige Mixed Breed, Small (under 24 lbs fully grown) / Mix",Available,Parvo 1,,M,0,0,3/17/2026 03:29 PM,,,,,,,,,,,,,3/17/2026,
777,A0060643559,Dog,Puppy 2,00 year(s) 03 month(s) 10 day(s)," White / Black Mixed Breed, Medium (up to 44 lbs fully grown) / Mix",Available,Dogs 064 C2,12/23/2025,N,16,2,3/17/2026 03:29 PM,L1,941010004759298,,,,,,,,,,,3/17/2026,L1
778,A0060643577,Dog,Puppy 3,00 year(s) 03 month(s) 10 day(s)," White / Black Mixed Breed, Small (under 24 lbs fully grown) / Mix",Available,Dogs 502 C2,12/23/2025,F,15,2,3/17/2026 03:29 PM,L1,941010004766057,,,,,,,,,,,3/17/2026,L1
779,A0060644737,Dog,Awesome,03 year(s) 00 month(s) 12 day(s)," Rust Terrier, Pit Bull / Mix",Pending Medical Assessment/Treatment,Dogs 302 6,3/21/2023,F,47,1,3/17/2026 05:17 PM,STAFF ONLY,,,,,,,,,,,,3/17/2026,STAFF ONLY
780,A0060645726,Dog,Macy,04 year(s) 00 month(s) 14 day(s)," Grey / White Mixed Breed, Medium (up to 44 lbs fully grown) / Mix",Available,Foster Foster Home,3/19/2022,S,31,1,3/17/2026 11:11 PM,L3-SF,941010005028297,,,,,,,,,,,3/17/2026,L3
783,A0060647264,Dog,Murphette- ADOPTED,00 year(s) 02 month(s) 26 day(s)," Black Mixed Breed, Medium (up to 44 lbs fully grown) / Mix",Adopted,Foster Pre-Fix,1/7/2026,F,8,1,3/18/2026 11:14 AM,L1,941010005085086,,,,,,,,,,,3/18/2026,L1
789,A0060647873,Dog,Landry,02 year(s) 06 month(s) 16 day(s),"Brindle Brown / Grey Terrier, Pit Bull / Mix",Available,Dogs 402 2,9/17/2023,N,58,3,3/18/2026 01:15 PM,L2 - SF/A,941010004495650,,,,,,,,,,,3/18/2026,L2
790,A0060647884,Dog,Avery,05 year(s) 00 month(s) 15 day(s)," Brown / White Terrier, Pit Bull",Available,Dogs 603 B6,3/18/2021,S,62,3,3/18/2026 01:15 PM,L2 - A,941010004764784,,,,,,,,,,,3/18/2026,L2
793,A0060649429,Dog,Barksy,03 year(s) 00 month(s) 13 day(s)," Tan / White Terrier, American Pit Bull / Mix",Available,Dogs 064 A2,3/20/2023,N,59,3,3/18/2026 02:52 PM,L2-SF,941010005049048,,,,,,,,,,,3/18/2026,L2
794,A0060650175,Dog,Peach Pie,01 year(s) 06 month(s) 15 day(s)," Apricot / White Terrier, American Pit Bull / Mix",Priority,Dogs 601 1,9/18/2024,S,42,3,3/18/2026 02:30 PM,L2-SF,941010004740624,,,,,,,,,,,3/18/2026,L2
795,A0060650303,Dog,Mojo,02 year(s) 00 month(s) 15 day(s)," White / Grey Mixed Breed, Medium (up to 44 lbs fully grown) / Mix",Priority,Dogs 601 6,3/18/2024,N,58,3,3/18/2026 03:53 PM,L2-OA/JM,985113012625416,,,,,,,,,,,3/18/2026,L2
796,A0060650318,Dog,Collins,01 year(s) 06 month(s) 15 day(s)," White / Black Retriever, Labrador / Mix",Available,Dogs 603 B5,9/18/2024,N,53,3,3/18/2026 03:53 PM,L1,985113012622580,,,,,,,,,,,3/18/2026,L1
797,A0060650545,Dog,Angelica,01 year(s) 00 month(s) 13 day(s)," Grey / White Mixed Breed, Medium (up to 44 lbs fully grown) / Mix",Stray Wait,Dogs 067 B1,3/20/2025,F,41,3,3/18/2026 04:03 PM,L1,941010004721862,,,,,,,,,,,3/18/2026,L1
798,A0060650562,Dog,Bailey,," Tan / Grey Mixed Breed, Medium (up to 44 lbs fully grown) / Mix",Stray Wait,Dog Pre/Post Op 138 4,,F,50,1,3/18/2026 04:04 PM,STAFF ONLY,,,,,,,,,,,,3/18/2026,STAFF ONLY
799,A0060652090,Dog,Cosmos,, Cream Anatolian Shepherd / Mix,Available,Foster Foster Home,,M,19,1,3/18/2026 08:37 PM,L1,941010004774547,,,,,,,,,,,3/18/2026,L1
805,A0060653088,Dog,Frooshy,00 year(s) 06 month(s) 13 day(s)," Black / White Terrier, Boston / Terrier, Pit Bull",Available,Foster Foster Home,9/20/2025,N,40,3,3/19/2026 11:31 AM,L1,941010004742708,,,,,,,,,,,3/19/2026,L1
806,A0060653293,Dog,JC Penney,03 year(s) 00 month(s) 13 day(s)," White Terrier, Pit Bull / Mix",Priority,Foster Foster Home,3/20/2023,F,37,3,3/19/2026 11:21 AM,L3-SF,941010004683094,,,,,,,,,,,3/19/2026,L3
807,A0060654201,Dog,Bucket,02 year(s) 06 month(s) 12 day(s)," Brown / White Terrier, American Hairless / Mix",Available,Dogs 068 B3,9/21/2023,S,51,2,3/19/2026 12:41 PM,L2-SF,941010004517311,,,,,,,,,,,3/19/2026,L2
808,A0060654269,Dog,Rocket,00 year(s) 07 month(s) 13 day(s)," Tan / White Mixed Breed, Medium (up to 44 lbs fully grown) / Mix",Available,Dogs 081 A9,8/20/2025,N,41,1,3/19/2026 11:53 AM,L1,941010004742283,,,,,,,,,,,3/19/2026,L1
809,A0060654934,Dog,Goobie,11 year(s) 00 month(s) 14 day(s)," Brown / White Terrier, American Staffordshire / Mix",Stray Wait,Dogs 079 B3,3/19/2015,M,48,3,3/19/2026 01:30 PM,L1,941010004742308,,,,,,,,,,,3/19/2026,L1
810,A0060655626,Dog,Jep,02 year(s) 06 month(s) 13 day(s)," Brown / White Terrier, Pit Bull / Mix",Available,Dogs 403 B1,9/20/2023,N,56,1,3/19/2026 02:32 PM,L1,941010005095737,,,,,,,,,,,3/19/2026,L1
811,A0060657384,Dog,Coco-Lu,09 year(s) 00 month(s) 14 day(s), Black / Brown German Shepherd / Mix,Priority,Dogs 601 2,3/19/2017,N,46,1,3/25/2026 11:51 AM,L3-A/OD,981020027187515,,,,,,,,,,,3/25/2026,L3
812,A0060657695,Dog,Burger,," White / Grey Mixed Breed, Medium (up to 44 lbs fully grown) / Mix",Pending Behavior Assessment,Dogs 302 1,,M,0,1,3/19/2026 04:16 PM,STAFF ONLY,,,,,,,,,,,,3/19/2026,STAFF ONLY
813,A0060658473,Dog,Nipsey,10 year(s) 00 month(s) 13 day(s)," Brown Mixed Breed, Large (over 44 lbs fully grown) / Mix",Priority,Dogs 403 B4,3/20/2016,M,51,3,3/19/2026 06:00 PM,L2-OA/FJ,985113005863590,,,,,,,,,,,3/19/2026,L2
814,A0060659220,Dog,Cookie,11 year(s) 00 month(s) 13 day(s)," Blond Mixed Breed, Small (under 24 lbs fully grown) / Mix",Court,Dog ISO 156 C3,3/20/2015,N,10,1,3/19/2026 10:15 PM,L1,0A134D101C,,,,,,,,,,,3/19/2026,L1
815,A0060659230,Dog,Dukie,01 year(s) 06 month(s) 14 day(s), Brown / Brindle Plott Hound / Mix,Court,Dog ISO 155 B3,9/19/2024,M,45,1,3/19/2026 10:26 PM,L2-SF,,,,,,,,,,,,3/19/2026,L2
816,A0060659233,Dog,Jillian,01 year(s) 06 month(s) 14 day(s), Butterscotch Retriever / Mix,Trial Adoption,Foster Trial Adoption,9/19/2024,S,43,2,3/19/2026 10:32 PM,L1,941010004551306,,,,,,,,,,,3/19/2026,L1
817,A0060659237,Dog,Light,, Tan / Black German Shepherd / Mix,Court,Dog ISO 155 B4,,N,60,1,3/19/2026 10:32 PM,L1,941010002359290,,,,,,,,,,,3/19/2026,L1
818,A0060659247,Dog,Ferb,05 year(s) 00 month(s) 13 day(s)," Black Mixed Breed, Large (over 44 lbs fully grown) / Mix",Available,Flex 85,3/20/2021,M,60,3,3/19/2026 11:07 PM,L1,941010005062817,,,,,,,,,,,3/19/2026,L1
819,A0060659404,Dog,Pupper Cupper,00 year(s) 10 month(s) 12 day(s)," White / Brown Terrier, Pit Bull / Mix",Trial Adoption,Foster Trial Adoption,5/21/2025,N,38,3,3/20/2026 09:18 AM,L2-LB,941010004732469,,,,,,,,,,,3/20/2026,L2
820,A0060660609,Dog,Mayvaughn -ADOPTED,00 year(s) 05 month(s) 12 day(s), Black / Brown German Shepherd,Trial Adoption,Foster Trial Adoption,10/21/2025,S,28,1,3/20/2026 11:40 AM,L1,941010004756203,,,,,,,,,,,3/20/2026,L1
821,A0060660621,Dog,Chico - ADOPTED,02 year(s) 00 month(s) 12 day(s)," Cream Mixed Breed, Small (under 24 lbs fully grown) / Mix",Trial Adoption,Foster Trial Adoption,3/21/2024,N,11,2,3/20/2026 11:02 AM,L3-SF/A,941010004767264,,,,,,,,,,,3/20/2026,L3
822,A0060661123,Dog,LuLu,01 year(s) 06 month(s) 14 day(s)," Beige German Shepherd / Terrier, American Pit Bull",Available,Dogs 081 B2,9/19/2024,S,56,3,3/20/2026 10:30 AM,L2-SF,941010004785799,,,,,,,,,,,3/20/2026,L2
823,A0060662870,Dog,Gromper,08 year(s) 00 month(s) 12 day(s),"Brindle Brown / Black Terrier, Pit Bull",Stray Wait,Dogs 079 A1,3/21/2018,M,67,3,3/20/2026 03:03 PM,L1,941010004767349,,,,,,,,,,,3/20/2026,L1
824,A0060664386,Dog,Catalpa,04 year(s) 00 month(s) 12 day(s)," Black / White Mixed Breed, Medium (up to 44 lbs fully grown) / Mix",Available,Dogs 067 B3,3/21/2022,F,57,3,3/20/2026 04:44 PM,L1,941010004501949,,,,,,,,,,,3/20/2026,L1
825,A0060665297,Dog,Melon,02 year(s) 00 month(s) 11 day(s), Brown Belgian Malinois / Mix,Available,Dogs 081 A7,3/22/2024,F,47,1,3/20/2026 08:05 PM,L2-SF,941010004530385,,,,,,,,,,,3/20/2026,L2
826,A0060665300,Dog,Moolah,04 year(s) 00 month(s) 12 day(s)," Grey / White Mixed Breed, Large (over 44 lbs fully grown) / Mix",Priority,Dogs 401 5,3/21/2022,M,73,1,3/20/2026 08:03 PM,L2-OD,,,,,,,,,,,,3/20/2026,L2
827,A0060665491,Dog,BINTI,03 year(s) 00 month(s) 12 day(s), White / Grey Bulldog / Mix,Available,Dogs 066 A2,3/21/2023,S,41,3,3/20/2026 11:40 PM,L2-A,941010004775622,,,,,,,,,,,3/20/2026,L2
828,A0060665634,Dog,Blint,03 year(s) 00 month(s) 12 day(s)," Brown / Black Terrier, Pit Bull / Plott Hound",Available,Dogs 066 B6,3/21/2023,N,63,1,3/21/2026 02:41 PM,L1-FJ,941010004789464,,,,,,,,,,,3/21/2026,L1
829,A0060666166,Dog,Beautyberry,03 year(s) 00 month(s) 11 day(s)," Black / White Mixed Breed, Medium (up to 44 lbs fully grown) / Mix",Available,Dogs 306 B4,3/22/2023,S,47,3,3/21/2026 11:06 AM,L2-OA,941010004729308,,,,,,,,,,,3/21/2026,L2
830,A0060666804,Dog,Noodle,01 year(s) 06 month(s) 11 day(s)," Apricot Chihuahua, Short Coat / Mix",Available,Dog Intake 128.02,9/22/2024,N,8,1,4/2/2026 12:48 PM,L3-SF,941010004500983,,,,,,,,,,,4/2/2026,L3
838,A0060667032,Dog,Keanu,07 year(s) 00 month(s) 09 day(s)," Grey / White Terrier, American Staffordshire / Mix",Available,Dogs 503 B6,3/24/2019,F,60,3,3/21/2026 01:28 PM,L2 OD,941010004755127,,,,,,,,,,,3/21/2026,L2
840,A0060668128,Dog,Dragonfly,00 year(s) 05 month(s) 10 day(s)," Black Mixed Breed, Medium (up to 44 lbs fully grown) / Mix",Available,Dogs 502 C3,10/23/2025,S,22,3,3/21/2026 04:12 PM,L1,941010004771615,,,,,,,,,,,3/21/2026,L1
841,A0060668303,Dog,Mazapan-ADOPTED,09 year(s) 00 month(s) 10 day(s)," Tan / Brown Mixed Breed, Small (under 24 lbs fully grown) / Mix",Trial Adoption,Foster Trial Adoption,3/23/2017,N,20,1,3/21/2026 04:48 PM,L2-SF,941010004788311,,,,,,,,,,,3/21/2026,L2
842,A0060668563,Dog,Millie,01 year(s) 00 month(s) 09 day(s)," Black / White Mixed Breed, Medium (up to 44 lbs fully grown) / Mix",Available,Dogs 402 C2,3/24/2025,S,36,3,3/23/2026 11:39 AM,L1,941010004782131,,,,,,,,,,,3/23/2026,L1
843,A0060668951,Dog,DRACO,05 year(s) 00 month(s) 11 day(s)," Golden Retriever, Labrador / Mix",Available,Dogs 066 B5,3/22/2021,N,70,3,3/21/2026 11:25 PM,L1,985113004333315,,,,,,,,,,,3/21/2026,L1
845,A0060670264,Dog,Jojo- ADOPTED,01 year(s) 00 month(s) 10 day(s)," Cream Poodle, Miniature / Mix",Bite Quarantine - Not Visible,Salon C3,3/23/2025,N,17,1,3/23/2026 09:09 AM,STAFF ONLY,941010004626895,,,,,,,,,,,3/23/2026,STAFF ONLY
846,A0060670280,Dog,Butter Pup - ADOPTED,01 year(s) 00 month(s) 10 day(s)," Black Poodle, Toy / Mix",Trial Adoption,Foster Trial Adoption,3/23/2025,N,9,1,3/23/2026 09:07 AM,L2-SF,941010004791195,,,,,,,,,,,3/23/2026,L2
847,A0060670283,Dog,Salmon Patty-ADOPTED,08 year(s) 00 month(s) 10 day(s)," Black / Grey Poodle, Toy / Mix",Trial Adoption,Foster Trial Adoption,3/23/2018,S,8,1,3/23/2026 09:07 AM,L2-SF,941010005056393,,,,,,,,,,,3/23/2026,L2
848,A0060670346,Dog,Piedmont- ADOPTED,00 year(s) 03 month(s) 25 day(s)," Brindle Mixed Breed, Medium (up to 44 lbs fully grown) / Mix",Trial Adoption,Foster Trial Adoption,12/8/2025,N,24,1,3/22/2026 03:19 PM,L1,941010004761169,,,,,,,,,,,3/22/2026,L1
849,A0060670544,Dog,Twyla,03 year(s) 00 month(s) 10 day(s)," Black Mixed Breed, Medium (up to 44 lbs fully grown) / Mix",Available,Dogs 066 A4,3/23/2023,S,41,3,3/22/2026 04:25 PM,L1,941010004755720,,,,,,,,,,,3/22/2026,L1
850,A0060672814,Dog,Maki,05 year(s) 00 month(s) 09 day(s)," White / Tan Mixed Breed, Medium (up to 44 lbs fully grown) / Mix",Available,Dogs 081 A8,3/24/2021,S,45,2,3/23/2026 11:17 AM,L1,941010004750101,,,,,,,,,,,3/23/2026,L1
851,A0060673719,Dog,Jensen,01 year(s) 06 month(s) 10 day(s)," Blond Mixed Breed, Large (over 44 lbs fully grown) / Mix",Available,Dogs 081 A10,9/23/2024,N,70,1,3/23/2026 12:38 PM,L1,941010004713417,,,,,,,,,,,3/23/2026,L1
853,A0060675712,Dog,Esmeralda,10 year(s) 00 month(s) 07 day(s)," Brindle Mixed Breed, Large (over 44 lbs fully grown) / Mix",Pending Medical Assessment/Treatment,Dog Pre/Post Op 138 2,3/26/2016,F,36,1,3/23/2026 03:26 PM,L1,941010005047270,,,,,,,,,,,3/23/2026,L1
856,A0060676717,Dog,Honeysuckle - ADOPTED,02 year(s) 06 month(s) 09 day(s), Golden German Shepherd / Mix,Trial Adoption,Foster Trial Adoption,9/24/2023,N,81,1,3/23/2026 04:45 PM,L1,985113010856607,,,,,,,,,,,3/23/2026,L1
858,A0060679785,Dog,Sylvester,10 year(s) 00 month(s) 09 day(s)," White Mixed Breed, Small (under 24 lbs fully grown) / Mix",Stray Wait,Foster Friendly Finder,3/24/2016,M,6,1,3/24/2026 11:32 AM,L1,941010004728435,,,,,,,,,,,3/24/2026,L1
859,A0060681072,Dog,Stormi,01 year(s) 00 month(s) 08 day(s)," Grey Mixed Breed, Medium (up to 44 lbs fully grown) / Mix",Available,Dogs 602 C6,3/25/2025,S,27,3,3/24/2026 01:37 PM,L1,941010005052900,,,,,,,,,,,3/24/2026,L1
860,A0060681794,Dog,Nassor,02 year(s) 06 month(s) 08 day(s)," Grey / White Terrier, Pit Bull / Mix",Available,Dogs 068 A5,9/25/2023,N,58,3,3/24/2026 02:56 PM,L1,941010004728229,,,,,,,,,,,3/24/2026,L1
861,A0060683528,Dog,Michelle Visage,00 year(s) 10 month(s) 08 day(s)," Grey / White Mixed Breed, Medium (up to 44 lbs fully grown) / Mix",Priority,Dogs 406 B3,5/25/2025,S,35,3,3/24/2026 04:15 PM,L3-SF,941010004743384,,,,,,,,,,,3/24/2026,L3
862,A0060685070,Dog,Hudges,00 year(s) 10 month(s) 08 day(s)," Black Retriever, Labrador / Mix",Priority,Dogs 068 B4,5/25/2025,N,43,2,3/24/2026 07:42 PM,L2-SF,941010004519084,,,,,,,,,,,3/24/2026,L2
863,A0060687116,Dog,Pippy Longstockings,01 year(s) 00 month(s) 07 day(s)," Rust Mixed Breed, Medium (up to 44 lbs fully grown) / Mix",Available,Dogs 081 B3,3/26/2025,S,35,3,3/25/2026 11:22 AM,L1,941010004741811,,,,,,,,,,,3/25/2026,L1
864,A0060687460,Dog,Pun-ADOPTED,00 year(s) 04 month(s) 07 day(s)," White / Brindle Mixed Breed, Medium (up to 44 lbs fully grown) / Mix",Adopted,Dogs 064 C1,11/26/2025,N,30,1,3/25/2026 11:49 AM,L1,985113010654576,,,,,,,,,,,3/25/2026,L1
865,A0060688230,Dog,Mix Match Sox,03 year(s) 00 month(s) 07 day(s)," Black / White Terrier, American Pit Bull / Mix",Stray Wait,Dogs 081 B6,3/26/2023,M,76,3,3/25/2026 11:30 AM,L2-SF,941010004734892,,,,,,,,,,,3/25/2026,L2
866,A0060689061,Dog,Shippah,07 year(s) 00 month(s) 08 day(s)," Brown / Black Mixed Breed, Medium (up to 44 lbs fully grown) / Mix",Stray Wait,Dogs 302 4,3/25/2019,F,50,1,3/25/2026 03:07 PM,STAFF ONLY,,,,,,,,,,,,3/25/2026,STAFF ONLY
868,A0060691814,Dog,King,07 year(s) 00 month(s) 07 day(s)," Grey Mixed Breed, Medium (up to 44 lbs fully grown) / Mix",Stray Wait,Dogs 081 B4,3/26/2019,M,53,3,3/25/2026 06:50 PM,L1,,,,,,,,,,,,3/25/2026,L1
869,A0060691872,Dog,Peppa,00 year(s) 04 month(s) 07 day(s)," Grey / White Mixed Breed, Small (under 24 lbs fully grown) / Mix",Stray Wait,Small Animals 6,11/26/2025,F,26,1,3/25/2026 07:04 PM,L1,941010004785020,,,,,,,,,,,3/25/2026,L1
870,A0060692134,Dog,Mr. Strawberry-ADOPTED,00 year(s) 04 month(s) 07 day(s), Brown / White Basset Hound / Mix,Trial Adoption,Foster Trial Adoption,11/26/2025,N,27,1,3/25/2026 10:38 PM,L1,941010005048092,,,,,,,,,,,3/25/2026,L1
871,A0060692183,Dog,Woofer,," Brown / White Terrier, American Pit Bull / Mix",Stray Wait,Dogs 201 6,,M,0,3,3/25/2026 09:55 PM,STAFF ONLY,,,,,,,,,,,,3/25/2026,STAFF ONLY
872,A0060692309,Dog,EMILIA,04 year(s) 00 month(s) 06 day(s)," Brown / White Terrier, American Pit Bull / Mix",Priority,Dogs 501 2,3/27/2022,S,54,3,3/25/2026 11:06 PM,L2-SD/BR/A,941010004756379,,,,,,,,,,,3/25/2026,L2
873,A0060692353,Dog,Puma Pants,01 year(s) 06 month(s) 07 day(s)," Grey Terrier, Pit Bull / Mix",Available,Dogs 088 B4,9/26/2024,N,45,1,3/26/2026 02:20 AM,L2-A,941010004728977,,,,,,,,,,,3/26/2026,L2
874,A0060693898,Dog,Marigold,02 year(s) 00 month(s) 06 day(s)," Black / Brown Retriever, Labrador / Mix",Priority,Dogs 406 B2,3/27/2024,S,34,1,3/26/2026 02:06 PM,L3-SF/BR,941010004621243,,,,,,,,,,,3/26/2026,L3
875,A0060694368,Dog,Summer Squash,," Brindle / White Mixed Breed, Medium (up to 44 lbs fully grown) / Mix",Stray Wait,Dogs 202 2,,N,0,1,3/26/2026 01:13 PM,STAFF ONLY,,,,,,,,,,,,3/26/2026,STAFF ONLY
876,A0060694895,Dog,Riley - ADOPTED,05 year(s) 00 month(s) 07 day(s), Black / White Alaskan Husky / Mix,Trial Adoption,Foster Trial Adoption,3/26/2021,S,61,3,3/26/2026 02:04 PM,L1,981020055589764,,,,,,,,,,,3/26/2026,L1
877,A0060695482,Dog,Takis-ADOPTED,01 year(s) 06 month(s) 07 day(s)," Brown / Silver Mixed Breed, Small (under 24 lbs fully grown) / Mix",Microchip,Dogs 502 C1,9/26/2024,N,7,1,3/26/2026 01:29 PM,L1,985113002615204,,,,,,,,,,,3/26/2026,L1
878,A0060696259,Dog,Tara-ADOPTED,00 year(s) 04 month(s) 06 day(s), Brown / Tan Belgian Malinois / Mix,Trial Adoption,Foster Trial Adoption,11/27/2025,S,25,1,3/26/2026 02:22 PM,L2-SF,941010004756664,,,,,,,,,,,3/26/2026,L2
879,A0060696270,Dog,Plaza-ADOPTED,00 year(s) 04 month(s) 06 day(s), Brown / Tan Belgian Malinois / Mix,Trial Adoption,Foster Trial Adoption,11/27/2025,S,43,1,3/26/2026 02:22 PM,L2-SF,941010004757751,,,,,,,,,,,3/26/2026,L2
880,A0060696572,Dog,Shelby,02 year(s) 00 month(s) 06 day(s)," Apricot Mixed Breed, Medium (up to 44 lbs fully grown) / Mix",Priority,Dogs 303 A5,3/27/2024,S,48,1,3/26/2026 02:49 PM,L2-OA,941010004767357,,,,,,,,,,,3/26/2026,L2
881,A0060696592,Dog,Peter Chase- ADOPTED,02 year(s) 00 month(s) 07 day(s)," Black / Tan Mixed Breed, Small (under 24 lbs fully grown) / Mix",Adopted,Foster Pre-Fix,3/26/2024,N,15,1,3/26/2026 02:48 PM,L1,941010004792209,,,,,,,,,,,3/26/2026,L1
882,A0060696709,Dog,Doug,09 year(s) 00 month(s) 07 day(s)," Brown / Black Coonhound, Black and Tan / Mix",Available,Dogs 079 A6,3/26/2017,N,58,3,3/26/2026 03:13 PM,L1,981020019914958,,,,,,,,,,,3/26/2026,L1
883,A0060697913,Dog,Courtney,02 year(s) 00 month(s) 06 day(s)," Brown / White Mixed Breed, Medium (up to 44 lbs fully grown) / Mix",Available,Dogs 068 A3,3/27/2024,S,56,3,3/26/2026 04:45 PM,L1,941010004744399,,,,,,,,,,,3/26/2026,L1
885,A0060698531,Dog,Pellegrino,01 year(s) 00 month(s) 05 day(s)," White / Black Mixed Breed, Large (over 44 lbs fully grown) / Mix",Available,Dogs 603 A4,3/28/2025,N,41,3,3/26/2026 06:03 PM,L1,941010005074627,,,,,,,,,,,3/26/2026,L1
887,A0060699056,Dog,Rocket Power,01 year(s) 00 month(s) 06 day(s), Brown / Beige Shepherd / Mix,Available,Dogs 088 B1,3/27/2025,N,26,3,3/26/2026 09:34 PM,L2-SF,941010004722952,,,,,,,,,,,3/26/2026,L2
888,A0060699061,Dog,Otto Rocket ADOPTED,02 year(s) 00 month(s) 06 day(s)," White / Brown Chihuahua, Long Coat / Pomeranian",Identifying Info,Dogs 602 C3,3/27/2024,M,8,1,3/26/2026 09:38 PM,L1,,,,,,,,,,,,3/26/2026,L1
889,A0060699834,Dog,Gooldeton,00 year(s) 05 month(s) 05 day(s)," Black / White Mixed Breed, Medium (up to 44 lbs fully grown) / Mix",Available,Dogs 088 B5,10/28/2025,N,28,1,4/1/2026 11:30 AM,L1,941010004506405,,,,,,,,,,,4/1/2026,L1
890,A0060700952,Dog,Camp Creek-ADOPTED,00 year(s) 06 month(s) 05 day(s)," Black / White Terrier, American Pit Bull / Mix",Trial Adoption,Foster Trial Adoption,9/28/2025,N,20,1,3/27/2026 11:00 AM,L2-SF,941010004782887,,,,,,,,,,,3/27/2026,L2
891,A0060701303,Dog,Dashoobie,00 year(s) 11 month(s) 05 day(s)," Brown / Black Mixed Breed, Medium (up to 44 lbs fully grown) / Mix",Stray Wait,Dogs 406 A4,4/28/2025,M,46,1,3/27/2026 03:08 PM,2026003303,941010004565782,,,,,,,,,,,3/27/2026,
892,A0060702205,Dog,Baymax,02 year(s) 00 month(s) 05 day(s)," White / Black Mixed Breed, Medium (up to 44 lbs fully grown) / Mix",Available,Dogs 606 B3,3/28/2024,N,51,1,3/27/2026 02:09 PM,L1,941010004743481,,,,,,,,,,,3/27/2026,L1
893,A0060702672,Dog,Dokriss,03 year(s) 00 month(s) 06 day(s)," Grey / Tan Mixed Breed, Medium (up to 44 lbs fully grown) / Mix",Microchip,Dogs 202 5,3/27/2023,N,0,1,3/27/2026 03:11 PM,STAFF ONLY,985112012344477,,,,,,,,,,,3/27/2026,STAFF ONLY
894,A0060704933,Dog,Charlotte-ADOPTED,03 year(s) 00 month(s) 05 day(s)," Brindle Bulldog, French / Mix",Identifying Info,Dogs 402 C3,3/28/2023,F,21,1,3/27/2026 07:37 PM,L1,,,,,,,,,,,,3/27/2026,L1
897,A0060705121,Dog,Spaz,07 year(s) 00 month(s) 04 day(s)," Black Chihuahua, Short Coat / Mix",Stray Wait,Salon C1,3/29/2019,M,18,1,3/27/2026 09:20 PM,L3 SF,941010004753507,,,,,,,,,,,3/27/2026,L3
898,A0060705150,Dog,Whammy,03 year(s) 00 month(s) 05 day(s)," Black Mixed Breed, Large (over 44 lbs fully grown) / Mix",Microchip,Dogs 303 B3,3/28/2023,N,64,2,3/27/2026 09:49 PM,L1,985113009752003,,,,,,,,,,,3/27/2026,L1
899,A0060706276,Dog,Xena,03 year(s) 00 month(s) 05 day(s)," White Terrier, Pit Bull / Mix",Microchip,Dogs 081 A3,3/28/2023,F,46,3,3/28/2026 02:42 PM,L2 SF,981020045665451,,,,,,,,,,,3/28/2026,L2
900,A0060706292,Dog,Blazz,02 year(s) 00 month(s) 05 day(s)," White / Grey Terrier, Pit Bull / Mix",Stray Wait,Dogs 306 B2,3/28/2024,F,49,2,3/28/2026 02:44 PM,L1,941010004509142,,,,,,,,,,,3/28/2026,L1
901,A0060706822,Dog,Compass,01 year(s) 02 month(s) 18 day(s)," White Mixed Breed, Medium (up to 44 lbs fully grown) / Mix",Microchip,Foster Foster Home,1/15/2025,S,34,1,3/28/2026 01:55 PM,L2 SF,985113009930675,,,,,,,,,,,3/28/2026,L2
902,A0060707416,Dog,Zombie,02 year(s) 00 month(s) 02 day(s)," Blond Chihuahua, Short Coat / Mix",Stray Wait,Salon C2,3/31/2024,F,11,1,3/28/2026 02:55 PM,L3 SF,941010004749944,,,,,,,,,,,3/28/2026,L3
904,A0060707645,Dog,Hugo,02 year(s) 00 month(s) 04 day(s),Brindle Bronze / Black Dutch Shepherd / Mix,Available,Dogs 403 A3,3/29/2024,N,58,1,3/28/2026 03:27 PM,L2-OA,981020053265066,,,,,,,,,,,3/28/2026,L2
905,A0060707649,Dog,Hopper,04 year(s) 00 month(s) 04 day(s)," Black Mixed Breed, Large (over 44 lbs fully grown) / Mix",Available,Featured Dogs 57,3/29/2022,N,95,1,3/28/2026 03:27 PM,L2-OA,941000028231242,,,,,,,,,,,3/28/2026,L2
907,A0060708730,Dog,Rue,02 year(s) 00 month(s) 04 day(s)," Brindle Terrier, American Pit Bull / Mix",Stray Wait,Dogs 503 B2,3/29/2024,F,64,1,3/28/2026 09:17 PM,L1,941010004791803,,,,,,,,,,,3/28/2026,L1
908,A0060708920,Dog,TANK,03 year(s) 00 month(s) 04 day(s)," Grey / White Terrier, American Pit Bull / Mix",Identifying Info,Dogs 403 A6,3/29/2023,M,50,3,3/29/2026 03:58 AM,L2 SF,941010004775798,,,,,,,,,,,3/29/2026,L2
909,A0060709258,Dog,Carey,," Black / White Terrier, Staffordshire Bull / Mix",Cites,Dogs 301 8,,F,0,1,3/29/2026 11:21 AM,STAFF ONLY,,,,,,,,,,,,3/29/2026,STAFF ONLY
910,A0060709261,Dog,Cody- ADOPTED,00 year(s) 04 month(s) 01 day(s)," Black / White Terrier, Staffordshire Bull / Mix",Cites,Small Animals 7,12/1/2025,F,19,1,3/29/2026 11:21 AM,L1,,,,,,,,,,,,3/29/2026,L1
911,A0060709262,Dog,Zack-ADOPTED,00 year(s) 04 month(s) 01 day(s)," Grey / White Terrier, Staffordshire Bull / Mix",Cites,Small Animals 4,12/1/2025,M,25,1,3/29/2026 11:21 AM,L1,,,,,,,,,,,,3/29/2026,L1
912,A0060709776,Dog,Athena,02 year(s) 00 month(s) 04 day(s), Black / Brown Rottweiler / Mix,Bite Quarantine - Not Visible,Dogs 202 2,3/29/2024,F,0,1,3/29/2026 02:53 PM,STAFF ONLY,985113010483861,,,,,,,,,,,3/29/2026,STAFF ONLY
914,A0060710604,Dog,Bolt,00 year(s) 01 month(s) 17 day(s)," White / Black Mixed Breed, Medium (up to 44 lbs fully grown) / Mix",Under Age,Foster Foster Home,2/16/2026,F,3,1,3/29/2026 05:27 PM,L1,,,,,,,,,,,,3/29/2026,L1
915,A0060710610,Dog,Thunder,00 year(s) 01 month(s) 17 day(s)," Black / White Mixed Breed, Medium (up to 44 lbs fully grown) / Mix",Under Age,Foster Foster Home,2/16/2026,F,4,1,3/29/2026 05:27 PM,L1,,,,,,,,,,,,3/29/2026,L1
916,A0060710649,Dog,Sweetgum - adopted!,03 year(s) 00 month(s) 03 day(s)," Brindle / White Mixed Breed, Medium (up to 44 lbs fully grown) / Mix",Identifying Info,Dog Pre/Post Op 135 1,3/30/2023,F,25,1,3/29/2026 05:37 PM,L1,,,,,,,,,,,,3/29/2026,L1
917,A0060712990,Dog,Trapp- ADOPTED,03 year(s) 00 month(s) 03 day(s)," Golden Poodle, Standard / Retriever, Golden",Trial Adoption,Foster Trial Adoption,3/30/2023,N,67,1,3/30/2026 12:06 PM,L1,985112012133424,,,,,,,,,,,3/30/2026,L1
918,A0060713529,Dog,Venus-ADOPTED,00 year(s) 04 month(s) 01 day(s), Black / Brown German Shepherd / Mix,Microchip,Small Animals C1,12/1/2025,F,26,1,3/30/2026 12:38 PM,L1,981020061834526,,,,,,,,,,,3/30/2026,L1
920,A0060713706,Dog,Nico,02 year(s) 00 month(s) 02 day(s), Brown Siberian Husky / Mix,Microchip,Dogs 503 B5,3/31/2024,N,43,2,3/30/2026 12:58 PM,L1,900235000204705,,,,,,,,,,,3/30/2026,L1
922,A0060714634,Dog,Harley,06 year(s) 00 month(s) 02 day(s)," Blond Mixed Breed, Large (over 44 lbs fully grown) / Mix",Available,Dogs 301 1,3/31/2020,F,37,1,3/30/2026 02:13 PM,STAFF ONLY-V,982091066986734,,,,,,,,,,,3/30/2026,STAFF ONLY
923,A0060715570,Dog,Jessamine,05 year(s) 00 month(s) 02 day(s)," Brown Chihuahua, Short Coat / Mix",Stray Wait,Small Animals 5,3/31/2021,F,10,2,3/30/2026 03:34 PM,L2-SF,941010004757082,,,,,,,,,,,3/30/2026,L2
924,A0060716431,Dog,Cream- ADOPTED,00 year(s) 05 month(s) 02 day(s)," Tan Mixed Breed, Medium (up to 44 lbs fully grown) / Mix",Stray Wait,Small Animals C2,10/31/2025,M,34,2,3/30/2026 04:59 PM,L1,941010004787409,,,,,,,,,,,3/30/2026,L1
925,A0060716493,Dog,Ulysses,02 year(s) 00 month(s) 02 day(s)," White / Brown Bulldog, American / Mix",Stray Wait,Dogs 067 A3,3/31/2024,M,48,1,3/30/2026 05:27 PM,L1,941010004617033,,,,,,,,,,,3/30/2026,L1
926,A0060716590,Dog,Banky,," Brown / White Terrier, American Pit Bull / Mix",Bite Quarantine,Dogs 302 5,,M,0,3,3/30/2026 10:47 PM,STAFF ONLY,,,,,,,,,,,,3/30/2026,STAFF ONLY
930,A0060717061,Dog,Dolph,03 year(s) 00 month(s) 03 day(s)," Brown Terrier, American Staffordshire / Mix",Bite Quarantine,Dogs 201 8,3/30/2023,M,0,1,3/30/2026 10:40 PM,STAFF ONLY,,,,,,,,,,,,3/30/2026,STAFF ONLY
931,A0060717241,Dog,Fluffmellow-ADOPTED,02 year(s) 00 month(s) 02 day(s)," Bronze Poodle, Standard / Mix",Identifying Info,Dogs 606 B7,3/31/2024,M,48,2,3/30/2026 10:46 PM,L2-SF,,,,,,,,,,,,3/30/2026,L2
933,A0060717381,Dog,Warehouse Whitney,01 year(s) 06 month(s) 03 day(s),"Brindle Brindle Terrier, Pit Bull / Mix",Stray Wait,Dogs 503 A3,9/30/2024,F,58,1,3/30/2026 11:30 PM,L1,941010004784182,,,,,,,,,,,3/30/2026,L1
934,A0060717528,Dog,Lotto-ADOPTED,01 year(s) 06 month(s) 01 day(s), Brown Bully American - Pocket / Mix,Identifying Info,Dogs 402 C1,10/1/2024,F,39,1,3/31/2026 07:42 AM,L1,,,,,,,,,,,,3/31/2026,L1
935,A0060717903,Dog,Missie,04 year(s) 00 month(s) 02 day(s), Black / Tan Alaskan Malamute / Mix,Pending Medical Assessment/Treatment,Mutternity 1,3/31/2022,F,0,1,3/31/2026 09:52 AM,STAFF ONLY,,,,,,,,,,,,3/31/2026,STAFF ONLY
936,A0060719174,Dog,Pablo-ADOPTED,00 year(s) 03 month(s) 01 day(s)," Black / Brown Mixed Breed, Small (under 24 lbs fully grown) / Mix",Stray Wait,Small Animals 1,1/1/2026,M,20,1,3/31/2026 11:16 AM,L1,941010004783190,,,,,,,,,,,3/31/2026,L1
937,A0060719344,Dog,Yessica-adopted!,05 year(s) 00 month(s) 02 day(s), Brindle / Brown Cane Corso / Mix,Stray Wait- Rescue,Dog Pre/Post Op 138 1,3/31/2021,F,78,1,3/31/2026 12:02 PM,,941010005090110,,,,,,,,,,,3/31/2026,
939,A0060720123,Dog,Kai,01 year(s) 00 month(s) 01 day(s)," Brown / White Retriever, Labrador / Mix",Identifying Info,Dogs 303 A6,4/1/2025,M,53,2,3/31/2026 10:30 AM,L1,,,,,,,,,,,,3/31/2026,L1
941,A0060720262,Dog,Terzo,05 year(s) 00 month(s) 01 day(s)," Tan / White Retriever, Labrador / Shepherd",Stray Wait,Dogs 402 6,4/1/2021,M,52,1,3/31/2026 04:35 PM,L2-SF,941010004774015,,,,,,,,,,,3/31/2026,L2
942,A0060720854,Dog,Turbo Ghost,03 year(s) 10 month(s) 25 day(s)," White / Grey Mixed Breed, Medium (up to 44 lbs fully grown) / Mix",Available,Dogs 502 6,5/8/2022,F,55,1,3/31/2026 01:28 PM,L3-SF/A/V,981020039740654,,,,,,,,,,,3/31/2026,L3
943,A0060721843,Dog,Clipper,01 year(s) 00 month(s) 02 day(s)," Tan Retriever, Labrador / Mix",Stray Wait,Dogs 406  B1,3/31/2025,M,47,1,3/31/2026 02:47 PM,L1,941010004720866,,,,,,,,,,,3/31/2026,L1
944,A0060723345,Dog,Mina,02 year(s) 00 month(s) 01 day(s)," Grey / White Mixed Breed, Medium (up to 44 lbs fully grown) / Mix",Stray Wait,Dogs 402 C4,4/1/2024,F,32,2,3/31/2026 09:32 PM,L1,941010004509612,,,,,,,,,,,3/31/2026,L1
945,A0060725040,Dog,Chandler,00 year(s) 11 month(s) 01 day(s), Brown / Black Australian Shepherd / Mix,Identifying Info,Dogs 067 A2,5/1/2025,F,49,2,4/1/2026 01:31 AM,L1,,,,,,,,,,,,4/1/2026,L1
947,A0060725083,Dog,Ralph,," White Poodle, Miniature / Mix",Stray Wait,Dog Intake 128.01,,M,12,2,4/2/2026 03:45 PM,,,,,,,,,,,,,4/2/2026,
948,A0060725513,Dog,Doja,00 year(s) 02 month(s) 12 day(s)," White Terrier, Pit Bull / Mix",Microchip,Dogs 064 C1,1/21/2026,F,0,1,4/1/2026 10:04 AM,2026003486,985113009145945,,,,,,,,,,,4/1/2026,
949,A0060726490,Dog,Vanilla,08 year(s) 00 month(s) 01 day(s)," Brown / White Mixed Breed, Large (over 44 lbs fully grown) / Mix",Identifying Info,Receiving 130 17,4/1/2018,F,0,1,4/1/2026 03:09 PM,2026003469,,,,,,,,,,,,4/1/2026,
951,A0060726946,Dog,Julia,03 year(s) 00 month(s) 00 day(s)," Tan / White Retriever, Labrador / Terrier, Pit Bull",Stray Wait,Dog Pre/Post Op 135 6,4/2/2023,F,75,1,4/1/2026 12:10 PM,L3-SF,941010004757447,,,,,,,,,,,4/1/2026,L3
953,A0060727349,Dog,Leonas Azul,07 year(s) 00 month(s) 00 day(s), Black / Tan German Shepherd / Mix,Stray Wait,Receiving 129 K2,4/2/2019,M,85,1,4/1/2026 01:22 PM,L1-V,941010004767570,,,,,,,,,,,4/1/2026,L1
954,A0060727371,Dog,Rone Callidus,07 year(s) 00 month(s) 00 day(s), Brown / White Siberian Husky / Mix,Microchip,Receiving 129 K6,4/2/2019,S,67,1,4/1/2026 01:18 PM,L1,985112005715195,,,,,,,,,,,4/1/2026,L1
955,A0060727480,Dog,,03 year(s) 00 month(s) 01 day(s), Brown / Black German Shepherd / Mix,Stray Wait,Receiving 129 K2,4/1/2023,F,0,1,4/1/2026 01:24 PM,2026003502,,,,,,,,,,,,4/1/2026,
957,A0060728272,Dog,Brix-ADOPTED,00 year(s) 07 month(s) 01 day(s)," Black / Brown Chihuahua, Short Coat / Mix",Available,Receiving 130 8,9/1/2025,N,12,1,4/1/2026 01:45 PM,,941010004716627,,,,,,,,,,,4/1/2026,
958,A0060728850,Dog,Kleodora,04 year(s) 00 month(s) 00 day(s)," White / Black Mixed Breed, Large (over 44 lbs fully grown) / Mix",Stray Wait,Dogs 068 C2,4/2/2022,F,44,1,4/1/2026 02:26 PM,L1,941010004785336,,,,,,,,,,,4/1/2026,L1
959,A0060728854,Dog,Rocko,," Apricot Mixed Breed, Medium (up to 44 lbs fully grown) / Mix",Available,Dog Intake 128.04,,N,0,1,4/2/2026 11:36 AM,,,,,,,,,,,,,4/2/2026,
960,A0060729068,Dog,,03 year(s) 00 month(s) 01 day(s)," Tan / White Terrier, Pit Bull / Mix",Pending Medical Assessment/Treatment,Receiving 130 1,4/1/2023,F,0,1,4/1/2026 03:26 PM,2026003507,,,,,,,,,,,,4/1/2026,
961,A0060729221,Dog,Malgi,00 year(s) 11 month(s) 01 day(s)," Brown / Black Mixed Breed, Medium (up to 44 lbs fully grown) / Mix",Stray Wait,Dog Intake 128.03,5/1/2025,M,0,1,4/1/2026 03:11 PM,2026003497,,,,,,,,,,,,4/1/2026,
962,A0060729451,Dog,Mel,," White / Tan Mixed Breed, Medium (up to 44 lbs fully grown) / Mix",Identifying Info,Receiving 130 11,,F,0,1,4/1/2026 03:15 PM,,,,,,,,,,,,,4/1/2026,
963,A0060730035,Dog,Rozay,," White / Black Mixed Breed, Small (under 24 lbs fully grown) / Mix",Stray Wait,Foster Friendly Finder,,F,7,2,4/1/2026 03:54 PM,L1,941010004735528,,,,,,,,,,,4/1/2026,L1
964,A0060730484,Dog,Ace,00 year(s) 06 month(s) 01 day(s)," Brown / Black Mixed Breed, Medium (up to 44 lbs fully grown) / Mix",Available,Receiving 130 21,10/1/2025,M,0,1,4/1/2026 04:39 PM,,,,,,,,,,,,,4/1/2026,
966,A0060731036,Dog,Kanga,," White Mixed Breed, Large (over 44 lbs fully grown) / Mix",Stray Wait,Receiving 130 Crate,,M,0,1,4/1/2026 05:24 PM,,,,,,,,,,,,,4/1/2026,
967,A0060731039,Dog,Roo,," Blond Mixed Breed, Large (over 44 lbs fully grown) / Mix",Stray Wait,Receiving 130 Crate,,F,0,1,4/1/2026 05:24 PM,,,,,,,,,,,,,4/1/2026,
971,A0060731508,Dog,Alyna,, Brown / Black Shepherd / Mix,Stray Wait,Dog Intake 128.02,,F,0,1,4/1/2026 07:01 PM,,,,,,,,,,,,,4/1/2026,
972,A0060731729,Dog,Franklin,," Brown Retriever, Labrador / Mix",Identifying Info,Receiving 130 9,,M,0,2,4/1/2026 10:33 PM,,,,,,,,,,,,,4/1/2026,
973,A0060731742,Dog,Milkshake-adopted!,," Grey / White Mixed Breed, Small (under 24 lbs fully grown) / Mix",Identifying Info,Receiving 130 11,,F,0,1,4/1/2026 08:36 PM,,,,,,,,,,,,,4/1/2026,
976,A0060733076,Dog,,," Brown / White Retriever, Labrador / Mix",Stray Wait,Receiving 129 K7,,M,0,1,4/2/2026 11:51 AM,2026003459,,,,,,,,,,,,4/2/2026,
977,A0060733559,Dog,Eeyore,," Grey / White Mixed Breed, Large (over 44 lbs fully grown) / Mix",Microchip,Receiving 130 2,,M,0,1,4/2/2026 11:39 AM,,900263006587187,,,,,,,,,,,4/2/2026,
978,A0060733733,Dog,Dog,," Apricot Mixed Breed, Medium (up to 44 lbs fully grown) / Mix",Available,Foster Friendly Finder,,U,0,0,4/2/2026 11:54 AM,,,,,,,,,,,,,4/2/2026,
980,A0060733839,Dog,Mamas,02 year(s) 00 month(s) 00 day(s)," Grey / Black Mixed Breed, Medium (up to 44 lbs fully grown) / Mix",Stray Wait,Foster Friendly Finder,4/2/2024,F,47,1,4/2/2026 12:09 PM,L1,941010004714804,,,,,,,,,,,4/2/2026,L1
982,A0060733978,Dog,Pudding,, Black German Shepherd / Mix,Stray Wait,Receiving 130 10,,F,0,2,4/2/2026 11:00 AM,,,,,,,,,,,,,4/2/2026,
983,A0060735197,Dog,Chance,,"Brindle Black / Brown Mixed Breed, Medium (up to 44 lbs fully grown) / Mix",Available,Receiving 129 K5,,M,0,1,4/2/2026 02:07 PM,,,,,,,,,,,,,4/2/2026,
984,A0060735235,Dog,Ghost,02 year(s) 00 month(s) 00 day(s), Black German Shepherd / Mix,Nursing Mom,Mutternity 2,4/2/2024,F,0,0,4/2/2026 01:58 PM,,985113012466737,,,,,,,,,,,4/2/2026,
985,A0060735249,Dog,Lincoln,," Black Mixed Breed, Small (under 24 lbs fully grown) / Mix",Available,Mutternity 2,,U,0,0,4/2/2026 01:58 PM,,,,,,,,,,,,,4/2/2026,
986,A0060735259,Dog,Lori,," Black Mixed Breed, Small (under 24 lbs fully grown) / Mix",Available,Mutternity 2,,U,0,0,4/2/2026 01:58 PM,,,,,,,,,,,,,4/2/2026,
987,A0060735269,Dog,Leni,," Black Mixed Breed, Small (under 24 lbs fully grown) / Mix",Available,Mutternity 2,,U,0,0,4/2/2026 01:58 PM,,,,,,,,,,,,,4/2/2026,
988,A0060735275,Dog,Luna,," Brown Mixed Breed, Small (under 24 lbs fully grown) / Mix",Available,Mutternity 2,,U,0,0,4/2/2026 01:58 PM,,,,,,,,,,,,,4/2/2026,
989,A0060735288,Dog,Lynn,," Brown Mixed Breed, Small (under 24 lbs fully grown) / Mix",Available,Mutternity 2,,U,0,0,4/2/2026 01:58 PM,,,,,,,,,,,,,4/2/2026,
990,A0060735300,Dog,Lucy,," Brown Mixed Breed, Small (under 24 lbs fully grown) / Mix",Available,Mutternity 2,,U,0,0,4/2/2026 01:58 PM,,,,,,,,,,,,,4/2/2026,
991,A0060735316,Dog,Lana,," Grey Mixed Breed, Small (under 24 lbs fully grown) / Mix",Available,Mutternity 2,,U,0,0,4/2/2026 01:58 PM,,,,,,,,,,,,,4/2/2026,
992,A0060735370,Dog,Lola,," Grey Mixed Breed, Small (under 24 lbs fully grown) / Mix",Available,Mutternity 2,,U,0,0,4/2/2026 01:58 PM,,,,,,,,,,,,,4/2/2026,
993,A0060735388,Dog,Lisa,," Grey Mixed Breed, Small (under 24 lbs fully grown) / Mix",Available,Mutternity 2,,U,0,0,4/2/2026 01:58 PM,,,,,,,,,,,,,4/2/2026,
994,A0060735420,Dog,Luan,," Grey Mixed Breed, Small (under 24 lbs fully grown) / Mix",Available,Mutternity 2,,U,0,0,4/2/2026 01:58 PM,,,,,,,,,,,,,4/2/2026,
995,A0060735441,Dog,Lynn Sr,," Black Mixed Breed, Small (under 24 lbs fully grown) / Mix",Available,Mutternity 2,,U,0,0,4/2/2026 01:58 PM,,,,,,,,,,,,,4/2/2026,
997,A0060735576,Dog,Wiggle Bear,," Blue Terrier, American Pit Bull / Mix",Stray Wait,Receiving 129 K5,,M,0,1,4/2/2026 11:30 AM,,,,,,,,,,,,,4/2/2026,
998,A0060735587,Dog,Baloo,," Black Mixed Breed, Large (over 44 lbs fully grown) / Mix",Microchip,Receiving 130 2,,M,0,1,4/2/2026 02:36 PM,,900263006579129,,,,,,,,,,,4/2/2026,
999,A0060736042,Dog,Oliver,," Beige / White Terrier, American Pit Bull / Mix",Stray Wait,Receiving 129 K6,,M,0,1,4/2/2026 02:00 PM,,,,,,,,,,,,,4/2/2026,
1000,A0060736644,Dog,Loud,," Grey Mixed Breed, Small (under 24 lbs fully grown) / Mix",Under Age,Mutternity 2,,U,0,0,4/2/2026 04:17 PM,,,,,,,,,,,,,4/2/2026,
