"AnimalNumber","AnimalType","AnimalName","Age","ColorAndBreed","Stage","Location","SubLocation","DateOfBirth","Sex","AnimalWeight","NumberOfPictures","IntakeDateTime","ARN","MicrochipNumber"
"A0053293515","Dog","HERCULES","11 year(s) 03 month(s) 25 day(s)"," Grey Terrier, Pit Bull / Mix","Court","Dogs 203","6","12/8/2014 12:00 AM","M","85","3","10/24/2024 06:33 PM","L1",""
"A0053300757","Dog","XANDER","10 year(s) 01 month(s) 10 day(s)"," Grey / White Terrier, American Pit Bull / Mix","Available","Foster","Foster Home","2/23/2016 12:00 AM","N","63","3","3/25/2025 12:54 PM","L1 A486212","985112007713589"
"A0053596658","Dog","MARTIN","07 year(s) 09 month(s) 08 day(s)"," Grey Terrier, Pit Bull / Mix","Available","Foster","Foster Home","6/25/2018 12:00 AM","N","47","3","4/30/2025 12:55 PM","L1-A857655","985112010484541"
"A0053600138","Dog","STARLET- ADOPTED","10 year(s) 01 month(s) 15 day(s)"," Brown / White Terrier, Pit Bull / Mix","Trial Adoption","Foster","Trial Adoption","2/18/2016 12:00 AM","S","29.2","1","2/9/2026 12:30 PM","L1","982126055022099"
"A0053600299","Dog","CHROME","07 year(s) 09 month(s) 19 day(s)"," Brown Terrier, American Pit Bull / Mix","Available","Foster","Foster Home","6/14/2018 12:00 AM","N","48","3","3/27/2025 01:37 PM","L1   A861769","982126055026199"
"A0053603468","Dog","ZLATA","09 year(s) 11 month(s) 25 day(s)"," Brown Terrier, American Pit Bull / Mix","Available","Foster","Foster Home","4/8/2016 12:00 AM","S","42","3","3/24/2024 03:39 PM","L2-LB",""
"A0053604480","Cat","Blade -ADOPTED","07 year(s) 06 month(s) 22 day(s)","Tabby Orange Domestic Shorthair / Mix","Adopted","Foster","Trial Adoption","9/11/2018 12:00 AM","N","11.26","1","3/13/2026 11:49 AM","L1","982126055392590"
"A0053605629","Dog","COCO","08 year(s) 06 month(s) 23 day(s)"," Chocolate Terrier, American Pit Bull / Mix","Priority","Dogs 403","A4","9/10/2017 12:00 AM","S","50","3","1/22/2026 03:04 PM","L1-H","981020021274336"
"A0053610785","Dog","Striker","08 year(s) 05 month(s) 15 day(s)"," White Bulldog, American / Mix","Microchip","Dogs 406","B6","10/18/2017 12:00 AM","N","61","3","3/26/2026 02:02 PM","L1","982126058916951"
"A0053612126","Dog","PRINCESS","07 year(s) 09 month(s) 30 day(s)"," Grey Terrier, American Pit Bull / Mix","Available","Foster","Foster Home","6/3/2018 12:00 AM","S","67","3","6/9/2025 05:34 PM","L1-A873957","982126058918920"
"A0053613954","Dog","QUEEN","06 year(s) 07 month(s) 02 day(s)"," Brown Terrier, American Pit Bull / Mix","Priority","Dogs 602","6","8/31/2019 12:00 AM","S","36","3","1/3/2026 04:19 PM","L2-SF/BH","982126059832018"
"A0053614849","Dog","HICKORY","06 year(s) 05 month(s) 20 day(s)"," Brown Terrier, Pit Bull / Mix","Priority","Dogs 088","B7","10/13/2019 12:00 AM","N","45.8","3","1/16/2026 02:56 PM","L1        A877187","982091061976774"
"A0053615127","Dog","Miss Girl","06 year(s) 06 month(s) 03 day(s)"," Black / White Terrier, American Pit Bull / Mix","Available","Foster","Foster Home","9/30/2019 12:00 AM","S","51.2","3","2/21/2026 04:15 PM","L1-A876919","982126059842251"
"A0053615474","Dog","Honey","08 year(s) 05 month(s) 30 day(s)"," Tan Retriever, Labrador / Mix","Priority","Dogs 303","B2","10/3/2017 12:00 AM","S","51.2","3","3/27/2026 12:23 PM","L3-RG/BH/H","982091061981724"
"A0053618691","Dog","JOHN","08 year(s) 00 month(s) 06 day(s)"," Brown Terrier, American Pit Bull / Mix","Available","Foster","Foster Home","3/27/2018 12:00 AM","N","74","3","7/21/2025 02:27 PM","L1- A880593","982091062092197"
"A0053620268","Dog","BLADE","05 year(s) 09 month(s) 03 day(s)"," Brown Cur, Black-Mouth / Mix","Cites","Dogs 303","A3","6/30/2020 12:00 AM","N","58","3","3/3/2026 07:40 PM","L1-A882936","982091061627517"
"A0053621296","Dog","MERCY","08 year(s) 08 month(s) 11 day(s)"," White Terrier, American Pit Bull / Mix","Available","Foster","Foster Home","7/22/2017 12:00 AM","S","67","3","2/2/2023 04:55 PM","A883569","982091065868427"
"A0053623474","Dog","AMY","07 year(s) 06 month(s) 14 day(s)"," Brown / White Terrier, Pit Bull / Mix","Available","Foster","Foster Home","9/19/2018 12:00 AM","S","57.4","3","7/16/2025 02:21 PM","L1","982091066585821"
"A0053624978","Dog","LEX E","04 year(s) 09 month(s) 05 day(s)"," Tan Terrier, American Pit Bull / Mix","Available","Foster","Foster Home","6/28/2021 12:00 AM","S","40","3","1/24/2026 03:19 PM","A887386 - L1","982091066160892"
"A0053626387","Dog","SNAIL","05 year(s) 00 month(s) 12 day(s)"," Black / White German Shepherd / Mix","Available","Foster","Foster Home","3/21/2021 12:00 AM","N","54.2","3","1/8/2024 09:22 AM","A889029  L2-BR/A","982091069630594"
"A0053630131","Dog","HEATH BAR","03 year(s) 09 month(s) 22 day(s)"," Brown Terrier, Pit Bull / Mix","Available","Foster","Foster Home","6/11/2022 12:00 AM","N","63","3","8/21/2025 03:53 PM","A892389 L2-LB","982091070202146"
"A0053632065","Dog","JOHNSTON","12 year(s) 04 month(s) 21 day(s)"," Black Terrier, American Pit Bull / Mix","Available","Foster","Foster Home","11/12/2013 12:00 AM","N","59","3","11/12/2022 11:33 AM","L1","981020031597741"
"A0053632811","Dog","ARETHA","05 year(s) 02 month(s) 22 day(s)"," Brown Terrier, Pit Bull / Mix","Available","Dogs 088","A4","1/11/2021 12:00 AM","S","46.2","3","3/16/2026 01:23 PM","L1","982091073129039"
"A0053633913","Dog","Bet","05 year(s) 01 month(s) 12 day(s)"," Brown Retriever, Labrador / Mix","Available","Foster","Foster Home","2/21/2021 12:00 AM","S","53","3","2/21/2023 04:22 PM","L1 A896667","982091073126020"
"A0053634174","Dog","GHOST BROWN","05 year(s) 06 month(s) 30 day(s)"," White Terrier, Pit Bull / Mix","Court","Dogs 203","7","9/3/2020 12:00 AM","M","57","1","3/3/2023 08:31 PM","Staff Only   A896900",""
"A0053635126","Dog","KALI","06 year(s) 00 month(s) 06 day(s)"," White Terrier, American Pit Bull / Mix","Available","Foster","Foster Home","3/27/2020 12:00 AM","S","51","3","9/16/2025 11:19 AM","L1","985112010875922"
"A0053635437","Dog","DINO","04 year(s) 05 month(s) 13 day(s)"," Grey Terrier, Pit Bull / Mix","Available","Foster","Foster Home","10/20/2021 12:00 AM","N","54","3","4/20/2023 08:50 PM","A898038","981020053383841"
"A0053822949","Dog","Wynston","02 year(s) 10 month(s) 08 day(s)"," White / Brown Terrier, American Pit Bull / Mix","Priority","Foster","Foster Home","5/25/2023 12:00 AM","S","57.4","3","11/28/2025 12:42 PM","L2-A","941000028278666"
"A0053911720","Dog","Bocephus","09 year(s) 00 month(s) 15 day(s)"," Brown / White Boxer / Mix","Available","Foster","Foster Home","3/18/2017 12:00 AM","N","53","3","6/18/2025 12:16 PM","L1","941000028295049"
"A0054067162","Dog","Tasha","06 year(s) 11 month(s) 13 day(s)"," Tan / White Mixed Breed, Large (over 44 lbs fully grown) / Mix","Available","Dogs 088","A2","4/20/2019 12:00 AM","S","43","3","3/7/2026 01:51 PM","L1","982091062252051"
"A0054123479","Dog","Charlie Brown",""," Brown / White Mixed Breed, Medium (up to 44 lbs fully grown) / Mix","Available","Foster","Foster Home","","N","70.6","3","9/9/2023 03:03 PM","","941000028295734"
"A0054165092","Dog","Nasir","05 year(s) 06 month(s) 18 day(s)"," Brown / White Mixed Breed, Medium (up to 44 lbs fully grown) / Mix","Available","Receiving 130","20","9/15/2020 12:00 AM","N","39","3","3/28/2026 11:08 AM","L1","981020045018410"
"A0054497142","Dog","MARIO","03 year(s) 04 month(s) 23 day(s)"," Black / Brown Terrier, American Pit Bull / Mix","Available","Dogs 406","A5","11/10/2022 12:00 AM","N","69.2","3","3/16/2026 05:11 PM","L1","941010001399222"
"A0054667066","Dog","Tiny","03 year(s) 00 month(s) 04 day(s)","Merle Tan / Black Mixed Breed, Large (over 44 lbs fully grown) / Mix","Available","Foster","Foster Home","3/29/2023 12:00 AM","S","52","3","3/23/2024 12:34 PM","L2-SF","982091073475472"
"A0054884374","Dog","Stormi","03 year(s) 03 month(s) 21 day(s)"," Black Bulldog / Mix","Court","Foster","Foster Home","12/12/2022 12:00 AM","S","36.4","1","12/3/2023 12:40 PM","L2-OA","941010001296177"
"A0055062948","Dog","Mystic","05 year(s) 02 month(s) 24 day(s)"," Black Shepherd / Mix","Available","Foster","Foster Home","1/9/2021 12:00 AM","S","44.6","3","1/6/2024 05:16 PM","L1-2024-000263","941010001853350"
"A0055110303","Dog","Shakira","10 year(s) 02 month(s) 16 day(s)"," Grey / White Terrier, American Pit Bull / Mix","Available","Foster","Foster Home","1/17/2016 12:00 AM","S","53","3","1/16/2024 03:42 PM","L1","941010001750677"
"A0055115127","Dog","Bebe","06 year(s) 02 month(s) 16 day(s)"," Grey Terrier, American Pit Bull / Mix","Priority","Foster","Foster Home","1/17/2020 12:00 AM","S","51.6","3","11/30/2025 03:12 PM","L1","941010001975823"
"A0055135794","Dog","Spanky","03 year(s) 02 month(s) 11 day(s)","Brindle Tan Mixed Breed, Medium (up to 44 lbs fully grown) / Mix","Available","Foster","Foster Home","1/22/2023 12:00 AM","N","47","3","1/20/2024 10:00 PM","L3-OA/LB","941010001773047"
"A0055170336","Dog","Montana","02 year(s) 07 month(s) 04 day(s)"," Tan / White Mixed Breed, Large (over 44 lbs fully grown) / Mix","Urgent","Foster","Foster Home","8/29/2023 12:00 AM","S","65","3","1/17/2026 02:44 PM","L3 -A/H/RG","941010001926985"
"A0055170623","Dog","Skylar","06 year(s) 02 month(s) 06 day(s)"," Tan Terrier, American Pit Bull / Mix","Available","Foster","Foster Home","1/27/2020 12:00 AM","S","38","3","1/26/2024 06:39 PM","L2 - BR","941010001833847"
"A0055384323","Dog","Sweet Girl - ADOPTED","05 year(s) 07 month(s) 11 day(s)"," White / Grey Terrier / Mix","Trial Adoption","Foster","Trial Adoption","8/22/2020 12:00 AM","S","38.2","3","2/21/2026 03:55 PM","L2-SF","985113004335018"
"A0055454653","Dog","Amy","05 year(s) 00 month(s) 21 day(s)"," Brindle Shepherd / Mix","Available","Foster","Foster Home","3/12/2021 12:00 AM","S","44","3","3/1/2024 11:14 PM","L2-SF","941010001948121"
"A0055669132","Dog","Babes","05 year(s) 11 month(s) 25 day(s)"," Black / White Bulldog / Mix","Priority","Dogs 603","A3","4/8/2020 12:00 AM","S","37","3","2/6/2026 05:00 PM","L2 - SD/H","941010001880008"
"A0055697269","Dog","Zoey","04 year(s) 00 month(s) 15 day(s)"," Black / White Mixed Breed, Medium (up to 44 lbs fully grown) / Mix","Available","Foster","Foster Home","3/18/2022 12:00 AM","S","44.8","2","4/10/2024 08:34 PM","L1","941010001847361"
"A0055822832","Dog","Daisy Maisy","02 year(s) 05 month(s) 01 day(s)"," Tan Terrier, Pit Bull / Mix","Available","Foster","Foster Home","11/1/2023 12:00 AM","S","39","3","1/14/2026 03:33 PM","L1","941010003306641"
"A0055857982","Dog","Dani","02 year(s) 10 month(s) 27 day(s)"," White Terrier, Pit Bull / Mix","Available","Foster","Foster Home","5/6/2023 12:00 AM","S","37","3","8/16/2024 05:42 PM","L1","941010001889216"
"A0055942798","Dog","Woofie Goldberg","06 year(s) 02 month(s) 20 day(s)"," Black / White Terrier, Pit Bull","Available","Foster","Foster Home","1/13/2020 12:00 AM","S","66","3","1/12/2026 01:03 PM","L1","941010001981196"
"A0055952142","Dog","Angel","03 year(s) 10 month(s) 13 day(s)"," White / Beige Mixed Breed, Medium (up to 44 lbs fully grown) / Mix","Available","Foster","Foster Home","5/20/2022 12:00 AM","S","37","3","5/18/2024 08:05 PM","L2-SF","941010001915335"
"A0055971280","Dog","Dean","03 year(s) 04 month(s) 09 day(s)"," White / Black Mixed Breed, Medium (up to 44 lbs fully grown) / Mix","Available","Foster","Foster Home","11/24/2022 12:00 AM","N","56.2","3","5/21/2024 05:49 PM","L1","941010002394423"
"A0056025635","Dog","Rick Sanchez","05 year(s) 10 month(s) 02 day(s)"," Black / White Terrier, Pit Bull / Mix","Available","Foster","Foster Home","5/31/2020 12:00 AM","N","81.8","3","5/29/2024 10:08 PM","L2-BR","941010003408863"
"A0056032086","Dog","Kiaayo",""," Grey Mixed Breed, Medium (up to 44 lbs fully grown) / Mix","Available","Foster","Foster Home","","N","42.2","1","5/30/2024 03:40 PM","","941010002118640"
"A0056039115","Dog","Sterling","04 year(s) 04 month(s) 06 day(s)"," Brindle Bullmastiff / Mix","Court","Dogs 202","6","11/27/2021 12:00 AM","M","140","3","5/31/2024 03:44 PM","STAFF ONLY",""
"A0056096120","Dog","Kumar","02 year(s) 09 month(s) 23 day(s)"," Black / White Terrier, Pit Bull / Mix","Available","Foster","Foster Home","6/10/2023 12:00 AM","N","50.8","3","6/8/2024 11:57 PM","L2-OA","941010002112996"
"A0056115306","Dog","Axle- ADOPTED","01 year(s) 11 month(s) 20 day(s)"," Golden Mixed Breed, Medium (up to 44 lbs fully grown) / Mix","Trial Adoption","Foster","Trial Adoption","4/13/2024 12:00 AM","N","34.4","3","2/20/2026 01:00 PM","L2-OA","941010003397848"
"A0056223206","Dog","Mendel","04 year(s) 09 month(s) 08 day(s)"," Brown / White Terrier, Pit Bull / Mix","Available","Foster","Foster Home","6/25/2021 12:00 AM","N","54","3","6/23/2024 06:54 PM","L1","941010002253970"
"A0056262476","Dog","Miracle Grace","03 year(s) 02 month(s) 01 day(s)"," Tan Mixed Breed, Large (over 44 lbs fully grown) / Mix","Court","Dogs 203","3","2/1/2023 12:00 AM","N","53.4","3","11/7/2024 04:34 PM","L2 -EA/RG","941010002250748"
"A0056298384","Dog","Dumplin","03 year(s) 08 month(s) 26 day(s)"," Brown German Shepherd / Mix","Court","Foster","Foster Home","7/7/2022 12:00 AM","S","58","2","11/7/2024 04:34 PM","L3-BH/OA/H","941010002244127"
"A0056307016","Dog","Tony","03 year(s) 08 month(s) 24 day(s)"," Grey Terrier, Pit Bull / Mix","Available","Dogs 066","A6","7/9/2022 12:00 AM","M","56.2","1","3/9/2026 04:48 PM","L1","941010003247450"
"A0056311122","Dog","Aries","04 year(s) 08 month(s) 24 day(s)","Merle Brown Terrier, American Pit Bull","Court","Dog Quarantine","B1","7/9/2021 12:00 AM","M","65","1","7/7/2024 01:04 AM","L1",""
"A0056311125","Dog","Taurus","04 year(s) 08 month(s) 23 day(s)"," Black / Brown Mixed Breed, Large (over 44 lbs fully grown) / Mix","Court","Dog Quarantine","A5","7/10/2021 12:00 AM","F","57","1","7/7/2024 01:11 AM","L2 - SD/OA",""
"A0056311130","Dog","Gemini","05 year(s) 08 month(s) 23 day(s)","Merle Grey / Brown Mixed Breed, Large (over 44 lbs fully grown) / Mix","Court","Dog Quarantine","A2","7/10/2020 12:00 AM","F","63.6","2","7/7/2024 01:15 AM","L1",""
"A0056311133","Dog","Cancer","02 year(s) 04 month(s) 23 day(s)"," Tan / Black Mixed Breed, Large (over 44 lbs fully grown)","Court","Dogs 201","3","11/10/2023 12:00 AM","M","33","1","7/7/2024 01:18 AM","STAFF ONLY",""
"A0056311137","Dog","Lea","08 year(s) 08 month(s) 23 day(s)"," Charcoal / Tan Mixed Breed, Large (over 44 lbs fully grown) / Mix","Court","Foster","Foster Home","7/10/2017 12:00 AM","F","72.2","1","7/7/2024 01:22 AM","L1",""
"A0056311140","Dog","Virgo","05 year(s) 08 month(s) 27 day(s)"," Charcoal / Brown Mixed Breed, Large (over 44 lbs fully grown) / Mix","Court","Dog ISO 155","A1","7/6/2020 12:00 AM","F","49.2","1","7/7/2024 01:27 AM","L1",""
"A0056311146","Dog","Libra","03 year(s) 02 month(s) 24 day(s)","Merle Tan / Grey Mixed Breed, Large (over 44 lbs fully grown) / Mix","Court","Dogs 203","4","1/9/2023 12:00 AM","M","50","3","7/7/2024 01:30 AM","STAFF ONLY",""
"A0056311153","Dog","Pisces","02 year(s) 02 month(s) 23 day(s)"," Sandy / Grey Terrier, American Pit Bull","Court","Dog ISO 155","A1","1/10/2024 12:00 AM","M","52.8","1","7/7/2024 01:37 AM","L1-H",""
"A0056354164","Dog","Flo-jo","06 year(s) 08 month(s) 19 day(s)"," Brown Terrier, Pit Bull / Mix","Available","Foster","Foster Home","7/14/2019 12:00 AM","S","58","3","7/13/2024 11:18 AM","L1","941010003208608"
"A0056378001","Dog","Tise","10 year(s) 07 month(s) 18 day(s)"," Tan / White Retriever, Labrador / Mix","Available","Foster","Foster Home","8/15/2015 12:00 AM","S","43","3","7/17/2024 12:08 PM","L1","941010003280637"
"A0056388664","Dog","Kaa","04 year(s) 02 month(s) 13 day(s)"," Black / White Mixed Breed, Medium (up to 44 lbs fully grown) / Mix","Available","Foster","Foster Home","1/20/2022 12:00 AM","S","42","3","7/18/2024 02:34 PM","L3-SD/RG/OD","985113007597942"
"A0056408698","Dog","Silver","05 year(s) 08 month(s) 11 day(s)"," White / Brown Boxer / Mix","Available","Foster","Foster Home","7/22/2020 12:00 AM","N","74.6","3","7/22/2024 12:37 PM","L1","941010003236713"
"A0056500648","Dog","Carmen","07 year(s) 07 month(s) 28 day(s)"," Fawn Terrier, Pit Bull / Mix","Available","Foster","Foster Home","8/5/2018 12:00 AM","S","48","3","8/5/2024 03:02 AM","L2-LR/BR","941010002281446"
"A0056503718","Dog","Auggie","06 year(s) 07 month(s) 27 day(s)"," White / Black Terrier, Pit Bull / Mix","Available","Foster","Foster Home","8/6/2019 12:00 AM","N","96","3","8/5/2024 01:36 PM","L1","941010002260855"
"A0056507497","Dog","Pete","04 year(s) 07 month(s) 26 day(s)"," Brown Terrier, American Pit Bull / Mix","Available","Foster","Foster Home","8/7/2021 12:00 AM","N","38","3","8/5/2024 08:37 PM","L3 - BR","941010002277181"
"A0056525090","Cat","Supacell","","Tabby Brown Domestic Shorthair / Mix","Available","Foster","Foster Home","","S","9","1","8/8/2024 11:32 AM","CAUTION","941010002337779"
"A0056545695","Dog","Beauty","07 year(s) 07 month(s) 20 day(s)"," Grey / White Mixed Breed, Large (over 44 lbs fully grown) / Mix","Available","Foster","Foster Home","8/13/2018 12:00 AM","S","69.4","3","8/12/2024 10:28 AM","L1","941010002447734"
"A0056598333","Dog","Kibo","02 year(s) 11 month(s) 26 day(s)","Brindle Black Terrier, American Pit Bull / Mix","Available","Foster","Foster Home","4/7/2023 12:00 AM","N","40","3","8/19/2024 10:23 PM","L1","941010001860228"
"A0056628457","Dog","Pookies","03 year(s) 07 month(s) 08 day(s)"," Tan / Black Mixed Breed, Large (over 44 lbs fully grown) / Mix","Available","Foster","Foster Home","8/25/2022 12:00 AM","S","60.2","3","8/12/2025 10:43 AM","L2-H/BR","941010002239721"
"A0056629500","Dog","SHYANN PAWS","04 year(s) 07 month(s) 09 day(s)"," Rust / White Terrier / Mix","Available","Foster","Foster Home","8/24/2021 12:00 AM","S","42","3","8/23/2024 09:25 PM","L2-SF","941010002398873"
"A0056647661","Dog","Eddie","04 year(s) 07 month(s) 05 day(s)"," White / Black Mixed Breed, Large (over 44 lbs fully grown) / Mix","Available","Foster","Foster Home","8/28/2021 12:00 AM","N","55.2","3","8/27/2024 01:27 PM","L1","985113008930295"
"A0056849502","Dog","Sheba","06 year(s) 06 month(s) 24 day(s)"," Brown / White Terrier, American Pit Bull / Mix","Available","Dogs 506","B6","9/9/2019 12:00 AM","S","56.4","3","2/19/2026 01:42 PM","L1","981020025245164"
"A0056916402","Dog","Loki","09 year(s) 06 month(s) 14 day(s)"," Black / White Mixed Breed, Large (over 44 lbs fully grown) / Mix","Priority","Dogs 603","B2","9/19/2016 12:00 AM","N","51","3","2/7/2026 02:23 PM","L1","981020029327723"
"A0056927704","Dog","SHIMMER","06 year(s) 06 month(s) 12 day(s)"," Black / White Terrier, American Pit Bull / Mix","Available","Foster","Foster Home","9/21/2019 12:00 AM","S","55","3","9/20/2024 06:35 PM","L1","941010002369170"
"A0056944879","Dog","Pickles","05 year(s) 06 month(s) 08 day(s)"," Brown / White Terrier, Pit Bull / Mix","Available","Foster","Foster Home","9/25/2020 12:00 AM","S","58","3","9/24/2024 11:56 AM","L1","941010002370002"
"A0056989366","Dog","Scooby","02 year(s) 06 month(s) 00 day(s)"," Tan Mixed Breed, Large (over 44 lbs fully grown) / Mix","Available","Foster","Foster Home","10/2/2023 12:00 AM","N","62","3","9/30/2024 07:58 PM","L1","941010002284284"
"A0057051256","Dog","Petunia","02 year(s) 04 month(s) 25 day(s)"," Black Mixed Breed, Medium (up to 44 lbs fully grown) / Mix","Available","Foster","Foster Home","11/8/2023 12:00 AM","S","54","3","10/10/2024 12:28 AM","L1","941010002244635"
"A0057054603","Dog","Ivory","03 year(s) 05 month(s) 22 day(s)"," White Mixed Breed, Medium (up to 44 lbs fully grown) / Mix","Available","Foster","Foster Home","10/11/2022 12:00 AM","S","45","3","10/10/2024 01:27 PM","L1","941010001950676"
"A0057075321","Dog","Barda","05 year(s) 05 month(s) 18 day(s)"," White / Brown Mixed Breed, Medium (up to 44 lbs fully grown) / Mix","Available","Foster","Foster Home","10/15/2020 12:00 AM","S","54.2","2","10/14/2024 02:10 PM","","985113009424589"
"A0057078055","Dog","Starlight","04 year(s) 05 month(s) 17 day(s)"," Grey / White Mixed Breed, Large (over 44 lbs fully grown) / Mix","Priority","Dogs 403","A1","10/16/2021 12:00 AM","S","44.8","3","3/13/2026 03:02 PM","L2-LB","941010002279968"
"A0057081101","Dog","Springy","03 year(s) 05 month(s) 17 day(s)"," Black Mixed Breed, Medium (up to 44 lbs fully grown) / Mix","Available","Foster","Foster Home","10/16/2022 12:00 AM","S","60","3","10/15/2024 12:23 PM","L2 - JM","941010002380847"
"A0057149974","Dog","Tilly","04 year(s) 05 month(s) 08 day(s)"," Black Terrier, American Pit Bull / Mix","Court","Dog Quarantine","A6","10/25/2021 12:00 AM","F","47","2","10/24/2024 06:41 PM","L1",""
"A0057165859","Dog","Waffle House","02 year(s) 05 month(s) 05 day(s)"," White / Black Retriever, Labrador / Mix","Available","Foster","Foster Home","10/28/2023 12:00 AM","S","46","3","5/21/2025 11:59 AM","L1","941010003400214"
"A0057165899","Dog","Tint","02 year(s) 11 month(s) 03 day(s)"," Black / White Retriever, Labrador / Mix","Available","Foster","Foster Home","4/30/2023 12:00 AM","N","56.4","2","10/28/2024 12:37 PM","L1","941010002457333"
"A0057177276","Dog","Jeremy","04 year(s) 05 month(s) 03 day(s)"," Grey Mixed Breed, Medium (up to 44 lbs fully grown) / Mix","Available","Foster","Foster Home","10/30/2021 12:00 AM","N","34","3","8/14/2025 01:09 PM","L2-SF","941010002456553"
"A0057261594","Dog","Lydia","05 year(s) 04 month(s) 20 day(s)"," Tan / White Mixed Breed, Large (over 44 lbs fully grown) / Mix","Available","Foster","Foster Home","11/13/2020 12:00 AM","S","43.6","3","11/12/2024 04:11 PM","L1","941010002250940"
"A0057284234","Dog","Bravo","01 year(s) 08 month(s) 17 day(s)","Brindle Brown / White Terrier, American Pit Bull / Mix","Available","Dogs 064","B4","7/16/2024 12:00 AM","N","57","3","2/27/2026 03:22 PM","L1","941010002236034"
"A0057303592","Dog","Gretchen","03 year(s) 04 month(s) 13 day(s)"," Black / White Terrier, American Pit Bull / Mix","Available","Foster","Foster Home","11/20/2022 12:00 AM","S","45","3","11/19/2024 02:19 PM","L2-OA","941010002970823"
"A0057321831","Dog","Delores","03 year(s) 04 month(s) 11 day(s)"," Black / White Terrier, Pit Bull / Mix","Available","Foster","Foster Home","11/22/2022 12:00 AM","S","48.6","3","11/21/2024 04:39 PM","L1","985113009350011"
"A0057378453","Dog","Jude","05 year(s) 03 month(s) 29 day(s)"," Black / White Terrier, Pit Bull / Mix","Available","Dogs 066","A3","12/4/2020 12:00 AM","N","53.6","3","2/10/2026 03:10 PM","L1","941010002258354"
"A0057378972","Dog","Banana","01 year(s) 11 month(s) 29 day(s)"," White Terrier, Pit Bull / Mix","Urgent","Foster","Foster Home","4/4/2024 12:00 AM","S","49.2","3","12/28/2025 05:06 PM","L2-SD","941010002306232"
"A0057425727","Dog","Lonnie","04 year(s) 03 month(s) 22 day(s)"," Brown / White Terrier, Pit Bull / Mix","Available","Foster","Foster Home","12/11/2021 12:00 AM","N","64.6","3","12/10/2024 12:32 PM","L2-LB","985112012351971"
"A0057441089","Cat","Snow","02 year(s) 03 month(s) 18 day(s)","Tabby White / Orange Domestic Shorthair / Mix","Available","Foster","Foster Home","12/15/2023 12:00 AM","N","8","1","12/11/2024 04:22 PM","L3-SF","941010002312626"
"A0057441751","Dog","ROME","01 year(s) 04 month(s) 25 day(s)"," Black / White Retriever, Labrador / Mix","Available","Dogs 601","4","11/8/2024 12:00 AM","S","73","2","3/24/2026 02:00 PM","L2 - A/OA/LB","941010003035817"
"A0057455043","Dog","Pen","03 year(s) 03 month(s) 18 day(s)"," Grey / White Mixed Breed, Large (over 44 lbs fully grown) / Mix","Available","Foster","Foster Home","12/15/2022 12:00 AM","S","52.2","3","12/13/2024 03:21 PM","L3- H/ OA/ OD","991003911493904"
"A0057471755","Dog","Jean","03 year(s) 03 month(s) 15 day(s)"," Black / Brown Shepherd / Mix","Available","Foster","Foster Home","12/18/2022 12:00 AM","S","44.4","3","3/3/2025 11:29 AM","L2 - SF","941010002223073"
"A0057478759","Dog","Kathy Bates","04 year(s) 03 month(s) 15 day(s)"," Black / White Mixed Breed, Medium (up to 44 lbs fully grown) / Mix","Available","Foster","Foster Home","12/18/2021 12:00 AM","S","60","3","12/17/2024 04:50 PM","L1","941010002715993"
"A0057500992","Dog","Princess","09 year(s) 03 month(s) 02 day(s)","Brindle Brown / White Mixed Breed, Medium (up to 44 lbs fully grown) / Mix","Available","Foster","Foster Home","12/31/2016 12:00 AM","S","44","3","12/20/2024 02:12 PM","L1","941010003241335"
"A0057512818","Dog","King","04 year(s) 03 month(s) 09 day(s)"," Black / White Mixed Breed, Medium (up to 44 lbs fully grown) / Mix","Available","Foster","Foster Home","12/24/2021 12:00 AM","N","55","3","12/23/2024 12:53 PM","L2- BR/M&G","941010002685809"
"A0057519038","Dog","Meatball-ADOPTED","02 year(s) 03 month(s) 07 day(s)"," Grey / White Mixed Breed, Medium (up to 44 lbs fully grown) / Mix","Trial Adoption","Foster","Trial Adoption","12/26/2023 12:00 AM","S","54","3","3/8/2026 04:00 PM","L1","985113007519701"
"A0057534650","Dog","Vegas","01 year(s) 08 month(s) 05 day(s)"," Black / White Mixed Breed, Medium (up to 44 lbs fully grown) / Mix","Available","Dogs 606","A6","7/28/2024 12:00 AM","N","66.6","3","2/20/2026 03:39 PM","L1","941010002306270"
"A0057572441","Dog","Ramona","03 year(s) 02 month(s) 29 day(s)"," Brown / White Terrier, American Pit Bull / Mix","Available","Foster","Foster Home","1/4/2023 12:00 AM","S","47","3","1/3/2025 03:24 PM","L2-OA","941010002361764"
"A0057603427","Dog","Ranger","04 year(s) 00 month(s) 27 day(s)"," Tan / Tan Mixed Breed, Medium (up to 44 lbs fully grown) / Mix","Available","Foster","Foster Home","3/6/2022 12:00 AM","N","51.2","1","3/5/2026 03:44 PM","L1","941010002313283"
"A0057609567","Dog","Milkbone","04 year(s) 02 month(s) 22 day(s)"," Brown / Brindle Terrier, American Pit Bull / Mix","Available","Foster","Foster Home","1/11/2022 12:00 AM","N","50.8","3","1/9/2025 01:17 PM","L1","985113009341574"
"A0057614005","Dog","Bulgogi-ADOPTED","04 year(s) 02 month(s) 22 day(s)"," Black Mixed Breed, Medium (up to 44 lbs fully grown) / Mix","Available","Foster","Foster Home","1/11/2022 12:00 AM","S","64","3","1/9/2025 06:21 PM","L3-OA/ H","941010002262065"
"A0057625627","Dog","Kimble","03 year(s) 02 month(s) 21 day(s)"," Grey / White Terrier, American Pit Bull / Mix","Priority","Dogs 306","A4","1/12/2023 12:00 AM","S","50.2","3","2/13/2026 04:54 PM","L2-H/OA","941010002414646"
"A0057639779","Dog","Betty Lou","07 year(s) 02 month(s) 18 day(s)"," Brown / Black Terrier, Pit Bull / Mix","Available","Foster","Foster Home","1/15/2019 12:00 AM","S","56.4","3","1/14/2025 02:20 PM","L1","941010002918275"
"A0057656410","Dog","Magenta","03 year(s) 02 month(s) 16 day(s)"," Tan / White Terrier, American Pit Bull / Mix","Available","Foster","Foster Home","1/17/2023 12:00 AM","S","51.4","3","1/16/2025 11:24 AM","L3-JM","941010003034586"
"A0057663603","Dog","Stormee","04 year(s) 02 month(s) 17 day(s)"," Grey / Brown Terrier, Pit Bull / Mix","Available","Foster","Foster Home","1/16/2022 12:00 AM","S","69.2","3","1/16/2025 08:55 PM","L1","941010002945189"
"A0057745959","Dog","Rhino","01 year(s) 04 month(s) 20 day(s)"," Brown Mixed Breed, Large (over 44 lbs fully grown) / Mix","Available","Dogs 303","B6","11/13/2024 12:00 AM","N","48","3","3/9/2026 03:18 PM","L1","941010002958564"
"A0057747654","Dog","Mimo","02 year(s) 02 month(s) 02 day(s)"," Brown Mixed Breed, Medium (up to 44 lbs fully grown) / Mix","Available","Foster","Foster Home","1/31/2024 12:00 AM","S","49","3","1/29/2025 02:43 PM","L2-JM/SF","941010003968916"
"A0057774743","Dog","Rosie","03 year(s) 02 month(s) 00 day(s)"," Brindle / White Mixed Breed, Large (over 44 lbs fully grown) / Mix","Available","Foster","Foster Home","2/2/2023 12:00 AM","S","44.6","3","2/1/2025 01:51 PM","L1",""
"A0057782104","Dog","T-Rex","02 year(s) 00 month(s) 29 day(s)"," Black Mixed Breed, Medium (up to 44 lbs fully grown) / Mix","Available","Foster","Foster Home","3/4/2024 12:00 AM","N","46.6","3","2/3/2025 12:59 PM","L1","941010003063741"
"A0057802551","Dog","Macon","04 year(s) 01 month(s) 28 day(s)"," Brown / White Terrier, Pit Bull / Mix","Available","Dogs 066","A5","2/5/2022 12:00 AM","N","68","3","2/12/2026 01:00 PM","L1","941010002984132"
"A0057806990","Dog","Tiana","05 year(s) 01 month(s) 26 day(s)"," Brown / White Mixed Breed, Medium (up to 44 lbs fully grown) / Mix","Available","Foster","Foster Home","2/7/2021 12:00 AM","S","45","3","10/4/2025 11:29 AM","L1","941010002696150"
"A0057809416","Dog","Laverne","13 year(s) 01 month(s) 26 day(s)"," Brown / Black Dutch Shepherd / Mix","Available","Foster","Foster Home","2/7/2013 12:00 AM","S","53.4","3","2/6/2025 11:27 PM","L1","941010003705326"
"A0057820399","Dog","Firefighter","01 year(s) 03 month(s) 20 day(s)"," Black Mixed Breed, Medium (up to 44 lbs fully grown) / Mix","Available","Foster","Foster Home","12/13/2024 12:00 AM","S","33.4","1","9/20/2025 04:20 PM","L1","941010002850426"
"A0057867271","Dog","Damsel","05 year(s) 01 month(s) 14 day(s)"," Tan / White Terrier, Pit Bull / Mix","Available","Foster","Foster Home","2/19/2021 12:00 AM","S","43","3","2/18/2025 11:02 AM","L2-BR","941010002433385"
"A0057877022","Dog","Simone","02 year(s) 07 month(s) 12 day(s)"," White Retriever, Labrador / Mix","Available","Foster","Foster Home","8/21/2023 12:00 AM","S","49","3","10/3/2025 01:34 PM","L1","941010003722775"
"A0057910108","Dog","Chestnut","01 year(s) 04 month(s) 23 day(s)"," Brown Mixed Breed, Large (over 44 lbs fully grown) / Mix","Available","Puppy 47","1","11/10/2024 12:00 AM","S","58.6","2","3/8/2026 01:33 PM","L2-A/SF","941010002420323"
"A0057918810","Dog","MidKnight","04 year(s) 01 month(s) 07 day(s)"," Brown / White Terrier, Pit Bull / Mix","Available","Foster","Foster Home","2/26/2022 12:00 AM","N","62","3","2/26/2025 06:32 PM","L2-A","941010003002826"
"A0057938358","Dog","Rocky","04 year(s) 01 month(s) 01 day(s)"," Brindle / White Terrier, Pit Bull / Mix","Available","Foster","Foster Home","3/1/2022 12:00 AM","N","54","3","2/28/2025 11:01 PM","L1","941010002292845"
"A0057949153","Dog","Tommy Rudford","01 year(s) 03 month(s) 28 day(s)"," Grey / White Mixed Breed, Medium (up to 44 lbs fully grown) / Mix","Available","Foster","Foster Home","12/5/2024 12:00 AM","N","56","3","9/19/2025 02:51 PM","L1","941010002255357"
"A0057949234","Dog","Ophelia","04 year(s) 00 month(s) 29 day(s)"," Brown / Tan Chihuahua, Short Coat / Mix","Court","Foster","Foster Home","3/4/2022 12:00 AM","F","11.4","1","3/3/2025 03:42 PM","L2-SF",""
"A0057949256","Dog","Gertrude","01 year(s) 08 month(s) 29 day(s)"," Tan / White Chihuahua, Short Coat / Mix","Court","Foster","Foster Home","7/4/2024 12:00 AM","F","10","1","3/3/2025 03:42 PM","L1",""
"A0057949290","Dog","Waldorf","04 year(s) 00 month(s) 29 day(s)"," White / Brown Terrier, Fox, Wire / Mix","Court","Foster","Foster Home","3/4/2022 12:00 AM","N","10.2","2","3/3/2025 03:42 PM","L1","941010001700791"
"A0057949305","Dog","Iago","06 year(s) 10 month(s) 24 day(s)"," Black / Tan Miniature Pinscher / Mix","Court","Foster","Foster Home","5/9/2019 12:00 AM","N","11.2","1","3/3/2025 03:42 PM","L1",""
"A0057949322","Dog","Desdemona","02 year(s) 00 month(s) 29 day(s)"," Brown Terrier, Yorkshire / Mix","Court","Foster","Foster Home","3/4/2024 12:00 AM","F","9","1","3/3/2025 03:42 PM","L1- OD",""
"A0057949341","Dog","Darla","13 year(s) 00 month(s) 29 day(s)"," Brown / Black Chihuahua, Short Coat / Mix","Court","Foster","Foster Home","3/4/2013 12:00 AM","S","12.4","1","3/3/2025 03:42 PM","L1","985112008409096"
"A0057949359","Dog","Mr. Jingles","04 year(s) 00 month(s) 29 day(s)"," Beige / White Chihuahua, Short Coat / Mix","Court","Foster","Foster Home","3/4/2022 12:00 AM","N","16.6","1","3/3/2025 03:42 PM","L2-SF","985113006764394"
"A0057949368","Dog","Horatio","05 year(s) 00 month(s) 29 day(s)"," Black / White Papillon / Mix","Court","Foster","Foster Home","3/4/2021 12:00 AM","M","12","1","3/3/2025 03:42 PM","L2-SF",""
"A0057959234","Dog","Gracie","01 year(s) 03 month(s) 28 day(s)"," Tan Mixed Breed, Small (under 24 lbs fully grown) / Mix","Microchip","Dog Pre/Post Op 135","8","12/5/2024 12:00 AM","S","20","2","3/31/2026 01:31 PM","L1","941010002347181"
"A0057985936","Dog","Lana","03 year(s) 00 month(s) 22 day(s)"," White Terrier, American Pit Bull / Mix","Available","Foster","Foster Home","3/11/2023 12:00 AM","S","46.2","3","3/10/2025 08:47 AM","L2-BR","941010002313465"
"A0057985953","Dog","Suzuki","03 year(s) 00 month(s) 22 day(s)"," White / Black Terrier, American Pit Bull / Mix","Available","Foster","Foster Home","3/11/2023 12:00 AM","N","49.2","3","3/10/2025 08:48 AM","L1","941010002538281"
"A0058000573","Dog","Goobie Loobie","04 year(s) 00 month(s) 21 day(s)"," Tan / White Terrier, Pit Bull / Mix","Available","Foster","Foster Home","3/12/2022 12:00 AM","N","71.4","3","2/3/2026 11:28 AM","L2-OA/JM","941010003049732"
"A0058006328","Dog","Scooch Ova","04 year(s) 00 month(s) 19 day(s)"," White / Brown Terrier, American Pit Bull / Mix","Available","Foster","Foster Home","3/14/2022 12:00 AM","N","65.8","3","3/12/2025 10:29 PM","L1","941010002415736"
"A0058006377","Dog","Chappell","04 year(s) 00 month(s) 21 day(s)"," Grey Retriever, Labrador / Mix","Available","Foster","Foster Home","3/12/2022 12:00 AM","S","47","3","3/12/2025 11:20 PM","L1","941010002405118"
"A0058042308","Dog","Ghost","01 year(s) 09 month(s) 14 day(s)"," Tan Mixed Breed, Medium (up to 44 lbs fully grown) / Mix","Available","Foster","Foster Home","6/19/2024 12:00 AM","N","28","3","3/19/2025 11:43 AM","L3-BR/RG/BH","941010003032416"
"A0058070653","Dog","Aioli","05 year(s) 00 month(s) 06 day(s)","Brindle Tan Mixed Breed, Medium (up to 44 lbs fully grown) / Mix","Available","Foster","Foster Home","3/27/2021 12:00 AM","N","56","3","3/24/2025 02:43 PM","L1","941010003798873"
"A0058214995","Dog","Pauly D.","03 year(s) 00 month(s) 02 day(s)"," Grey / Tan Terrier, Pit Bull / Mix","Available","Foster","Foster Home","3/31/2023 12:00 AM","N","46","3","3/30/2025 07:07 PM","L1","941010003949532"
"A0058215215","Dog","Nash","04 year(s) 00 month(s) 02 day(s)"," Tan / White Terrier, Pit Bull / Mix","Available","Foster","Foster Home","3/31/2022 12:00 AM","N","52","3","8/22/2025 11:03 AM","L2-OA/JM","941010003942782"
"A0058231619","Dog","Coral","08 year(s) 11 month(s) 30 day(s)"," Fawn / White Terrier, American Pit Bull / Mix","Available","Foster","Foster Home","4/3/2017 12:00 AM","S","59","3","8/28/2025 04:31 PM","L1- OD","982091067135630"
"A0058233085","Dog","Lacie","02 year(s) 00 month(s) 00 day(s)"," Brindle Mixed Breed, Medium (up to 44 lbs fully grown) / Mix","Available","Dogs 088","A1","4/2/2024 12:00 AM","S","54","3","3/19/2026 01:25 PM","L1","941010003955703"
"A0058240878","Dog","Amelia","04 year(s) 11 month(s) 30 day(s)","Brindle Brown / White Mixed Breed, Medium (up to 44 lbs fully grown) / Mix","Available","Foster","Foster Home","4/3/2021 12:00 AM","S","38","3","4/5/2025 03:19 PM","L1","941010003638713"
"A0058252924","Dog","Syrup","01 year(s) 11 month(s) 28 day(s)"," Brindle Mixed Breed, Medium (up to 44 lbs fully grown) / Mix","Available","Foster","Foster Home","4/5/2024 12:00 AM","S","44","3","4/5/2025 02:02 PM","L1","941010002360844"
"A0058256030","Dog","Phattsoo","05 year(s) 11 month(s) 26 day(s)"," Grey / White Terrier, Pit Bull / Mix","Court","Dogs 204","3","4/7/2020 12:00 AM","F","67","2","4/19/2025 03:11 PM","L1","941010003002679"
"A0058256042","Dog","Diesel","04 year(s) 11 month(s) 27 day(s)"," Grey / White Terrier, Pit Bull / Mix","Court","Dog Quarantine","A1","4/6/2021 12:00 AM","M","67","1","4/19/2025 03:14 PM","L1","941010003056747"
"A0058334939","Dog","Baby Feet","03 year(s) 11 month(s) 10 day(s)"," Black Mixed Breed, Medium (up to 44 lbs fully grown) / Mix","Bite Quarantine - Not Visible","Dogs 204","4","4/23/2022 12:00 AM","F","46.4","1","4/17/2025 09:48 AM","STAFF ONLY",""
"A0058337943","Dog","Mia","05 year(s) 10 month(s) 28 day(s)"," Brindle / Black Terrier, Pit Bull / Mix","Priority","Foster","Foster Home","5/5/2020 12:00 AM","S","68","3","1/23/2026 03:14 PM","L1","941010003682117"
"A0058340859","Dog","Erin","03 year(s) 11 month(s) 12 day(s)"," Brown / White Terrier, American Pit Bull / Mix","Available","Foster","Foster Home","4/21/2022 12:00 AM","S","55.4","3","4/20/2025 11:29 AM","L1-MG","941010003045994"
"A0058341548","Dog","Bella","05 year(s) 11 month(s) 12 day(s)"," Brown Terrier, Pit Bull / Mix","Microchip","Dogs 506","A2","4/21/2020 12:00 AM","F","52","1","3/28/2026 09:21 PM","L1","941010003012721"
"A0058360897","Dog","Hachiya","02 year(s) 11 month(s) 09 day(s)"," Black / White Mixed Breed, Large (over 44 lbs fully grown) / Mix","Available","Foster","Foster Home","4/24/2023 12:00 AM","S","51","3","4/23/2025 02:00 PM","L2-SF","941010003678357"
"A0058428732","Dog","Little Dipper","01 year(s) 05 month(s) 30 day(s)","Brindle Brindle Great Dane / Mix","Available","Foster","Foster Home","10/3/2024 12:00 AM","S","74.6","3","8/18/2025 03:00 PM","L2-SF","941010002997055"
"A0058455126","Dog","Plankton","02 year(s) 10 month(s) 26 day(s)"," Brown / White Mixed Breed, Large (over 44 lbs fully grown) / Mix","Available","Foster","Foster Home","5/7/2023 12:00 AM","N","65.8","3","5/7/2025 04:15 PM","L1","941010002441644"
"A0058467643","Dog","spongebob","00 year(s) 10 month(s) 26 day(s)"," White Terrier, Pit Bull / Mix","Available","Dogs 403","A2","5/7/2025 12:00 AM","N","43.6","3","3/14/2026 04:35 PM","L1","941010003874891"
"A0058491085","Dog","Mona","06 year(s) 10 month(s) 20 day(s)"," Brown Terrier, American Pit Bull / Mix","Available","Clinic","Clinic","5/13/2019 12:00 AM","S","57","3","5/13/2025 01:14 PM","L1","941010003870276"
"A0058492824","Dog","Shea","02 year(s) 04 month(s) 20 day(s)"," White / Tan Terrier, Pit Bull","Available","Foster","Foster Home","11/13/2023 12:00 AM","S","48.8","3","5/13/2025 02:53 PM","L2-SF","941010002352185"
"A0058536166","Dog","Chocolate Swirl","01 year(s) 10 month(s) 12 day(s)"," Brown / White Terrier, American Pit Bull / Mix","Priority","Foster","Foster Home","5/21/2024 12:00 AM","S","57.8","3","7/29/2025 04:35 PM","L2 - LR","941010003962165"
"A0058546968","Dog","Duma","01 year(s) 06 month(s) 11 day(s)","Brindle Black / Brown Mixed Breed, Medium (up to 44 lbs fully grown) / Mix","Available","Dogs 601","8","9/22/2024 12:00 AM","N","32","3","2/18/2026 12:25 PM","L1","941010003016766"
"A0058559877","Dog","Sagey","01 year(s) 05 month(s) 19 day(s)"," Black Mixed Breed, Small (under 24 lbs fully grown) / Mix","Available","Foster","Foster Home","10/14/2024 12:00 AM","S","53.6","2","10/12/2025 02:56 PM","L1","941010003834324"
"A0058577701","Dog","California","12 year(s) 10 month(s) 06 day(s)"," Brindle / White Cane Corso / Mix","Court","Dogs 202","1","5/27/2013 12:00 AM","F","135","1","5/27/2025 11:36 AM","L3-BR/ SD",""
"A0058577807","Dog","Texas","05 year(s) 10 month(s) 06 day(s)"," White Bulldog, French / Mix","Court","Dog ISO 153","B3","5/27/2020 12:00 AM","M","22.2","1","5/27/2025 12:01 PM","L1",""
"A0058577837","Dog","Montana","03 year(s) 10 month(s) 05 day(s)"," Cream Bulldog, French / Mix","Court","Dog ISO 153","A7","5/28/2022 12:00 AM","S","23","1","5/27/2025 11:54 AM","L1",""
"A0058577894","Dog","Tennessee","02 year(s) 04 month(s) 06 day(s)","Merle Brown / White Bulldog, French / Mix","Court","Dog ISO 153","A6","11/27/2023 12:00 AM","F","26.1","1","5/27/2025 01:13 PM","L1",""
"A0058577922","Dog","Alaska","02 year(s) 10 month(s) 06 day(s)","Merle Grey Bulldog, French / Mix","Court","Dog ISO 153","B5","5/27/2023 12:00 AM","S","21.8","1","5/27/2025 12:11 PM","L1",""
"A0058577947","Dog","Utah","06 year(s) 10 month(s) 06 day(s)"," Brown Bulldog, French / Mix","Court","Dog ISO 153","B4","5/27/2019 12:00 AM","F","19","1","5/27/2025 12:08 PM","L1",""
"A0058577981","Dog","Virginia","02 year(s) 10 month(s) 06 day(s)"," Brown / Black Bulldog, French / Mix","Court","Dog ISO 153","A4","5/27/2023 12:00 AM","F","24","1","5/27/2025 01:18 PM","L2-SF",""
"A0058578010","Dog","Washington","04 year(s) 10 month(s) 06 day(s)","Merle Grey / Black Bulldog, French / Mix","Court","Dog ISO 153","A2","5/27/2021 12:00 AM","M","29.2","1","5/27/2025 01:09 PM","L2 - OA",""
"A0058578043","Dog","Nebraska","10 year(s) 10 month(s) 06 day(s)"," Brindle / White Cane Corso / Mix","Court","Dogs 202","4","5/27/2015 12:00 AM","M","137","1","5/28/2025 11:00 AM","L3 - BR / SD",""
"A0058578124","Dog","Maryland","04 year(s) 10 month(s) 06 day(s)"," White Bulldog, French / Mix","Court","Dog ISO 153","A1","5/27/2021 12:00 AM","F","28","1","5/27/2025 01:27 PM","L1",""
"A0058578173","Dog","New Jersey","02 year(s) 10 month(s) 06 day(s)"," Brindle / White Bulldog, French / Mix","Court","Dog ISO 153","B2","5/27/2023 12:00 AM","M","28","1","5/27/2025 12:01 PM","L1",""
"A0058578208","Dog","Georgia","02 year(s) 10 month(s) 06 day(s)","Merle Grey / White Bulldog, French / Mix","Court","Dog ISO 153","A6","5/27/2023 12:00 AM","F","24","1","5/27/2025 11:45 AM","L1",""
"A0058578273","Dog","Mississippi","02 year(s) 10 month(s) 06 day(s)"," Grey / Brindle Bulldog, French / Mix","Court","Dog ISO 153","A7","5/27/2023 12:00 AM","F","22","1","5/27/2025 11:49 AM","L1",""
"A0058578305","Dog","Idaho","03 year(s) 10 month(s) 06 day(s)","Merle Brown / Black Bulldog, French / Mix","Court","Dog ISO 156","C6","5/27/2022 12:00 AM","M","29","1","5/27/2025 11:51 AM","L1",""
"A0058578335","Dog","New York","04 year(s) 10 month(s) 06 day(s)","Merle Tan / Brown Bulldog, French / Mix","Court","Dog ISO 153","A3","5/27/2021 12:00 AM","M","30.8","2","5/27/2025 11:53 AM","L2 - SF",""
"A0058578397","Dog","Rhode Island","01 year(s) 07 month(s) 06 day(s)"," Tan / Cream Bulldog, French / Mix","Court","Dog ISO 153","B1","8/27/2024 12:00 AM","F","17.2","1","5/27/2025 11:55 AM","L1",""
"A0058578454","Dog","Dakota","01 year(s) 07 month(s) 06 day(s)"," Brindle Bulldog, French / Mix","Court","Dog ISO 153","B7","8/27/2024 12:00 AM","F","18","1","5/27/2025 11:59 AM","L1",""
"A0058578487","Dog","Maine","01 year(s) 07 month(s) 06 day(s)"," Brown / Black Bulldog, French / Mix","Court","Dog ISO 153","B6","8/27/2024 12:00 AM","F","18","1","5/27/2025 11:56 AM","L1",""
"A0058578550","Dog","New Mexico","01 year(s) 07 month(s) 06 day(s)"," Tan / White Bulldog, French / Mix","Court","Dog ISO 153","A5","8/27/2024 12:00 AM","F","21","1","5/27/2025 11:58 AM","L1",""
"A0058579660","Dog","Ohio","01 year(s) 02 month(s) 06 day(s)"," Grey Cane Corso / Mix","Court","Dog ISO 156","K1","1/27/2025 12:00 AM","M","45","2","5/27/2025 12:09 PM","L2-RG/LB",""
"A0058579697","Dog","Arizona","01 year(s) 02 month(s) 06 day(s)"," Brown / Black Cane Corso / Mix","Court","Foster","Foster Home","1/27/2025 12:00 AM","F","23","1","5/27/2025 12:10 PM","L1",""
"A0058579871","Dog","Denali Frankfurt","05 year(s) 10 month(s) 05 day(s)"," Black / White Mixed Breed, Large (over 44 lbs fully grown) / Mix","Available","Foster","Foster Home","5/28/2020 12:00 AM","N","55.4","3","5/27/2025 12:07 PM","L1",""
"A0058602321","Dog","Farina","10 year(s) 10 month(s) 04 day(s)"," Tan / White Terrier, Pit Bull / Mix","Available","Foster","Foster Home","5/29/2015 12:00 AM","S","41.2","3","5/29/2025 05:30 PM","L1","982000364938448"
"A0058607230","Dog","Phineas","02 year(s) 10 month(s) 02 day(s)"," Brown / White Mixed Breed, Large (over 44 lbs fully grown) / Mix","Available","Foster","Foster Home","5/31/2023 12:00 AM","N","63.4","3","5/30/2025 01:25 PM","L2 - SF","941010003811352"
"A0058607804","Dog","Flint Flash","02 year(s) 04 month(s) 01 day(s)"," Chestnut Mixed Breed, Medium (up to 44 lbs fully grown) / Mix","Available","Foster","Foster Home","12/1/2023 12:00 AM","N","43","3","1/8/2026 12:11 PM","L1 - EA","941010002442859"
"A0058609148","Dog","Miss Lyle","06 year(s) 10 month(s) 02 day(s)"," Brown / White Mixed Breed, Medium (up to 44 lbs fully grown) / Mix","Available","Foster","Foster Home","5/31/2019 12:00 AM","S","68","3","5/30/2025 03:39 PM","L3-OA/BR","941010004628607"
"A0058613596","Dog","Gumdrop Button","04 year(s) 07 month(s) 10 day(s)"," Grey Mixed Breed, Medium (up to 44 lbs fully grown) / Mix","Available","Foster","Foster Home","8/23/2021 12:00 AM","S","46.6","3","5/31/2025 01:30 PM","L2-SD","941010003885117"
"A0058625088","Dog","Canelo","03 year(s) 09 month(s) 30 day(s)"," Black / White Mixed Breed, Large (over 44 lbs fully grown) / Mix","Available","Foster","Foster Home","6/3/2022 12:00 AM","N","64.8","3","6/2/2025 04:23 PM","L3-SF/BR","941010003680587"
"A0058638071","Dog","Chocolate Shake","08 year(s) 09 month(s) 28 day(s)"," Chocolate / White Mixed Breed, Medium (up to 44 lbs fully grown) / Mix","Available","Foster","Foster Home","6/5/2017 12:00 AM","S","78.4","3","8/10/2025 02:32 PM","L1","941010003992067"
"A0058638515","Dog","Draco","05 year(s) 09 month(s) 29 day(s)"," Brindle / White Mixed Breed, Medium (up to 44 lbs fully grown) / Mix","Available","Foster","Foster Home","6/4/2020 12:00 AM","N","45","3","6/4/2025 12:06 PM","L2-SF","985112011894752"
"A0058648841","Dog","Mangorita","02 year(s) 09 month(s) 27 day(s)"," Brindle / White Terrier, Pit Bull / Mix","Available","Foster","Foster Home","6/6/2023 12:00 AM","S","39","1","6/5/2025 02:14 PM","L2-SF","941010003954862"
"A0058652764","Dog","Lips","02 year(s) 09 month(s) 27 day(s)"," White / Black Terrier, Pit Bull / Mix","Available","Foster","Foster Home","6/6/2023 12:00 AM","S","48","3","6/5/2025 08:30 PM","L1","941010003939783"
"A0058658572","Dog","Bumpers","01 year(s) 02 month(s) 26 day(s)"," Brown / White Mixed Breed, Small (under 24 lbs fully grown) / Mix","Available","Foster","Foster Home","1/7/2025 12:00 AM","N","34.8","1","6/6/2025 03:54 PM","L1","941010003987991"
"A0058659823","Dog","Chorizo","02 year(s) 09 month(s) 26 day(s)"," Tan Terrier, Pit Bull / Mix","Available","Foster","Foster Home","6/7/2023 12:00 AM","S","57","3","6/6/2025 05:31 PM","L1","941010003948443"
"A0058662435","Dog","Sweetie Pie","05 year(s) 09 month(s) 25 day(s)"," Grey / White Mixed Breed, Large (over 44 lbs fully grown) / Mix","Available","Receiving 130","3","6/8/2020 12:00 AM","S","82","3","4/2/2026 03:09 PM","L1","941010003042852"
"A0058663424","Cat","BigCat1","02 year(s) 03 month(s) 16 day(s)","Tabby Black / Grey Domestic Shorthair / Mix","Available","Foster","Foster Home","12/17/2023 12:00 AM","S","7.75","1","6/7/2025 03:11 PM","L2-SF","941010003631964"
"A0058663440","Cat","BigCat2","01 year(s) 09 month(s) 17 day(s)","Tabby Grey Domestic Shorthair / Mix","Available","Foster","Foster Home","6/16/2024 12:00 AM","S","8.87","1","6/7/2025 03:11 PM","L2-SF","941010003663960"
"A0058663456","Cat","BigCat3","01 year(s) 09 month(s) 17 day(s)","Tabby Grey Domestic Shorthair / Mix","Available","Foster","Foster Home","6/16/2024 12:00 AM","S","8","1","6/7/2025 03:11 PM","L2-SF","941010003647086"
"A0058682196","Dog","DeMario","02 year(s) 03 month(s) 21 day(s)"," Grey Mixed Breed, Medium (up to 44 lbs fully grown) / Mix","Available","Foster","Foster Home","12/12/2023 12:00 AM","S","50","3","2/27/2026 11:54 AM","L1","985112012547767"
"A0058700164","Dog","Mountain","00 year(s) 09 month(s) 22 day(s)","Tricolor Brown / White Bulldog, French / Mix","Court","Foster","Foster Home","6/11/2025 12:00 AM","M","","1","6/12/2025 04:19 PM","L1",""
"A0058700175","Dog","Valley","00 year(s) 09 month(s) 22 day(s)"," White Bulldog, French / Mix","Court","Dog ISO 153","B5","6/11/2025 12:00 AM","M","11.3","1","6/12/2025 04:19 PM","L1",""
"A0058700182","Dog","Prairie","00 year(s) 09 month(s) 22 day(s)"," Brown / White Bulldog, French / Mix","Court","Foster","Foster Home","6/11/2025 12:00 AM","F","","1","6/12/2025 04:19 PM","daisy",""
"A0058700202","Dog","Forest","00 year(s) 09 month(s) 22 day(s)","Merle Brown Bulldog, French / Mix","Court","Foster","Foster Home","6/11/2025 12:00 AM","M","12.2","1","6/12/2025 04:19 PM","L1",""
"A0058716516","Dog","Saturday","00 year(s) 09 month(s) 19 day(s)"," Tan Bulldog, French / Mix","Court","Foster","Foster Home","6/14/2025 12:00 AM","M","21","1","6/14/2025 10:00 AM","",""
"A0058735374","Dog","Leshen","04 year(s) 09 month(s) 14 day(s)"," Grey / White Terrier, Pit Bull / Mix","Available","Foster","Foster Home","6/19/2021 12:00 AM","N","57","3","6/18/2025 02:15 PM","L2-SF","941010003884661"
"A0058762135","Dog","Valerie","04 year(s) 09 month(s) 10 day(s)"," Brown Terrier, Pit Bull / Mix","Available","Foster","Foster Home","6/23/2021 12:00 AM","S","56","3","6/22/2025 08:37 PM","L1","941010003908981"
"A0058762439","Dog","Foghorn","11 year(s) 09 month(s) 30 day(s)","Tricolor White / Black Catahoula Leopard dog","Available","Foster","Foster Home","6/3/2014 12:00 AM","N","45.4","3","6/23/2025 02:12 AM","L1","0A127D4921"
"A0058766779","Dog","Stormy","01 year(s) 06 month(s) 09 day(s)"," Brown / Black Mixed Breed, Medium (up to 44 lbs fully grown) / Mix","Available","Foster","Foster Home","9/24/2024 12:00 AM","S","31","2","6/23/2025 02:47 PM","L1","941010003863460"
"A0058778619","Dog","Lamar","05 year(s) 09 month(s) 08 day(s)"," Black / White Terrier, Pit Bull / Mix","Available","Foster","Foster Home","6/25/2020 12:00 AM","N","57","3","6/25/2025 01:38 AM","L1","941010003838828"
"A0058795391","Dog","Bethany","01 year(s) 09 month(s) 05 day(s)"," White / Black Mixed Breed, Medium (up to 44 lbs fully grown) / Mix","Available","Foster","Foster Home","6/28/2024 12:00 AM","S","33.6","3","6/26/2025 11:17 PM","L2 - SF","941010003758594"
"A0058809387","Dog","Eris Neem","05 year(s) 09 month(s) 03 day(s)"," White Mixed Breed, Medium (up to 44 lbs fully grown) / Mix","Available","Foster","Foster Home","6/30/2020 12:00 AM","S","61.8","3","6/29/2025 03:01 PM","L2-SF","941010003980383"
"A0058831101","Dog","Lionheart","05 year(s) 08 month(s) 30 day(s)"," Brown Mixed Breed, Large (over 44 lbs fully grown) / Mix","Priority","Foster","Foster Home","7/3/2020 12:00 AM","S","59.4","3","7/2/2025 01:11 PM","L1","941010003853888"
"A0058844546","Dog","Independence","03 year(s) 08 month(s) 28 day(s)"," White / Black Terrier, American Pit Bull / Mix","Available","Foster","Foster Home","7/5/2022 12:00 AM","S","51","1","7/4/2025 12:11 AM","L1","941010003791282"
"A0058844555","Dog","Bruce","03 year(s) 08 month(s) 28 day(s)"," Brown Terrier, American Pit Bull / Mix","Available","Dogs 603","A6","7/5/2022 12:00 AM","N","62.2","3","3/18/2026 10:39 AM","L1","941010003830927"
"A0058855489","Dog","Tyson","03 year(s) 08 month(s) 25 day(s)","Brindle Brown / Black Mixed Breed, Large (over 44 lbs fully grown) / Mix","Available","Foster","Foster Home","7/8/2022 12:00 AM","N","67","3","7/7/2025 11:14 AM","L2 - SF","941010003930975"
"A0058858235","Dog","Morning Walk","04 year(s) 08 month(s) 25 day(s)"," Grey / White Terrier, Pit Bull / Mix","Available","Foster","Foster Home","7/8/2021 12:00 AM","N","46","3","7/7/2025 02:26 PM","L2 - OA","941010003875026"
"A0058867555","Dog","Prince Tonne","04 year(s) 08 month(s) 24 day(s)"," Black / White Terrier, Pit Bull / Mix","Available","Foster","Foster Home","7/9/2021 12:00 AM","N","90.6","3","7/8/2025 03:33 PM","L1","941010003904543"
"A0058870423","Dog","Sammy","03 year(s) 08 month(s) 02 day(s)"," Tan / White Terrier, American Pit Bull / Mix","Available","Foster","Foster Home","7/31/2022 12:00 AM","N","50","3","7/8/2025 10:25 PM","L1","941010003941369"
"A0058875618","Dog","Jewel","04 year(s) 08 month(s) 22 day(s)"," Black / White Terrier, American Pit Bull / Mix","Available","Foster","Foster Home","7/11/2021 12:00 AM","S","74","3","9/4/2025 06:30 PM","L2-H/OA/OD","941010003915872"
"A0058879473","Dog","Mr Brown","02 year(s) 08 month(s) 22 day(s)"," Brown Terrier, Pit Bull / Mix","Priority","Foster","Foster Home","7/11/2023 12:00 AM","M","59.6","3","7/10/2025 10:36 AM","L1","941010003898210"
"A0058882547","Dog","Leeanne","06 year(s) 08 month(s) 21 day(s)","Brindle Brown / White Terrier, Rat / Mix","Available","Foster","Foster Home","7/12/2019 12:00 AM","S","67","3","7/10/2025 02:31 PM","L1","941010003889581"
"A0058897336","Dog","Proton","01 year(s) 02 month(s) 20 day(s)"," Black Terrier, Pit Bull / Mix","Available","Foster","Foster Home","1/13/2025 12:00 AM","S","60.2","3","7/12/2025 03:51 PM","L1","941010002698938"
"A0058900557","Dog","Houdini","03 year(s) 08 month(s) 19 day(s)"," Brown / White Terrier, Pit Bull / Mix","Available","Foster","Foster Home","7/14/2022 12:00 AM","N","36","3","7/13/2025 10:10 PM","L2-EA","941010002707611"
"A0058901520","Dog","Mr Bongo","05 year(s) 08 month(s) 19 day(s)"," Brown Retriever, Labrador / Mix","Available","Foster","Foster Home","7/14/2020 12:00 AM","N","69","3","7/14/2025 02:32 AM","L2-A","941010003870080"
"A0058902637","Dog","Papi","01 year(s) 08 month(s) 18 day(s)"," Grey Mixed Breed, Large (over 44 lbs fully grown) / Mix","Court","Dogs 204","5","7/15/2024 12:00 AM","M","59.2","2","7/14/2025 11:31 AM","L2-OA",""
"A0058911318","Dog","Celeste","05 year(s) 08 month(s) 17 day(s)"," Grey / White Terrier, Pit Bull / Mix","Priority","Foster","Foster Home","7/16/2020 12:00 AM","S","56","3","12/10/2025 05:41 PM","L2-LR","941010002719053"
"A0058916541","Dog","Tico","02 year(s) 08 month(s) 17 day(s)"," Tan / Black Mastiff / Mix","Available","Foster","Foster Home","7/16/2023 12:00 AM","N","84","3","12/13/2025 01:20 PM","L3- SD","941010003779344"
"A0058920051","Dog","Rosie","05 year(s) 08 month(s) 16 day(s)"," Tan / White Terrier, Pit Bull / Mix","Available","Foster","Foster Home","7/17/2020 12:00 AM","S","78.4","3","7/16/2025 12:46 PM","L1","982126057239593"
"A0058936565","Dog","Tito Ali","03 year(s) 08 month(s) 14 day(s)"," Grey Mixed Breed, Large (over 44 lbs fully grown) / Mix","Available","Foster","Foster Home","7/19/2022 12:00 AM","N","53","3","7/18/2025 02:00 PM","L2-SF","985113009424857"
"A0058943849","Dog","Stitch","04 year(s) 08 month(s) 13 day(s)"," Black / White Terrier, Pit Bull / Mix","Available","Foster","Foster Home","7/20/2021 12:00 AM","N","50","2","7/19/2025 03:44 PM","L2-SF","941010003958413"
"A0058952168","Dog","Timba","03 year(s) 08 month(s) 12 day(s)"," White / Brown Terrier, Pit Bull / Mix","Available","Foster","Foster Home","7/21/2022 12:00 AM","N","65","3","7/21/2025 10:32 PM","L1","941010003013592"
"A0058952549","Dog","Tinko","03 year(s) 08 month(s) 11 day(s)"," Black / White Terrier, Pit Bull / Mix","Urgent","Foster","Foster Home","7/22/2022 12:00 AM","N","52","3","10/2/2025 01:38 PM","L2 - OA/LB","941010003653328"
"A0058955722","Dog","Rylo","02 year(s) 08 month(s) 10 day(s)"," Brown / White Terrier, Pit Bull / Mix","Available","Dogs 403","B5","7/23/2023 12:00 AM","N","53","3","2/26/2026 02:29 PM","L1","941010003647048"
"A0058970456","Dog","Sweetface","02 year(s) 08 month(s) 09 day(s)"," Grey / White Terrier, Pit Bull / Mix","Available","Foster","Foster Home","7/24/2023 12:00 AM","S","57.2","3","7/23/2025 10:03 PM","L1","941010003892988"
"A0058978092","Dog","Trinket","03 year(s) 08 month(s) 08 day(s)"," Black / White Terrier, Pit Bull / Mix","Available","Foster","Foster Home","7/25/2022 12:00 AM","S","46.2","3","7/24/2025 08:41 PM","L2-RG","941010003036136"
"A0058978213","Dog","Bubba-ADOPTED","02 year(s) 08 month(s) 08 day(s)"," Tan Mixed Breed, Medium (up to 44 lbs fully grown) / Mix","Trial Adoption","Foster","Trial Adoption","7/25/2023 12:00 AM","N","57.4","3","7/24/2025 10:28 PM","L1","982091069354934"
"A0058978654","Dog","Uriah","03 year(s) 08 month(s) 07 day(s)","Brindle Brown / Black Terrier, Pit Bull / Mix","Urgent","Foster","Foster Home","7/26/2022 12:00 AM","N","56","3","7/25/2025 09:17 AM","L2- RG","941010003694775"
"A0058988613","Dog","Constable Corndog","03 year(s) 08 month(s) 06 day(s)"," Grey Mixed Breed, Medium (up to 44 lbs fully grown) / Mix","Available","Foster","Foster Home","7/27/2022 12:00 AM","N","52","3","7/26/2025 04:18 PM","L2-BR","941010002700554"
"A0058991756","Dog","Mr. Wags","03 year(s) 08 month(s) 03 day(s)"," Brindle / White Terrier, Pit Bull / Mix","Available","Foster","Foster Home","7/30/2022 12:00 AM","N","58","3","7/27/2025 04:43 PM","L2-BR","941010003631030"
"A0058998761","Dog","Taz","04 year(s) 08 month(s) 04 day(s)"," Black Retriever, Labrador / Mix","Available","Foster","Foster Home","7/29/2021 12:00 AM","N","75","3","7/28/2025 05:56 PM","L1",""
"A0059005850","Dog","Wanda","04 year(s) 08 month(s) 03 day(s)"," Tan / White Terrier, Pit Bull / Mix","Available","Foster","Foster Home","7/30/2021 12:00 AM","S","56.4","3","7/29/2025 04:38 PM","L1","982091073477942"
"A0059007742","Cat","Askaban","01 year(s) 08 month(s) 03 day(s)"," Black Domestic Shorthair / Mix","Available","Foster","Foster Home","7/30/2024 12:00 AM","S","8.25","3","7/29/2025 09:25 PM","L1","941010004860619"
"A0059044513","Dog","Malu","04 year(s) 07 month(s) 28 day(s)"," Grey / White Terrier, American Pit Bull / Mix","Available","Foster","Foster Home","8/5/2021 12:00 AM","S","54","3","8/4/2025 07:03 PM","L1","941010003635948"
"A0059055438","Dog","Doris","01 year(s) 02 month(s) 27 day(s)"," Black / White Mixed Breed, Medium (up to 44 lbs fully grown) / Mix","Available","Foster","Foster Home","1/6/2025 12:00 AM","S","40","2","11/9/2025 02:40 PM","L1","941010003626503"
"A0059068907","Dog","Dobster","10 year(s) 07 month(s) 25 day(s)"," Brown Mixed Breed, Large (over 44 lbs fully grown) / Mix","Available","Foster","Foster Home","8/8/2015 12:00 AM","N","70.6","3","8/7/2025 06:43 PM","L1","941010003649699"
"A0059098443","Dog","Doppler","04 year(s) 07 month(s) 20 day(s)"," Brown / White Mixed Breed, Large (over 44 lbs fully grown) / Mix","Available","Foster","Foster Home","8/13/2021 12:00 AM","N","49","3","8/12/2025 05:53 PM","L3 - SF","941010004224993"
"A0059100213","Dog","Rufus","10 year(s) 07 month(s) 19 day(s)"," Brown / White Terrier, American Pit Bull / Mix","Available","Foster","Foster Home","8/14/2015 12:00 AM","N","59","3","8/13/2025 10:20 AM","L2 - A","991003911515638"
"A0059101670","Dog","Coolio","05 year(s) 07 month(s) 18 day(s)"," Black / Brindle Mixed Breed, Large (over 44 lbs fully grown) / Mix","Available","Foster","Foster Home","8/15/2020 12:00 AM","N","65.8","3","8/13/2025 12:28 PM","L2-OA","941010002325028"
"A0059114517","Dog","Tweety","01 year(s) 07 month(s) 17 day(s)"," Sandy Mixed Breed, Large (over 44 lbs fully grown) / Mix","Available","Foster","Foster Home","8/16/2024 12:00 AM","S","106","3","8/14/2025 08:00 PM","L1","941010003620069"
"A0059116037","Dog","Symphony","01 year(s) 05 month(s) 17 day(s)"," Black / White Terrier, American Staffordshire / Mix","Available","Foster","Foster Home","10/16/2024 12:00 AM","S","32","3","8/15/2025 11:28 AM","L1","941010003671133"
"A0059117737","Dog","Bob","07 year(s) 07 month(s) 13 day(s)"," Tan / White Terrier, Pit Bull / Mix","Available","Foster","Foster Home","8/20/2018 12:00 AM","N","54","3","10/6/2025 11:45 AM","L1","941010003634818"
"A0059121809","Dog","Leelah","03 year(s) 07 month(s) 12 day(s)"," Tan / White Terrier, Staffordshire Bull / Mix","Available","Foster","Foster Home","8/21/2022 12:00 AM","S","47","3","8/16/2025 09:51 AM","L2-OA","941010004217275"
"A0059193088","Dog","Beezy","05 year(s) 07 month(s) 14 day(s)"," Black Mixed Breed, Large (over 44 lbs fully grown) / Mix","Available","Foster","Foster Home","8/19/2020 12:00 AM","S","42","3","8/18/2025 07:09 PM","L2-BR","941010003998001"
"A0059193435","Dog","Tonka","05 year(s) 07 month(s) 14 day(s)"," Brindle / White Terrier, Pit Bull / Mix","Available","Foster","Foster Home","8/19/2020 12:00 AM","N","52.2","3","8/18/2025 10:51 PM","L1","941010004111994"
"A0059201841","Dog","Glo","01 year(s) 04 month(s) 13 day(s)","Spotted White / Black Terrier, Pit Bull / Mix","Available","Foster","Foster Home","11/20/2024 12:00 AM","S","40","3","8/19/2025 10:35 PM","L1","941010003631392"
"A0059205909","Dog","Roscoe","00 year(s) 11 month(s) 11 day(s)"," White / Brown German Shepherd / Mix","Priority","Dogs 301","2","4/22/2025 12:00 AM","N","65.6","1","2/17/2026 11:47 AM","L3-SF","941010004137180"
"A0059209398","Dog","Gerald","03 year(s) 07 month(s) 12 day(s)"," Brown Terrier, Pit Bull / Mix","Urgent","Foster","Foster Home","8/21/2022 12:00 AM","N","40.4","3","8/20/2025 09:34 PM","L1","941010004004298"
"A0059209562","Dog","Odit","02 year(s) 07 month(s) 11 day(s)"," Brown / White Terrier, American Pit Bull / Mix","Available","Foster","Foster Home","8/22/2023 12:00 AM","M","54.6","3","8/20/2025 10:07 PM","L2-OA","941010003683877"
"A0059223836","Dog","Bader","01 year(s) 07 month(s) 10 day(s)"," Brown / White Terrier, Pit Bull / Mix","Priority","Dogs 081","B10","8/23/2024 12:00 AM","N","51.4","3","3/28/2026 01:26 PM","L3-OA/JM","941010003686754"
"A0059223851","Dog","Lima","02 year(s) 07 month(s) 10 day(s)"," Brown Terrier, Pit Bull / Mix","Available","Foster","Foster Home","8/23/2023 12:00 AM","S","40","3","8/22/2025 06:35 PM","L3-SF","941010003625586"
"A0059240909","Dog","Keeshond","02 year(s) 07 month(s) 06 day(s)"," Black / White Terrier, Pit Bull / Mix","Available","Foster","Foster Home","8/27/2023 12:00 AM","N","53","3","8/26/2025 01:19 PM","L1","941010003675874"
"A0059242581","Dog","Dolce","02 year(s) 07 month(s) 06 day(s)"," Brown / White Terrier, American Pit Bull / Mix","Urgent","Foster","Foster Home","8/27/2023 12:00 AM","N","55.4","3","1/27/2026 08:36 PM","L2-OA/RG","941010003479933"
"A0059257262","Dog","Babes","02 year(s) 07 month(s) 04 day(s)"," Tan Terrier, Pit Bull / Mix","Urgent","Foster","Foster Home","8/29/2023 12:00 AM","S","50","3","8/28/2025 01:44 PM","L2-RG/BR","941010004220349"
"A0059259739","Dog","Peppa","04 year(s) 06 month(s) 28 day(s)"," Grey Mixed Breed, Medium (up to 44 lbs fully grown) / Mix","Available","Foster","Foster Home","9/5/2021 12:00 AM","S","48","3","9/4/2025 05:21 PM","L2-SF","985113006051343"
"A0059261979","Dog","Gyro","05 year(s) 07 month(s) 04 day(s)"," Brown Mixed Breed, Large (over 44 lbs fully grown) / Mix","Urgent","Foster","Foster Home","8/29/2020 12:00 AM","N","57","3","8/28/2025 10:07 PM","L2-BH","941010004063425"
"A0059264238","Dog","Spice","12 year(s) 07 month(s) 03 day(s)"," Black / Brown German Shepherd / Mix","Priority","Flex","82","8/30/2013 12:00 AM","F","61.8","3","2/15/2026 11:19 AM","L2-BH","982126059841731"
"A0059264248","Dog","Brownie","07 year(s) 07 month(s) 03 day(s)"," Black Mixed Breed, Large (over 44 lbs fully grown) / Mix","Priority","Flex","82","8/30/2018 12:00 AM","S","70.2","3","2/15/2026 11:19 AM","L2-SF","941010003638156"
"A0059265558","Dog","AVALANCHE","06 year(s) 07 month(s) 04 day(s)"," Brown / White Mixed Breed, Medium (up to 44 lbs fully grown) / Mix","Available","Foster","Foster Home","8/29/2019 12:00 AM","S","70","3","8/29/2025 02:51 PM","L2-SF/BH/H","941010004398032"
"A0059275577","Dog","Burnt Cheese","07 year(s) 07 month(s) 01 day(s)"," Black / White Mixed Breed, Large (over 44 lbs fully grown) / Mix","Available","Foster","Foster Home","9/1/2018 12:00 AM","N","71","3","8/31/2025 06:37 PM","L2 - LB","982126055440535"
"A0059281698","Dog","Dalton","03 year(s) 06 month(s) 30 day(s)"," Blond / Black German Shepherd / Mix","Available","Foster","Foster Home","9/3/2022 12:00 AM","N","56","3","9/2/2025 01:56 PM","L3- H/ SF","941010004130188"
"A0059290504","Dog","Zena","03 year(s) 06 month(s) 30 day(s)"," Tan / White Terrier, Pit Bull / Mix","Available","Dogs 081","B1","9/3/2022 12:00 AM","S","59.4","3","2/14/2026 02:02 PM","L2-SD","941010004401413"
"A0059293093","Dog","Kuzco- ADOPTED","03 year(s) 06 month(s) 29 day(s)"," Brindle / White Mixed Breed, Large (over 44 lbs fully grown) / Mix","Adopted","Foster","Pre-Fix","9/4/2022 12:00 AM","M","69","3","9/3/2025 07:59 PM","L2-A",""
"A0059304406","Dog","Milah","01 year(s) 06 month(s) 28 day(s)"," Tan Retriever, Labrador / Mix","Urgent","Foster","Foster Home","9/5/2024 12:00 AM","S","48","3","9/26/2025 02:41 PM","L2 - BH","941010004179074"
"A0059305155","Dog","Susan Da Dog","07 year(s) 06 month(s) 27 day(s)"," Brown Terrier, Pit Bull / Mix","Available","Foster","Foster Home","9/6/2018 12:00 AM","S","36","3","9/5/2025 02:06 PM","L1","941010004222599"
"A0059314264","Dog","Bing Bong","03 year(s) 06 month(s) 25 day(s)"," Grey / White Terrier, American Pit Bull / Mix","Urgent","Foster","Foster Home","9/8/2022 12:00 AM","S","42","3","9/7/2025 03:28 PM","L1","941010004208469"
"A0059338894","Dog","Yoshi","03 year(s) 06 month(s) 22 day(s)"," Black / White Terrier, American Pit Bull / Mix","Available","Foster","Foster Home","9/11/2022 12:00 AM","S","43","3","9/11/2025 09:06 AM","L1","985113008073078"
"A0059343335","Dog","Lemon","02 year(s) 05 month(s) 25 day(s)"," Brown / Black Mixed Breed, Medium (up to 44 lbs fully grown) / Mix","Urgent","Foster","Foster Home","10/8/2023 12:00 AM","N","52","3","12/9/2025 02:39 PM","L3 - SF","941010004216190"
"A0059343758","Dog","Clipper","01 year(s) 06 month(s) 21 day(s)"," Grey / White Mixed Breed, Large (over 44 lbs fully grown) / Mix","Trial Adoption","Foster","Trial Adoption","9/12/2024 12:00 AM","N","63","3","3/7/2026 02:34 PM","L1","941010004169348"
"A0059356861","Dog","Stella","06 year(s) 05 month(s) 26 day(s)"," Tan / White Terrier, American Pit Bull / Mix","Available","Foster","Foster Home","10/7/2019 12:00 AM","S","52.8","3","9/13/2025 06:32 PM","L3-SF","941010005057507"
"A0059365101","Dog","Victory","03 year(s) 04 month(s) 27 day(s)"," Black / White Terrier, Pit Bull / Mix","Urgent","Foster","Foster Home","11/6/2022 12:00 AM","N","63","3","9/15/2025 04:35 PM","L3-OA","941010004192541"
"A0059375376","Dog","Thing 3","01 year(s) 05 month(s) 16 day(s)"," White / Black Mixed Breed, Medium (up to 44 lbs fully grown) / Mix","Available","Foster","Foster Home","10/17/2024 12:00 AM","S","37","3","9/16/2025 11:02 PM","L3-SF","941010004230532"
"A0059380817","Dog","Darla","03 year(s) 06 month(s) 14 day(s)"," Brindle Mixed Breed, Large (over 44 lbs fully grown) / Mix","Available","Foster","Foster Home","9/19/2022 12:00 AM","S","71.4","3","9/17/2025 04:34 PM","L2-LR","981020055447570"
"A0059387271","Dog","Gourmet","05 year(s) 06 month(s) 14 day(s)"," Brown / White Terrier, Pit Bull / Mix","Available","Foster","Foster Home","9/19/2020 12:00 AM","N","68","3","9/18/2025 02:14 PM","L2-LR","941010004199196"
"A0059390862","Dog","Petey","02 year(s) 06 month(s) 14 day(s)"," Tan / White Terrier, American Pit Bull / Mix","Available","Foster","Foster Home","9/19/2023 12:00 AM","N","50","3","9/18/2025 09:23 PM","L3-LR/OA","941010004195932"
"A0059397798","Dog","Little Foot","05 year(s) 06 month(s) 13 day(s)","Merle Brown Catahoula Leopard dog / Mix","Urgent","Foster","Foster Home","9/20/2020 12:00 AM","N","46","3","9/20/2025 12:39 AM","L1","900235000841407"
"A0059399658","Dog","Truce","03 year(s) 06 month(s) 12 day(s)"," Black Mixed Breed, Medium (up to 44 lbs fully grown) / Mix","Available","Foster","Foster Home","9/21/2022 12:00 AM","N","61","3","9/20/2025 01:51 PM","L1","985113008805316"
"A0059401825","Dog","Tyrique","06 year(s) 06 month(s) 12 day(s)"," Black / White Terrier, Pit Bull / Mix","Urgent","Foster","Foster Home","9/21/2019 12:00 AM","N","60.1","3","9/20/2025 10:05 PM","L1","941010004231800"
"A0059404011","Dog","Pup Pup","01 year(s) 04 month(s) 11 day(s)"," White Mixed Breed, Medium (up to 44 lbs fully grown) / Mix","Available","Dogs 406","A6","11/22/2024 12:00 AM","N","44.2","3","2/21/2026 10:49 PM","L1","941010004110523"
"A0059406448","Dog","Glacier","00 year(s) 06 month(s) 12 day(s)"," White / Black Bulldog, French","Court","Foster","Foster Home","9/21/2025 12:00 AM","M","4.4","1","9/21/2025 05:00 PM","L1",""
"A0059406474","Dog","Arctic","00 year(s) 06 month(s) 12 day(s)"," White Bulldog, French / Mix","Court","Foster","Foster Home","9/21/2025 12:00 AM","M","13.8","1","9/21/2025 05:00 PM","",""
"A0059420470","Dog","Tiya","12 year(s) 04 month(s) 14 day(s)"," Black / White Mixed Breed, Medium (up to 44 lbs fully grown) / Mix","Available","Foster","Foster Home","11/19/2013 12:00 AM","S","50.6","1","9/24/2025 10:50 AM","L3-SF","941010004201860"
"A0059422620","Dog","Scarface-Capone","03 year(s) 06 month(s) 08 day(s)"," White Terrier, American Pit Bull / Mix","Available","Foster","Foster Home","9/25/2022 12:00 AM","N","48","3","1/6/2026 11:56 AM","L2-A","941010004386775"
"A0059426615","Dog","Zip","00 year(s) 09 month(s) 08 day(s)"," Black Mixed Breed, Medium (up to 44 lbs fully grown) / Mix","Court","Dog Quarantine","B7","6/25/2025 12:00 AM","F","37.2","2","9/24/2025 08:07 PM","L1",""
"A0059426616","Dog","Zap","00 year(s) 11 month(s) 08 day(s)"," Brown Mixed Breed, Medium (up to 44 lbs fully grown) / Mix","Court","Dog Quarantine","B7","4/25/2025 12:00 AM","F","40.4","3","9/24/2025 08:07 PM","L1 - EA",""
"A0059426622","Dog","Zop","00 year(s) 10 month(s) 09 day(s)"," Tan Mixed Breed, Medium (up to 44 lbs fully grown) / Mix","Court","Dog Quarantine","B4","5/24/2025 12:00 AM","M","15.4","1","9/24/2025 08:07 PM","L1","941010004209165"
"A0059426629","Dog","Tip","02 year(s) 06 month(s) 08 day(s)"," Grey / White Mixed Breed, Medium (up to 44 lbs fully grown) / Mix","Court","Dog Quarantine","A8","9/25/2023 12:00 AM","F","48.2","3","9/24/2025 08:07 PM","L3 BR",""
"A0059426630","Dog","Tap","02 year(s) 06 month(s) 08 day(s)"," Brown / White Mixed Breed, Medium (up to 44 lbs fully grown) / Mix","Court","Dogs 203","9","9/25/2023 12:00 AM","F","51","1","9/24/2025 08:07 PM","L1",""
"A0059426640","Dog","Top","03 year(s) 06 month(s) 08 day(s)"," Brown / White Mixed Breed, Medium (up to 44 lbs fully grown) / Mix","Court","Dogs 204","1","9/25/2022 12:00 AM","M","60.2","1","9/24/2025 08:07 PM","L2-OA",""
"A0059434792","Dog","Cane","03 year(s) 06 month(s) 07 day(s)"," Black / White Mixed Breed, Large (over 44 lbs fully grown) / Mix","Bite Quarantine - Not Visible","Foster","Foster Home","9/26/2022 12:00 AM","N","63.4","3","9/25/2025 10:47 PM","L1","941010004241008"
"A0059446971","Dog","Mabel","03 year(s) 06 month(s) 04 day(s)"," Brown / White Terrier, American Pit Bull / Mix","Available","Foster","Foster Home","9/29/2022 12:00 AM","S","42.6","3","9/28/2025 12:41 PM","L2-OA","941010004189452"
"A0059452021","Dog","Pomegranate","04 year(s) 06 month(s) 03 day(s)"," White Terrier, American Pit Bull / Mix","Available","Foster","Foster Home","9/30/2021 12:00 AM","S","54.2","3","9/29/2025 02:37 PM","L1","941010004169642"
"A0059455100","Dog","Watermelon","03 year(s) 11 month(s) 29 day(s)"," Grey / White Terrier, Pit Bull / Mix","Available","Dogs 067","B2","4/4/2022 12:00 AM","N","62","3","3/25/2026 04:56 PM","L1","991003001431588"
"A0059455160","Dog","Cochito","01 year(s) 01 month(s) 00 day(s)"," Tan Terrier, Pit Bull / Mix","Available","Foster","Foster Home","3/2/2025 12:00 AM","S","29.6","2","9/29/2025 06:54 PM","L1","941010004169778"
"A0059462524","Dog","Supernova","10 year(s) 06 month(s) 01 day(s)"," Tan Mixed Breed, Medium (up to 44 lbs fully grown) / Mix","Available","Foster","Foster Home","10/1/2015 12:00 AM","S","25.4","3","9/30/2025 04:35 PM","L1",""
"A0059532420","Dog","Pugsley","03 year(s) 05 month(s) 30 day(s)"," Brown Mixed Breed, Medium (up to 44 lbs fully grown) / Mix","Available","Foster","Foster Home","10/3/2022 12:00 AM","N","36","3","10/2/2025 06:08 PM","L3-SF","941010004169028"
"A0059533461","Dog","Moose","02 year(s) 05 month(s) 30 day(s)"," White / Black Terrier, Pit Bull / Mix","Urgent","Foster","Foster Home","10/3/2023 12:00 AM","N","52.4","3","10/2/2025 11:25 PM","L2-SF/BR","941010004669737"
"A0059536665","Dog","Ms.Parker","06 year(s) 05 month(s) 23 day(s)"," Black Cur, Mountain / Retriever, Labrador","Available","Foster","Foster Home","10/10/2019 12:00 AM","S","40","3","10/3/2025 01:47 PM","L1","941010004029306"
"A0059543487","Dog","Whilmer","06 year(s) 05 month(s) 28 day(s)"," White / Black Terrier, Pit Bull / Mix","Available","Dogs 068","A1","10/5/2019 12:00 AM","N","58","3","10/4/2025 04:31 PM","L1","941010004427453"
"A0059546093","Dog","HUDSON","06 year(s) 11 month(s) 00 day(s)"," Black / Brown German Shepherd / Mix","Available","Foster","Foster Home","5/2/2019 12:00 AM","N","75","3","10/10/2025 01:14 PM","L2 - SF",""
"A0059560945","Dog","Whoopty","01 year(s) 05 month(s) 25 day(s)"," White / Black Terrier, American Pit Bull / Mix","Available","Foster","Foster Home","10/8/2024 12:00 AM","N","67","3","10/7/2025 06:29 PM","L3-OA","941010004087840"
"A0059562812","Dog","Liz","05 year(s) 05 month(s) 24 day(s)"," Brown / White Terrier, Pit Bull / Mix","Available","Foster","Foster Home","10/9/2020 12:00 AM","S","47","3","10/8/2025 11:10 AM","L1","941010004059323"
"A0059585503","Dog","Clyde","01 year(s) 05 month(s) 21 day(s)"," Black / White Mixed Breed, Large (over 44 lbs fully grown) / Mix","Available","Foster","Foster Home","10/12/2024 12:00 AM","N","13.6","3","2/21/2026 11:32 AM","L2-SF","941010004074695"
"A0059588090","Dog","Kadaffi","07 year(s) 05 month(s) 21 day(s)"," White Bulldog, American / Mix","Pending Behavior Assessment","Dogs 203","5","10/12/2018 12:00 AM","M","95","1","3/4/2026 03:46 PM","STAFF ONLY",""
"A0059588960","Dog","Tammy","02 year(s) 05 month(s) 20 day(s)"," Brown / Brindle Cane Corso / Mix","Microchip","Dogs 403","A5","10/13/2023 12:00 AM","S","84.2","2","3/27/2026 03:06 PM","L2-SF","985113009989632"
"A0059599608","Dog","Cup Noodles","02 year(s) 03 month(s) 13 day(s)"," Blond Terrier, Pit Bull / Mix","Available","Foster","Foster Home","12/20/2023 12:00 AM","N","65.2","3","10/15/2025 04:44 PM","L2-SF","941010004361962"
"A0059600554","Dog","Kuzco","07 year(s) 05 month(s) 07 day(s)"," White / Brown Bully American  - Standard / Mix","Priority","Foster","Foster Home","10/26/2018 12:00 AM","N","56","3","10/14/2025 02:50 PM","L2 - BH","941010004977394"
"A0059609564","Cat","Squire","00 year(s) 10 month(s) 17 day(s)"," Grey Domestic Shorthair / Mix","Available","Foster","Foster Home","5/16/2025 12:00 AM","S","3.9","1","10/15/2025 02:49 PM","L2-SF","941010004190314"
"A0059619501","Dog","Latte","06 year(s) 05 month(s) 16 day(s)"," Brown Terrier, American Pit Bull / Mix","Priority","Foster","Foster Home","10/17/2019 12:00 AM","S","57","3","10/16/2025 07:54 PM","L1","941010004355248"
"A0059628706","Dog","Willie","02 year(s) 05 month(s) 14 day(s)"," Grey / White Mixed Breed, Large (over 44 lbs fully grown) / Mix","Available","Foster","Foster Home","10/19/2023 12:00 AM","N","70.4","3","10/18/2025 12:10 PM","L2-OA","941010004366402"
"A0059637847","Dog","Cheyenne","03 year(s) 05 month(s) 10 day(s)"," Grey / White Terrier, Pit Bull / Mix","Pending Medical Assessment/Treatment","Foster","Foster Home","10/23/2022 12:00 AM","S","49.4","3","10/20/2025 02:30 PM","L1","941010004415363"
"A0059640015","Dog","Jumper","12 year(s) 05 month(s) 12 day(s)"," Black / White Mixed Breed, Medium (up to 44 lbs fully grown) / Mix","Available","Foster","Foster Home","10/21/2013 12:00 AM","N","67","3","10/20/2025 04:29 PM","L1","985112007760456"
"A0059640030","Dog","Cooper","04 year(s) 05 month(s) 12 day(s)"," Black / White Mixed Breed, Medium (up to 44 lbs fully grown) / Mix","Urgent","Foster","Foster Home","10/21/2021 12:00 AM","N","60.4","3","10/20/2025 04:29 PM","L2-BR","981020035631915"
"A0059648947","Dog","Nibbles","01 year(s) 04 month(s) 11 day(s)"," Brown / White Mixed Breed, Medium (up to 44 lbs fully grown) / Mix","Urgent","Foster","Foster Home","11/22/2024 12:00 AM","N","37.8","3","10/21/2025 05:01 PM","L1","941010004419833"
"A0059658007","Dog","Bingo from Bluey","02 year(s) 05 month(s) 10 day(s)"," White / Brown Mixed Breed, Medium (up to 44 lbs fully grown) / Mix","Available","Foster","Foster Home","10/23/2023 12:00 AM","N","36.6","3","12/23/2025 02:24 PM","L2 SF","941010004557747"
"A0059668396","Dog","Nanny May","08 year(s) 05 month(s) 08 day(s)"," Grey / White Terrier, Pit Bull / Mix","Urgent","Foster","Foster Home","10/25/2017 12:00 AM","S","48","3","10/24/2025 02:22 PM","L2 - BH","941010004379653"
"A0059668887","Dog","Winter","04 year(s) 05 month(s) 08 day(s)","Spotted White / Black Terrier, Pit Bull / Mix","Available","Foster","Foster Home","10/25/2021 12:00 AM","S","46","3","10/24/2025 02:15 PM","L1",""
"A0059673276","Dog","Yoda","01 year(s) 05 month(s) 07 day(s)"," Black / White Mixed Breed, Large (over 44 lbs fully grown) / Mix","Available","Foster","Foster Home","10/26/2024 12:00 AM","N","44","3","10/25/2025 12:47 PM","L1","941010004361411"
"A0059673526","Dog","Pixel","03 year(s) 05 month(s) 07 day(s)"," White / Red Mixed Breed, Large (over 44 lbs fully grown) / Mix","Available","Foster","Foster Home","10/26/2022 12:00 AM","N","51.6","3","10/25/2025 01:02 PM","L1","941010004344725"
"A0059675889","Dog","Mona","10 year(s) 05 month(s) 07 day(s)"," Black / White Terrier, Pit Bull / Mix","Available","Foster","Foster Home","10/26/2015 12:00 AM","F","56.2","3","10/25/2025 11:23 PM","L2-SF",""
"A0059675890","Dog","Penelope","13 year(s) 05 month(s) 07 day(s)"," Grey / White Terrier, Pit Bull / Mix","Available","Foster","Foster Home","10/26/2012 12:00 AM","F","85","3","10/25/2025 11:26 PM","L2-SF",""
"A0059677700","Dog","Nami","01 year(s) 05 month(s) 06 day(s)"," Black Retriever, Labrador / Mix","Priority","Dogs 064","B1","10/27/2024 12:00 AM","S","38.6","3","1/30/2026 01:34 PM","L1","941010004432964"
"A0059683353","Dog","Heffalump","05 year(s) 05 month(s) 05 day(s)"," Black / White Terrier, Pit Bull / Mix","Available","Foster","Foster Home","10/28/2020 12:00 AM","S","68","3","10/27/2025 04:15 PM","L2-SF/A/ OD","941010004448180"
"A0059684070","Dog","Suga","06 year(s) 05 month(s) 04 day(s)"," Tan / White Terrier, Pit Bull / Mix","Priority","Foster","Foster Home","10/29/2019 12:00 AM","S","54","3","10/28/2025 02:09 PM","L1","941010004168243"
"A0059688884","Dog","Faerun","05 year(s) 05 month(s) 04 day(s)"," Black / White Terrier, Pit Bull / Siberian Husky","Available","Foster","Foster Home","10/29/2020 12:00 AM","S","49","3","10/28/2025 02:05 PM","L1-EA","985113007939879"
"A0059702236","Dog","Judge","02 year(s) 05 month(s) 03 day(s)"," Brown / White Terrier, Pit Bull","Urgent","Foster","Foster Home","10/30/2023 12:00 AM","N","62","3","10/30/2025 12:31 PM","L1","941010004177570"
"A0059702289","Dog","Midnight - ADOPTED","01 year(s) 05 month(s) 02 day(s)"," Black Retriever, Labrador / Mix","Trial Adoption","Foster","Trial Adoption","10/31/2024 12:00 AM","S","45.8","1","2/24/2026 07:19 PM","L1","941010004238460"
"A0059702901","Dog","Brisket","00 year(s) 08 month(s) 02 day(s)"," Black Terrier, Pit Bull / Mix","Available","Dogs 068","B1","7/31/2025 12:00 AM","N","52","3","2/28/2026 12:01 PM","L1","941010004215488"
"A0059711167","Dog","Simba","02 year(s) 05 month(s) 01 day(s)"," Brown / White Terrier, Pit Bull / Mix","Urgent","Foster","Foster Home","11/1/2023 12:00 AM","N","40.4","3","10/31/2025 01:17 PM","L1","985112012546697"
"A0059714732","Dog","Sweetie","04 year(s) 05 month(s) 00 day(s)","Brindle Brown / Black Terrier, Pit Bull / Mix","Available","Foster","Foster Home","11/2/2021 12:00 AM","S","35.8","3","11/1/2025 09:41 AM","L1","941010004055159"
"A0059716525","Dog","Lillypad","06 year(s) 05 month(s) 00 day(s)"," Grey / White Terrier, Pit Bull / Mix","Available","Foster","Foster Home","11/2/2019 12:00 AM","S","57","3","11/1/2025 02:17 PM","L2-A","941010003983855"
"A0059719472","Dog","Gamora","02 year(s) 04 month(s) 30 day(s)"," Brindle Perro de Presa Canario / Mix","Court","Dogs 201","1","11/3/2023 12:00 AM","F","83","1","11/2/2025 02:14 PM","L3 BR",""
"A0059726356","Dog","George","04 year(s) 04 month(s) 29 day(s)"," Brindle / White Terrier, Pit Bull / Mix","Available","Foster","Foster Home","11/4/2021 12:00 AM","N","45","3","11/3/2025 09:27 PM","L1","941010004090725"
"A0059726360","Dog","Vixy","04 year(s) 04 month(s) 29 day(s)"," Brindle Terrier, Pit Bull / Mix","Available","Foster","Foster Home","11/4/2021 12:00 AM","S","44","3","11/3/2025 09:28 PM","L1","941010004186601"
"A0059728129","Dog","Croptop","03 year(s) 04 month(s) 28 day(s)"," Brown / White Terrier, Pit Bull / Mix","Available","Foster","Foster Home","11/5/2022 12:00 AM","N","59","3","11/4/2025 09:57 AM","L2-BR","941010004105151"
"A0059748554","Dog","Pumpkin - ADOPTED","01 year(s) 01 month(s) 26 day(s)"," Brown / White Mixed Breed, Medium (up to 44 lbs fully grown) / Mix","Trial Adoption","Foster","Trial Adoption","2/7/2025 12:00 AM","N","43","3","3/25/2026 01:50 PM","L1","941010004943416"
"A0059753002","Dog","Fantasia","04 year(s) 04 month(s) 26 day(s)"," Grey Mixed Breed, Medium (up to 44 lbs fully grown) / Mix","Available","Foster","Foster Home","11/7/2021 12:00 AM","S","48.6","3","11/7/2025 02:19 PM","L1","941010004247071"
"A0059755574","Dog","Frappe","00 year(s) 07 month(s) 28 day(s)"," Grey / Brown Mixed Breed, Small (under 24 lbs fully grown) / Mix","Court","Dog ISO 155","A2","8/5/2025 12:00 AM","F","32.8","1","11/7/2025 07:47 PM","L1",""
"A0059755584","Dog","Latte","00 year(s) 07 month(s) 28 day(s)"," Brown Mixed Breed, Small (under 24 lbs fully grown) / Mix","Court","Dog ISO 155","B2","8/5/2025 12:00 AM","F","33.8","1","11/7/2025 07:50 PM","L1",""
"A0059756103","Dog","Spinach","03 year(s) 04 month(s) 25 day(s)"," Tan / Black Cur, Black-Mouth / Mix","Pending Behavior Assessment","Dogs 301","6","11/8/2022 12:00 AM","N","","1","4/1/2026 11:45 AM","STAFF ONLY","985112012253031"
"A0059758023","Dog","Sly","05 year(s) 04 month(s) 24 day(s)"," Grey Terrier, Pit Bull / Mix","Priority","Foster","Foster Home","11/9/2020 12:00 AM","S","46","3","11/8/2025 03:24 PM","L1","941010004535606"
"A0059760339","Dog","Neal","02 year(s) 04 month(s) 23 day(s)"," Tan Terrier, American Pit Bull / Mix","Available","Foster","Foster Home","11/10/2023 12:00 AM","N","34.6","3","11/9/2025 12:34 PM","L2-OA","985112012545510"
"A0059761809","Dog","Dolly Parton","03 year(s) 06 month(s) 09 day(s)"," Black / Brown Mixed Breed, Large (over 44 lbs fully grown) / Mix","Available","Foster","Foster Home","9/24/2022 12:00 AM","F","46","3","11/9/2025 07:06 PM","L1","941010003986255"
"A0059765463","Dog","Blythe","02 year(s) 04 month(s) 22 day(s)"," Brown / White Terrier, American Pit Bull / Mix","Priority","Foster","Foster Home","11/11/2023 12:00 AM","S","49.2","3","11/10/2025 02:15 PM","L2-SF","941010004921532"
"A0059767576","Dog","Astro","02 year(s) 04 month(s) 22 day(s)"," White / Black Terrier, American Pit Bull / Mix","Urgent","Dogs 067","B4","11/11/2023 12:00 AM","S","39","3","11/10/2025 05:19 PM","L2-RG/OA","941010004284705"
"A0059782879","Dog","Flanders","01 year(s) 04 month(s) 19 day(s)"," Brown / White Mixed Breed, Large (over 44 lbs fully grown) / Mix","Urgent","Foster","Foster Home","11/14/2024 12:00 AM","N","57","3","11/13/2025 11:52 AM","L3-OA/LB","941010004183374"
"A0059786747","Domestic","",""," Black Fish / Fish","Available","Dog Visiting 063","C2","","U","","0","11/13/2025 04:49 PM","",""
"A0059796119","Dog","Norman","00 year(s) 11 month(s) 18 day(s)"," Brindle Mixed Breed, Large (over 44 lbs fully grown) / Mix","Available","Foster","Foster Home","4/15/2025 12:00 AM","N","62","3","11/15/2025 12:43 PM","L2-SF","941010004235851"
"A0059803596","Dog","O' Toole","03 year(s) 04 month(s) 16 day(s)"," Black / White Terrier, American Staffordshire / Mix","Priority","Foster","Foster Home","11/17/2022 12:00 AM","N","63","3","11/17/2025 12:45 PM","L2-OA","941010004384022"
"A0059817192","Dog","Muses","05 year(s) 04 month(s) 13 day(s)"," White / Fawn Terrier, Pit Bull / Mix","Available","Foster","Foster Home","11/20/2020 12:00 AM","S","54","3","11/19/2025 12:06 PM","L2-OA","985113010488042"
"A0059824398","Dog","Kong","03 year(s) 04 month(s) 12 day(s)"," Grey Mixed Breed, Medium (up to 44 lbs fully grown) / Mix","Available","Foster","Foster Home","11/21/2022 12:00 AM","N","57","3","11/20/2025 11:26 AM","L3-OA","941010003964410"
"A0059829644","Dog","Eggnog","01 year(s) 04 month(s) 12 day(s)","Tiger Brown / White Mixed Breed, Medium (up to 44 lbs fully grown) / Mix","Available","Foster","Foster Home","11/21/2024 12:00 AM","S","55","3","11/21/2025 06:05 AM","L3-SF","941010004333570"
"A0059832238","Dog","Captain Kid","01 year(s) 04 month(s) 11 day(s)"," Black / White Mixed Breed, Large (over 44 lbs fully grown) / Mix","Priority","Dogs 506","B1","11/22/2024 12:00 AM","N","65","3","3/17/2026 12:42 PM","L2 - BH/SD","941010004436327"
"A0059832516","Dog","Junebug","02 year(s) 04 month(s) 11 day(s)"," White / Grey Mixed Breed, Large (over 44 lbs fully grown) / Mix","Urgent","Foster","Foster Home","11/22/2023 12:00 AM","N","56.4","3","11/21/2025 01:12 PM","L3 - LB/OA","941010004404082"
"A0059837762","Dog","Stavvy","06 year(s) 04 month(s) 10 day(s)"," Tan / White Terrier, American Pit Bull / Mix","Available","Foster","Foster Home","11/23/2019 12:00 AM","N","54","1","11/22/2025 01:31 PM","L2-OA/LR","941010004329801"
"A0059840186","Dog","Josie","09 year(s) 03 month(s) 05 day(s)"," Cream Mixed Breed, Small (under 24 lbs fully grown) / Mix","Available","Foster","Foster Home","12/28/2016 12:00 AM","S","16","1","11/23/2025 07:03 AM","L3-BH/SF","941010004237161"
"A0059842902","Dog","Pumpkin Pie","05 year(s) 04 month(s) 08 day(s)"," Chocolate / White Terrier, American Pit Bull / Mix","Available","Foster","Foster Home","11/25/2020 12:00 AM","S","42","3","11/24/2025 09:22 AM","L1","941010004328324"
"A0059843787","Dog","Billion","04 year(s) 04 month(s) 08 day(s)"," Black / Brown Bully American  - Standard / Mix","Bite Quarantine - Not Visible","Dogs 203","2","11/25/2021 12:00 AM","M","71","1","3/5/2026 12:14 PM","STAFF ONLY",""
"A0059843826","Dog","Loyal","02 year(s) 04 month(s) 08 day(s)"," Brown Bully American - Pocket / Mix","Court","Dog ISO 156","C8","11/25/2023 12:00 AM","F","41.2","1","3/5/2026 12:14 PM","L2-H",""
"A0059848980","Dog","Benjamin Franklin",""," White Argentine Dogo / Mix","Court","Dogs 201","7","","M","","1","11/24/2025 11:43 PM","STAFF ONLY",""
"A0059850946","Dog","Chowder","01 year(s) 04 month(s) 07 day(s)"," White / Tan Mixed Breed, Medium (up to 44 lbs fully grown) / Mix","Available","Foster","Foster Home","11/26/2024 12:00 AM","S","40","3","11/25/2025 11:39 AM","L1","941010004213950"
"A0059856116","Dog","Snowdrop","02 year(s) 04 month(s) 07 day(s)"," Black / White Terrier, Pit Bull / Mix","Urgent","Foster","Foster Home","11/26/2023 12:00 AM","S","48","3","11/25/2025 09:02 PM","L2-SF","941010004173788"
"A0059863210","Dog","Sushi Williams","01 year(s) 10 month(s) 02 day(s)"," Brown / White Mixed Breed, Medium (up to 44 lbs fully grown) / Mix","Available","Foster","Foster Home","5/31/2024 12:00 AM","S","54.2","3","11/28/2025 12:42 PM","L2-BR","941010004478369"
"A0059863913","Dog","Monte Cristo","00 year(s) 11 month(s) 04 day(s)"," White / Black Mixed Breed, Small (under 24 lbs fully grown) / Mix","Priority","Foster","Foster Home","4/29/2025 12:00 AM","N","28.6","3","11/28/2025 02:55 PM","L2-OA","985113009934750"
"A0059867410","Dog","Luna","08 year(s) 04 month(s) 27 day(s)"," Brown Terrier, American Pit Bull / Mix","Available","Foster","Foster Home","11/6/2017 12:00 AM","S","42.4","3","11/29/2025 04:23 PM","L2-SF","982126052308353"
"A0059870923","Dog","LuLu","03 year(s) 04 month(s) 00 day(s)"," Grey / White Terrier, Pit Bull / Mix","Available","Dogs 081","A10","12/2/2022 12:00 AM","S","43.4","3","4/1/2026 11:27 AM","L2 - SF","941010005035725"
"A0059874986","Dog","Valentine","08 year(s) 03 month(s) 30 day(s)"," Bronze Mixed Breed, Large (over 44 lbs fully grown) / Mix","Priority","Foster","Foster Home","12/3/2017 12:00 AM","N","66","3","12/2/2025 02:22 PM","L1","981020023139146"
"A0059876004","Dog","Treasure","04 year(s) 04 month(s) 00 day(s)"," White / Black Mixed Breed, Large (over 44 lbs fully grown) / Mix","Available","Foster","Foster Home","12/2/2021 12:00 AM","S","50.2","3","12/1/2025 04:14 PM","L1","941010005030777"
"A0059876839","Dog","Cocoa Pebbles","00 year(s) 08 month(s) 00 day(s)"," Black / White Retriever, Labrador / Mix","Pending Medical Assessment/Treatment","Foster","Foster Home","8/2/2025 12:00 AM","S","35.4","1","12/13/2025 01:43 PM","L2-SF","941010004527143"
"A0059879049","Dog","Liza Minnelli","00 year(s) 06 month(s) 00 day(s)"," Blond / Brown Mixed Breed, Medium (up to 44 lbs fully grown) / Mix","Available","Dogs 067","A5","10/2/2025 12:00 AM","S","26.4","3","3/25/2026 11:18 AM","L1","941010005087640"
"A0059879738","Dog","Yanga","05 year(s) 03 month(s) 30 day(s)"," Brindle / White Terrier, American Pit Bull / Mix","Available","Foster","Foster Home","12/3/2020 12:00 AM","S","63","3","12/2/2025 12:39 PM","L1","941010004510628"
"A0059883251","Dog","Brawny","03 year(s) 09 month(s) 29 day(s)"," Tan / Black Cane Corso / Mix","Available","Foster","Foster Home","6/4/2022 12:00 AM","N","63.8","3","3/2/2026 04:58 PM","L1","941010004413306"
"A0059883999","Dog","Toni","02 year(s) 02 month(s) 25 day(s)"," Grey Terrier, Pit Bull / Mix","Available","Foster","Foster Home","1/8/2024 12:00 AM","S","48.2","3","12/2/2025 08:35 PM","L1","941010005037191"
"A0059887168","Dog","Sally","01 year(s) 09 month(s) 28 day(s)"," White / Black Terrier, Pit Bull / Mix","Urgent","Foster","Foster Home","6/5/2024 12:00 AM","S","41","3","12/3/2025 02:17 PM","L2-OD/H","941010004967696"
"A0059887386","Dog","Jo","06 year(s) 00 month(s) 07 day(s)"," White / Black Terrier, Pit Bull / Mix","Pre-Euthanasia","Dog Pre/Post Op 138","3","3/26/2020 12:00 AM","N","49","3","12/3/2025 02:17 PM","L1","941010005069932"
"A0059897793","Dog","Freckles","13 year(s) 03 month(s) 28 day(s)"," Tan / White Mixed Breed, Medium (up to 44 lbs fully grown) / Mix","Bite Quarantine - Not Visible","Foster","Foster Home","12/5/2012 12:00 AM","S","36","3","12/4/2025 09:11 PM","L1","0A134A4749"
"A0059899389","Dog","Bongela","04 year(s) 03 month(s) 27 day(s)"," Grey / White Terrier, Pit Bull / Mix","Priority","Puppy 48","2","12/6/2021 12:00 AM","S","59","1","12/5/2025 11:53 AM","L1","941010004860018"
"A0059906032","Dog","Bonnie","02 year(s) 03 month(s) 18 day(s)"," Tan / Black Mixed Breed, Medium (up to 44 lbs fully grown) / Mix","Priority","Foster","Foster Home","12/15/2023 12:00 AM","S","38","3","12/6/2025 02:07 PM","L3-SF","941010004686522"
"A0059912386","Dog","Arwen","01 year(s) 00 month(s) 24 day(s)"," Brown / White Mixed Breed, Medium (up to 44 lbs fully grown) / Mix","Available","Dogs 402","C6","3/9/2025 12:00 AM","S","36","3","3/10/2026 11:31 AM","L1","941010004355919"
"A0059914806","Dog","Genesis","01 year(s) 09 month(s) 18 day(s)"," Black / White Mixed Breed, Medium (up to 44 lbs fully grown) / Mix","Available","Dogs 066","B3","6/15/2024 12:00 AM","S","52.6","3","3/28/2026 02:00 PM","L1","941010004971406"
"A0059916584","Dog","Frangilla","02 year(s) 03 month(s) 24 day(s)"," Charcoal / White Terrier, Pit Bull","Available","Foster","Foster Home","12/9/2023 12:00 AM","S","50","3","12/9/2025 10:09 AM","L1","941010004464556"
"A0059922434","Dog","Willow","10 year(s) 03 month(s) 23 day(s)"," Brown Terrier, Pit Bull / Mix","Available","Dogs 079","B6","12/10/2015 12:00 AM","S","56.4","2","12/9/2025 07:40 PM","L1","941010004956855"
"A0059925496","Cat","Ashton","03 year(s) 03 month(s) 23 day(s)"," Black / White Domestic Shorthair / Mix","Available","Foster","Foster Home","12/10/2022 12:00 AM","S","7.8","3","12/10/2025 12:55 PM","L1","941010004432944"
"A0059926387","Dog","Jetsam","02 year(s) 03 month(s) 22 day(s)"," Brown Bulldog / Mix","Priority","Foster","Foster Home","12/11/2023 12:00 AM","N","60.6","2","12/10/2025 02:33 PM","L2-OA","941010004976437"
"A0059929504","Dog","Suga Suga","01 year(s) 03 month(s) 22 day(s)"," Black Terrier, American Pit Bull / Mix","Urgent","Foster","Foster Home","12/11/2024 12:00 AM","S","53","3","12/11/2025 04:20 AM","L3 - OA","941010004858846"
"A0059932630","Dog","Bailey","02 year(s) 01 month(s) 25 day(s)","Badger Brown / White Terrier, American Pit Bull / Mix","Available","Foster","Foster Home","2/8/2024 12:00 AM","S","43","3","2/7/2026 08:59 PM","L1","941000030438149"
"A0059936274","Dog","Jett-ADOPTED","02 year(s) 03 month(s) 21 day(s)"," Brown Mixed Breed, Medium (up to 44 lbs fully grown) / Mix","Trial Adoption","Foster","Trial Adoption","12/12/2023 12:00 AM","N","40","3","3/14/2026 06:04 PM","L2-OA/JM","941010004639163"
"A0059942852","Dog","Beluga","02 year(s) 02 month(s) 25 day(s)"," Tan / White Mixed Breed, Medium (up to 44 lbs fully grown) / Mix","Urgent","Receiving 129","Crate","1/8/2024 12:00 AM","N","41","3","12/13/2025 12:04 PM","L2-SF","941010004142975"
"A0059943984","Dog","Jeff","07 year(s) 03 month(s) 18 day(s)"," Grey / White Terrier, Pit Bull / Mix","Available","Foster","Foster Home","12/15/2018 12:00 AM","N","72","2","12/14/2025 06:49 PM","L2-OA","981020057034021"
"A0059949826","Dog","Rylo","04 year(s) 03 month(s) 18 day(s)"," White / Tan Mixed Breed, Large (over 44 lbs fully grown) / Mix","Priority","Dogs 503","A5","12/15/2021 12:00 AM","N","75","3","12/15/2025 12:45 PM","L1","985113004470400"
"A0059953781","Dog","IRMA","02 year(s) 09 month(s) 15 day(s)"," Grey Terrier, Pit Bull / Mix","Urgent","Foster","Foster Home","6/18/2023 12:00 AM","S","42.9","3","12/16/2025 05:45 PM","L2-A/M&G","941010005036045"
"A0059956967","Dog","Atticus","00 year(s) 11 month(s) 17 day(s)"," Brown / White Mixed Breed, Medium (up to 44 lbs fully grown) / Mix","Available","Foster","Foster Home","4/16/2025 12:00 AM","N","48.6","3","12/16/2025 02:01 PM","L1","941010005053260"
"A0059957796","Dog","Sasha","05 year(s) 03 month(s) 16 day(s)"," Tan / White Terrier, American Pit Bull / Mix","Available","Dogs 406","B7","12/17/2020 12:00 AM","S","60","3","3/28/2026 12:30 PM","L2-H/OA","941010004416903"
"A0059959702","Dog","Holly","01 year(s) 09 month(s) 15 day(s)"," Grey / White Mixed Breed, Medium (up to 44 lbs fully grown) / Mix","Priority","Dogs 506","A1","6/18/2024 12:00 AM","S","56","3","3/25/2026 03:05 PM","L1","941010004506627"
"A0059960650","Dog","Dondone","02 year(s) 09 month(s) 15 day(s)"," Grey Mixed Breed, Medium (up to 44 lbs fully grown) / Mix","Urgent","Foster","Foster Home","6/18/2023 12:00 AM","N","62","3","12/16/2025 10:37 PM","L2-A/FJ","941010005003090"
"A0059977933","Dog","Cal-ADOPTED","00 year(s) 03 month(s) 17 day(s)"," Brown / White Mixed Breed, Large (over 44 lbs fully grown) / Mix","Available","Foster","Foster Home","12/16/2025 12:00 AM","N","10","2","12/19/2025 03:27 PM","2025015673","941010004026598"
"A0059978580","Dog","Smiles","01 year(s) 09 month(s) 12 day(s)"," Brown Mixed Breed, Medium (up to 44 lbs fully grown) / Mix","Available","Dogs 306","A5","6/21/2024 12:00 AM","S","48.2","3","2/28/2026 03:58 PM","L1","941010005103753"
"A0059980948","Dog","Honor","02 year(s) 05 month(s) 22 day(s)"," Grey / White Mixed Breed, Medium (up to 44 lbs fully grown) / Mix","Available","Dogs 606","A7","10/11/2023 12:00 AM","S","51.2","3","3/19/2026 03:08 PM","L1","941010003542995"
"A0059980958","Dog","Jolene","02 year(s) 11 month(s) 18 day(s)"," Rust Mixed Breed, Medium (up to 44 lbs fully grown) / Mix","Available","Dogs 606","A1","4/15/2023 12:00 AM","S","47.6","3","3/19/2026 03:13 PM","L1","981020043225866"
"A0059985568","Dog","Rocky","04 year(s) 03 month(s) 10 day(s)"," Brown / White Bully American  - Standard / Mix","Court","Dogs 204","2","12/23/2021 12:00 AM","M","44.2","1","12/22/2025 08:59 AM","L1-EA",""
"A0059987203","Dog","Daisy Duck","05 year(s) 09 month(s) 09 day(s)"," Grey / White Terrier, Pit Bull / Mix","Available","Receiving 130","11","6/24/2020 12:00 AM","S","44.4","3","2/17/2026 02:35 PM","L1","981020025548770"
"A0059998766","Dog","Poinsettia","03 year(s) 03 month(s) 08 day(s)"," White / Brown Terrier, American Pit Bull / Mix","Available","Foster","Foster Home","12/25/2022 12:00 AM","S","51","3","12/24/2025 01:27 PM","L1","941010004697847"
"A0059999309","Dog","Twonkle","04 year(s) 02 month(s) 20 day(s)"," Brown / White Terrier, Pit Bull / Mix","Urgent","Foster","Foster Home","1/13/2022 12:00 AM","N","61","3","12/24/2025 03:53 PM","L2-SF","941010004139024"
"A0059999744","Dog","Garms","08 year(s) 02 month(s) 23 day(s)"," Black Mixed Breed, Medium (up to 44 lbs fully grown) / Mix","Urgent","Foster","Foster Home","1/10/2018 12:00 AM","N","52.6","3","12/24/2025 08:36 PM","L2-A/SF","941010004867192"
"A0059999810","Dog","Cypress - ADOPTED","01 year(s) 03 month(s) 07 day(s)"," Tan Terrier, Pit Bull / Mix","Trial Adoption","Foster","Trial Adoption","12/26/2024 12:00 AM","N","39.4","3","3/28/2026 11:00 AM","L3-SF","941010004145837"
"A0060000360","Dog","Pompey","01 year(s) 00 month(s) 07 day(s)"," Brown / Taupe Terrier, American Pit Bull / Mix","Available","Foster","Foster Home","3/26/2025 12:00 AM","S","44.2","2","12/26/2025 09:13 AM","L1","991003911588952"
"A0060000370","Dog","Denver","02 year(s) 03 month(s) 07 day(s)"," Black / Brown Mixed Breed, Large (over 44 lbs fully grown) / Mix","Urgent","Foster","Foster Home","12/26/2023 12:00 AM","N","58","3","3/5/2026 02:28 PM","L2-EA/OA/H","941010004976738"
"A0060004839","Dog","Anette","06 year(s) 01 month(s) 14 day(s)"," Bronze Mixed Breed, Medium (up to 44 lbs fully grown) / Mix","Available","Foster","Foster Home","2/19/2020 12:00 AM","S","55","3","12/27/2025 11:40 AM","L1","985113005393730"
"A0060007257","Dog","Queenie","03 year(s) 03 month(s) 05 day(s)"," Black Mixed Breed, Medium (up to 44 lbs fully grown) / Mix","Available","Foster","Foster Home","12/28/2022 12:00 AM","S","45","3","12/28/2025 03:33 AM","L1","941010005068601"
"A0060009593","Dog","Boomerang","04 year(s) 03 month(s) 03 day(s)"," Brown / White Terrier, American Pit Bull / Mix","Court","Dogs 201","9","12/30/2021 12:00 AM","M","69","1","12/29/2025 03:21 PM","L3-BR",""
"A0060009595","Dog","Ziga","04 year(s) 03 month(s) 03 day(s)"," Tan / White Terrier, American Pit Bull / Mix","Court","Dog Quarantine","B4","12/30/2021 12:00 AM","F","55.6","1","12/29/2025 03:21 PM","L3-BR",""
"A0060009596","Dog","Nonna","03 year(s) 03 month(s) 03 day(s)"," Tan / White Terrier, American Pit Bull / Mix","Court","Dogs 204","6","12/30/2022 12:00 AM","F","54.6","1","12/29/2025 03:21 PM","L2-OA",""
"A0060009597","Dog","Tevy","02 year(s) 03 month(s) 03 day(s)"," Tan / White Terrier, American Pit Bull / Mix","Court","Dog Quarantine","B3","12/30/2023 12:00 AM","M","49.2","1","12/29/2025 03:21 PM","L2-SF/OA",""
"A0060009599","Dog","Tavis","01 year(s) 03 month(s) 03 day(s)"," Tan / White Terrier, American Pit Bull / Mix","Court","Dog Quarantine","A3","12/30/2024 12:00 AM","M","56.2","1","12/29/2025 03:21 PM","L2-SF",""
"A0060012030","Dog","Bullseye","01 year(s) 06 month(s) 24 day(s)"," Brown / White Mixed Breed, Medium (up to 44 lbs fully grown) / Mix","Urgent","Foster","Foster Home","9/9/2024 12:00 AM","N","29.2","3","12/29/2025 01:12 PM","L3-A","941010004000649"
"A0060014800","Dog","Blue","02 year(s) 03 month(s) 03 day(s)"," Black / White Terrier, Pit Bull / Mix","Priority","Dogs 406","A7","12/30/2023 12:00 AM","N","67","3","12/29/2025 06:05 PM","L2-OA/LR/M&G","941010004979784"
"A0060016224","Dog","Jayla","01 year(s) 03 month(s) 02 day(s)"," Brown / White Mixed Breed, Medium (up to 44 lbs fully grown) / Mix","Available","Foster","Foster Home","12/31/2024 12:00 AM","S","46","3","3/8/2026 05:15 PM","L1","941010004676352"
"A0060017473","Dog","Mama Odie","03 year(s) 03 month(s) 02 day(s)"," Brown Mixed Breed, Large (over 44 lbs fully grown) / Mix","Available","Foster","Foster Home","12/31/2022 12:00 AM","S","52.6","3","12/30/2025 11:48 AM","L2-SF","941010004580831"
"A0060018734","Dog","Janis","02 year(s) 03 month(s) 02 day(s)"," Brown / White Terrier, Pit Bull / Mix","Priority","Puppy 48","1","12/31/2023 12:00 AM","S","45.8","3","12/30/2025 02:35 PM","L1","941010004508977"
"A0060021577","Cat","Xenomorph","00 year(s) 04 month(s) 28 day(s)"," Black / White Domestic Shorthair / Mix","Pending Behavior Assessment","Foster","Foster Home","11/5/2025 12:00 AM","N","3.5","1","12/30/2025 04:31 PM","L2-SF",""
"A0060021598","Cat","Babadook","00 year(s) 04 month(s) 28 day(s)","Harlequin / Tabby Grey / White Domestic Shorthair / Mix","Pending Behavior Assessment","Foster","Foster Home","11/5/2025 12:00 AM","S","3.5","1","12/30/2025 04:31 PM","L2-SF",""
"A0060022430","Dog","Tri","01 year(s) 03 month(s) 02 day(s)"," Black / White Mixed Breed, Medium (up to 44 lbs fully grown) / Mix","Priority","Dogs 606","A5","12/31/2024 12:00 AM","N","46.2","3","3/14/2026 02:47 PM","L2-SF","941010004953883"
"A0060023094","Dog","Ralphie","01 year(s) 03 month(s) 02 day(s)"," Brown / White Terrier, Pit Bull / Mix","Priority","Dogs 066","B4","12/31/2024 12:00 AM","N","55.2","3","12/30/2025 09:23 PM","L3-OA","941010005073160"
"A0060025585","Dog","Corn Syrup","03 year(s) 03 month(s) 02 day(s)"," Brown / White Mixed Breed, Medium (up to 44 lbs fully grown) / Mix","Priority","Dogs 506","A7","12/31/2022 12:00 AM","F","58.2","3","12/31/2025 01:50 PM","L2-RG","941010005025111"
"A0060026249","Dog","Gordon","00 year(s) 09 month(s) 01 day(s)"," Black / White Siberian Husky / Terrier, Pit Bull","Available","Foster","Foster Home","7/1/2025 12:00 AM","N","38","3","12/31/2025 02:26 PM","L1","941010004509296"
"A0060026829","Dog","Mr Squatch","06 year(s) 03 month(s) 01 day(s)"," Brown Terrier, Pit Bull / Mix","Available","Foster","Foster Home","1/1/2020 12:00 AM","N","66","3","1/25/2026 04:45 PM","L3-SD/BH","941010004663414"
"A0060028920","Dog","Ahri","07 year(s) 03 month(s) 00 day(s)"," Tan Mixed Breed, Medium (up to 44 lbs fully grown) / Mix","Priority","Puppy 47","3","1/2/2019 12:00 AM","S","95.4","3","1/1/2026 01:32 PM","L1","956000011965913"
"A0060031280","Dog","Remus - adopted!","04 year(s) 08 month(s) 28 day(s)"," Black / Brown Rottweiler / Mix","Rescue","Foster","Foster Home","7/5/2021 12:00 AM","N","77","3","1/2/2026 12:17 PM","L1","941010004547309"
"A0060032565","Dog","Albie","01 year(s) 02 month(s) 30 day(s)"," Brown Mixed Breed, Medium (up to 44 lbs fully grown) / Mix","Priority","Foster","Foster Home","1/3/2025 12:00 AM","S","43","2","1/2/2026 02:14 PM","L2-SF","941010004988836"
"A0060036403","Cat","Ghost","05 year(s) 02 month(s) 21 day(s)","Harlequin / Tabby White / Brown Domestic Shorthair / Mix","Available","Foster","Foster Home","1/12/2021 12:00 AM","N","8.5","2","1/3/2026 12:16 PM","L1","941010004857716"
"A0060038122","Dog","Gingersnap","02 year(s) 02 month(s) 29 day(s)"," Brown / White Mixed Breed, Medium (up to 44 lbs fully grown) / Mix","Urgent","Foster","Foster Home","1/4/2024 12:00 AM","S","47","3","1/3/2026 04:27 PM","L2-A","941010005082852"
"A0060038890","Dog","Lamelo","05 year(s) 02 month(s) 29 day(s)"," Black / Brown Mixed Breed, Medium (up to 44 lbs fully grown) / Mix","Available","Dogs 503","B3","1/4/2021 12:00 AM","S","57","1","1/3/2026 10:21 PM","L1",""
"A0060039715","Dog","Mister Worldwide","03 year(s) 02 month(s) 28 day(s)"," Grey Mixed Breed, Medium (up to 44 lbs fully grown) / Mix","Available","Foster","Foster Home","1/5/2023 12:00 AM","N","56","3","1/4/2026 01:00 PM","L1","941010005016235"
"A0060041145","Dog","Gwendolyn","01 year(s) 02 month(s) 28 day(s)","Tiger Brindle / Black Dutch Shepherd / Mix","Available","Puppy 48","3","1/5/2025 12:00 AM","S","38","3","1/5/2026 12:54 AM","L2-LB/OA","941010004708646"
"A0060042666","Dog","Gonzo","02 year(s) 02 month(s) 27 day(s)"," Grey / White Mixed Breed, Medium (up to 44 lbs fully grown) / Mix","Available","Foster","Foster Home","1/6/2024 12:00 AM","N","50","3","1/5/2026 11:15 AM","L1","941010004650600"
"A0060043610","Dog","Zara","04 year(s) 02 month(s) 20 day(s)"," Brown / Black Mixed Breed, Medium (up to 44 lbs fully grown) / Mix","Priority","Dogs 602","5","1/13/2022 12:00 AM","S","48.8","3","1/5/2026 12:29 PM","L2-SD","941010004157434"
"A0060046996","Dog","Mannie","05 year(s) 02 month(s) 27 day(s)"," Black / White Mixed Breed, Medium (up to 44 lbs fully grown) / Mix","Priority","Dogs 506","A6","1/6/2021 12:00 AM","N","54.2","3","1/5/2026 05:34 PM","L1","941010005086580"
"A0060052135","Dog","Starla","01 year(s) 00 month(s) 26 day(s)"," Black / White Mixed Breed, Medium (up to 44 lbs fully grown) / Mix","Priority","Dogs 601","9","3/7/2025 12:00 AM","S","36.8","3","2/26/2026 11:59 AM","L2-OA","941010004862003"
"A0060054346","Dog","Flippa","05 year(s) 02 month(s) 26 day(s)"," Grey Terrier, Pit Bull / Mix","Priority","Dogs 088","A8","1/7/2021 12:00 AM","S","47","3","2/4/2026 11:28 PM","L2-BR/SF","941010004858925"
"A0060057579","Dog","Syd the Sloth-adopted!","12 year(s) 02 month(s) 25 day(s)"," White / Grey Mixed Breed, Medium (up to 44 lbs fully grown) / Mix","Rescue","Foster","Foster Home","1/8/2014 12:00 AM","N","54.8","3","1/7/2026 12:39 PM","L1","941010004829320"
"A0060058126","Dog","Oreo","04 year(s) 02 month(s) 26 day(s)"," Black / White Mixed Breed, Medium (up to 44 lbs fully grown) / Mix","Pre-Euthanasia","Dogs 201","5","1/7/2022 12:00 AM","S","42","3","1/7/2026 01:51 PM","STAFF ONLY","941010004522672"
"A0060061069","Dog","Bronco","08 year(s) 02 month(s) 25 day(s)"," Black Mixed Breed, Large (over 44 lbs fully grown) / Mix","Available","Dogs 303","B5","1/8/2018 12:00 AM","N","73","3","1/7/2026 05:20 PM","L1","941010004801552"
"A0060061448","Dog","Flame","05 year(s) 02 month(s) 24 day(s)"," Buff / White Terrier, Pit Bull / Mix","Priority","Dogs 079","A2","1/9/2021 12:00 AM","N","61","3","3/13/2026 03:13 PM","L2-OA","941010004853427"
"A0060061827","Dog","Javalino","01 year(s) 08 month(s) 22 day(s)"," Tan Terrier, Pit Bull / Mix","Priority","Dogs 503","A4","7/11/2024 12:00 AM","N","61.2","3","1/7/2026 07:39 PM","L1","941010004822993"
"A0060062293","Dog","Fossy - ADOPTED","02 year(s) 02 month(s) 24 day(s)"," Black / White Terrier, Pit Bull / Mix","Adopted","Foster","Foster Home","1/9/2024 12:00 AM","S","49","3","1/8/2026 11:05 AM","L2-OA","941010004841467"
"A0060068151","Dog","Birdy","01 year(s) 01 month(s) 24 day(s)"," White / Black Mixed Breed, Medium (up to 44 lbs fully grown) / Mix","Available","Foster","Foster Home","2/9/2025 12:00 AM","S","43.2","3","1/8/2026 04:40 PM","L1","941010004863397"
"A0060069454","Dog","Jey Uso","06 year(s) 02 month(s) 23 day(s)"," Grey / White Mixed Breed, Large (over 44 lbs fully grown) / Mix","Identifying Info","Dogs 303","A2","1/10/2020 12:00 AM","M","70.6","2","3/31/2026 07:40 AM","L1","981020041777510"
"A0060074982","Dog","Madame","06 year(s) 02 month(s) 23 day(s)"," Brown / White Mixed Breed, Medium (up to 44 lbs fully grown) / Mix","Available","Foster","Foster Home","1/10/2020 12:00 AM","S","43","3","1/9/2026 04:52 PM","L1","911002001291807"
"A0060077278","Dog","Franz","02 year(s) 02 month(s) 22 day(s)"," Golden Mixed Breed, Large (over 44 lbs fully grown) / Mix","Urgent","Foster","Foster Home","1/11/2024 12:00 AM","N","58","3","1/10/2026 11:47 AM","L3-A/LB","941010004750490"
"A0060081557","Dog","Brownie- ADOPTED","00 year(s) 04 month(s) 03 day(s)"," Black / Tan Mixed Breed, Small (under 24 lbs fully grown) / Mix","Adopted","Foster","Foster Home","11/30/2025 12:00 AM","M","3.8","2","1/11/2026 02:50 PM","L1",""
"A0060088158","Dog","Handsome","02 year(s) 02 month(s) 20 day(s)"," Tan Siberian Husky / Mix","Available","Dogs 088","B6","1/13/2024 12:00 AM","N","55","3","3/5/2026 04:07 PM","L1","941010001649244"
"A0060094846","Cat","Penny","02 year(s) 02 month(s) 18 day(s)","Tuxedo Black / White Domestic Shorthair / Mix","SNR","Clinic","Clinic","1/15/2024 12:00 AM","S","8.2","1","4/2/2026 11:09 AM","STAFF ONLY",""
"A0060108607","Dog","Alcon-ADOPTED","04 year(s) 02 month(s) 17 day(s)"," Black / Brindle Mixed Breed, Large (over 44 lbs fully grown) / Mix","Adopted","Foster","Pre-Fix","1/16/2022 12:00 AM","M","65.8","3","1/15/2026 03:42 PM","L2-OA/M&G","941010004274196"
"A0060108641","Dog","Venue","01 year(s) 02 month(s) 17 day(s)"," Grey / White Mixed Breed, Medium (up to 44 lbs fully grown) / Mix","Pending Behavior Assessment","Dogs 301","9","1/16/2025 12:00 AM","S","46.2","3","1/15/2026 03:46 PM","STAFF ONLY","941010004834291"
"A0060110670","Dog","Eria","01 year(s) 01 month(s) 17 day(s)"," Buff / White Terrier, Pit Bull / Mix","Urgent","Foster","Foster Home","2/16/2025 12:00 AM","F","37.6","3","1/15/2026 11:38 PM","L2-OA","941010004016512"
"A0060115508","Dog","Boone","00 year(s) 08 month(s) 17 day(s)"," Black / White Terrier, American Pit Bull / Mix","Urgent","Foster","Foster Home","7/16/2025 12:00 AM","N","54.6","3","1/16/2026 04:37 PM","L2-SF","941010004267868"
"A0060117464","Dog","PAC","13 year(s) 02 month(s) 16 day(s)"," White / Black Terrier, Pit Bull / Mix","Available","Foster","Foster Home","1/17/2013 12:00 AM","N","47","3","1/17/2026 01:14 PM","L1","982000407627216"
"A0060118534","Dog","Toast","02 year(s) 02 month(s) 15 day(s)"," Brown / Tan Mixed Breed, Large (over 44 lbs fully grown) / Mix","Available","Foster","Foster Home","1/18/2024 12:00 AM","N","72.2","3","1/17/2026 01:42 PM","L2 - OA/EA","941010004860768"
"A0060121428","Dog","Henry","03 year(s) 02 month(s) 15 day(s)"," Grey / White Terrier, Pit Bull / Mix","Priority","Dogs 402","5","1/18/2023 12:00 AM","N","55","3","1/18/2026 12:42 PM","L3-SF/BH/RG","941010004726623"
"A0060121717","Dog","Brutus","02 year(s) 02 month(s) 14 day(s)"," Tan / Brown Mixed Breed, Medium (up to 44 lbs fully grown) / Mix","Urgent","Foster","Foster Home","1/19/2024 12:00 AM","N","55.6","3","1/18/2026 01:41 PM","L2-H/OA","941010004811050"
"A0060128031","Dog","Poptart","05 year(s) 02 month(s) 12 day(s)"," Black / White Mixed Breed, Medium (up to 44 lbs fully grown) / Mix","Priority","Dogs 606","B5","1/21/2021 12:00 AM","N","65","3","1/20/2026 11:28 AM","L1","941010004303733"
"A0060130108","Dog","Lady","02 year(s) 02 month(s) 12 day(s)"," Blond Mixed Breed, Medium (up to 44 lbs fully grown) / Mix","Urgent","Foster","Foster Home","1/21/2024 12:00 AM","S","49.4","3","1/20/2026 02:11 PM","L2-OA/JM","941010004246007"
"A0060134378","Dog","Scrat","02 year(s) 02 month(s) 11 day(s)"," Tan / White Terrier, American Pit Bull / Mix","Priority","Dogs 501","9","1/22/2024 12:00 AM","N","56.2","3","1/21/2026 10:56 AM","L2-BH/OA","941010003994485"
"A0060146766","Dog","Betty","04 year(s) 02 month(s) 10 day(s)"," Grey / White Mixed Breed, Large (over 44 lbs fully grown) / Mix","Priority","Foster","Foster Home","1/23/2022 12:00 AM","S","51.2","3","1/22/2026 05:00 PM","L2-SF","941010004321619"
"A0060146924","Dog","Snowman- ADOPTED","08 year(s) 02 month(s) 02 day(s)"," Brown Retriever, Labrador / Mix","Adopted","Foster","Pre-Fix","1/31/2018 12:00 AM","M","52","3","1/30/2026 12:03 PM","L1","941010004850469"
"A0060146934","Dog","Dude","07 year(s) 02 month(s) 11 day(s)"," Brown Retriever, Labrador / Mix","Available","Receiving 130","18","1/22/2019 12:00 AM","N","60","3","4/1/2026 12:54 PM","L2-SF","941010004870665"
"A0060147191","Dog","Shay","05 year(s) 02 month(s) 11 day(s)"," Black / White Bulldog, American / Mix","Priority","Dogs 603","A2","1/22/2021 12:00 AM","S","55","2","1/24/2026 02:37 PM","L3-A/SF/V","981020039533170"
"A0060152736","Dog","Guide","00 year(s) 08 month(s) 09 day(s)"," Tan Mixed Breed, Medium (up to 44 lbs fully grown) / Mix","Available","Foster","Foster Home","7/24/2025 12:00 AM","N","24","3","2/28/2026 01:39 PM","L1","941010004823923"
"A0060152786","Dog","Polka Spot","05 year(s) 02 month(s) 09 day(s)"," White / Black Mixed Breed, Medium (up to 44 lbs fully grown) / Mix","Priority","Dogs 088","A3","1/24/2021 12:00 AM","N","50","3","1/23/2026 04:46 PM","L1","941010004800541"
"A0060152927","Dog","Turkey","07 year(s) 08 month(s) 07 day(s)"," Tan Terrier, Pit Bull / Mix","Urgent","Foster","Foster Home","7/26/2018 12:00 AM","N","45","3","1/23/2026 05:05 PM","L2-BR","941010004861357"
"A0060154483","Dog","Bella-ADOPTED","10 year(s) 02 month(s) 00 day(s)"," White Mixed Breed, Medium (up to 44 lbs fully grown) / Mix","Trial Adoption","Foster","Trial Adoption","2/2/2016 12:00 AM","S","55","3","1/24/2026 11:22 AM","L1","941010004867727"
"A0060155127","Dog","Wynona","03 year(s) 02 month(s) 08 day(s)"," Black / White Retriever, Labrador / Terrier, Pit Bull","Priority","Dogs 081","A6","1/25/2023 12:00 AM","S","46.2","3","1/24/2026 03:13 PM","L2-BH","941010004831298"
"A0060155777","Dog","Tucker","04 year(s) 02 month(s) 08 day(s)"," Black / White Terrier, Pit Bull / Mix","Available","Foster","Foster Home","1/25/2022 12:00 AM","N","62","3","1/24/2026 03:32 PM","L3- JM/ LB","941010004115508"
"A0060156316","Dog","Royal","04 year(s) 03 month(s) 01 day(s)"," White / Black Mixed Breed, Medium (up to 44 lbs fully grown) / Mix","Priority","Dogs 401","4","1/1/2022 12:00 AM","S","60","3","1/24/2026 04:53 PM","L3-BR/SD","941010004794592"
"A0060163050","Dog","Culpepper","01 year(s) 01 month(s) 05 day(s)"," Tan / White Terrier, Pit Bull","Priority","Dogs 088","B8","2/28/2025 12:00 AM","N","48.6","3","1/27/2026 01:19 PM","L1","941010004865525"
"A0060165053","Dog","Suhweetie","01 year(s) 02 month(s) 06 day(s)"," Brown / White Bulldog, English / Mix","Priority","Dogs 401","6","1/27/2025 12:00 AM","F","50","3","1/27/2026 03:44 PM","L2-BH/OA",""
"A0060165141","Dog","Ridley-ADOPTED","03 year(s) 02 month(s) 05 day(s)"," Grey / White Terrier, Pit Bull","Trial Adoption","Foster","Trial Adoption","1/28/2023 12:00 AM","N","50.2","3","1/27/2026 01:20 PM","L1","941010004249648"
"A0060167567","Dog","Puppy 2- ADOPTED","00 year(s) 04 month(s) 21 day(s)"," Black Mixed Breed, Small (under 24 lbs fully grown) / Mix","Available","Dogs 067","C1","11/12/2025 12:00 AM","N","15.6","1","4/1/2026 03:45 PM","L1","941010004839118"
"A0060176953","Dog","Valentina","00 year(s) 07 month(s) 30 day(s)"," White / Black Terrier, Pit Bull / Mix","Available","Featured Dogs","54","8/3/2025 12:00 AM","S","30","3","3/26/2026 04:26 PM","L1","941010004715126"
"A0060177938","Dog","Chet","00 year(s) 08 month(s) 18 day(s)"," Brown Mixed Breed, Medium (up to 44 lbs fully grown) / Mix","Available","Dogs 306","B6","7/15/2025 12:00 AM","N","32.6","3","3/23/2026 11:55 AM","L1-H","941010004847563"
"A0060178388","Dog","Brenda","07 year(s) 02 month(s) 03 day(s)"," Tan Mixed Breed, Medium (up to 44 lbs fully grown) / Mix","Urgent","Foster","Foster Home","1/30/2019 12:00 AM","S","46.2","3","1/29/2026 11:54 AM","L2-SF","941010004823219"
"A0060178395","Dog","Micheal","10 year(s) 02 month(s) 03 day(s)"," Black Mixed Breed, Medium (up to 44 lbs fully grown) / Mix","Priority","Dogs 079","B1","1/30/2016 12:00 AM","N","58","3","1/29/2026 11:54 AM","L1","941010004807146"
"A0060182881","Dog","Kingsman","05 year(s) 06 month(s) 15 day(s)"," Black / Brown Dutch Shepherd / Mix","Available","Dogs 402","4","9/18/2020 12:00 AM","M","61.4","3","3/12/2026 03:42 PM","L2-SF/RG","941010004012145"
"A0060183428","Dog","August","01 year(s) 02 month(s) 04 day(s)"," Grey / White Mixed Breed, Medium (up to 44 lbs fully grown) / Mix","Priority","Dogs 501","6","1/29/2025 12:00 AM","N","63.8","3","1/29/2026 07:27 PM","L3-OA","985113009871711"
"A0060183763","Dog","Ivy Thorn","01 year(s) 08 month(s) 01 day(s)"," Black Mixed Breed, Medium (up to 44 lbs fully grown) / Mix","Priority","Dogs 306","A2","8/1/2024 12:00 AM","F","64.6","3","1/29/2026 08:30 PM","L2-H/SF","985113010492040"
"A0060185876","Dog","Champ","02 year(s) 02 month(s) 01 day(s)"," Brown Mixed Breed, Large (over 44 lbs fully grown) / Mix","Priority","Foster","Foster Home","2/1/2024 12:00 AM","N","65.6","3","1/30/2026 11:21 AM","L3 SF/A","941010004818350"
"A0060186832","Dog","Baylor","02 year(s) 08 month(s) 02 day(s)"," Black / White Terrier, Pit Bull","Priority","Foster","Foster Home","7/31/2023 12:00 AM","N","66.2","3","1/30/2026 12:55 PM","L1","941010004045507"
"A0060188539","Dog","Maxx","04 year(s) 00 month(s) 18 day(s)"," Brown / Black Mixed Breed, Large (over 44 lbs fully grown) / Mix","Priority","Dogs 602","4","3/15/2022 12:00 AM","M","57","3","1/30/2026 02:36 PM","L3-A/SF",""
"A0060193137","Dog","DRAKO","07 year(s) 02 month(s) 01 day(s)","Brindle Brown / Black Terrier, Pit Bull / Mix","Available","Foster","Foster Home","2/1/2019 12:00 AM","N","70","3","1/31/2026 02:51 PM","L2 BR/A","981020000619960"
"A0060196494","Dog","Pad Thai-ADOPTED","02 year(s) 01 month(s) 30 day(s)"," Tan Mixed Breed, Medium (up to 44 lbs fully grown) / Mix","Trial Adoption","Foster","Trial Adoption","2/3/2024 12:00 AM","N","51","3","2/16/2026 11:12 AM","L3-BR/OA","941010004067744"
"A0060196612","Dog","Amaryllis","03 year(s) 02 month(s) 01 day(s)"," Black / White Terrier, American Pit Bull / Mix","Priority","Dogs 502","4","2/1/2023 12:00 AM","S","38","3","2/1/2026 02:33 PM","L3 - SF/SD","941010004133162"
"A0060196835","Dog","Sage","01 year(s) 02 month(s) 00 day(s)"," Brown / White Mixed Breed, Medium (up to 44 lbs fully grown) / Mix","Available","Foster","Foster Home","2/2/2025 12:00 AM","N","31","3","2/1/2026 03:25 PM","L1","985112012064452"
"A0060197066","Dog","Whales","03 year(s) 02 month(s) 00 day(s)"," Black / White Mixed Breed, Large (over 44 lbs fully grown) / Mix","Priority","Dogs 067","B5","2/2/2023 12:00 AM","N","52.8","3","2/1/2026 05:39 PM","L2-LR","941010004946884"
"A0060197247","Dog","Sammie","01 year(s) 08 month(s) 01 day(s)"," Grey / White Terrier, Pit Bull / Mix","Priority","Dogs 403","B6","8/1/2024 12:00 AM","N","50","3","2/1/2026 06:35 PM","L2-SF","941010004496379"
"A0060199796","Dog","Dorothy-ADOPTED","02 year(s) 01 month(s) 30 day(s)"," Black / White Mixed Breed, Medium (up to 44 lbs fully grown) / Mix","Trial Adoption","Foster","Trial Adoption","2/3/2024 12:00 AM","S","33.4","3","2/2/2026 12:46 PM","L1","941010004845972"
"A0060201542","Dog","Coco Nibbles","05 year(s) 02 month(s) 00 day(s)"," Black / White Mixed Breed, Medium (up to 44 lbs fully grown) / Mix","Priority","Dogs 068","B5","2/2/2021 12:00 AM","S","43","3","2/2/2026 03:35 PM","L2-JM","982091072948981"
"A0060202189","Dog","Vigilant","06 year(s) 01 month(s) 30 day(s)"," Brown / White Mixed Breed, Medium (up to 44 lbs fully grown) / Mix","Priority","Dogs 306","A3","2/3/2020 12:00 AM","N","59","3","2/2/2026 04:53 PM","L1",""
"A0060204491","Cat","Toastadito-ADOPTED","00 year(s) 07 month(s) 30 day(s)"," Orange / White Domestic Shorthair / Mix","Adopted","Foster","Pre-Fix","8/3/2025 12:00 AM","M","6.22","1","2/3/2026 11:10 AM","L1","941010004848150"
"A0060205290","Dog","Richard","02 year(s) 01 month(s) 30 day(s)"," Black / White Mixed Breed, Large (over 44 lbs fully grown) / Mix","Priority","Foster","Foster Home","2/3/2024 12:00 AM","N","73","3","2/3/2026 12:16 PM","L2-A","941010004301942"
"A0060206886","Dog","Betty Mighty","00 year(s) 11 month(s) 30 day(s)"," White / Tan Terrier, Pit Bull / Mix","Available","Foster","Foster Home","4/3/2025 12:00 AM","S","30.8","3","2/3/2026 03:05 PM","L1","941010004846960"
"A0060207076","Dog","Dr Red","00 year(s) 11 month(s) 30 day(s)"," Red / White Terrier, Pit Bull / Mix","Priority","Dogs 401","2","4/3/2025 12:00 AM","N","37.4","3","2/3/2026 03:05 PM","L3- A/ MG","941010004155586"
"A0060207526","Dog","Max","01 year(s) 01 month(s) 29 day(s)"," White / Black Mixed Breed, Medium (up to 44 lbs fully grown) / Mix","Available","Foster","Foster Home","2/4/2025 12:00 AM","N","48.2","3","2/3/2026 03:15 PM","L2-A/BH","941010004041369"
"A0060208636","Dog","Mama Girl","01 year(s) 01 month(s) 27 day(s)"," Tan / White Mixed Breed, Medium (up to 44 lbs fully grown) / Mix","Priority","Dogs 406","B4","2/6/2025 12:00 AM","S","43.6","2","2/3/2026 05:07 PM","L3-BR/SF","941010004042602"
"A0060211019","Dog","Hanky","07 year(s) 01 month(s) 28 day(s)"," Grey / White Terrier, Pit Bull / Mix","Priority","Dogs 306","B7","2/5/2019 12:00 AM","M","61.8","1","2/4/2026 11:07 AM","L2-OA","941010004067703"
"A0060214162","Cat","Cake Frosting-ADOPTED","00 year(s) 03 month(s) 28 day(s)"," Grey / White Domestic Shorthair / Mix","Adopted","Foster","Pre-Fix","12/5/2025 12:00 AM","M","2.25","1","2/4/2026 03:19 PM","L1","941010004132296"
"A0060214776","Cat","Mochi- ADOPTED","00 year(s) 03 month(s) 28 day(s)"," Black / White Domestic Shorthair / Mix","Adopted","Foster","Pre-Fix","12/5/2025 12:00 AM","M","1.93","1","2/4/2026 04:24 PM","L1","941010004133310"
"A0060215683","Dog","King-ADOPTED","00 year(s) 07 month(s) 29 day(s)"," White / Brindle Terrier, Pit Bull / Mix","Trial Adoption","Foster","Trial Adoption","8/4/2025 12:00 AM","N","50","3","2/4/2026 06:41 PM","L1","941010004843755"
"A0060218498","Dog","Iconic","04 year(s) 01 month(s) 27 day(s)"," Black / White Boxer / Mix","Priority","Dogs 606","B2","2/6/2022 12:00 AM","N","46.6","3","2/5/2026 02:06 PM","L1","941010004029860"
"A0060222349","Dog","Morocco","01 year(s) 07 month(s) 23 day(s)"," Tan Mixed Breed, Medium (up to 44 lbs fully grown) / Mix","Available","Dogs 503","A2","8/10/2024 12:00 AM","N","54.2","3","3/28/2026 02:30 PM","L1","985113010236268"
"A0060225234","Dog","Spike","07 year(s) 07 month(s) 15 day(s)"," Black / Brown Mastiff / Mix","Priority","Dogs 502","2","8/18/2018 12:00 AM","N","83.5","3","2/6/2026 12:49 PM","L3-A","941010004037072"
"A0060228595","Dog","Haller","03 year(s) 07 month(s) 24 day(s)"," Brown Mixed Breed, Medium (up to 44 lbs fully grown) / Mix","Caution-Not Visible","Dogs 302","2","8/9/2022 12:00 AM","N","58","3","3/29/2026 03:19 PM","STAFF ONLY","941010004070375"
"A0060228739","Dog","Ness","02 year(s) 01 month(s) 26 day(s)"," Brindle Mixed Breed, Medium (up to 44 lbs fully grown) / Mix","Priority","Dogs 506","B2","2/7/2024 12:00 AM","N","53.2","3","2/6/2026 07:59 PM","L1","985113010491380"
"A0060231347","Dog","Apollo- ADOPTED","06 year(s) 01 month(s) 25 day(s)"," Brown / White Bulldog, American / Mix","Adopted","Foster","Pre-Fix","2/8/2020 12:00 AM","M","56","1","2/7/2026 09:03 PM","L1","941000030438020"
"A0060235500","Cat","Carabiner -ADOPTED","00 year(s) 05 month(s) 23 day(s)","Tabby White / Brown Domestic Shorthair / Mix","Adopted","Foster","Pre-Fix","10/10/2025 12:00 AM","M","2.56","1","2/9/2026 11:35 AM","L1",""
"A0060235705","Dog","Birdie","07 year(s) 01 month(s) 16 day(s)"," Brindle / White Mixed Breed, Medium (up to 44 lbs fully grown) / Mix","Available","Foster","Foster Home","2/17/2019 12:00 AM","S","36.4","1","2/9/2026 11:55 AM","L3-SF","941010004019711"
"A0060235968","Dog","Carlotta","07 year(s) 01 month(s) 24 day(s)"," Black / White Bulldog / Mix","Priority","Featured Dogs","52","2/9/2019 12:00 AM","F","48.5","3","2/9/2026 12:33 PM","L2-SF",""
"A0060238116","Dog","Ryder","06 year(s) 01 month(s) 23 day(s)"," Brown / White Mixed Breed, Medium (up to 44 lbs fully grown) / Mix","Priority","Dogs 603","A5","2/10/2020 12:00 AM","N","45","3","2/9/2026 03:25 PM","L2-RG","941010004840034"
"A0060238546","Cat","Lenny- ADOPTED","04 year(s) 01 month(s) 24 day(s)","Harlequin Grey / White Domestic Shorthair / Mix","Adopted","Foster","Pre-Fix","2/9/2022 12:00 AM","N","12.6","1","2/9/2026 04:14 PM","L1","941010004163371"
"A0060239144","Dog","Diamond-ADOPTED","11 year(s) 01 month(s) 24 day(s)"," White Mixed Breed, Small (under 24 lbs fully grown) / Mix","Adopted","Foster","Pre-Fix","2/9/2015 12:00 AM","F","12.8","2","2/26/2026 02:21 PM","L1","941010004108430"
"A0060239321","Dog","Miles major","05 year(s) 01 month(s) 23 day(s)"," White / Grey Terrier, Pit Bull / Mix","Available","Foster","Foster Home","2/10/2021 12:00 AM","N","43","3","2/9/2026 06:33 PM","L1","941010004812222"
"A0060239953","Dog","Sapphire","00 year(s) 06 month(s) 27 day(s)"," Brown / Black Mixed Breed, Small (under 24 lbs fully grown) / Mix","Available","Foster","Foster Home","9/6/2025 12:00 AM","S","26","2","2/10/2026 12:30 AM","L1","941010004842898"
"A0060241803","Dog","Beetroot - ADOPTED","02 year(s) 01 month(s) 22 day(s)"," Brown / White Terrier, Pit Bull / Mix","Adopted","Foster","Pre-Fix","2/11/2024 12:00 AM","M","77.4","3","2/10/2026 03:20 PM","L1","941010004846778"
"A0060243366","Dog","Chloe","02 year(s) 01 month(s) 23 day(s)"," Tan / White Mixed Breed, Medium (up to 44 lbs fully grown) / Mix","Available","Foster","Foster Home","2/10/2024 12:00 AM","S","45","2","2/10/2026 01:34 PM","L3 SF","941010004283468"
"A0060244574","Dog","Junior","03 year(s) 01 month(s) 01 day(s)"," Apricot Mixed Breed, Medium (up to 44 lbs fully grown) / Mix","Priority","Dogs 066","B1","3/1/2023 12:00 AM","N","30.2","3","3/1/2026 04:59 PM","L2-SF","985113009358891"
"A0060245040","Dog","Pinga","01 year(s) 07 month(s) 20 day(s)"," Black / White Mixed Breed, Medium (up to 44 lbs fully grown) / Mix","Priority","Dogs 602","2","8/13/2024 12:00 AM","S","45","3","2/10/2026 03:37 PM","L2-RG","941010004163003"
"A0060246210","Cat","Riot- ADOPTED","00 year(s) 03 month(s) 03 day(s)"," Orange / White Domestic Shorthair / Mix","Adopted","Foster","Pre-Fix","12/30/2025 12:00 AM","M","1.12","1","2/10/2026 05:27 PM","L1",""
"A0060246471","Dog","Ainsley- ADOPTED","03 year(s) 01 month(s) 23 day(s)"," Black Mixed Breed, Large (over 44 lbs fully grown) / Mix","Adopted","Foster","Pre-Fix","2/10/2023 12:00 AM","F","54","3","2/10/2026 06:15 PM","L1","941010004016807"
"A0060247023","Cat","Duchess","00 year(s) 02 month(s) 05 day(s)"," Black / Orange Domestic Medium Hair / Mix","Under Age","Foster","Foster Home","1/28/2026 12:00 AM","F","1.2","2","2/10/2026 09:02 PM","L1",""
"A0060247027","Cat","Cleo","00 year(s) 02 month(s) 05 day(s)"," Black / White Domestic Medium Hair / Mix","Under Age","Foster","Foster Home","1/28/2026 12:00 AM","F","1.2","2","2/10/2026 09:05 PM","L1",""
"A0060247039","Dog","Sidney","09 year(s) 01 month(s) 12 day(s)"," White / Black Mixed Breed, Medium (up to 44 lbs fully grown) / Mix","Available","Dogs 079","A4","2/21/2017 12:00 AM","F","43.2","3","2/11/2026 12:43 AM","L1","941010004158390"
"A0060248355","Dog","Catty-ADOPTED","04 year(s) 01 month(s) 21 day(s)"," Grey Terrier, Pit Bull / Mix","Adopted","Foster","Pre-Fix","2/12/2022 12:00 AM","M","41.4","3","2/11/2026 12:14 PM","L3-BR/SF","941010004046580"
"A0060249395","Dog","Panda","07 year(s) 01 month(s) 21 day(s)"," Grey / White Mixed Breed, Medium (up to 44 lbs fully grown) / Mix","Priority","Dogs 606","B1","2/12/2019 12:00 AM","N","55","3","2/11/2026 12:42 PM","L1","941010004025765"
"A0060251698","Dog","Boomer","05 year(s) 01 month(s) 21 day(s)"," Brown Mixed Breed, Medium (up to 44 lbs fully grown) / Mix","Priority","Dogs 402","3","2/12/2021 12:00 AM","N","52.6","3","2/11/2026 03:55 PM","L2-LB","941010004038203"
"A0060251921","Dog","Maggie","05 year(s) 01 month(s) 22 day(s)"," Brown Terrier, Pit Bull / Mix","Priority","Dogs 306","A1","2/11/2021 12:00 AM","S","50.8","3","2/24/2026 01:14 PM","L2-BH","982091068219823"
"A0060253407","Dog","Ruby","05 year(s) 01 month(s) 21 day(s)"," Brindle / White Terrier, Pit Bull / Mix","Available","Foster","Foster Home","2/12/2021 12:00 AM","F","71.4","3","2/11/2026 11:33 PM","L1",""
"A0060254922","Dog","Green 77","03 year(s) 01 month(s) 19 day(s)"," Tan / White Mixed Breed, Medium (up to 44 lbs fully grown) / Mix","Available","Dogs 503","A6","2/14/2023 12:00 AM","S","46","3","2/12/2026 11:13 AM","L1","982091067130078"
"A0060257021","Dog","Fallon","01 year(s) 01 month(s) 20 day(s)"," Brown / Tan Terrier, Pit Bull / Australian Shepherd","Available","Dogs 079","A3","2/13/2025 12:00 AM","S","32","3","2/12/2026 02:32 PM","L1","941010004049680"
"A0060258353","Dog","Batman","00 year(s) 11 month(s) 21 day(s)"," Black Retriever, Labrador / Mix","Pending Behavior Assessment","Dogs 301","3","4/12/2025 12:00 AM","M","","1","3/26/2026 12:39 PM","STAFF ONLY",""
"A0060259729","Dog","Brian-ADOPTED","01 year(s) 07 month(s) 18 day(s)"," Brindle Terrier, American Pit Bull / Mix","Adopted","Foster","Pre-Fix","8/15/2024 12:00 AM","M","70","1","2/12/2026 08:19 PM","L2 - OA/FJ","941010003982645"
"A0060261356","Dog","Shrek","03 year(s) 01 month(s) 19 day(s)"," Tan Terrier, Pit Bull / Mix","Priority","Dogs 502","5","2/14/2023 12:00 AM","N","45.6","3","2/13/2026 11:57 AM","L3-OA/BR","941010004201609"
"A0060263317","Dog","Beyonce-Knowles","00 year(s) 03 month(s) 01 day(s)"," Apricot Mixed Breed, Medium (up to 44 lbs fully grown) / Mix","Available","Flex","84","1/1/2026 12:00 AM","F","10.2","1","3/31/2026 11:26 AM","L2-SF","941010004760544"
"A0060263329","Cat","Meowalcom X","00 year(s) 02 month(s) 20 day(s)"," Brown / White Domestic Shorthair / Mix","Adopted","Foster","Pre-Fix","1/13/2026 12:00 AM","M","2.8","3","2/13/2026 02:50 PM","L1",""
"A0060263362","Cat","Maya Meowlou","00 year(s) 02 month(s) 20 day(s)"," Orange / Brown Domestic Shorthair / Mix","Adopted","Foster","Pre-Fix","1/13/2026 12:00 AM","M","2.5","3","2/13/2026 02:50 PM","L1",""
"A0060263435","Dog","Kelly Rowland","00 year(s) 03 month(s) 01 day(s)"," White / Brown Mixed Breed, Medium (up to 44 lbs fully grown) / Mix","Available","Flex","84","1/1/2026 12:00 AM","F","11.2","1","3/31/2026 11:26 AM","L2-SF","941010004735725"
"A0060263441","Dog","LaTavia-Roberson","00 year(s) 03 month(s) 01 day(s)"," Brown / Black Mixed Breed, Small (under 24 lbs fully grown) / Mix","Available","Flex","84","1/1/2026 12:00 AM","F","12.8","2","3/31/2026 11:26 AM","L2-SF","941010004719190"
"A0060263448","Dog","Michelle Williams","00 year(s) 03 month(s) 01 day(s)"," White / Brown Mixed Breed, Small (under 24 lbs fully grown) / Mix","Available","Flex","84","1/1/2026 12:00 AM","F","13.6","1","3/31/2026 11:26 AM","L2-SF","941010004484697"
"A0060265533","Dog","Big Baby","02 year(s) 07 month(s) 16 day(s)"," Grey / White Mixed Breed, Large (over 44 lbs fully grown) / Mix","Priority","Foster","Foster Home","8/17/2023 12:00 AM","M","82.6","2","2/13/2026 07:40 PM","L3-SF","941010004135739"
"A0060265625","Dog","Nolan","03 year(s) 01 month(s) 18 day(s)"," Brown Mixed Breed, Medium (up to 44 lbs fully grown) / Mix","Priority","Featured Dogs","56","2/15/2023 12:00 AM","M","55.4","2","2/13/2026 09:02 PM","L2-SF",""
"A0060266687","Cat","Ginger","","Tabby Orange / White Domestic Shorthair / Mix","Available","Foster","Foster Home","","F","9","3","2/14/2026 12:38 PM","","941010004071504"
"A0060266692","Cat","Oliver","00 year(s) 01 month(s) 23 day(s)","Tabby Orange / White Domestic Shorthair / Mix","Under Age","Foster","Foster Home","2/10/2026 12:00 AM","F","1.1","3","2/14/2026 12:38 PM","",""
"A0060268259","Cat","Safio Golo-ADOPTED","00 year(s) 04 month(s) 19 day(s)"," Grey Domestic Longhair / Mix","Adopted","Foster","Pre-Fix","11/14/2025 12:00 AM","M","3.5","1","2/14/2026 05:30 PM","L1",""
"A0060268329","Dog","Rockette","01 year(s) 01 month(s) 17 day(s)"," Grey Terrier, American Pit Bull / Mix","Available","Foster","Foster Home","2/16/2025 12:00 AM","S","26","3","2/14/2026 05:47 PM","L2-SF/BR","941010004035645"
"A0060272500","Dog","Bullarina","06 year(s) 01 month(s) 16 day(s)"," Brown / White Terrier, Pit Bull / Mix","Available","Dogs 606","B4","2/17/2020 12:00 AM","S","64","3","2/16/2026 02:37 PM","L1","941010004990600"
"A0060272652","Dog","Bryanne Of Tarth","00 year(s) 09 month(s) 16 day(s)","Merle Tan / White Mixed Breed, Medium (up to 44 lbs fully grown) / Mix","Available","Dogs 303","B1","6/17/2025 12:00 AM","S","40.2","3","2/16/2026 01:58 PM","L1","941010004948835"
"A0060272711","Dog","Remus Lupin","03 year(s) 01 month(s) 17 day(s)"," White / Black Mixed Breed, Large (over 44 lbs fully grown) / Mix","Available","Dogs 503","B4","2/16/2023 12:00 AM","N","56.6","2","3/12/2026 07:34 PM","L2-SF","941010004132979"
"A0060276457","Dog","Shiloh","03 year(s) 01 month(s) 14 day(s)"," Tan German Shepherd / Mix","Priority","Featured Dogs","55","2/19/2023 12:00 AM","S","62.4","3","2/17/2026 11:30 AM","L2-OA","941010004060364"
"A0060277089","Dog","Jesse Jackson","00 year(s) 09 month(s) 15 day(s)"," Black Mixed Breed, Small (under 24 lbs fully grown) / Mix","Priority","Dogs 501","5","6/18/2025 12:00 AM","N","54","3","2/17/2026 12:20 PM","L2-LB","941010004015989"
"A0060277543","Cat","Laundry Detergent","00 year(s) 01 month(s) 23 day(s)"," Tan / Black Domestic Shorthair / Mix","Under Age","Foster","Foster Home","2/10/2026 12:00 AM","M","9","1","2/17/2026 01:03 PM","L1",""
"A0060277557","Cat","Scent Beads","00 year(s) 01 month(s) 23 day(s)"," Tan / Black Domestic Shorthair / Mix","Under Age","Foster","Foster Home","2/10/2026 12:00 AM","M","11","1","2/17/2026 01:03 PM","L1",""
"A0060277568","Cat","Lint Roll","00 year(s) 01 month(s) 23 day(s)","Tabby Tan / Black Domestic Shorthair / Mix","Under Age","Foster","Foster Home","2/10/2026 12:00 AM","F","0.5","1","2/17/2026 01:03 PM","L1",""
"A0060277581","Cat","Dryer Sheet","00 year(s) 01 month(s) 23 day(s)"," Black / White Domestic Shorthair / Mix","Under Age","Foster","Foster Home","2/10/2026 12:00 AM","M","6","1","2/17/2026 01:03 PM","L1",""
"A0060277607","Cat","Ironing Board","00 year(s) 01 month(s) 23 day(s)"," Black / Orange Domestic Shorthair / Mix","Under Age","Foster","Foster Home","2/10/2026 12:00 AM","F","0.6","1","2/17/2026 01:03 PM","L1",""
"A0060278660","Dog","Daza - ADOPTED","00 year(s) 03 month(s) 16 day(s)"," Black / Tan Mixed Breed, Small (under 24 lbs fully grown) / Mix","Adopted","Foster","Pre-Fix","12/17/2025 12:00 AM","M","7.5","1","2/17/2026 02:36 PM","L1","941010004222896"
"A0060278935","Dog","Dude","08 year(s) 01 month(s) 16 day(s)"," Grey / White Bully American  - Standard / Mix","Priority","Foster","Foster Home","2/17/2018 12:00 AM","N","44","3","2/21/2026 12:44 PM","L2-SF/BH","941010004509822"
"A0060281154","Dog","Wanda","03 year(s) 01 month(s) 14 day(s)"," Tan German Shepherd / Mix","Priority","Dogs 302","3","2/19/2023 12:00 AM","S","55","3","2/17/2026 06:41 PM","L3-SF/BH",""
"A0060281489","Dog","Olive","02 year(s) 01 month(s) 15 day(s)"," Tan Terrier, Pit Bull / Mix","Available","Dogs 088","B10","2/18/2024 12:00 AM","N","52","3","2/17/2026 09:31 PM","L1","981020051355058"
"A0060281627","Dog","Jake Ballard",""," Black / White Mixed Breed, Medium (up to 44 lbs fully grown) / Mix","Court","Dogs 201","2","","M","55","1","2/18/2026 01:38 AM","STAFF ONLY",""
"A0060282005","Dog","Roller Rink","04 year(s) 01 month(s) 14 day(s)"," Brown / White Terrier, American Pit Bull / Mix","Priority","Dogs 601","5","2/19/2022 12:00 AM","N","62","3","2/18/2026 09:41 AM","L3-H/OA/RG","941010004086495"
"A0060282377","Dog","Zippy","02 year(s) 01 month(s) 15 day(s)"," Black / White Mixed Breed, Medium (up to 44 lbs fully grown) / Mix","Priority","Dogs 064","A4","2/18/2024 12:00 AM","N","53.4","3","2/18/2026 10:51 AM","L3-A","941010003976660"
"A0060283968","Dog","Bunny","02 year(s) 07 month(s) 14 day(s)"," White Terrier, Pit Bull / Terrier, Bull","Priority","Dogs 401","7","8/19/2023 12:00 AM","F","","3","2/18/2026 12:49 PM","L2-SD/BR",""
"A0060287368","Dog","Alex","07 year(s) 01 month(s) 14 day(s)"," Brown / White Mixed Breed, Medium (up to 44 lbs fully grown) / Mix","Available","Dogs 403","B2","2/19/2019 12:00 AM","M","50","3","2/18/2026 05:07 PM","L3-OD","941010004027596"
"A0060288269","Dog","King J","05 year(s) 01 month(s) 15 day(s)"," Brown Terrier, Pit Bull / Mix","Priority","Dogs 068","A2","2/18/2021 12:00 AM","N","56.6","3","2/18/2026 08:03 PM","L2-OA/BR","985113009343291"
"A0060288426","Dog","Rosa","02 year(s) 01 month(s) 14 day(s)"," Brown / White Mixed Breed, Medium (up to 44 lbs fully grown) / Mix","Priority","Dogs 506","A4","2/19/2024 12:00 AM","S","56","2","2/18/2026 10:53 PM","L2-LR","941010004040086"
"A0060288508","Dog","Geronimo","03 year(s) 01 month(s) 13 day(s)"," Brindle / White Terrier, Pit Bull / Mix","Priority","Dogs 401","9","2/20/2023 12:00 AM","N","47","3","2/19/2026 02:38 PM","L3-A/SF","941010004160674"
"A0060291396","Dog","The Lady Chablis-ADOPTED","03 year(s) 01 month(s) 13 day(s)"," Grey / White Mixed Breed, Large (over 44 lbs fully grown) / Mix","Trial Adoption","Foster","Trial Adoption","2/20/2023 12:00 AM","S","46.2","3","2/19/2026 01:08 PM","L1","941010004036399"
"A0060291815","Dog","Diesel","06 year(s) 01 month(s) 14 day(s)"," Grey / White Mixed Breed, Medium (up to 44 lbs fully grown) / Mix","Available","Dogs 406","A3","2/19/2020 12:00 AM","N","64.4","3","2/19/2026 01:41 PM","L1","941010004032937"
"A0060292027","Dog","Harrison Wright","02 year(s) 01 month(s) 13 day(s)"," Black / Tan Bully American  - Standard / Mix","Court","Dog ISO 155","A3","2/20/2024 12:00 AM","M","62","2","2/19/2026 03:30 PM","L2-SF",""
"A0060292048","Dog","Gandalf the Gray","14 year(s) 01 month(s) 13 day(s)"," Grey Mixed Breed, Large (over 44 lbs fully grown) / Mix","Available","Foster","Foster Home","2/20/2012 12:00 AM","N","62.2","1","2/19/2026 02:04 PM","L1","985113005999658"
"A0060292070","Dog","Purdy","04 year(s) 01 month(s) 13 day(s)"," Grey Terrier, Pit Bull","Priority","Dogs 303","B4","2/20/2022 12:00 AM","S","39","2","2/19/2026 02:25 PM","L2-BR","941010004019524"
"A0060292308","Dog","Zima-ADOPTED","03 year(s) 01 month(s) 13 day(s)"," Grey / Brown Mixed Breed, Small (under 24 lbs fully grown) / Mix","Trial Adoption","Foster","Trial Adoption","2/20/2023 12:00 AM","S","6","1","2/19/2026 02:50 PM","L2-SF","941010004018070"
"A0060294791","Dog","Cannon","05 year(s) 01 month(s) 14 day(s)"," Grey Mixed Breed, Large (over 44 lbs fully grown) / Mix","Available","Foster","Foster Home","2/19/2021 12:00 AM","N","89","3","2/28/2026 03:37 PM","L1","941010004026169"
"A0060295209","Dog","Zekrom - ADOPTED",""," Black / Brown Rottweiler / Mix","Adopted","Foster","Pre-Fix","","M","87","3","2/19/2026 09:28 PM","L3- BH/A","941010004753588"
"A0060295212","Dog","Abby Whelan","01 year(s) 01 month(s) 12 day(s)"," Tan Retriever / Mix","Court","Dog ISO 155","A4","2/21/2025 12:00 AM","S","58.8","1","2/19/2026 07:00 PM","L1","941010004089403"
"A0060295416","Dog","CHEWY","09 year(s) 01 month(s) 13 day(s)"," Black / White Terrier, Pit Bull / Mix","Priority","Dogs 306","A6","2/20/2017 12:00 AM","N","60.6","3","2/20/2026 08:10 AM","L2-BH","985141002221853"
"A0060297231","Dog","Milo","01 year(s) 00 month(s) 13 day(s)"," Brown / White Mixed Breed, Small (under 24 lbs fully grown) / Mix","Available","Foster","Foster Home","3/20/2025 12:00 AM","N","37.8","3","2/20/2026 11:45 AM","L1","941010004059560"
"A0060300232","Dog","Tater","00 year(s) 08 month(s) 12 day(s)"," Brown Mixed Breed, Medium (up to 44 lbs fully grown) / Mix","Available","Dogs 506","B4","7/21/2025 12:00 AM","N","34","3","2/18/2026 04:29 PM","L1","941010004011204"
"A0060301145","Dog","Patrick Paws","02 year(s) 01 month(s) 12 day(s)"," Tan Mixed Breed, Large (over 44 lbs fully grown) / Mix","Priority","Dogs 506","B5","2/21/2024 12:00 AM","N","49.4","3","2/20/2026 06:40 PM","L2-OA","941010004021682"
"A0060301668","Dog","Travis","01 year(s) 01 month(s) 12 day(s)"," Black Mixed Breed, Medium (up to 44 lbs fully grown) / Mix","Priority","Dogs 064","B3","2/21/2025 12:00 AM","N","43.8","3","2/20/2026 10:07 PM","L2-BR/OA","941010004163110"
"A0060302187","Dog","CHURRO","02 year(s) 01 month(s) 12 day(s)"," Black / White Chihuahua, Short Coat / Pomeranian","Available","Dogs 079","A5","2/21/2024 12:00 AM","N","31","3","3/30/2026 11:39 AM","L3-H/SD","985141008136185"
"A0060302456","Dog","Lina-ADOPTED","01 year(s) 01 month(s) 12 day(s)"," Brown / White Mixed Breed, Medium (up to 44 lbs fully grown) / Mix","Adopted","Foster","Pre-Fix","2/21/2025 12:00 AM","F","45.2","3","2/21/2026 11:45 AM","L3-SF/SD","941010004066748"
"A0060303816","Dog","Kamara- ADOPTED","00 year(s) 08 month(s) 12 day(s)"," Brown Mixed Breed, Medium (up to 44 lbs fully grown) / Mix","Trial Adoption","Foster","Trial Adoption","7/21/2025 12:00 AM","S","35.2","3","2/21/2026 03:21 PM","L1","941010004068166"
"A0060304685","Dog","Duece","03 year(s) 01 month(s) 11 day(s)"," Brindle Mixed Breed, Large (over 44 lbs fully grown) / Mix","Court","Dog ISO 156","K2","2/22/2023 12:00 AM","M","89.6","1","2/21/2026 06:46 PM","L1",""
"A0060306618","Dog","Pinky-ADOPTED","01 year(s) 01 month(s) 10 day(s)"," Fawn Terrier, Pit Bull / Mix","Trial Adoption","Foster","Trial Adoption","2/23/2025 12:00 AM","S","42.2","3","2/22/2026 06:19 PM","L2-SF/SD","941010004134522"
"A0060309992","Dog","Tricky - ADOPTED","05 year(s) 01 month(s) 10 day(s)"," Grey / White Mixed Breed, Medium (up to 44 lbs fully grown) / Mix","Trial Adoption","Foster","Foster Home","2/23/2021 12:00 AM","S","44.4","3","2/23/2026 02:20 PM","L1","941010004025989"
"A0060310742","Dog","Ace","03 year(s) 01 month(s) 10 day(s)"," Brown / White Terrier, Pit Bull / Mix","Available","Foster","Foster Home","2/23/2023 12:00 AM","N","78.4","3","2/23/2026 03:35 PM","L1","900235000351026"
"A0060314357","Dog","Ace - ADOPTED","04 year(s) 08 month(s) 08 day(s)"," Tan / White Mixed Breed, Large (over 44 lbs fully grown) / Mix","Trial Adoption","Foster","Trial Adoption","7/25/2021 12:00 AM","N","60","3","2/24/2026 11:26 AM","L1","981020000840129"
"A0060314449","Dog","Marcellous","06 year(s) 01 month(s) 09 day(s)","Brindle Brown / Black Mixed Breed, Large (over 44 lbs fully grown) / Mix","Available","Dogs 088","A10","2/24/2020 12:00 AM","N","88.4","3","2/24/2026 11:46 AM","L1","985113007008500"
"A0060315257","Dog","Bailey","02 year(s) 01 month(s) 09 day(s)"," Black German Shepherd / Dalmatian","Priority","Dogs 067","A1","2/24/2024 12:00 AM","N","43.8","3","2/24/2026 01:06 PM","L1","941010004073660"
"A0060315850","Dog","Bluee","03 year(s) 07 month(s) 06 day(s)"," Blue / White Terrier, Pit Bull / Mix","Priority","Dogs 503","A1","8/27/2022 12:00 AM","S","54.2","3","2/24/2026 01:40 PM","L2-OA","985113008073582"
"A0060316961","Dog","Geralt-ADOPTED","03 year(s) 01 month(s) 08 day(s)"," Grey Cane Corso / Mix","Available","Dogs 303","B2","2/25/2023 12:00 AM","N","72.2","3","2/24/2026 03:19 PM","L1","985113009570655"
"A0060323042","Dog","Leela","03 year(s) 01 month(s) 08 day(s)"," Tan / White Terrier, Pit Bull / Mix","Priority","Dogs 603","B1","2/25/2023 12:00 AM","S","49.4","3","2/25/2026 03:04 PM","L2-BH/SF","941010004014165"
"A0060535954","Dog","Brooke","03 year(s) 01 month(s) 07 day(s)"," Brown Mixed Breed, Medium (up to 44 lbs fully grown) / Mix","Available","Dogs 506","A3","2/26/2023 12:00 AM","S","46.4","3","2/25/2026 07:22 PM","L1","941010004152877"
"A0060537883","Dog","Blake",""," White / Black Mixed Breed, Medium (up to 44 lbs fully grown) / Mix","Pending Behavior Assessment","Dogs 301","4","","M","65","1","2/25/2026 07:58 PM","STAFF ONLY",""
"A0060537945","Dog","Tana","00 year(s) 08 month(s) 06 day(s)"," Fawn Mixed Breed, Medium (up to 44 lbs fully grown) / Mix","Available","Foster","Foster Home","7/27/2025 12:00 AM","S","36","3","2/25/2026 08:15 PM","L3-SF","941010004139356"
"A0060538125","Dog","Nathan","01 year(s) 01 month(s) 06 day(s)"," Grey Terrier, Pit Bull / Mix","Priority","Dogs 081","A1","2/27/2025 12:00 AM","N","49.4","3","2/25/2026 10:14 PM","L2- LB","941010004011615"
"A0060541477","Dog","Jinkx Monsoon","05 year(s) 01 month(s) 06 day(s)"," Brown Mixed Breed, Medium (up to 44 lbs fully grown) / Mix","Available","Foster","Foster Home","2/27/2021 12:00 AM","N","32.8","3","2/26/2026 01:26 PM","L2-BR","941010004079135"
"A0060542697","Dog","Onyx","01 year(s) 01 month(s) 06 day(s)"," Black / White Mixed Breed, Medium (up to 44 lbs fully grown) / Mix","Available","Dogs 088","A7","2/27/2025 12:00 AM","N","66.4","3","2/26/2026 03:04 PM","L2-OA","985113010189204"
"A0060547815","Dog","Davora","02 year(s) 01 month(s) 06 day(s)"," Black / White Terrier, Pit Bull","Available","Foster","Foster Home","2/27/2024 12:00 AM","S","49.6","3","2/27/2026 03:26 PM","L1","941010004019712"
"A0060551078","Dog","Tootsie","03 year(s) 01 month(s) 01 day(s)"," Brindle Mixed Breed, Medium (up to 44 lbs fully grown) / Mix","Priority","Dogs 501","4","3/1/2023 12:00 AM","S","51.2","3","2/27/2026 09:35 PM","L2 - SF/A","941010004136322"
"A0060551174","Dog","Hollywood","01 year(s) 07 month(s) 03 day(s)"," Black / White Terrier, American Pit Bull / Mix","Available","Dogs 081","B9","8/30/2024 12:00 AM","N","48","3","2/27/2026 11:18 PM","L1","941010004097673"
"A0060553289","Dog","Archibald","09 year(s) 01 month(s) 00 day(s)"," Tan Mixed Breed, Medium (up to 44 lbs fully grown) / Mix","Available","Foster","Foster Home","3/2/2017 12:00 AM","N","31.4","3","2/28/2026 03:28 PM","L1","941010004027145"
"A0060553475","Dog","Karma","03 year(s) 01 month(s) 00 day(s)"," Tan Mixed Breed, Medium (up to 44 lbs fully grown) / Mix","Available","Dogs 401","1","3/2/2023 12:00 AM","S","44","3","2/28/2026 03:49 PM","L1","941010004071054"
"A0060553876","Dog","Sullivan-ADOPTED","02 year(s) 01 month(s) 00 day(s)"," Brown / White Mixed Breed, Medium (up to 44 lbs fully grown) / Mix","Trial Adoption","Foster","Trial Adoption","3/2/2024 12:00 AM","N","63.8","2","2/28/2026 04:55 PM","L2-BR/RH","941010004077529"
"A0060554407","Dog","Rocko","01 year(s) 11 month(s) 17 day(s)"," Brown Mixed Breed, Medium (up to 44 lbs fully grown) / Mix","Priority","Dogs 501","3","4/16/2024 12:00 AM","M","39","3","2/28/2026 08:22 PM","L1","941010002249526"
"A0060554705","Dog","Tropicando","01 year(s) 01 month(s) 00 day(s)"," Brown / Tan Mixed Breed, Large (over 44 lbs fully grown) / Mix","Priority","Dogs 601","7","3/2/2025 12:00 AM","N","58","2","3/1/2026 04:20 PM","L2-OA","941010004032505"
"A0060555162","Dog","Queen Herby","04 year(s) 01 month(s) 00 day(s)"," Tan / White Terrier, Pit Bull / Mix","Available","Foster","Foster Home","3/2/2022 12:00 AM","S","37.8","3","3/1/2026 01:11 PM","L1","941010004062954"
"A0060555651","Dog","Peanut","02 year(s) 00 month(s) 10 day(s)"," Black / Tan Mixed Breed, Medium (up to 44 lbs fully grown) / Mix","Available","Dogs 088","A9","3/23/2024 12:00 AM","N","49","3","3/22/2026 03:14 PM","L1","941010004766897"
"A0060555706","Dog","Minnoe","03 year(s) 00 month(s) 30 day(s)"," Fawn Terrier, Pit Bull / Mix","Stray Wait","Dogs 406","A2","3/3/2023 12:00 AM","M","48.4","3","3/1/2026 04:18 PM","L1","941010004029811"
"A0060556065","Dog","MARGE","04 year(s) 00 month(s) 26 day(s)"," Tan Terrier, Pit Bull / Mix","Available","Dogs 068","A4","3/7/2022 12:00 AM","S","44","3","3/1/2026 05:29 PM","L1","941010004149132"
"A0060556069","Dog","BART","00 year(s) 01 month(s) 10 day(s)"," Brindle Terrier, Pit Bull / Mix","Under Age","Foster","Foster Home","2/23/2026 12:00 AM","M","6.4","1","3/1/2026 05:31 PM","L1",""
"A0060556176","Dog","Mrs. Sprinkles","01 year(s) 01 month(s) 01 day(s)"," Tan / White Boxer / Terrier, Pit Bull","Available","Dogs 303","A4","3/1/2025 12:00 AM","S","75.2","3","3/24/2026 03:30 PM","L1","941010004143422"
"A0060556559","Dog","Apple","03 year(s) 07 month(s) 00 day(s)"," Brindle Mixed Breed, Large (over 44 lbs fully grown) / Mix","Stray Wait","Foster","Foster Home","9/2/2022 12:00 AM","F","10","2","3/2/2026 12:49 AM","L3 SF","941010004147646"
"A0060556560","Dog","Braeburn","00 year(s) 01 month(s) 17 day(s)"," Brindle Terrier, Pit Bull / Mix","Under Age","Foster","Foster Home","2/16/2026 12:00 AM","M","10","1","3/2/2026 12:49 AM","L1",""
"A0060556561","Dog","Golden Delicious","00 year(s) 01 month(s) 17 day(s)"," Tan Terrier, Pit Bull / Mix","Under Age","Foster","Foster Home","2/16/2026 12:00 AM","M","5.5","1","3/2/2026 12:49 AM","L1",""
"A0060556564","Dog","Cosmic Crisp","00 year(s) 01 month(s) 17 day(s)"," Black Terrier, Pit Bull / Mix","Under Age","Foster","Foster Home","2/16/2026 12:00 AM","M","10","1","3/2/2026 12:49 AM","L1",""
"A0060556565","Dog","Mcintosh","00 year(s) 01 month(s) 17 day(s)"," Brindle / Black Terrier, Pit Bull / Mix","Under Age","Foster","Foster Home","2/16/2026 12:00 AM","M","10","1","3/2/2026 12:49 AM","L1",""
"A0060556566","Dog","Rome","00 year(s) 01 month(s) 17 day(s)"," Black / White Terrier, Pit Bull / Mix","Under Age","Foster","Foster Home","2/16/2026 12:00 AM","M","10","1","3/2/2026 12:49 AM","L1",""
"A0060556569","Dog","Mustsu","00 year(s) 01 month(s) 17 day(s)"," Grey Terrier, Pit Bull / Mix","Under Age","Foster","Foster Home","2/16/2026 12:00 AM","M","10","1","3/2/2026 12:49 AM","L1",""
"A0060556571","Dog","Cameo","00 year(s) 01 month(s) 17 day(s)"," Grey Terrier, Pit Bull / Mix","Under Age","Foster","Foster Home","2/16/2026 12:00 AM","M","10","1","3/2/2026 12:49 AM","L1",""
"A0060556573","Dog","Pear","04 year(s) 00 month(s) 30 day(s)"," Grey / Tan Terrier, Pit Bull / Mix","Priority","Dogs 066","A1","3/3/2022 12:00 AM","S","44","2","3/1/2026 11:00 PM","L2 - SF/FJ","941010004765241"
"A0060557289","Dog","Jupiter - ADOPTED","03 year(s) 01 month(s) 00 day(s)"," Black / Brown Belgian Malinois / Mix","Adopted","Foster","Pre-Fix","3/2/2023 12:00 AM","M","79","1","3/2/2026 11:34 AM","L2-A/EA","941010004087016"
"A0060558490","Dog","Margie-ADOPTED","00 year(s) 06 month(s) 00 day(s)"," Black / Brown Mixed Breed, Small (under 24 lbs fully grown) / Mix","Adopted","Foster","Foster Home","10/2/2025 12:00 AM","F","7.4","2","3/2/2026 11:44 AM","L1","941010004149552"
"A0060558916","Dog","Mischievous-ADOPTED","00 year(s) 04 month(s) 00 day(s)"," Black / White Mixed Breed, Medium (up to 44 lbs fully grown) / Mix","Adopted","Foster","Pre-Fix","12/2/2025 12:00 AM","M","15","2","3/2/2026 12:28 PM","L1","941010004091177"
"A0060560086","Dog","Reese Russell-ADOPTED","02 year(s) 00 month(s) 30 day(s)"," Brown / Tan Mixed Breed, Medium (up to 44 lbs fully grown) / Mix","Trial Adoption","Foster","Trial Adoption","3/3/2024 12:00 AM","N","53.2","3","3/2/2026 02:24 PM","L1","941010004069945"
"A0060562308","Dog","Baskin Robbins","04 year(s) 00 month(s) 30 day(s)"," Brown Mixed Breed, Medium (up to 44 lbs fully grown) / Mix","Available","Featured Dogs","59","3/3/2022 12:00 AM","N","50.2","3","3/2/2026 06:51 PM","L1","941010004033712"
"A0060562656","Dog","Chingy","01 year(s) 07 month(s) 00 day(s)"," Black / Brown Terrier, Pit Bull / Mix","Available","Featured Dogs","53","9/2/2024 12:00 AM","N","54.4","3","3/2/2026 10:44 PM","L1","941010004157370"
"A0060563718","Dog","Dialga","00 year(s) 08 month(s) 29 day(s)"," Tan / White Siberian Husky / Mix","Available","Dogs 606","B6","7/4/2025 12:00 AM","S","42.4","3","3/3/2026 11:46 AM","L2-OA/EA","941010004097295"
"A0060564150","Dog","Lucario","08 year(s) 00 month(s) 29 day(s)"," Brown / White Terrier, Pit Bull / Mix","Available","Dogs 079","B5","3/4/2018 12:00 AM","N","42.6","3","3/3/2026 11:38 AM","L1",""
"A0060564730","Dog","Wimbledon-ADOPTED","00 year(s) 04 month(s) 29 day(s)"," Black / White Mixed Breed, Small (under 24 lbs fully grown) / Mix","Trial Adoption","Foster","Trial Adoption","11/4/2025 12:00 AM","S","11.6","2","3/3/2026 11:45 AM","L2-BH/SF","941010004040516"
"A0060566528","Dog","Arcanine","06 year(s) 00 month(s) 29 day(s)"," Brown / Black Terrier, Pit Bull / Mix","Available","Dogs 068","B2","3/4/2020 12:00 AM","N","51","3","3/3/2026 03:10 PM","L1","941010004510203"
"A0060569358","Dog","Griselda","05 year(s) 00 month(s) 29 day(s)"," Brown / White Mixed Breed, Medium (up to 44 lbs fully grown) / Mix","Available","Dogs 081","B8","3/4/2021 12:00 AM","S","57.6","3","3/3/2026 06:13 PM","L1","941010002284715"
"A0060570403","Dog","Lewis - ADOPTED","03 year(s) 00 month(s) 28 day(s)"," Brown / Black Mixed Breed, Large (over 44 lbs fully grown) / Mix","Trial Adoption","Foster","Trial Adoption","3/5/2023 12:00 AM","N","47.8","3","3/4/2026 02:28 PM","L2-RG","941010004138566"
"A0060571772","Dog","Karti","05 year(s) 00 month(s) 28 day(s)"," Apricot Terrier, Pit Bull / Mix","Priority","Foster","Foster Home","3/5/2021 12:00 AM","S","47.8","3","3/4/2026 11:54 AM","L2-OA","985113010002842"
"A0060571796","Dog","Wombat","03 year(s) 00 month(s) 28 day(s)"," Black / Brindle Mixed Breed, Large (over 44 lbs fully grown) / Mix","Priority","Dogs 088","B3","3/5/2023 12:00 AM","M","60","3","3/4/2026 11:52 AM","L2-SF/SD",""
"A0060572443","Cat","BINX",""," Black / White Domestic Shorthair / Mix","Stray Wait","Clinic","Clinic","","N","9.6","3","3/4/2026 12:53 PM","2026002420","985113005313552"
"A0060573163","Dog","Forrest","05 year(s) 00 month(s) 29 day(s)"," White / Black Terrier, Pit Bull / Pointer","Priority","Dogs 501","7","3/4/2021 12:00 AM","M","56","3","3/4/2026 02:31 PM","L3 BR","982091068999458"
"A0060576766","Dog","Bella","01 year(s) 00 month(s) 28 day(s)","Dapple Brindle Mixed Breed, Medium (up to 44 lbs fully grown) / Mix","Available","Dogs 506","A5","3/5/2025 12:00 AM","S","57.6","3","3/4/2026 11:19 PM","L1","941010004787258"
"A0060576769","Dog","Kane","01 year(s) 00 month(s) 28 day(s)"," Brown Mixed Breed, Medium (up to 44 lbs fully grown) / Mix","Available","Dogs 502","3","3/5/2025 12:00 AM","N","56","3","3/4/2026 11:24 PM","L1","941010004870315"
"A0060577294","Dog","Radolfo","00 year(s) 11 month(s) 27 day(s)","Brindle Brown / Black Terrier, Pit Bull","Priority","Receiving 129","K7","4/6/2025 12:00 AM","N","35","3","3/5/2026 12:41 PM","L2-SF","941010004024494"
"A0060580840","Dog","Cato-ADOPTED","01 year(s) 00 month(s) 26 day(s)"," Black / White Mixed Breed, Large (over 44 lbs fully grown) / Mix","Trial Adoption","Foster","Trial Adoption","3/7/2025 12:00 AM","N","62","1","3/5/2026 02:40 PM","L1","941010004022490"
"A0060581184","Dog","Crown","01 year(s) 00 month(s) 27 day(s)"," Blue / White Terrier, American Pit Bull / Mix","Available","Dogs 064","A3","3/6/2025 12:00 AM","S","47.8","3","3/5/2026 02:49 PM","L2-SF","941010004145681"
"A0060581810","Dog","Tiger","02 year(s) 00 month(s) 27 day(s)"," Tan / Brown Mixed Breed, Large (over 44 lbs fully grown) / Mix","Available","Foster","Foster Home","3/6/2024 12:00 AM","N","55.6","1","3/5/2026 03:44 PM","L2-SF","985113009344988"
"A0060583448","Dog","Lois","03 year(s) 00 month(s) 27 day(s)"," Brown Mixed Breed, Medium (up to 44 lbs fully grown) / Mix","Trial Adoption","Foster","Trial Adoption","3/6/2023 12:00 AM","S","33.6","3","3/5/2026 07:21 PM","L2-SF","941010004143061"
"A0060583580","Dog","Peter - ADOPTED","00 year(s) 03 month(s) 27 day(s)"," Brown / White Mixed Breed, Small (under 24 lbs fully grown) / Mix","Trial Adoption","Foster","Trial Adoption","12/6/2025 12:00 AM","N","12.6","1","3/5/2026 08:11 PM","L1","941010004160909"
"A0060585216","Dog","Brocky",""," Tan Mixed Breed, Medium (up to 44 lbs fully grown) / Mix","Available","Receiving 130","21","","M","42.8","3","3/6/2026 11:23 AM","L3-SF",""
"A0060586186","Dog","Sniffie","02 year(s) 00 month(s) 26 day(s)"," Brown / White Boxer / Mix","Available","Dogs 406","B5","3/7/2024 12:00 AM","N","46.2","3","3/6/2026 01:45 PM","L1","941010002397000"
"A0060586828","Dog","Bandicoot","02 year(s) 00 month(s) 26 day(s)"," Tan / Black Mixed Breed, Large (over 44 lbs fully grown) / Mix","Available","Dogs 064","B2","3/7/2024 12:00 AM","N","53.4","3","3/6/2026 03:05 PM","L1","941010004152301"
"A0060587506","Dog","Bandido","02 year(s) 00 month(s) 26 day(s)"," Black / Brown Mixed Breed, Large (over 44 lbs fully grown) / Mix","Priority","Dogs 602","6","3/7/2024 12:00 AM","N","66.8","3","3/6/2026 02:32 PM","L2-OA","941010004128629"
"A0060587804","Dog","Nexy","03 year(s) 00 month(s) 26 day(s)"," Grey Mixed Breed, Large (over 44 lbs fully grown) / Mix","Available","Dogs 403","B3","3/7/2023 12:00 AM","S","45.6","3","3/6/2026 03:18 PM","L2-SF","991003911634288"
"A0060589706","Dog","Glenda","05 year(s) 00 month(s) 26 day(s)"," Rust / White Alaskan Klee Kai / Mix","Available","Dogs 079","B2","3/7/2021 12:00 AM","S","73","3","3/6/2026 08:10 PM","L1","941010004127908"
"A0060589839","Dog","CASH",""," Black Retriever, Labrador / Mix","Priority","Dogs 301","7","","M","65","3","3/6/2026 10:57 PM","L3-A",""
"A0060589840","Dog","Princess Celestia","05 year(s) 00 month(s) 26 day(s)"," Golden Terrier, American Pit Bull / Mix","Available","Dogs 079","B4","3/7/2021 12:00 AM","F","60","3","3/6/2026 10:59 PM","L1",""
"A0060589843","Dog","Fluttershy - ADOPTED","00 year(s) 02 month(s) 09 day(s)"," Brown / Brindle Terrier, American Pit Bull / Mix","Adopted","Foster","Pre-Fix","1/24/2026 12:00 AM","M","9.4","1","3/6/2026 11:01 PM","L1","941010003980247"
"A0060589847","Dog","Apple Jack-ADOPTED","00 year(s) 02 month(s) 09 day(s)"," Brindle Terrier, American Pit Bull / Mix","Adopted","Foster","Pre-Fix","1/24/2026 12:00 AM","M","10.4","1","3/6/2026 11:03 PM","L1","941010004051103"
"A0060589947","Dog","Lime","04 year(s) 00 month(s) 26 day(s)"," Grey / White Terrier, Pit Bull / Mix","Stray Wait","Dogs 301","5","3/7/2022 12:00 AM","M","","1","3/7/2026 09:07 AM","L3-BH/SD",""
"A0060590160","Dog","Irene","01 year(s) 10 month(s) 26 day(s)"," Brown / Black Mixed Breed, Medium (up to 44 lbs fully grown) / Mix","Priority","Dogs 502","1","5/7/2024 12:00 AM","S","31.2","3","3/7/2026 02:46 PM","L3-EA/A/H","941000029653719"
"A0060590922","Dog","Flash","10 year(s) 00 month(s) 03 day(s)"," Tan / White Mixed Breed, Medium (up to 44 lbs fully grown) / Mix","Pending Behavior Assessment","Dog Quarantine","B5","3/30/2016 12:00 AM","N","45","3","3/7/2026 12:35 PM","STAFF ONLY","985112008153968"
"A0060592303","Dog","Rose","02 year(s) 00 month(s) 25 day(s)"," Tan / White Mixed Breed, Large (over 44 lbs fully grown) / Mix","Available","Dogs 067","A4","3/8/2024 12:00 AM","S","60","3","3/7/2026 04:19 PM","L1","941010001532740"
"A0060593068","Dog","Rhonda","02 year(s) 00 month(s) 25 day(s)"," Black / Brindle Rottweiler / Cane Corso","Stray Wait","Dogs 503","B1","3/8/2024 12:00 AM","F","98.2","3","3/7/2026 08:11 PM","L1","941010004151755"
"A0060594012","Dog","Mercury","00 year(s) 10 month(s) 24 day(s)"," Grey Mixed Breed, Medium (up to 44 lbs fully grown) / Mix","Available","Dogs 064","A1","5/9/2025 12:00 AM","N","36","3","3/8/2026 02:34 PM","L2-SF","941010004017413"
"A0060594323","Dog","Penny Lane","09 year(s) 00 month(s) 24 day(s)"," White / Brindle Mixed Breed, Medium (up to 44 lbs fully grown) / Mix","Priority","Foster","Foster Home","3/9/2017 12:00 AM","F","40.4","3","3/8/2026 02:23 PM","L1","941010004034508"
"A0060594417","Dog","Linguista","01 year(s) 00 month(s) 25 day(s)"," Black / White Mixed Breed, Medium (up to 44 lbs fully grown) / Mix","Nursing Mom","Foster","Foster Home","3/8/2025 12:00 AM","F","47","2","3/8/2026 03:16 PM","L1","941010004133007"
"A0060594429","Dog","Cantonese","00 year(s) 00 month(s) 26 day(s)"," Black Mixed Breed, Medium (up to 44 lbs fully grown) / Mix","Under Age","Foster","Foster Home","3/7/2026 12:00 AM","F","","2","3/8/2026 03:16 PM","",""
"A0060594433","Dog","Yoruba","00 year(s) 00 month(s) 26 day(s)"," Black / White Mixed Breed, Medium (up to 44 lbs fully grown) / Mix","Under Age","Foster","Foster Home","3/7/2026 12:00 AM","F","","2","3/8/2026 03:16 PM","",""
"A0060594444","Dog","Tagalog","00 year(s) 00 month(s) 26 day(s)"," Brown / White Mixed Breed, Medium (up to 44 lbs fully grown) / Mix","Under Age","Foster","Foster Home","3/7/2026 12:00 AM","M","1.2","2","3/8/2026 03:16 PM","",""
"A0060594449","Dog","Tajiki","00 year(s) 00 month(s) 26 day(s)"," Brown / White Mixed Breed, Medium (up to 44 lbs fully grown) / Mix","Under Age","Foster","Foster Home","3/7/2026 12:00 AM","M","","2","3/8/2026 03:16 PM","",""
"A0060594486","Dog","Urdu","00 year(s) 00 month(s) 26 day(s)"," Brown / Black Mixed Breed, Medium (up to 44 lbs fully grown) / Mix","Under Age","Foster","Foster Home","3/7/2026 12:00 AM","M","","2","3/8/2026 03:16 PM","",""
"A0060594495","Dog","Thai","00 year(s) 00 month(s) 26 day(s)"," Brown / Black Mixed Breed, Medium (up to 44 lbs fully grown) / Mix","Under Age","Foster","Foster Home","3/7/2026 12:00 AM","M","","2","3/8/2026 03:16 PM","",""
"A0060594505","Dog","Telugu","00 year(s) 00 month(s) 26 day(s)"," Brown Mixed Breed, Medium (up to 44 lbs fully grown) / Mix","Under Age","Foster","Foster Home","3/7/2026 12:00 AM","F","","2","3/8/2026 03:16 PM","",""
"A0060594518","Dog","Balochi","00 year(s) 00 month(s) 26 day(s)"," Brown Mixed Breed, Medium (up to 44 lbs fully grown) / Mix","Under Age","Foster","Foster Home","3/7/2026 12:00 AM","M","","2","3/8/2026 03:16 PM","",""
"A0060594524","Dog","Dari","00 year(s) 00 month(s) 26 day(s)"," Brown Mixed Breed, Medium (up to 44 lbs fully grown) / Mix","Under Age","Foster","Foster Home","3/7/2026 12:00 AM","F","1.35","2","3/8/2026 03:16 PM","",""
"A0060595673","Dog","Rudolph","02 year(s) 00 month(s) 24 day(s)"," Brindle / Grey Cane Corso / Mix","Available","Dogs 081","B7","3/9/2024 12:00 AM","N","73","3","3/9/2026 06:31 AM","L1","941010005063544"
"A0060598170","Dog","Smitty","05 year(s) 00 month(s) 24 day(s)"," Black / White Cane Corso / Mix","Stray Wait","Dogs 606","A3","3/9/2021 12:00 AM","M","92","3","3/9/2026 02:53 PM","L1","941010004055439"
"A0060598528","Dog","Tosino","00 year(s) 07 month(s) 23 day(s)"," White / Tan Mixed Breed, Medium (up to 44 lbs fully grown) / Mix","Available","Foster","Foster Home","8/10/2025 12:00 AM","N","27.4","3","3/9/2026 01:47 PM","L1","941010004012445"
"A0060599012","Dog","Shoogie-ADOPTED","00 year(s) 09 month(s) 09 day(s)"," Black / White Mixed Breed, Large (over 44 lbs fully grown) / Mix","Trial Adoption","Foster","Trial Adoption","6/24/2025 12:00 AM","S","30.2","1","3/9/2026 03:23 PM","L1","941010004158557"
"A0060599115","Cat","Pip","00 year(s) 00 month(s) 26 day(s)"," Grey Domestic Shorthair / Mix","Under Age","Foster","Foster Home","3/7/2026 12:00 AM","F","2.93","1","3/9/2026 02:31 PM","L1",""
"A0060599143","Cat","Skip","00 year(s) 00 month(s) 26 day(s)"," Grey Domestic Shorthair / Mix","Under Age","Foster","Foster Home","3/7/2026 12:00 AM","F","3.21","1","3/9/2026 02:31 PM","L1",""
"A0060599164","Cat","Chip","00 year(s) 00 month(s) 26 day(s)"," Grey Domestic Shorthair / Mix","Under Age","Foster","Foster Home","3/7/2026 12:00 AM","F","3.77","1","3/9/2026 02:31 PM","L1",""
"A0060599184","Dog","Meelah","00 year(s) 09 month(s) 24 day(s)"," Brindle / White Mixed Breed, Medium (up to 44 lbs fully grown) / Mix","Available","Dogs 603","B4","6/9/2025 12:00 AM","S","41","3","3/9/2026 03:14 PM","L1","941010004141353"
"A0060599235","Dog","Dinella-ADOPTED","00 year(s) 07 month(s) 24 day(s)"," Brown / White Mixed Breed, Large (over 44 lbs fully grown) / Mix","Adopted","Foster","Foster Home","8/9/2025 12:00 AM","F","31.6","3","3/9/2026 03:12 PM","L1","941010004043981"
"A0060600141","Dog","Lione","02 year(s) 00 month(s) 23 day(s)"," Tan / Black German Shepherd / Mix","Rescue","Dogs 501","1","3/10/2024 12:00 AM","N","54","3","3/9/2026 03:55 PM","L3 A/BR","941010004013678"
"A0060600255","Dog","FAA","02 year(s) 00 month(s) 23 day(s)"," Grey / White Mixed Breed, Large (over 44 lbs fully grown) / Mix","Available","Dogs 081","B5","3/10/2024 12:00 AM","N","53.6","3","3/9/2026 04:13 PM","L1","941010004080289"
"A0060600824","Cat","Suess","01 year(s) 00 month(s) 23 day(s)"," Black / White Domestic Shorthair / Mix","Nursing Mom","Foster","Foster Home","3/10/2025 12:00 AM","F","","2","3/9/2026 05:18 PM","L2-SF",""
"A0060600858","Cat","Two Fish","00 year(s) 00 month(s) 27 day(s)"," Black / White Domestic Shorthair / Mix","Under Age","Foster","Foster Home","3/6/2026 12:00 AM","M","0.28","1","3/9/2026 05:18 PM","L1",""
"A0060600867","Cat","Red Fish","00 year(s) 00 month(s) 27 day(s)"," Black / White Domestic Shorthair / Mix","Under Age","Foster","Foster Home","3/6/2026 12:00 AM","U","0.31","1","3/9/2026 05:18 PM","L1",""
"A0060600876","Cat","Blue Fish","00 year(s) 00 month(s) 27 day(s)"," Black / White Domestic Shorthair / Mix","Under Age","Foster","Foster Home","3/6/2026 12:00 AM","F","0.34","1","3/9/2026 05:18 PM","L1",""
"A0060601115","Dog","Nene","02 year(s) 00 month(s) 23 day(s)"," Brindle / White Mixed Breed, Medium (up to 44 lbs fully grown) / Mix","Stray Wait","Dogs 501","8","3/10/2024 12:00 AM","F","45","2","3/9/2026 06:31 PM","L2-SF","941010004015068"
"A0060601371","Dog","Jojo","00 year(s) 11 month(s) 23 day(s)"," Brown / Black German Shepherd / Alaskan Husky","Available","Foster","Foster Home","4/10/2025 12:00 AM","S","33","1","3/9/2026 07:54 PM","L1",""
"A0060602971","Dog","Lady Lucy-ADOPTED","05 year(s) 00 month(s) 22 day(s)"," Black Chihuahua, Short Coat / Mix","Trial Adoption","Foster","Trial Adoption","3/11/2021 12:00 AM","S","14","1","3/10/2026 11:03 AM","L2-SF","941010004137769"
"A0060605483","Dog","Bean Bag","03 year(s) 00 month(s) 23 day(s)"," Grey / White Terrier, Pit Bull / Mix","Priority","Dogs 401","8","3/10/2023 12:00 AM","N","51.4","2","3/10/2026 02:42 PM","L3 - SF","941010004039644"
"A0060605509","Dog","Hudson Bay","04 year(s) 00 month(s) 22 day(s)"," Grey / White Terrier, Pit Bull / Mix","Priority","Dogs 081","A4","3/11/2022 12:00 AM","N","48","3","3/10/2026 02:44 PM","L3 SF","941010004013101"
"A0060605905","Dog","Fortuno","01 year(s) 00 month(s) 22 day(s)"," Grey / White Terrier, Pit Bull / Mix","Stray Wait","Dogs 306","B1","3/11/2025 12:00 AM","M","44.6","3","3/11/2026 06:17 AM","L1","941010004082952"
"A0060606718","Dog","Shawn the Sheep","00 year(s) 10 month(s) 22 day(s)"," White / Brindle Mixed Breed, Medium (up to 44 lbs fully grown) / Mix","Available","Dogs 303","A1","5/11/2025 12:00 AM","N","46.8","3","3/10/2026 03:32 PM","L1","941010004087173"
"A0060607607","Dog","Gnomeo","00 year(s) 08 month(s) 22 day(s)"," Black / White Mixed Breed, Large (over 44 lbs fully grown) / Mix","Available","Dogs 606","A4","7/11/2025 12:00 AM","N","48","3","3/10/2026 04:36 PM","L1","941010004156356"
"A0060607958","Dog","Pochacco","00 year(s) 08 month(s) 22 day(s)"," White / Grey Mixed Breed, Medium (up to 44 lbs fully grown) / Mix","Stray Wait","Dogs 502","C5","7/11/2025 12:00 AM","S","24.4","3","3/10/2026 05:29 PM","L1","941010004142154"
"A0060608028","Dog","Rocky","02 year(s) 00 month(s) 22 day(s)"," Black / White Terrier / Mix","Available","Dogs 603","B3","3/11/2024 12:00 AM","N","48","3","3/10/2026 06:35 PM","L1","941010004143718"
"A0060608779","Dog","Cardos","01 year(s) 00 month(s) 22 day(s)"," Brindle Mixed Breed, Medium (up to 44 lbs fully grown) / Mix","Pre-Euthanasia","Dogs 201","4","3/11/2025 12:00 AM","M","60","1","3/10/2026 08:03 PM","STAFF ONLY",""
"A0060608912","Dog","Midnight","00 year(s) 04 month(s) 22 day(s)"," Black / White Pointer / Mix","Trial Adoption","Foster","Trial Adoption","11/11/2025 12:00 AM","S","23.6","1","3/10/2026 09:15 PM","L1","941010004161555"
"A0060611430","Cat","Beanie",""," Black Domestic Shorthair / Mix","Under Age","Foster","Foster Home","","M","0.5","3","3/11/2026 12:30 PM","",""
"A0060612093","Cat","Avalon - ADOPTED","02 year(s) 00 month(s) 21 day(s)"," Black Domestic Shorthair / Mix","Trial Adoption","Foster","Trial Adoption","3/12/2024 12:00 AM","N","8.31","1","3/11/2026 01:29 PM","L1","941000032384130"
"A0060612245","Dog","Prissy","02 year(s) 00 month(s) 22 day(s)"," Brown / Brindle Shepherd / Mix","Priority","Dogs 066","B2","3/11/2024 12:00 AM","F","","1","3/11/2026 02:43 PM","L3 - A",""
"A0060612295","Dog","Bummy","03 year(s) 00 month(s) 22 day(s)"," Black / White Terrier, Pit Bull / Mix","Priority","Dogs 406","A1","3/11/2023 12:00 AM","M","66.2","3","3/11/2026 02:41 PM","L2-OA","941010004081011"
"A0060614291","Dog","Duke-ADOPTED","02 year(s) 00 month(s) 22 day(s)"," White / Brown Terrier, Pit Bull / Chihuahua, Short Coat","Trial Adoption","Foster","Trial Adoption","3/11/2024 12:00 AM","N","17","2","3/18/2026 11:54 AM","L2-SF","941010004724324"
"A0060616914","Dog","Tosh","00 year(s) 06 month(s) 14 day(s)"," Tan / Black Terrier, Pit Bull / Mix","Available","Dogs 602","C4","9/19/2025 12:00 AM","N","20","3","3/12/2026 11:57 AM","L1","941010004115907"
"A0060616990","Dog","Teagan -ADOPTED","00 year(s) 06 month(s) 21 day(s)"," Grey Terrier, Pit Bull / Mix","Stray Wait","Foster","Trial Adoption","9/12/2025 12:00 AM","S","22","1","3/12/2026 11:58 AM","L1","941010004162843"
"A0060618090","Dog","Twin","04 year(s) 00 month(s) 21 day(s)"," Black / White Terrier, Pit Bull / Mix","Priority","Dogs 402","1","3/12/2022 12:00 AM","M","","3","3/12/2026 01:10 PM","L2 - A/SD",""
"A0060618364","Cat","Banana-ADOPTED","00 year(s) 01 month(s) 17 day(s)"," Black / White Domestic Shorthair / Mix","Adopted","Foster","Pre-Fix","2/16/2026 12:00 AM","F","1.9","2","3/12/2026 01:12 PM","",""
"A0060618381","Cat","Nut","00 year(s) 01 month(s) 17 day(s)"," Brown / Black Domestic Shorthair / Mix","Under Age","Foster","Foster Home","2/16/2026 12:00 AM","F","1.9","2","3/12/2026 01:12 PM","",""
"A0060618390","Cat","Bread","00 year(s) 01 month(s) 17 day(s)"," Brown / Black Domestic Shorthair / Mix","Under Age","Foster","Foster Home","2/16/2026 12:00 AM","F","1.9","2","3/12/2026 01:12 PM","",""
"A0060618950","Dog","Moosh","05 year(s) 00 month(s) 20 day(s)"," Tan / White Terrier, Pit Bull","Priority","Dogs 601","3","3/13/2021 12:00 AM","M","34.2","3","3/12/2026 02:50 PM","L2-OA/A",""
"A0060619753","Dog","Spencer- ADOPTED","01 year(s) 00 month(s) 20 day(s)"," Tan Mixed Breed, Large (over 44 lbs fully grown) / Mix","Trial Adoption","Foster","Trial Adoption","3/13/2025 12:00 AM","N","46","3","3/12/2026 03:10 PM","L1","941010004163207"
"A0060622236","Dog","Buck","01 year(s) 00 month(s) 20 day(s)"," Black Retriever, Labrador / Mix","Available","Dogs 081","A2","3/13/2025 12:00 AM","M","48","3","3/12/2026 10:49 PM","L1","941010004153844"
"A0060622623","Dog","Bus Boy Me Bob","02 year(s) 00 month(s) 19 day(s)"," White / Black Mixed Breed, Medium (up to 44 lbs fully grown) / Mix","Priority","Dogs 067","C2","3/14/2024 12:00 AM","M","24.8","3","3/13/2026 11:00 AM","L2-BR","941010004011167"
"A0060623663","Dog","Browny","04 year(s) 00 month(s) 19 day(s)"," Brown Terrier, Pit Bull / Mix","Available","Featured Dogs","58","3/14/2022 12:00 AM","F","65","3","3/13/2026 11:43 AM","L1-V","941010004083368"
"A0060624985","Dog","Loki","00 year(s) 05 month(s) 17 day(s)"," Fawn Terrier, Pit Bull / Mix","Available","Receiving 130","19","10/16/2025 12:00 AM","N","34","1","4/2/2026 10:00 AM","L2 SF","941010004061599"
"A0060625717","Dog","Three","03 year(s) 00 month(s) 20 day(s)"," Tan Terrier, Pit Bull / Mix","Available","Dogs 306","B3","3/13/2023 12:00 AM","N","55","1","3/20/2026 02:04 PM","L1","941010004788334"
"A0060625834","Dog","Bluey Pooh","02 year(s) 00 month(s) 19 day(s)"," Grey / White Mixed Breed, Medium (up to 44 lbs fully grown) / Mix","Available","Dogs 306","B5","3/14/2024 12:00 AM","S","48","3","3/13/2026 02:50 PM","L2-OA","941010002127107"
"A0060627215","Dog","Blast","03 year(s) 00 month(s) 19 day(s)"," White / Brown Mixed Breed, Large (over 44 lbs fully grown) / Mix","Priority","Puppy 47","2","3/14/2023 12:00 AM","F","42.6","2","3/13/2026 05:07 PM","L3 SF","985113008405510"
"A0060627228","Dog","Baja","14 year(s) 00 month(s) 19 day(s)"," Tan / White Mixed Breed, Large (over 44 lbs fully grown) / Mix","Available","Puppy 47","2","3/14/2012 12:00 AM","F","46","3","3/13/2026 05:07 PM","L2-SF","941010004087744"
"A0060627745","Dog","Clay Co.","06 year(s) 00 month(s) 18 day(s)"," Blue / White Terrier, American Pit Bull / Mix","Stray Wait","Dogs 603","A1","3/15/2020 12:00 AM","M","62","3","3/13/2026 05:30 PM","L2-SF","941010004071347"
"A0060627835","Dog","Hendrix","01 year(s) 06 month(s) 20 day(s)"," Brown / White Mixed Breed, Large (over 44 lbs fully grown) / Mix","Available","Dogs 306","A7","9/13/2024 12:00 AM","N","63.2","1","3/13/2026 08:00 PM","L1","941010004135114"
"A0060628186","Dog","Eliza - ADOPTED","00 year(s) 07 month(s) 18 day(s)"," Grey / White Terrier, Pit Bull / Mix","Trial Adoption","Foster","Trial Adoption","8/15/2025 12:00 AM","S","23.6","1","3/14/2026 08:35 AM","L1","941010004122137"
"A0060629751","Cat","Kiwi",""," Grey / White Domestic Shorthair / Mix","Under Age","Foster","Foster Home","","F","0.5","1","3/14/2026 12:00 PM","",""
"A0060629754","Cat","Grape",""," Grey / White Domestic Shorthair / Mix","Under Age","Foster","Foster Home","","M","0.6","1","3/14/2026 12:00 PM","",""
"A0060629760","Cat","Mango",""," Grey / White Domestic Shorthair / Mix","Under Age","Foster","Foster Home","","M","0.5","1","3/14/2026 12:00 PM","",""
"A0060630375","Dog","Caramel Swirl -ADOPTED","06 year(s) 00 month(s) 18 day(s)"," Sandy Mixed Breed, Small (under 24 lbs fully grown) / Mix","Trial Adoption","Foster","Trial Adoption","3/15/2020 12:00 AM","S","11.2","1","3/14/2026 03:18 PM","L1","941010004019457"
"A0060630466","Dog","Chimichurri","00 year(s) 11 month(s) 15 day(s)"," Grey / White Mixed Breed, Medium (up to 44 lbs fully grown) / Mix","Available","Dogs 068","C2","4/18/2025 12:00 AM","N","27.6","3","3/14/2026 03:26 PM","L1","941010004138343"
"A0060631394","Dog","Saver","01 year(s) 06 month(s) 16 day(s)"," Grey / White Mixed Breed, Large (over 44 lbs fully grown) / Mix","Available","Dogs 088","B9","9/17/2024 12:00 AM","F","56","3","3/14/2026 10:33 PM","L1","981020055818110"
"A0060631620","Dog","Bunty","07 year(s) 00 month(s) 18 day(s)"," Grey / White Terrier, Pit Bull / Mix","Priority","Dogs 602","3","3/15/2019 12:00 AM","M","70.2","3","3/15/2026 11:08 AM","L3-OA/JM","941010004615629"
"A0060631797","Dog","Senpai","03 year(s) 00 month(s) 17 day(s)"," White / Black Terrier, American Pit Bull / Mix","Stray Wait","Dogs 088","B2","3/16/2023 12:00 AM","M","55","3","3/15/2026 12:24 PM","L2 A","941010004072905"
"A0060632038","Dog","Oldie B Goodie","12 year(s) 00 month(s) 17 day(s)"," Brown Terrier, Pit Bull / Mix","Available","Dogs 602","1","3/16/2014 12:00 AM","M","46.6","2","3/15/2026 12:48 PM","L2 SF","941010004050101"
"A0060632226","Cat","Riker","00 year(s) 07 month(s) 18 day(s)","Tuxedo Black / White Domestic Shorthair / Mix","Available","Foster","Foster Home","8/15/2025 12:00 AM","N","7.1","1","3/15/2026 01:21 PM","L1","941010004018890"
"A0060633544","Dog","Billie - ADOPTED","00 year(s) 02 month(s) 14 day(s)"," Brown Dachshund, Miniature Long Haired / Mix","Adopted","Foster","Pre-Fix","1/19/2026 12:00 AM","F","2.2","1","3/15/2026 11:15 PM","L1","941010004732703"
"A0060633687","Dog","Kazaam","07 year(s) 00 month(s) 17 day(s)"," Black / Brown Shepherd / Mix","Stray Wait","Flex","83","3/16/2019 12:00 AM","M","58","3","3/16/2026 05:07 AM","L1","941010004069623"
"A0060635924","Dog","Flaco","03 year(s) 00 month(s) 16 day(s)"," Brown / White Mixed Breed, Large (over 44 lbs fully grown) / Mix","Available","Dogs 088","A5","3/17/2023 12:00 AM","N","43","3","3/16/2026 01:01 PM","L2-SF","941010004757560"
"A0060636406","Dog","Murphy","00 year(s) 08 month(s) 16 day(s)"," Grey / White Mixed Breed, Medium (up to 44 lbs fully grown) / Mix","Available","Dogs 506","B3","7/17/2025 12:00 AM","N","45.8","3","3/16/2026 01:57 PM","L1","941010004779509"
"A0060636689","Dog","Chickie - ADOPTED","05 year(s) 00 month(s) 16 day(s)"," Grey / White Terrier, American Pit Bull / Mix","Trial Adoption","Foster","Trial Adoption","3/17/2021 12:00 AM","M","65.6","3","3/17/2026 07:16 AM","L1","941010004738438"
"A0060637680","Cat","Temper",""," Grey Domestic Shorthair / Mix","Bite Quarantine","Cat Intake 043","6","","U","","1","3/16/2026 03:07 PM","STAFF ONLY",""
"A0060637756","Cat","Balu","05 year(s) 00 month(s) 17 day(s)"," Black / White Domestic Shorthair / Mix","Available","Cat Intake 044","5","3/16/2021 12:00 AM","S","11","1","3/16/2026 04:16 PM","STAFF ONLY",""
"A0060638932","Dog","Casimiro","03 year(s) 06 month(s) 17 day(s)"," White / Brown Mixed Breed, Medium (up to 44 lbs fully grown) / Mix","Available","Dogs 606","A2","9/16/2022 12:00 AM","S","43","3","3/16/2026 09:20 PM","L1","941010004736030"
"A0060638976","Dog","Porsche","01 year(s) 07 month(s) 13 day(s)"," Black / Brown Alaskan Husky / Mix","Available","Dogs 068","A4","8/20/2024 12:00 AM","S","38","3","3/16/2026 10:00 PM","L1","941010005051211"
"A0060640260","Dog","Hunk","02 year(s) 06 month(s) 15 day(s)"," Brown Terrier, Pit Bull","Available","Dogs 088","A6","9/18/2023 12:00 AM","N","48.2","3","3/17/2026 11:24 AM","L1","941010004498493"
"A0060641540","Dog","Rocky -ADOPTED","00 year(s) 06 month(s) 14 day(s)"," Grey / Brown Cane Corso / Poodle, Standard","Trial Adoption","Foster","Trial Adoption","9/19/2025 12:00 AM","N","57","1","3/17/2026 12:45 PM","L2-BH","941010004728932"
"A0060641862","Dog","Wesley","01 year(s) 00 month(s) 15 day(s)"," Tan Retriever / Mix","Available","Dogs 081","A5","3/18/2025 12:00 AM","N","52.8","3","3/17/2026 01:27 PM","L1","941010004771468"
"A0060642192","Dog","Knuckles- ADOPTED","00 year(s) 02 month(s) 12 day(s)"," Black / White Mixed Breed, Small (under 24 lbs fully grown) / Mix","Trial Adoption","Foster","Trial Adoption","1/21/2026 12:00 AM","N","13.8","1","3/17/2026 01:34 PM","L1","941010004718981"
"A0060642445","Dog","Skink","00 year(s) 02 month(s) 12 day(s)"," Black / Brown Mixed Breed, Large (over 44 lbs fully grown) / Mix","Available","Dogs 402","C5","1/21/2026 12:00 AM","N","16","1","3/17/2026 01:54 PM","L3-SF","941010004737274"
"A0060642690","Dog","Flobberscotch","01 year(s) 06 month(s) 16 day(s)"," Grey / Brown Terrier, Pit Bull / Mix","Priority","Dogs 401","3","9/17/2024 12:00 AM","N","46.6","2","3/17/2026 02:35 PM","L3 - OA","941010004716864"
"A0060642753","Cat","Malley","01 year(s) 09 month(s) 27 day(s)","Tortoiseshell Black / Orange Domestic Shorthair / Mix","Available","Cat Colony","A","6/6/2024 12:00 AM","S","","2","3/17/2026 02:16 PM","L3-SF/BH",""
"A0060643525","Dog","Puppy 1",""," Beige Mixed Breed, Small (under 24 lbs fully grown) / Mix","Available","Parvo","1","","M","","0","3/17/2026 03:29 PM","",""
"A0060643559","Dog","Puppy 2","00 year(s) 03 month(s) 10 day(s)"," White / Black Mixed Breed, Medium (up to 44 lbs fully grown) / Mix","Available","Dogs 064","C2","12/23/2025 12:00 AM","N","16.2","2","3/17/2026 03:29 PM","L1","941010004759298"
"A0060643577","Dog","Puppy 3","00 year(s) 03 month(s) 10 day(s)"," White / Black Mixed Breed, Small (under 24 lbs fully grown) / Mix","Available","Dogs 502","C2","12/23/2025 12:00 AM","F","15.8","2","3/17/2026 03:29 PM","L1","941010004766057"
"A0060644737","Dog","Awesome","03 year(s) 00 month(s) 12 day(s)"," Rust Terrier, Pit Bull / Mix","Pending Medical Assessment/Treatment","Dogs 302","6","3/21/2023 12:00 AM","F","47.8","1","3/17/2026 05:17 PM","STAFF ONLY",""
"A0060645726","Dog","Macy","04 year(s) 00 month(s) 14 day(s)"," Grey / White Mixed Breed, Medium (up to 44 lbs fully grown) / Mix","Available","Foster","Foster Home","3/19/2022 12:00 AM","S","31","1","3/17/2026 11:11 PM","L3-SF","941010005028297"
"A0060645847","Cat","Selma","00 year(s) 01 month(s) 15 day(s)"," Black / White Domestic Medium Hair / Mix","Under Age","Foster","Foster Home","2/18/2026 12:00 AM","F","0.5","1","3/17/2026 11:14 PM","L1",""
"A0060645848","Cat","Patrick","00 year(s) 01 month(s) 15 day(s)"," White / Black Domestic Medium Hair / Mix","Under Age","Foster","Foster Home","2/18/2026 12:00 AM","M","0.5","1","3/17/2026 11:16 PM","L1",""
"A0060647264","Dog","Murphette- ADOPTED","00 year(s) 02 month(s) 26 day(s)"," Black Mixed Breed, Medium (up to 44 lbs fully grown) / Mix","Adopted","Foster","Pre-Fix","1/7/2026 12:00 AM","F","8.6","1","3/18/2026 11:14 AM","L1","941010005085086"
"A0060647631","Cat","Peeps",""," White / Black Domestic Shorthair / Mix","Under Age","Foster","Foster Home","","F","10","1","3/18/2026 11:52 AM","",""
"A0060647643","Cat","Carrots",""," Orange / White Domestic Shorthair / Mix","Under Age","Foster","Foster Home","","M","11.5","1","3/18/2026 11:52 AM","",""
"A0060647652","Cat","Chick","00 year(s) 01 month(s) 07 day(s)"," Brown / Tan Domestic Shorthair / Mix","Under Age","Foster","Foster Home","2/26/2026 12:00 AM","M","11.5","1","3/18/2026 11:52 AM","L1",""
"A0060647664","Cat","Egg","00 year(s) 01 month(s) 07 day(s)"," Brown / White Domestic Shorthair / Mix","Under Age","Foster","Foster Home","2/26/2026 12:00 AM","F","10.5","1","3/18/2026 11:52 AM","L1",""
"A0060647691","Cat","Bunny","00 year(s) 01 month(s) 07 day(s)"," Brown / Black Domestic Shorthair / Mix","Under Age","Foster","Foster Home","2/26/2026 12:00 AM","M","11","1","3/18/2026 11:52 AM","L1",""
"A0060647873","Dog","Landry","02 year(s) 06 month(s) 16 day(s)","Brindle Brown / Grey Terrier, Pit Bull / Mix","Available","Dogs 402","2","9/17/2023 12:00 AM","N","58.2","3","3/18/2026 01:15 PM","L2 - SF/A","941010004495650"
"A0060647884","Dog","Avery","05 year(s) 00 month(s) 15 day(s)"," Brown / White Terrier, Pit Bull","Available","Dogs 603","B6","3/18/2021 12:00 AM","S","62.8","3","3/18/2026 01:15 PM","L2 - A","941010004764784"
"A0060648990","Cat","Dipper Pines","00 year(s) 01 month(s) 15 day(s)"," Black / White Domestic Shorthair / Mix","Under Age","Foster","Foster Home","2/18/2026 12:00 AM","F","0.5","2","3/18/2026 02:38 PM","L1 2026003005",""
"A0060649005","Cat","Pacifica Northwest","00 year(s) 01 month(s) 15 day(s)"," Grey / White Domestic Shorthair / Mix","Under Age","Foster","Foster Home","2/18/2026 12:00 AM","F","0.62","1","3/18/2026 02:46 PM","L1 2026003005",""
"A0060649429","Dog","Barksy","03 year(s) 00 month(s) 13 day(s)"," Tan / White Terrier, American Pit Bull / Mix","Available","Dogs 064","A2","3/20/2023 12:00 AM","N","59.8","3","3/18/2026 02:52 PM","L2-SF","941010005049048"
"A0060650175","Dog","Peach Pie","01 year(s) 06 month(s) 15 day(s)"," Apricot / White Terrier, American Pit Bull / Mix","Priority","Dogs 601","1","9/18/2024 12:00 AM","S","42.6","3","3/18/2026 02:30 PM","L2-SF","941010004740624"
"A0060650303","Dog","Mojo","02 year(s) 00 month(s) 15 day(s)"," White / Grey Mixed Breed, Medium (up to 44 lbs fully grown) / Mix","Priority","Dogs 601","6","3/18/2024 12:00 AM","N","58","3","3/18/2026 03:53 PM","L2-OA/JM","985113012625416"
"A0060650318","Dog","Collins","01 year(s) 06 month(s) 15 day(s)"," White / Black Retriever, Labrador / Mix","Available","Dogs 603","B5","9/18/2024 12:00 AM","N","53.4","3","3/18/2026 03:53 PM","L1","985113012622580"
"A0060650545","Dog","Angelica","01 year(s) 00 month(s) 13 day(s)"," Grey / White Mixed Breed, Medium (up to 44 lbs fully grown) / Mix","Stray Wait","Dogs 067","B1","3/20/2025 12:00 AM","F","41.2","3","3/18/2026 04:03 PM","L1","941010004721862"
"A0060650562","Dog","Bailey",""," Tan / Grey Mixed Breed, Medium (up to 44 lbs fully grown) / Mix","Stray Wait","Dog Pre/Post Op 138","4","","F","50","1","3/18/2026 04:04 PM","STAFF ONLY",""
"A0060652090","Dog","Cosmos",""," Cream Anatolian Shepherd / Mix","Available","Foster","Foster Home","","M","19.8","1","3/18/2026 08:37 PM","L1","941010004774547"
"A0060652555","Cat","Karter","00 year(s) 00 month(s) 20 day(s)","Dilute Orange Domestic Shorthair / Mix","Under Age","Kitten Nursery","6B","3/13/2026 12:00 AM","M","0.43","1","3/19/2026 07:33 AM","L1",""
"A0060652556","Cat","Kris","00 year(s) 00 month(s) 20 day(s)"," Orange Domestic Shorthair / Mix","Under Age","Kitten Nursery","6A","3/13/2026 12:00 AM","M","0.5","1","3/19/2026 07:33 AM","L1",""
"A0060652558","Cat","Kyle","00 year(s) 00 month(s) 20 day(s)"," Orange Domestic Shorthair / Mix","Under Age","Kitten Nursery","6A","3/13/2026 12:00 AM","M","0.43","1","3/19/2026 07:33 AM","L1",""
"A0060652559","Cat","Kamden","00 year(s) 00 month(s) 20 day(s)"," Grey / Orange Domestic Shorthair / Mix","Under Age","Kitten Nursery","6A","3/13/2026 12:00 AM","F","0.37","1","3/19/2026 07:33 AM","L1",""
"A0060652562","Cat","Kennedy","00 year(s) 00 month(s) 20 day(s)"," Black / White Domestic Shorthair / Mix","Under Age","Kitten Nursery","6B","3/13/2026 12:00 AM","F","0.5","1","3/19/2026 07:33 AM","L1",""
"A0060653088","Dog","Frooshy","00 year(s) 06 month(s) 13 day(s)"," Black / White Terrier, Boston / Terrier, Pit Bull","Available","Foster","Foster Home","9/20/2025 12:00 AM","N","40.6","3","3/19/2026 11:31 AM","L1","941010004742708"
"A0060653293","Dog","JC Penney","03 year(s) 00 month(s) 13 day(s)"," White Terrier, Pit Bull / Mix","Priority","Foster","Foster Home","3/20/2023 12:00 AM","F","37.4","3","3/19/2026 11:21 AM","L3-SF","941010004683094"
"A0060654201","Dog","Bucket","02 year(s) 06 month(s) 12 day(s)"," Brown / White Terrier, American Hairless / Mix","Available","Dogs 068","B3","9/21/2023 12:00 AM","S","51.8","2","3/19/2026 12:41 PM","L2-SF","941010004517311"
"A0060654269","Dog","Rocket","00 year(s) 07 month(s) 13 day(s)"," Tan / White Mixed Breed, Medium (up to 44 lbs fully grown) / Mix","Available","Dogs 081","A9","8/20/2025 12:00 AM","N","41","1","3/19/2026 11:53 AM","L1","941010004742283"
"A0060654934","Dog","Goobie","11 year(s) 00 month(s) 14 day(s)"," Brown / White Terrier, American Staffordshire / Mix","Stray Wait","Dogs 079","B3","3/19/2015 12:00 AM","M","48.8","3","3/19/2026 01:30 PM","L1","941010004742308"
"A0060655626","Dog","Jep","02 year(s) 06 month(s) 13 day(s)"," Brown / White Terrier, Pit Bull / Mix","Available","Dogs 403","B1","9/20/2023 12:00 AM","N","56.2","1","3/19/2026 02:32 PM","L1","941010005095737"
"A0060657384","Dog","Coco-Lu","09 year(s) 00 month(s) 14 day(s)"," Black / Brown German Shepherd / Mix","Priority","Dogs 601","2","3/19/2017 12:00 AM","N","46","1","3/25/2026 11:51 AM","L3-A/OD","981020027187515"
"A0060657695","Dog","Burger",""," White / Grey Mixed Breed, Medium (up to 44 lbs fully grown) / Mix","Pending Behavior Assessment","Dogs 302","1","","M","","1","3/19/2026 04:16 PM","STAFF ONLY",""
"A0060658473","Dog","Nipsey","10 year(s) 00 month(s) 13 day(s)"," Brown Mixed Breed, Large (over 44 lbs fully grown) / Mix","Priority","Dogs 403","B4","3/20/2016 12:00 AM","M","51.6","3","3/19/2026 06:00 PM","L2-OA/FJ","985113005863590"
"A0060659220","Dog","Cookie","11 year(s) 00 month(s) 13 day(s)"," Blond Mixed Breed, Small (under 24 lbs fully grown) / Mix","Court","Dog ISO 156","C3","3/20/2015 12:00 AM","N","10.4","1","3/19/2026 10:15 PM","L1","0A134D101C"
"A0060659230","Dog","Dukie","01 year(s) 06 month(s) 14 day(s)"," Brown / Brindle Plott Hound / Mix","Court","Dog ISO 155","B3","9/19/2024 12:00 AM","M","45.2","1","3/19/2026 10:26 PM","L2-SF",""
"A0060659233","Dog","Jillian","01 year(s) 06 month(s) 14 day(s)"," Butterscotch Retriever / Mix","Trial Adoption","Foster","Trial Adoption","9/19/2024 12:00 AM","S","43.2","2","3/19/2026 10:32 PM","L1","941010004551306"
"A0060659237","Dog","Light",""," Tan / Black German Shepherd / Mix","Court","Dog ISO 155","B4","","N","60.6","1","3/19/2026 10:32 PM","L1","941010002359290"
"A0060659247","Dog","Ferb","05 year(s) 00 month(s) 13 day(s)"," Black Mixed Breed, Large (over 44 lbs fully grown) / Mix","Available","Flex","85","3/20/2021 12:00 AM","M","60.4","3","3/19/2026 11:07 PM","L1","941010005062817"
"A0060659404","Dog","Pupper Cupper","00 year(s) 10 month(s) 12 day(s)"," White / Brown Terrier, Pit Bull / Mix","Trial Adoption","Foster","Trial Adoption","5/21/2025 12:00 AM","N","38.4","3","3/20/2026 09:18 AM","L2-LB","941010004732469"
"A0060660609","Dog","Mayvaughn -ADOPTED","00 year(s) 05 month(s) 12 day(s)"," Black / Brown German Shepherd","Trial Adoption","Foster","Trial Adoption","10/21/2025 12:00 AM","S","28","1","3/20/2026 11:40 AM","L1","941010004756203"
"A0060660621","Dog","Chico - ADOPTED","02 year(s) 00 month(s) 12 day(s)"," Cream Mixed Breed, Small (under 24 lbs fully grown) / Mix","Trial Adoption","Foster","Trial Adoption","3/21/2024 12:00 AM","N","11.8","2","3/20/2026 11:02 AM","L3-SF/A","941010004767264"
"A0060661123","Dog","LuLu","01 year(s) 06 month(s) 14 day(s)"," Beige German Shepherd / Terrier, American Pit Bull","Available","Dogs 081","B2","9/19/2024 12:00 AM","S","56","3","3/20/2026 10:30 AM","L2-SF","941010004785799"
"A0060662870","Dog","Gromper","08 year(s) 00 month(s) 12 day(s)","Brindle Brown / Black Terrier, Pit Bull","Stray Wait","Dogs 079","A1","3/21/2018 12:00 AM","M","67","3","3/20/2026 03:03 PM","L1","941010004767349"
"A0060664386","Dog","Catalpa","04 year(s) 00 month(s) 12 day(s)"," Black / White Mixed Breed, Medium (up to 44 lbs fully grown) / Mix","Available","Dogs 067","B3","3/21/2022 12:00 AM","F","57","3","3/20/2026 04:44 PM","L1","941010004501949"
"A0060665297","Dog","Melon","02 year(s) 00 month(s) 11 day(s)"," Brown Belgian Malinois / Mix","Available","Dogs 081","A7","3/22/2024 12:00 AM","F","47","1","3/20/2026 08:05 PM","L2-SF","941010004530385"
"A0060665300","Dog","Moolah","04 year(s) 00 month(s) 12 day(s)"," Grey / White Mixed Breed, Large (over 44 lbs fully grown) / Mix","Priority","Dogs 401","5","3/21/2022 12:00 AM","M","73","1","3/20/2026 08:03 PM","L2-OD",""
"A0060665491","Dog","BINTI","03 year(s) 00 month(s) 12 day(s)"," White / Grey Bulldog / Mix","Available","Dogs 066","A2","3/21/2023 12:00 AM","S","41","3","3/20/2026 11:40 PM","L2-A","941010004775622"
"A0060665634","Dog","Blint","03 year(s) 00 month(s) 12 day(s)"," Brown / Black Terrier, Pit Bull / Plott Hound","Available","Dogs 066","B6","3/21/2023 12:00 AM","N","63.8","1","3/21/2026 02:41 PM","L1-FJ","941010004789464"
"A0060666166","Dog","Beautyberry","03 year(s) 00 month(s) 11 day(s)"," Black / White Mixed Breed, Medium (up to 44 lbs fully grown) / Mix","Available","Dogs 306","B4","3/22/2023 12:00 AM","S","47","3","3/21/2026 11:06 AM","L2-OA","941010004729308"
"A0060666804","Dog","Noodle","01 year(s) 06 month(s) 11 day(s)"," Apricot Chihuahua, Short Coat / Mix","Available","Dog Intake","128.02","9/22/2024 12:00 AM","N","8.4","1","4/2/2026 12:48 PM","L3-SF","941010004500983"
"A0060666841","Cat","Poppy","","Tortoiseshell Black / Bronze Domestic Shorthair / Mix","Nursing Mom","Foster","Foster Home","","F","9.5","1","3/21/2026 01:10 PM","",""
"A0060666858","Cat","Ivy","00 year(s) 00 month(s) 19 day(s)"," Black Domestic Shorthair / Mix","Under Age","Foster","Foster Home","3/14/2026 12:00 AM","F","0.7","1","3/21/2026 01:10 PM","",""
"A0060666862","Cat","Holly","00 year(s) 00 month(s) 19 day(s)"," Black / Bronze Domestic Shorthair / Mix","Under Age","Foster","Foster Home","3/14/2026 12:00 AM","F","0.6","1","3/21/2026 01:10 PM","",""
"A0060666865","Cat","Lavender","00 year(s) 00 month(s) 19 day(s)"," Black / White Domestic Shorthair / Mix","Under Age","Foster","Foster Home","3/14/2026 12:00 AM","F","0.6","1","3/21/2026 01:10 PM","",""
"A0060666870","Cat","Laurel","00 year(s) 00 month(s) 19 day(s)"," Black / Bronze Domestic Shorthair / Mix","Under Age","Foster","Foster Home","3/14/2026 12:00 AM","F","0.6","1","3/21/2026 01:10 PM","",""
"A0060666875","Cat","Tiger Lily","00 year(s) 00 month(s) 19 day(s)"," Orange / White Domestic Shorthair / Mix","Under Age","Foster","Foster Home","3/14/2026 12:00 AM","M","0.7","1","3/21/2026 01:10 PM","",""
"A0060666880","Cat","Marigold","00 year(s) 00 month(s) 19 day(s)"," Orange Domestic Shorthair / Mix","Under Age","Foster","Foster Home","3/14/2026 12:00 AM","M","0.7","1","3/21/2026 01:10 PM","",""
"A0060667032","Dog","Keanu","07 year(s) 00 month(s) 09 day(s)"," Grey / White Terrier, American Staffordshire / Mix","Available","Dogs 503","B6","3/24/2019 12:00 AM","F","60.6","3","3/21/2026 01:28 PM","L2 OD","941010004755127"
"A0060667909","Cat","Rosaura-ADOPTED","00 year(s) 08 month(s) 10 day(s)","Tabby Grey / Tan Domestic Shorthair / Mix","Trial Adoption","Foster","Trial Adoption","7/23/2025 12:00 AM","S","6.06","1","3/21/2026 03:31 PM","L1","941010004513961"
"A0060668128","Dog","Dragonfly","00 year(s) 05 month(s) 10 day(s)"," Black Mixed Breed, Medium (up to 44 lbs fully grown) / Mix","Available","Dogs 502","C3","10/23/2025 12:00 AM","S","22.5","3","3/21/2026 04:12 PM","L1","941010004771615"
"A0060668303","Dog","Mazapan-ADOPTED","09 year(s) 00 month(s) 10 day(s)"," Tan / Brown Mixed Breed, Small (under 24 lbs fully grown) / Mix","Trial Adoption","Foster","Trial Adoption","3/23/2017 12:00 AM","N","20","1","3/21/2026 04:48 PM","L2-SF","941010004788311"
"A0060668563","Dog","Millie","01 year(s) 00 month(s) 09 day(s)"," Black / White Mixed Breed, Medium (up to 44 lbs fully grown) / Mix","Available","Dogs 402","C2","3/24/2025 12:00 AM","S","36.4","3","3/23/2026 11:39 AM","L1","941010004782131"
"A0060668951","Dog","DRACO","05 year(s) 00 month(s) 11 day(s)"," Golden Retriever, Labrador / Mix","Available","Dogs 066","B5","3/22/2021 12:00 AM","N","70","3","3/21/2026 11:25 PM","L1","985113004333315"
"A0060669652","Cat","Tulip","02 year(s) 00 month(s) 10 day(s)","Tabby White / Grey Domestic Shorthair / Mix","Stray Wait","Cat Intake 043","6","3/23/2024 12:00 AM","N","10","1","3/22/2026 12:44 PM","STAFF ONLY","941010004789406"
"A0060670264","Dog","Jojo- ADOPTED","01 year(s) 00 month(s) 10 day(s)"," Cream Poodle, Miniature / Mix","Bite Quarantine - Not Visible","Salon","C3","3/23/2025 12:00 AM","N","17","1","3/23/2026 09:09 AM","STAFF ONLY","941010004626895"
"A0060670280","Dog","Butter Pup - ADOPTED","01 year(s) 00 month(s) 10 day(s)"," Black Poodle, Toy / Mix","Trial Adoption","Foster","Trial Adoption","3/23/2025 12:00 AM","N","9","1","3/23/2026 09:07 AM","L2-SF","941010004791195"
"A0060670283","Dog","Salmon Patty-ADOPTED","08 year(s) 00 month(s) 10 day(s)"," Black / Grey Poodle, Toy / Mix","Trial Adoption","Foster","Trial Adoption","3/23/2018 12:00 AM","S","8.8","1","3/23/2026 09:07 AM","L2-SF","941010005056393"
"A0060670346","Dog","Piedmont- ADOPTED","00 year(s) 03 month(s) 25 day(s)"," Brindle Mixed Breed, Medium (up to 44 lbs fully grown) / Mix","Trial Adoption","Foster","Trial Adoption","12/8/2025 12:00 AM","N","24","1","3/22/2026 03:19 PM","L1","941010004761169"
"A0060670544","Dog","Twyla","03 year(s) 00 month(s) 10 day(s)"," Black Mixed Breed, Medium (up to 44 lbs fully grown) / Mix","Available","Dogs 066","A4","3/23/2023 12:00 AM","S","41.4","3","3/22/2026 04:25 PM","L1","941010004755720"
"A0060672814","Dog","Maki","05 year(s) 00 month(s) 09 day(s)"," White / Tan Mixed Breed, Medium (up to 44 lbs fully grown) / Mix","Available","Dogs 081","A8","3/24/2021 12:00 AM","S","45","2","3/23/2026 11:17 AM","L1","941010004750101"
"A0060673719","Dog","Jensen","01 year(s) 06 month(s) 10 day(s)"," Blond Mixed Breed, Large (over 44 lbs fully grown) / Mix","Available","Dogs 081","A10","9/23/2024 12:00 AM","N","70","1","3/23/2026 12:38 PM","L1","941010004713417"
"A0060675452","Cat","Starry","02 year(s) 00 month(s) 10 day(s)","Tortoiseshell Black / Orange Domestic Shorthair / Mix","Stray Wait","Foster","Foster Home","3/23/2024 12:00 AM","F","8","1","3/23/2026 02:52 PM","","941010004773534"
"A0060675712","Dog","Esmeralda","10 year(s) 00 month(s) 07 day(s)"," Brindle Mixed Breed, Large (over 44 lbs fully grown) / Mix","Pending Medical Assessment/Treatment","Dog Pre/Post Op 138","2","3/26/2016 12:00 AM","F","36","1","3/23/2026 03:26 PM","L1","941010005047270"
"A0060675757","Cat","Sable - ADOPTED","01 year(s) 00 month(s) 06 day(s)","Tabby Tan / Black Domestic Shorthair / Mix","Trial Adoption","Foster","Trial Adoption","3/27/2025 12:00 AM","S","6.5","1","3/23/2026 03:29 PM","L1","941010004779907"
"A0060675811","Cat","Spider","","Tabby Grey / Tan Domestic Medium Hair / Mix","Pending Medical Assessment/Treatment","Cat Intake 043","4","","U","10","2","3/23/2026 03:34 PM","STAFF ONLY","941010004743707"
"A0060676717","Dog","Honeysuckle - ADOPTED","02 year(s) 06 month(s) 09 day(s)"," Golden German Shepherd / Mix","Trial Adoption","Foster","Trial Adoption","9/24/2023 12:00 AM","N","81","1","3/23/2026 04:45 PM","L1","985113010856607"
"A0060677960","Cat","Smudge - ADOPTED","04 year(s) 02 month(s) 16 day(s)"," Orange / Black Domestic Shorthair / Mix","Trial Adoption","Foster","Trial Adoption","1/17/2022 12:00 AM","S","7.43","1","3/23/2026 11:19 PM","L1","985113009495107"
"A0060679785","Dog","Sylvester","10 year(s) 00 month(s) 09 day(s)"," White Mixed Breed, Small (under 24 lbs fully grown) / Mix","Stray Wait","Foster","Friendly Finder","3/24/2016 12:00 AM","M","6.6","1","3/24/2026 11:32 AM","L1","941010004728435"
"A0060681072","Dog","Stormi","01 year(s) 00 month(s) 08 day(s)"," Grey Mixed Breed, Medium (up to 44 lbs fully grown) / Mix","Available","Dogs 602","C6","3/25/2025 12:00 AM","S","27","3","3/24/2026 01:37 PM","L1","941010005052900"
"A0060681794","Dog","Nassor","02 year(s) 06 month(s) 08 day(s)"," Grey / White Terrier, Pit Bull / Mix","Available","Dogs 068","A5","9/25/2023 12:00 AM","N","58","3","3/24/2026 02:56 PM","L1","941010004728229"
"A0060683528","Dog","Michelle Visage","00 year(s) 10 month(s) 08 day(s)"," Grey / White Mixed Breed, Medium (up to 44 lbs fully grown) / Mix","Priority","Dogs 406","B3","5/25/2025 12:00 AM","S","35.2","3","3/24/2026 04:15 PM","L3-SF","941010004743384"
"A0060685070","Dog","Hudges","00 year(s) 10 month(s) 08 day(s)"," Black Retriever, Labrador / Mix","Priority","Dogs 068","B4","5/25/2025 12:00 AM","N","43","2","3/24/2026 07:42 PM","L2-SF","941010004519084"
"A0060687116","Dog","Pippy Longstockings","01 year(s) 00 month(s) 07 day(s)"," Rust Mixed Breed, Medium (up to 44 lbs fully grown) / Mix","Available","Dogs 081","B3","3/26/2025 12:00 AM","S","35.6","3","3/25/2026 11:22 AM","L1","941010004741811"
"A0060687460","Dog","Pun-ADOPTED","00 year(s) 04 month(s) 07 day(s)"," White / Brindle Mixed Breed, Medium (up to 44 lbs fully grown) / Mix","Adopted","Dogs 064","C1","11/26/2025 12:00 AM","N","30","1","3/25/2026 11:49 AM","L1","985113010654576"
"A0060688230","Dog","Mix Match Sox","03 year(s) 00 month(s) 07 day(s)"," Black / White Terrier, American Pit Bull / Mix","Stray Wait","Dogs 081","B6","3/26/2023 12:00 AM","M","76.6","3","3/25/2026 11:30 AM","L2-SF","941010004734892"
"A0060689061","Dog","Shippah","07 year(s) 00 month(s) 08 day(s)"," Brown / Black Mixed Breed, Medium (up to 44 lbs fully grown) / Mix","Stray Wait","Dogs 302","4","3/25/2019 12:00 AM","F","50","1","3/25/2026 03:07 PM","STAFF ONLY",""
"A0060689942","Cat","Alexis-ADOPTED","00 year(s) 04 month(s) 06 day(s)","Tabby Silver / Black Domestic Shorthair / Mix","Adopted","Cats 031","10 A","11/27/2025 12:00 AM","S","4.8","1","3/25/2026 02:40 PM","L2-BH","941010004751764"
"A0060691814","Dog","King","07 year(s) 00 month(s) 07 day(s)"," Grey Mixed Breed, Medium (up to 44 lbs fully grown) / Mix","Stray Wait","Dogs 081","B4","3/26/2019 12:00 AM","M","53.6","3","3/25/2026 06:50 PM","L1",""
"A0060691872","Dog","Peppa","00 year(s) 04 month(s) 07 day(s)"," Grey / White Mixed Breed, Small (under 24 lbs fully grown) / Mix","Stray Wait","Small Animals","6","11/26/2025 12:00 AM","F","26.8","1","3/25/2026 07:04 PM","L1","941010004785020"
"A0060692134","Dog","Mr. Strawberry-ADOPTED","00 year(s) 04 month(s) 07 day(s)"," Brown / White Basset Hound / Mix","Trial Adoption","Foster","Trial Adoption","11/26/2025 12:00 AM","N","27","1","3/25/2026 10:38 PM","L1","941010005048092"
"A0060692183","Dog","Woofer",""," Brown / White Terrier, American Pit Bull / Mix","Stray Wait","Dogs 201","6","","M","","3","3/25/2026 09:55 PM","STAFF ONLY",""
"A0060692309","Dog","EMILIA","04 year(s) 00 month(s) 06 day(s)"," Brown / White Terrier, American Pit Bull / Mix","Priority","Dogs 501","2","3/27/2022 12:00 AM","S","54.2","3","3/25/2026 11:06 PM","L2-SD/BR/A","941010004756379"
"A0060692353","Dog","Puma Pants","01 year(s) 06 month(s) 07 day(s)"," Grey Terrier, Pit Bull / Mix","Available","Dogs 088","B4","9/26/2024 12:00 AM","N","45.6","1","3/26/2026 02:20 AM","L2-A","941010004728977"
"A0060693898","Dog","Marigold","02 year(s) 00 month(s) 06 day(s)"," Black / Brown Retriever, Labrador / Mix","Priority","Dogs 406","B2","3/27/2024 12:00 AM","S","34","1","3/26/2026 02:06 PM","L3-SF/BR","941010004621243"
"A0060694368","Dog","Summer Squash",""," Brindle / White Mixed Breed, Medium (up to 44 lbs fully grown) / Mix","Stray Wait","Dogs 202","2","","N","","1","3/26/2026 01:13 PM","STAFF ONLY",""
"A0060694895","Dog","Riley - ADOPTED","05 year(s) 00 month(s) 07 day(s)"," Black / White Alaskan Husky / Mix","Trial Adoption","Foster","Trial Adoption","3/26/2021 12:00 AM","S","61.2","3","3/26/2026 02:04 PM","L1","981020055589764"
"A0060695482","Dog","Takis-ADOPTED","01 year(s) 06 month(s) 07 day(s)"," Brown / Silver Mixed Breed, Small (under 24 lbs fully grown) / Mix","Microchip","Dogs 502","C1","9/26/2024 12:00 AM","N","7.8","1","3/26/2026 01:29 PM","L1","985113002615204"
"A0060696259","Dog","Tara-ADOPTED","00 year(s) 04 month(s) 06 day(s)"," Brown / Tan Belgian Malinois / Mix","Trial Adoption","Foster","Trial Adoption","11/27/2025 12:00 AM","S","25.6","1","3/26/2026 02:22 PM","L2-SF","941010004756664"
"A0060696270","Dog","Plaza-ADOPTED","00 year(s) 04 month(s) 06 day(s)"," Brown / Tan Belgian Malinois / Mix","Trial Adoption","Foster","Trial Adoption","11/27/2025 12:00 AM","S","43.2","1","3/26/2026 02:22 PM","L2-SF","941010004757751"
"A0060696572","Dog","Shelby","02 year(s) 00 month(s) 06 day(s)"," Apricot Mixed Breed, Medium (up to 44 lbs fully grown) / Mix","Priority","Dogs 303","A5","3/27/2024 12:00 AM","S","48","1","3/26/2026 02:49 PM","L2-OA","941010004767357"
"A0060696592","Dog","Peter Chase- ADOPTED","02 year(s) 00 month(s) 07 day(s)"," Black / Tan Mixed Breed, Small (under 24 lbs fully grown) / Mix","Adopted","Foster","Pre-Fix","3/26/2024 12:00 AM","N","15.2","1","3/26/2026 02:48 PM","L1","941010004792209"
"A0060696709","Dog","Doug","09 year(s) 00 month(s) 07 day(s)"," Brown / Black Coonhound, Black and Tan / Mix","Available","Dogs 079","A6","3/26/2017 12:00 AM","N","58.8","3","3/26/2026 03:13 PM","L1","981020019914958"
"A0060697913","Dog","Courtney","02 year(s) 00 month(s) 06 day(s)"," Brown / White Mixed Breed, Medium (up to 44 lbs fully grown) / Mix","Available","Dogs 068","A3","3/27/2024 12:00 AM","S","56","3","3/26/2026 04:45 PM","L1","941010004744399"
"A0060698378","Cat","Coco Cat","00 year(s) 00 month(s) 28 day(s)","Tabby Brown / Grey Domestic Shorthair / Mix","Under Age","Foster","Foster Home","3/5/2026 12:00 AM","F","0.9","1","3/26/2026 05:38 PM","L1",""
"A0060698531","Dog","Pellegrino","01 year(s) 00 month(s) 05 day(s)"," White / Black Mixed Breed, Large (over 44 lbs fully grown) / Mix","Available","Dogs 603","A4","3/28/2025 12:00 AM","N","41.4","3","3/26/2026 06:03 PM","L1","941010005074627"
"A0060698822","Cat","Moolah - ADOPTED","03 year(s) 00 month(s) 04 day(s)"," Black Domestic Shorthair / Mix","Cruelty Exam","Cats 031","3 A","3/29/2023 12:00 AM","M","10.3","1","3/26/2026 07:16 PM","L1",""
"A0060699056","Dog","Rocket Power","01 year(s) 00 month(s) 06 day(s)"," Brown / Beige Shepherd / Mix","Available","Dogs 088","B1","3/27/2025 12:00 AM","N","26.6","3","3/26/2026 09:34 PM","L2-SF","941010004722952"
"A0060699061","Dog","Otto Rocket ADOPTED","02 year(s) 00 month(s) 06 day(s)"," White / Brown Chihuahua, Long Coat / Pomeranian","Identifying Info","Dogs 602","C3","3/27/2024 12:00 AM","M","8.6","1","3/26/2026 09:38 PM","L1",""
"A0060699834","Dog","Gooldeton","00 year(s) 05 month(s) 05 day(s)"," Black / White Mixed Breed, Medium (up to 44 lbs fully grown) / Mix","Available","Dogs 088","B5","10/28/2025 12:00 AM","N","28","1","4/1/2026 11:30 AM","L1","941010004506405"
"A0060700952","Dog","Camp Creek-ADOPTED","00 year(s) 06 month(s) 05 day(s)"," Black / White Terrier, American Pit Bull / Mix","Trial Adoption","Foster","Trial Adoption","9/28/2025 12:00 AM","N","20.4","1","3/27/2026 11:00 AM","L2-SF","941010004782887"
"A0060701303","Dog","Dashoobie","00 year(s) 11 month(s) 05 day(s)"," Brown / Black Mixed Breed, Medium (up to 44 lbs fully grown) / Mix","Stray Wait","Dogs 406","A4","4/28/2025 12:00 AM","M","46.4","1","3/27/2026 03:08 PM","2026003303","941010004565782"
"A0060702205","Dog","Baymax","02 year(s) 00 month(s) 05 day(s)"," White / Black Mixed Breed, Medium (up to 44 lbs fully grown) / Mix","Available","Dogs 606","B3","3/28/2024 12:00 AM","N","51.2","1","3/27/2026 02:09 PM","L1","941010004743481"
"A0060702672","Dog","Dokriss","03 year(s) 00 month(s) 06 day(s)"," Grey / Tan Mixed Breed, Medium (up to 44 lbs fully grown) / Mix","Microchip","Dogs 202","5","3/27/2023 12:00 AM","N","","1","3/27/2026 03:11 PM","STAFF ONLY","985112012344477"
"A0060704933","Dog","Charlotte-ADOPTED","03 year(s) 00 month(s) 05 day(s)"," Brindle Bulldog, French / Mix","Identifying Info","Dogs 402","C3","3/28/2023 12:00 AM","F","21.8","1","3/27/2026 07:37 PM","L1",""
"A0060704937","Cat","Chartreuse-ADOPTED","01 year(s) 00 month(s) 04 day(s)"," Grey British Blue / Mix","Identifying Info","Cats 031","6 A","3/29/2025 12:00 AM","F","6.25","1","3/27/2026 07:40 PM","L1",""
"A0060705031","Cat","Atticus finch- ADOPTED","01 year(s) 08 month(s) 02 day(s)"," Brown Domestic Shorthair / Mix","Microchip","Catio","4","7/31/2024 12:00 AM","N","8.56","1","3/27/2026 08:12 PM","L2-SF","985113009471011"
"A0060705121","Dog","Spaz","07 year(s) 00 month(s) 04 day(s)"," Black Chihuahua, Short Coat / Mix","Stray Wait","Salon","C1","3/29/2019 12:00 AM","M","18","1","3/27/2026 09:20 PM","L3 SF","941010004753507"
"A0060705150","Dog","Whammy","03 year(s) 00 month(s) 05 day(s)"," Black Mixed Breed, Large (over 44 lbs fully grown) / Mix","Microchip","Dogs 303","B3","3/28/2023 12:00 AM","N","64","2","3/27/2026 09:49 PM","L1","985113009752003"
"A0060706276","Dog","Xena","03 year(s) 00 month(s) 05 day(s)"," White Terrier, Pit Bull / Mix","Microchip","Dogs 081","A3","3/28/2023 12:00 AM","F","46","3","3/28/2026 02:42 PM","L2 SF","981020045665451"
"A0060706292","Dog","Blazz","02 year(s) 00 month(s) 05 day(s)"," White / Grey Terrier, Pit Bull / Mix","Stray Wait","Dogs 306","B2","3/28/2024 12:00 AM","F","49","2","3/28/2026 02:44 PM","L1","941010004509142"
"A0060706822","Dog","Compass","01 year(s) 02 month(s) 18 day(s)"," White Mixed Breed, Medium (up to 44 lbs fully grown) / Mix","Microchip","Foster","Foster Home","1/15/2025 12:00 AM","S","34.6","1","3/28/2026 01:55 PM","L2 SF","985113009930675"
"A0060707416","Dog","Zombie","02 year(s) 00 month(s) 02 day(s)"," Blond Chihuahua, Short Coat / Mix","Stray Wait","Salon","C2","3/31/2024 12:00 AM","F","11","1","3/28/2026 02:55 PM","L3 SF","941010004749944"
"A0060707482","Cat","Cricket- ADOPTED","01 year(s) 00 month(s) 04 day(s)","Tabby Tan / Black Domestic Shorthair / Mix","Trial Adoption","Foster","Trial Adoption","3/29/2025 12:00 AM","S","6.25","1","3/28/2026 02:54 PM","L1","941010004729695"
"A0060707645","Dog","Hugo","02 year(s) 00 month(s) 04 day(s)","Brindle Bronze / Black Dutch Shepherd / Mix","Available","Dogs 403","A3","3/29/2024 12:00 AM","N","58","1","3/28/2026 03:27 PM","L2-OA","981020053265066"
"A0060707649","Dog","Hopper","04 year(s) 00 month(s) 04 day(s)"," Black Mixed Breed, Large (over 44 lbs fully grown) / Mix","Available","Featured Dogs","57","3/29/2022 12:00 AM","N","95","1","3/28/2026 03:27 PM","L2-OA","941000028231242"
"A0060708350","Cat","Mamas",""," White Domestic Shorthair / Mix","Bite Quarantine","Cat Intake 044","6","","F","","1","3/31/2026 02:18 PM","",""
"A0060708730","Dog","Rue","02 year(s) 00 month(s) 04 day(s)"," Brindle Terrier, American Pit Bull / Mix","Stray Wait","Dogs 503","B2","3/29/2024 12:00 AM","F","64","1","3/28/2026 09:17 PM","L1","941010004791803"
"A0060708920","Dog","TANK","03 year(s) 00 month(s) 04 day(s)"," Grey / White Terrier, American Pit Bull / Mix","Identifying Info","Dogs 403","A6","3/29/2023 12:00 AM","M","50","3","3/29/2026 03:58 AM","L2 SF","941010004775798"
"A0060709258","Dog","Carey",""," Black / White Terrier, Staffordshire Bull / Mix","Cites","Dogs 301","8","","F","","1","3/29/2026 11:21 AM","STAFF ONLY",""
"A0060709261","Dog","Cody- ADOPTED","00 year(s) 04 month(s) 01 day(s)"," Black / White Terrier, Staffordshire Bull / Mix","Cites","Small Animals","7","12/1/2025 12:00 AM","F","19.8","1","3/29/2026 11:21 AM","L1",""
"A0060709262","Dog","Zack-ADOPTED","00 year(s) 04 month(s) 01 day(s)"," Grey / White Terrier, Staffordshire Bull / Mix","Cites","Small Animals","4","12/1/2025 12:00 AM","M","25","1","3/29/2026 11:21 AM","L1",""
"A0060709776","Dog","Athena","02 year(s) 00 month(s) 04 day(s)"," Black / Brown Rottweiler / Mix","Bite Quarantine - Not Visible","Dogs 202","2","3/29/2024 12:00 AM","F","","1","3/29/2026 02:53 PM","STAFF ONLY","985113010483861"
"A0060709988","Cat","Archie - ADOPTED","00 year(s) 03 month(s) 03 day(s)","Tabby Orange / White Domestic Shorthair / Mix","Stray Wait","Cat Intake 044","1","12/30/2025 12:00 AM","N","3.9","1","3/29/2026 02:24 PM","L1","941010004748558"
"A0060710604","Dog","Bolt","00 year(s) 01 month(s) 17 day(s)"," White / Black Mixed Breed, Medium (up to 44 lbs fully grown) / Mix","Under Age","Foster","Foster Home","2/16/2026 12:00 AM","F","3.4","1","3/29/2026 05:27 PM","L1",""
"A0060710610","Dog","Thunder","00 year(s) 01 month(s) 17 day(s)"," Black / White Mixed Breed, Medium (up to 44 lbs fully grown) / Mix","Under Age","Foster","Foster Home","2/16/2026 12:00 AM","F","4","1","3/29/2026 05:27 PM","L1",""
"A0060710649","Dog","Sweetgum - adopted!","03 year(s) 00 month(s) 03 day(s)"," Brindle / White Mixed Breed, Medium (up to 44 lbs fully grown) / Mix","Identifying Info","Dog Pre/Post Op 135","1","3/30/2023 12:00 AM","F","25","1","3/29/2026 05:37 PM","L1",""
"A0060712990","Dog","Trapp- ADOPTED","03 year(s) 00 month(s) 03 day(s)"," Golden Poodle, Standard / Retriever, Golden","Trial Adoption","Foster","Trial Adoption","3/30/2023 12:00 AM","N","67","1","3/30/2026 12:06 PM","L1","985112012133424"
"A0060713529","Dog","Venus-ADOPTED","00 year(s) 04 month(s) 01 day(s)"," Black / Brown German Shepherd / Mix","Microchip","Small Animals","C1","12/1/2025 12:00 AM","F","26","1","3/30/2026 12:38 PM","L1","981020061834526"
"A0060713550","Cat","Meowphi-adopted!","03 year(s) 00 month(s) 02 day(s)","Tabby Brown / Tan Domestic Shorthair / Mix","Identifying Info","Foster","Foster Home","3/31/2023 12:00 AM","M","9.12","1","3/30/2026 12:42 PM","L1",""
"A0060713706","Dog","Nico","02 year(s) 00 month(s) 02 day(s)"," Brown Siberian Husky / Mix","Microchip","Dogs 503","B5","3/31/2024 12:00 AM","N","43.2","2","3/30/2026 12:58 PM","L1","900235000204705"
"A0060714551","Cat","Pepper Jack","03 year(s) 00 month(s) 03 day(s)"," Black Domestic Shorthair / Mix","Pending Medical Assessment/Treatment","Clinic","Clinic","3/30/2023 12:00 AM","M","10.3","2","3/30/2026 02:49 PM","2026003408",""
"A0060714634","Dog","Harley","06 year(s) 00 month(s) 02 day(s)"," Blond Mixed Breed, Large (over 44 lbs fully grown) / Mix","Available","Dogs 301","1","3/31/2020 12:00 AM","F","37","1","3/30/2026 02:13 PM","STAFF ONLY-V","982091066986734"
"A0060715570","Dog","Jessamine","05 year(s) 00 month(s) 02 day(s)"," Brown Chihuahua, Short Coat / Mix","Stray Wait","Small Animals","5","3/31/2021 12:00 AM","F","10.4","2","3/30/2026 03:34 PM","L2-SF","941010004757082"
"A0060716431","Dog","Cream- ADOPTED","00 year(s) 05 month(s) 02 day(s)"," Tan Mixed Breed, Medium (up to 44 lbs fully grown) / Mix","Stray Wait","Small Animals","C2","10/31/2025 12:00 AM","M","34.2","2","3/30/2026 04:59 PM","L1","941010004787409"
"A0060716493","Dog","Ulysses","02 year(s) 00 month(s) 02 day(s)"," White / Brown Bulldog, American / Mix","Stray Wait","Dogs 067","A3","3/31/2024 12:00 AM","M","48.6","1","3/30/2026 05:27 PM","L1","941010004617033"
"A0060716590","Dog","Banky",""," Brown / White Terrier, American Pit Bull / Mix","Bite Quarantine","Dogs 302","5","","M","","3","3/30/2026 10:47 PM","STAFF ONLY",""
"A0060716628","Cat","Emerson","00 year(s) 00 month(s) 09 day(s)"," Black Domestic Shorthair / Mix","Under Age","Foster","Foster Home","3/24/2026 12:00 AM","F","0.25","1","3/30/2026 05:25 PM","L1",""
"A0060716633","Cat","Everson","00 year(s) 00 month(s) 10 day(s)"," Black Domestic Shorthair / Mix","Under Age","Foster","Foster Home","3/23/2026 12:00 AM","M","0.25","1","3/30/2026 05:25 PM","L1",""
"A0060716842","Cat","Saja","00 year(s) 00 month(s) 23 day(s)"," Grey Domestic Shorthair / Mix","Under Age","Foster","Foster Home","3/10/2026 12:00 AM","M","0.31","2","3/30/2026 05:53 PM","L1",""
"A0060717061","Dog","Dolph","03 year(s) 00 month(s) 03 day(s)"," Brown Terrier, American Staffordshire / Mix","Bite Quarantine","Dogs 201","8","3/30/2023 12:00 AM","M","","1","3/30/2026 10:40 PM","STAFF ONLY",""
"A0060717241","Dog","Fluffmellow-ADOPTED","02 year(s) 00 month(s) 02 day(s)"," Bronze Poodle, Standard / Mix","Identifying Info","Dogs 606","B7","3/31/2024 12:00 AM","M","48.8","2","3/30/2026 10:46 PM","L2-SF",""
"A0060717357","Cat","Charmmy Kitty",""," White Domestic Shorthair / Mix","Bite Quarantine","Cat Intake 044","6","","U","","2","3/30/2026 10:37 PM","STAFF ONLY",""
"A0060717381","Dog","Warehouse Whitney","01 year(s) 06 month(s) 03 day(s)","Brindle Brindle Terrier, Pit Bull / Mix","Stray Wait","Dogs 503","A3","9/30/2024 12:00 AM","F","58.8","1","3/30/2026 11:30 PM","L1","941010004784182"
"A0060717528","Dog","Lotto-ADOPTED","01 year(s) 06 month(s) 01 day(s)"," Brown Bully American - Pocket / Mix","Identifying Info","Dogs 402","C1","10/1/2024 12:00 AM","F","39","1","3/31/2026 07:42 AM","L1",""
"A0060717903","Dog","Missie","04 year(s) 00 month(s) 02 day(s)"," Black / Tan Alaskan Malamute / Mix","Pending Medical Assessment/Treatment","Mutternity","1","3/31/2022 12:00 AM","F","","1","3/31/2026 09:52 AM","STAFF ONLY",""
"A0060719174","Dog","Pablo-ADOPTED","00 year(s) 03 month(s) 01 day(s)"," Black / Brown Mixed Breed, Small (under 24 lbs fully grown) / Mix","Stray Wait","Small Animals","1","1/1/2026 12:00 AM","M","20.2","1","3/31/2026 11:16 AM","L1","941010004783190"
"A0060719344","Dog","Yessica-adopted!","05 year(s) 00 month(s) 02 day(s)"," Brindle / Brown Cane Corso / Mix","Stray Wait- Rescue","Dog Pre/Post Op 138","1","3/31/2021 12:00 AM","F","78","1","3/31/2026 12:02 PM","","941010005090110"
"A0060719576","Cat","Maroney",""," Orange / White Domestic Shorthair / Mix","Bite Quarantine","Cat Intake 044","3","","M","","1","3/31/2026 11:42 AM","",""
"A0060720123","Dog","Kai","01 year(s) 00 month(s) 01 day(s)"," Brown / White Retriever, Labrador / Mix","Identifying Info","Dogs 303","A6","4/1/2025 12:00 AM","M","53","2","3/31/2026 10:30 AM","L1",""
"A0060720245","Cat","Luna","02 year(s) 00 month(s) 00 day(s)","Tabby Brown / White Domestic Shorthair / Mix","Microchip","Cats 031","3 A","4/2/2024 12:00 AM","S","9.31","1","3/31/2026 12:40 PM","L1","982000407638513"
"A0060720262","Dog","Terzo","05 year(s) 00 month(s) 01 day(s)"," Tan / White Retriever, Labrador / Shepherd","Stray Wait","Dogs 402","6","4/1/2021 12:00 AM","M","52","1","3/31/2026 04:35 PM","L2-SF","941010004774015"
"A0060720854","Dog","Turbo Ghost","03 year(s) 10 month(s) 25 day(s)"," White / Grey Mixed Breed, Medium (up to 44 lbs fully grown) / Mix","Available","Dogs 502","6","5/8/2022 12:00 AM","F","55","1","3/31/2026 01:28 PM","L3-SF/A/V","981020039740654"
"A0060721843","Dog","Clipper","01 year(s) 00 month(s) 02 day(s)"," Tan Retriever, Labrador / Mix","Stray Wait","Dogs 406"," B1","3/31/2025 12:00 AM","M","47.2","1","3/31/2026 02:47 PM","L1","941010004720866"
"A0060723345","Dog","Mina","02 year(s) 00 month(s) 01 day(s)"," Grey / White Mixed Breed, Medium (up to 44 lbs fully grown) / Mix","Stray Wait","Dogs 402","C4","4/1/2024 12:00 AM","F","32.2","2","3/31/2026 09:32 PM","L1","941010004509612"
"A0060725040","Dog","Chandler","00 year(s) 11 month(s) 01 day(s)"," Brown / Black Australian Shepherd / Mix","Identifying Info","Dogs 067","A2","5/1/2025 12:00 AM","F","49.2","2","4/1/2026 01:31 AM","L1",""
"A0060725044","Domestic","Ricochet-adopted!",""," White Standard / Standard","Stray Wait","Dog Visiting 063","C1","","U","","2","4/1/2026 01:29 AM","",""
"A0060725083","Dog","Ralph",""," White Poodle, Miniature / Mix","Stray Wait","Dog Intake","128.01","","M","12.2","2","4/2/2026 03:45 PM","",""
"A0060725513","Dog","Doja","00 year(s) 02 month(s) 12 day(s)"," White Terrier, Pit Bull / Mix","Microchip","Dogs 064","C1","1/21/2026 12:00 AM","F","","1","4/1/2026 10:04 AM","2026003486","985113009145945"
"A0060726490","Dog","Vanilla","08 year(s) 00 month(s) 01 day(s)"," Brown / White Mixed Breed, Large (over 44 lbs fully grown) / Mix","Identifying Info","Receiving 130","17","4/1/2018 12:00 AM","F","","1","4/1/2026 03:09 PM","2026003469",""
"A0060726638","Cat","Rita Veder","00 year(s) 00 month(s) 28 day(s)","Tabby White / Brown Domestic Shorthair / Mix","Under Age","Foster","Foster Home","3/5/2026 12:00 AM","F","1.37","2","4/1/2026 11:10 AM","L1",""
"A0060726946","Dog","Julia","03 year(s) 00 month(s) 00 day(s)"," Tan / White Retriever, Labrador / Terrier, Pit Bull","Stray Wait","Dog Pre/Post Op 135","6","4/2/2023 12:00 AM","F","75","1","4/1/2026 12:10 PM","L3-SF","941010004757447"
"A0060726951","Cat","Flava Flav",""," Black Domestic Shorthair / Mix","SNR","Clinic","Clinic","","S","8","1","4/1/2026 11:50 AM","",""
"A0060727349","Dog","Leonas Azul","07 year(s) 00 month(s) 00 day(s)"," Black / Tan German Shepherd / Mix","Stray Wait","Receiving 129","K2","4/2/2019 12:00 AM","M","85","1","4/1/2026 01:22 PM","L1-V","941010004767570"
"A0060727371","Dog","Rone Callidus","07 year(s) 00 month(s) 00 day(s)"," Brown / White Siberian Husky / Mix","Microchip","Receiving 129","K6","4/2/2019 12:00 AM","S","67","1","4/1/2026 01:18 PM","L1","985112005715195"
"A0060727480","Dog","","03 year(s) 00 month(s) 01 day(s)"," Brown / Black German Shepherd / Mix","Stray Wait","Receiving 129","K2","4/1/2023 12:00 AM","F","","1","4/1/2026 01:24 PM","2026003502",""
"A0060728204","Cat","Frank Gallagher","","Tabby Grey Domestic Shorthair / Mix","SNR","Clinic","Clinic","","N","12","1","4/1/2026 01:32 PM","",""
"A0060728272","Dog","Brix-ADOPTED","00 year(s) 07 month(s) 01 day(s)"," Black / Brown Chihuahua, Short Coat / Mix","Available","Receiving 130","8","9/1/2025 12:00 AM","N","12.8","1","4/1/2026 01:45 PM","","941010004716627"
"A0060728850","Dog","Kleodora","04 year(s) 00 month(s) 00 day(s)"," White / Black Mixed Breed, Large (over 44 lbs fully grown) / Mix","Stray Wait","Dogs 068","C2","4/2/2022 12:00 AM","F","44","1","4/1/2026 02:26 PM","L1","941010004785336"
"A0060728854","Dog","Rocko",""," Apricot Mixed Breed, Medium (up to 44 lbs fully grown) / Mix","Available","Dog Intake","128.04","","N","","1","4/2/2026 11:36 AM","",""
"A0060729068","Dog","","03 year(s) 00 month(s) 01 day(s)"," Tan / White Terrier, Pit Bull / Mix","Pending Medical Assessment/Treatment","Receiving 130","1","4/1/2023 12:00 AM","F","","1","4/1/2026 03:26 PM","2026003507",""
"A0060729221","Dog","Malgi","00 year(s) 11 month(s) 01 day(s)"," Brown / Black Mixed Breed, Medium (up to 44 lbs fully grown) / Mix","Stray Wait","Dog Intake","128.03","5/1/2025 12:00 AM","M","","1","4/1/2026 03:11 PM","2026003497",""
"A0060729451","Dog","Mel",""," White / Tan Mixed Breed, Medium (up to 44 lbs fully grown) / Mix","Identifying Info","Receiving 130","11","","F","","1","4/1/2026 03:15 PM","",""
"A0060730035","Dog","Rozay",""," White / Black Mixed Breed, Small (under 24 lbs fully grown) / Mix","Stray Wait","Foster","Friendly Finder","","F","7.6","2","4/1/2026 03:54 PM","L1","941010004735528"
"A0060730484","Dog","Ace","00 year(s) 06 month(s) 01 day(s)"," Brown / Black Mixed Breed, Medium (up to 44 lbs fully grown) / Mix","Available","Receiving 130","21","10/1/2025 12:00 AM","M","","1","4/1/2026 04:39 PM","",""
"A0060730616","Cat","TWYLA","","Tuxedo Black / White Domestic Medium Hair / Mix","Identifying Info","Cat Intake 043","1","","F","","1","4/1/2026 05:04 PM","",""
"A0060731036","Dog","Kanga",""," White Mixed Breed, Large (over 44 lbs fully grown) / Mix","Stray Wait","Receiving 130","Crate","","M","","1","4/1/2026 05:24 PM","",""
"A0060731039","Dog","Roo",""," Blond Mixed Breed, Large (over 44 lbs fully grown) / Mix","Stray Wait","Receiving 130","Crate","","F","","1","4/1/2026 05:24 PM","",""
"A0060731142","Cat","Gable","08 year(s) 00 month(s) 01 day(s)"," Apricot Domestic Shorthair / Mix","Available","Cat Intake 044","3","4/1/2018 12:00 AM","M","","1","4/1/2026 05:58 PM","",""
"A0060731152","Domestic","Thumper-adopted!",""," Black / White Standard / Standard","Stray Wait","Dog Visiting 063","C1","","U","","1","4/1/2026 05:39 PM","",""
"A0060731175","Cat","Gigi","03 year(s) 00 month(s) 01 day(s)"," Apricot Domestic Shorthair / Mix","Available","Cat Intake 044","3","4/1/2023 12:00 AM","F","","1","4/1/2026 05:58 PM","",""
"A0060731508","Dog","Alyna",""," Brown / Black Shepherd / Mix","Stray Wait","Dog Intake","128.02","","F","","1","4/1/2026 07:01 PM","",""
"A0060731729","Dog","Franklin",""," Brown Retriever, Labrador / Mix","Identifying Info","Receiving 130","9","","M","","2","4/1/2026 10:33 PM","",""
"A0060731742","Dog","Milkshake-adopted!",""," Grey / White Mixed Breed, Small (under 24 lbs fully grown) / Mix","Identifying Info","Receiving 130","11","","F","","1","4/1/2026 08:36 PM","",""
"A0060731848","Cat","Biggum",""," Black / White Domestic Medium Hair / Mix","Stray Wait","Cat Intake 044","4","","U","","1","4/1/2026 10:31 PM","",""
"A0060733019","Cat","Sharky",""," Black / White Domestic Shorthair / Mix","Available","Cat Intake 044","1","","S","","1","4/2/2026 01:42 PM","",""
"A0060733076","Dog","",""," Brown / White Retriever, Labrador / Mix","Stray Wait","Receiving 129","K7","","M","","1","4/2/2026 11:51 AM","2026003459",""
"A0060733559","Dog","Eeyore",""," Grey / White Mixed Breed, Large (over 44 lbs fully grown) / Mix","Microchip","Receiving 130","2","","M","","1","4/2/2026 11:39 AM","","900263006587187"
"A0060733733","Dog","Dog",""," Apricot Mixed Breed, Medium (up to 44 lbs fully grown) / Mix","Available","Foster","Friendly Finder","","U","","0","4/2/2026 11:54 AM","",""
"A0060733750","Cat","Soy Sauce",""," Black Domestic Shorthair / Mix","Stray Wait","Cat Intake 043","4","","F","","1","4/2/2026 11:59 AM","",""
"A0060733839","Dog","Mamas","02 year(s) 00 month(s) 00 day(s)"," Grey / Black Mixed Breed, Medium (up to 44 lbs fully grown) / Mix","Stray Wait","Foster","Friendly Finder","4/2/2024 12:00 AM","F","47","1","4/2/2026 12:09 PM","L1","941010004714804"
"A0060733846","Cat","Bleu","00 year(s) 01 month(s) 14 day(s)"," White / Grey Domestic Longhair / Mix","Stray Wait","Foster","Friendly Finder","2/19/2026 12:00 AM","F","1.5","1","4/2/2026 12:07 PM","L1",""
"A0060733978","Dog","Pudding",""," Black German Shepherd / Mix","Stray Wait","Receiving 130","10","","F","","2","4/2/2026 11:00 AM","",""
"A0060735197","Dog","Chance","","Brindle Black / Brown Mixed Breed, Medium (up to 44 lbs fully grown) / Mix","Available","Receiving 129","K5","","M","","1","4/2/2026 02:07 PM","",""
"A0060735235","Dog","Ghost","02 year(s) 00 month(s) 00 day(s)"," Black German Shepherd / Mix","Nursing Mom","Mutternity","2","4/2/2024 12:00 AM","F","","0","4/2/2026 01:58 PM","","985113012466737"
"A0060735249","Dog","Lincoln",""," Black Mixed Breed, Small (under 24 lbs fully grown) / Mix","Available","Mutternity","2","","U","","0","4/2/2026 01:58 PM","",""
"A0060735259","Dog","Lori",""," Black Mixed Breed, Small (under 24 lbs fully grown) / Mix","Available","Mutternity","2","","U","","0","4/2/2026 01:58 PM","",""
"A0060735269","Dog","Leni",""," Black Mixed Breed, Small (under 24 lbs fully grown) / Mix","Available","Mutternity","2","","U","","0","4/2/2026 01:58 PM","",""
"A0060735275","Dog","Luna",""," Brown Mixed Breed, Small (under 24 lbs fully grown) / Mix","Available","Mutternity","2","","U","","0","4/2/2026 01:58 PM","",""
"A0060735288","Dog","Lynn",""," Brown Mixed Breed, Small (under 24 lbs fully grown) / Mix","Available","Mutternity","2","","U","","0","4/2/2026 01:58 PM","",""
"A0060735300","Dog","Lucy",""," Brown Mixed Breed, Small (under 24 lbs fully grown) / Mix","Available","Mutternity","2","","U","","0","4/2/2026 01:58 PM","",""
"A0060735316","Dog","Lana",""," Grey Mixed Breed, Small (under 24 lbs fully grown) / Mix","Available","Mutternity","2","","U","","0","4/2/2026 01:58 PM","",""
"A0060735370","Dog","Lola",""," Grey Mixed Breed, Small (under 24 lbs fully grown) / Mix","Available","Mutternity","2","","U","","0","4/2/2026 01:58 PM","",""
"A0060735388","Dog","Lisa",""," Grey Mixed Breed, Small (under 24 lbs fully grown) / Mix","Available","Mutternity","2","","U","","0","4/2/2026 01:58 PM","",""
"A0060735420","Dog","Luan",""," Grey Mixed Breed, Small (under 24 lbs fully grown) / Mix","Available","Mutternity","2","","U","","0","4/2/2026 01:58 PM","",""
"A0060735441","Dog","Lynn Sr",""," Black Mixed Breed, Small (under 24 lbs fully grown) / Mix","Available","Mutternity","2","","U","","0","4/2/2026 01:58 PM","",""
"A0060735568","Cat","Oille",""," White / Black Domestic Shorthair / Mix","Stray Wait","Cat Intake 044","4","","U","","0","4/2/2026 02:34 PM","",""
"A0060735576","Dog","Wiggle Bear",""," Blue Terrier, American Pit Bull / Mix","Stray Wait","Receiving 129","K5","","M","","1","4/2/2026 11:30 AM","",""
"A0060735587","Dog","Baloo",""," Black Mixed Breed, Large (over 44 lbs fully grown) / Mix","Microchip","Receiving 130","2","","M","","1","4/2/2026 02:36 PM","","900263006579129"
"A0060736042","Dog","Oliver",""," Beige / White Terrier, American Pit Bull / Mix","Stray Wait","Receiving 129","K6","","M","","1","4/2/2026 02:00 PM","",""
"A0060736644","Dog","Loud",""," Grey Mixed Breed, Small (under 24 lbs fully grown) / Mix","Under Age","Mutternity","2","","U","","0","4/2/2026 04:17 PM","",""
