,gid_x,Weight_y,Age_y,LevelReason,Location_y,CurrentStatus,Level_y,Sex_y,AnimalID,HW_y
0,1211165712032924,59,03 year(s) 00 month(s) 20 day(s),L1,Flex 82,Available,L1,S,A0059069720,+
1,1211087790300593,23,00 year(s) 04 month(s) 20 day(s),L1,Flex 82,Available,L1,S,A0059069721,-
2,1211093332348438,44,01 year(s) 01 month(s) 11 day(s),L1,Dogs 081 B1,Available,L1,M,A0058933580,-
3,1211157513815688,44,01 year(s) 01 month(s) 11 day(s),L1,Dogs 081 B1,Available,L1,M,A0058933580,-
4,1211176471108577,49,02 year(s) 01 month(s) 17 day(s),L1,Dogs 403 A5,Available,L1,M,A0058886517,-
5,1211155206073155,50,02 year(s) 01 month(s) 23 day(s),L1,Foster Foster Home,Available,L1,M,A0058847356,-
6,1211128207564564,76,08 year(s) 00 month(s) 12 day(s),L1,Flex 84,Priority,L1,M,A0059122741,-
7,1211157013672918,72,09 year(s) 10 month(s) 12 day(s),L1,Flex 84,Available,L1,F,A0053303339,-
8,1211127858193327,42,03 year(s) 01 month(s) 07 day(s),L1,Dogs 079 A6,Available,L1,F,A0058948812,-
9,1211132482830572,65,02 year(s) 01 month(s) 10 day(s),L1,Foster Foster Home,Available,L1,M,A0058923968,-
10,1211164886307839,24,00 year(s) 06 month(s) 17 day(s),L1,Dogs 088 A10,Available,L1,S,A0058884817,
11,1211133236933855,75,04 year(s) 01 month(s) 00 day(s),L1,Foster Foster Home,Available,L1,N,A0058998761,
12,1211165496753211,56,04 year(s) 02 month(s) 04 day(s),L1,Dogs 064 B4,Adopted,L1,S,A0058778620,-
13,1211130015481237,22,00 year(s) 06 month(s) 04 day(s),L1- EA,Dogs 066 B4,Available,L1,F,A0058973635,
14,1211117151235582,58,08 year(s) 00 month(s) 30 day(s),L1,Foster Foster Home,Available,L1,N,A0059005672,
15,1211132908719965,54,05 year(s) 02 month(s) 04 day(s),L1,Foster Foster Home,Available,L1,N,A0058778619,+
16,1211132408864577,65,03 year(s) 01 month(s) 23 day(s),L1,Dogs 079 A4,Priority,L1,F,A0058848637,+
17,1211163269271552,53,03 year(s) 01 month(s) 20 day(s),L1,Dogs 064 B2,Priority,L1,N,A0058864035,-
18,1211130086782136,56,05 year(s) 01 month(s) 13 day(s),L1,Foster Trial Adoption,Trial Adoption,L1,S,A0058911318,-
19,1211165245950582,56,05 year(s) 01 month(s) 05 day(s),L1,Dogs 081 B8,Available,L1,F,A0058964897,+
20,1211152862548100,61,03 year(s) 01 month(s) 02 day(s),L2-BR,Foster Foster Home,Available,L2,M,A0058988613,-
21,1211073298780081,35,02 year(s) 01 month(s) 03 day(s),L2-SF,Dogs 067 A5,Available,L2,F,A0058985823,-
22,1211129749526541,64,01 year(s) 06 month(s) 29 day(s),L1 - EA,Dogs 066 B6,Available,L1,M,A0059011050,-
23,1211073198546935,53,02 year(s) 00 month(s) 29 day(s),L1,Dogs 067 B2,Available,L1,F,A0059010208,-
24,1211151038333237,39,03 year(s) 00 month(s) 30 day(s),L1,Dogs 068 B4,Available,L1,M,A0059007743,-
25,1211132618412346,42,03 year(s) 00 month(s) 29 day(s),L2-A,Dogs 068 A4,Priority,L2,M,A0059008519,-
26,1211184862689486,45,07 year(s) 00 month(s) 27 day(s),L1,Dogs 068 A3,Priority,L1,F,A0059027650,-
27,1211086718001513,54,03 year(s) 00 month(s) 27 day(s),L2-BH,Dogs 081 A8,Adopted,L2,S,A0059026601,+
28,1211175843484274,20,00 year(s) 08 month(s) 07 day(s),L1,Dogs 081 B7,Available,L1,M,A0058962398,-
29,1211184805233795,67,02 year(s) 00 month(s) 28 day(s),L1,Dogs 088 B9,Available,L1,M,A0059028091,-
30,1211163671865135,50,03 year(s) 00 month(s) 24 day(s),L1,Dogs 064 A3,Adopted,L1,M,A0059041470,-
31,1211113413358218,40,03 year(s) 00 month(s) 24 day(s),L2-SF,Dogs 079 B4,Available,L2,F,A0059050743,-
32,1211036635441681,37,01 year(s) 00 month(s) 22 day(s),L2-SF,Dogs 066 B3,Available,L2,F,A0059057788,-
33,1211184502644571,41,03 year(s) 01 month(s) 18 day(s),L1,Dogs 088 B10,Available,L1,F,A0058881259,-
34,1211174921085351,49,12 year(s) 00 month(s) 21 day(s),L1,Dogs 079 A3,Priority,L1,F,A0059069137,+
35,1211127780621274,45,01 year(s) 06 month(s) 20 day(s),L2 - SF,Dogs 068 B3,Available,L2,F,A0059076505,-
36,1211164893314639,51,01 year(s) 00 month(s) 25 day(s),L1,Dogs 067 A4,Available,L1,M,A0059037942,-
37,1211157004223955,40,02 year(s) 00 month(s) 19 day(s),L2-A,Featured Dogs 55,Priority,L2,F,A0059080643,-
38,1211141364026364,38,01 year(s) 00 month(s) 19 day(s),L3-SD,Dogs 066 A1,Cites,L3,F,A0059080672,-
39,1211129104457158,53,02 year(s) 01 month(s) 04 day(s),L1,Dogs 081 B5,Available,L1,N,A0058978213,-
40,1211132928520217,36,03 year(s) 00 month(s) 23 day(s),L2-SF,Dogs 067 B3,Available,L2,M,A0059048069,-
41,1211073104026148,41,00 year(s) 10 month(s) 17 day(s),L1,Dogs 088 B4,Available,L1,S,A0059087305,-
42,1211073241094765,38,03 year(s) 00 month(s) 18 day(s),L1,Dogs 067 A3,Available,L1,M,A0059080810,-
43,1211164538241953,51,00 year(s) 09 month(s) 16 day(s),L1,Foster Foster Home,Available,L1,S,A0059093794,-
44,1211130249955104,31,00 year(s) 10 month(s) 17 day(s),L1,Dogs 088 A7,Available,L1,N,A0059090536,-
45,1211132308579392,33,00 year(s) 08 month(s) 17 day(s),L1,Dogs 067 B1,Available,L1,F,A0059083921,-
46,1211133142789719,47,05 year(s) 00 month(s) 14 day(s),L1,Dogs 081 A6,Available,L1,F,A0059104668,-
47,1211133465141930,47,05 year(s) 00 month(s) 14 day(s),L1,Dogs 081 A6,Available,L1,F,A0059104668,-
48,1211127652724715,58,05 year(s) 00 month(s) 15 day(s),L1,Dogs 079 B2,Available,L1,M,A0059101512,-
49,1211123430842700,49,01 year(s) 00 month(s) 14 day(s),L1,Dog Pre/Post Op 138 1,Court,L1,M,A0059114218,-
50,1211178100916519,28,00 year(s) 07 month(s) 14 day(s),L3-BH,Dogs 081 A2,Priority,L3,F,A0059106400,-
51,1211073054176671,24,00 year(s) 07 month(s) 13 day(s),L1,Dog Quarantine A7,Available,L1,F,A0059108996,-
52,1211132524887967,59,03 year(s) 00 month(s) 13 day(s),L1,Dogs 081 B6,Available,L1,N,A0059117627,-
53,1211132962246746,35,01 year(s) 06 month(s) 13 day(s),L1,Foster Trial Adoption,Trial Adoption,L1,N,A0059114457,-
54,1211073418431836,33,12 year(s) 00 month(s) 14 day(s),L1,Foster Foster Home,Available,L1,F,A0059105531,-
55,1211127786536249,30,00 year(s) 10 month(s) 12 day(s),L1,Foster Trial Adoption,Trial Adoption,L1,S,A0059122204,-
56,1211129918245514,49,07 year(s) 00 month(s) 09 day(s),L1,Dogs 079 B3,Available,L1,N,A0059117737,-
57,1211127683965405,45,05 year(s) 00 month(s) 11 day(s),L1,Dogs 079 B1,Available,L1,F,A0059083932,+
58,1211075321242452,44,00 year(s) 08 month(s) 17 day(s),L1,Dogs 088 A5,Available,L1,N,A0057801258,-
59,1211130097928986,55,02 year(s) 00 month(s) 10 day(s),L1,Dogs 088 A2,Available,L1,M,A0059192800,-
60,1211129964106355,37,00 year(s) 09 month(s) 10 day(s),L1,Dogs 088 A9,Available,L1,F,A0059191607,-
61,1211173423573160,37,00 year(s) 09 month(s) 10 day(s),L1,Dogs 088 A9,Available,L1,F,A0059191607,-
62,1211133083549512,37,00 year(s) 08 month(s) 10 day(s),L1,Dogs 088 B2,Available,L1,M,A0059188328,-
63,1211184727905332,50,03 year(s) 00 month(s) 04 day(s),L1,Dogs 066 A4,Available,L1,M,A0059188894,-
64,1211141101315926,30,01 year(s) 00 month(s) 20 day(s),L1,Dogs 066 A2,Available,L1,S,A0059070135,-
65,1211184662452844,34,00 year(s) 10 month(s) 10 day(s),L1,Dogs 067 B5,Available,L1,M,A0059187326,-
66,1211173660412276,39,04 year(s) 00 month(s) 11 day(s),L1,Clinic Clinic,Available,L1,S,A0059121527,+
67,1211154861668226,36,01 year(s) 06 month(s) 11 day(s),L1,Dogs 081 A10,Priority,L1,F,A0059187897,-
68,1211132840634228,27,00 year(s) 08 month(s) 10 day(s),L1,Dogs 081 A1,Adopted,L1,S,A0059197190,-
69,1211173835993209,39,02 year(s) 00 month(s) 10 day(s),L1,Dogs 088 B7,Available,L1,F,A0059194156,-
70,1211131364153738,45,00 year(s) 07 month(s) 11 day(s),L1,Dogs 088 B8,Available,L1,S,A0058925965,-
71,1211154690942726,45,04 year(s) 00 month(s) 08 day(s),L1,Dogs 081 B9,Priority,L1,F,A0059207050,-
72,1211129996699029,40,00 year(s) 09 month(s) 09 day(s),L1,Dogs 088 B6,Available,L1,F,A0059201841,-
73,1211075138909313,46,01 year(s) 00 month(s) 12 day(s),L1,Dogs 066 A5,Available,L1,N,A0059125495,-
74,1211166891088051,22,05 year(s) 00 month(s) 08 day(s),L1,Dogs 067 B4,Adopted,L1,F,A0059208675,-
75,1211119355688041,65,06 year(s) 00 month(s) 07 day(s),L1,Dogs 081 A5,Available,L1,F,A0059216702,-
76,1211119511123537,21,00 year(s) 10 month(s) 07 day(s),L1,Dogs 064 A2,Adopted,L1,M,A0059215791,-
77,1211132956065646,65,08 year(s) 00 month(s) 08 day(s),L2-BR,Dogs 079 B6,Available,L2,M,A0059212500,+
78,1211119355478030,33,02 year(s) 00 month(s) 08 day(s),L2-SF,Dogs 068 A1,Available,L2,F,A0059209048,-
79,1211133067061772,58,06 year(s) 01 month(s) 17 day(s),L1,Receiving 130 20,Available,L1,F,A0058882547,+
80,1211133511488813,7,00 year(s) 11 month(s) 07 day(s),L1,Dogs 064 B1,Adopted,L1,F,A0059211703,-
81,1211156343020532,42,02 year(s) 00 month(s) 06 day(s),L2-SF,Dogs 081 A4,Adopted,L2,N,A0059223843,-
82,1211128449687475,49,02 year(s) 00 month(s) 06 day(s),L1,Dogs 064 A4,Available,L1,N,A0059223256,-
83,1211153034077477,27,01 year(s) 06 month(s) 06 day(s),L1,Dogs 088 A1,Available,L1,F,A0059224364,-
84,1211131257515248,31,00 year(s) 08 month(s) 06 day(s),L1,Dogs 081 A8,Cites,L1,F,A0059220223,-
85,1211173994979636,29,02 year(s) 00 month(s) 06 day(s),L1,Dogs 067 A1,Available,L1,N,A0059221224,+
86,1211131564821388,53,03 year(s) 00 month(s) 06 day(s),L1,Dogs 081 B3,Available,L1,M,A0059209543,-
87,1211133115079665,42,01 year(s) 00 month(s) 06 day(s),L1,Dogs 066 B2,Available,L1,S,A0059217071,-
88,1211157305142482,39,02 year(s) 00 month(s) 14 day(s),L3-SF,Dogs 601 3,Priority,L3,M,A0059061882,-
89,1211073853716052,49,03 year(s) 01 month(s) 00 day(s),L1-EA,Dogs 606 B4,Available,L1,F,A0058999057,
90,1211057197189556,48,03 year(s) 01 month(s) 08 day(s),L1,Dogs 601 4,Available,L1,M,A0058952168,-
91,1211132336537746,79,04 year(s) 00 month(s) 26 day(s),L1,Dogs 601 5,Available,L1,M,A0058998237,-
92,1211073294265440,50,02 year(s) 01 month(s) 16 day(s),L1 - EA,Dogs 606 B1,Priority,L1,F,A0058900098,-
93,1211074539761550,50,02 year(s) 01 month(s) 16 day(s),L1 - EA,Dogs 606 B1,Priority,L1,F,A0058900098,-
94,1211175660621515,34,00 year(s) 11 month(s) 09 day(s),L2-SF,Dogs 602 1,Available,L2,F,A0058941410,-
95,1211152306474300,68,02 year(s) 01 month(s) 07 day(s),L1,Foster Foster Home,Available,L1,M,A0058950235,-
96,1211132331433023,51,01 year(s) 01 month(s) 08 day(s),L1,Dogs 601 6,Available,L1,M,A0058950523,-
97,1211143398435192,56,02 year(s) 01 month(s) 08 day(s),L1,Dogs 606 B6,Available,L1,M,A0058945559,-
98,1211143512057804,55,01 year(s) 01 month(s) 05 day(s),L2-SF,Dogs 601 2,Available,L2,M,A0058965409,-
99,1211151716567278,60,05 year(s) 01 month(s) 15 day(s),L1,Dogs 603 B1,Available,L1,M,A0058901520,-
100,1211068745225572,49,04 year(s) 00 month(s) 30 day(s),L1,Dogs 603 B5,Priority,L1,F,A0059005850,-
101,1211175532082078,60,03 year(s) 07 month(s) 10 day(s),L2-SF/BR,Dogs 602 3,Priority,L2,M,A0058940587,-
102,1211071702488205,47,04 year(s) 06 month(s) 22 day(s),L1,Dogs 603 A4,Priority,L1,S,A0057806990,+
103,1211175657699961,55,03 year(s) 00 month(s) 28 day(s),L2 - RG,Dogs 603 B6,Priority,L2,M,A0059018741,-
104,1211151153068938,50,01 year(s) 00 month(s) 24 day(s),L1,Dogs 603 B4,Available,L1,M,A0059042315,-
105,1211151644497687,41,02 year(s) 00 month(s) 27 day(s),L1,Dogs 601 8,Available,L1,F,A0059031231,-
106,1211154478704645,68,03 year(s) 05 month(s) 23 day(s),L2-BR,Dogs 603 A1,Adopted,L2,N,A0057963121,-
107,1211129518146063,16,02 year(s) 00 month(s) 19 day(s),L1,Dogs 602 C3,Available,L1,N,A0059080152,-
108,1211073219041438,58,01 year(s) 06 month(s) 22 day(s),L1,Dogs 606 A3,Available,L1,N,A0056513366,-
109,1211174195383034,47,04 year(s) 00 month(s) 15 day(s),L3-SF/A/ OD,Dogs 603 B2,Priority,L3,M,A0059089132,-
110,1211129821580029,32,01 year(s) 00 month(s) 14 day(s),L1,Dog Pre/Post Op 138 4,Court,L1,F,A0059114213,-
111,1211061578215129,23,00 year(s) 08 month(s) 13 day(s),L1,Dogs 606 A1,Cruelty Exam,L1,M,A0059106777,-
112,1211129823082872,53,02 year(s) 08 month(s) 25 day(s),L1,Dogs 603 A6,Available,L1,S,A0057378952,+
113,1211175778745299,81,08 year(s) 00 month(s) 16 day(s),L2 - SF,Dogs 601 1,Available,L2,M,A0059095840,-
114,1211132406078241,40,06 year(s) 00 month(s) 14 day(s),L2-BR/H,Dogs 606 A7,Priority,L2,S,A0056551335,+
115,1211132576191247,84,06 year(s) 00 month(s) 11 day(s),L2 - SF,Dogs 603 A3,Available,L2,M,A0059109555,-
116,1211098027070601,52,01 year(s) 08 month(s) 07 day(s),L1,Dogs 601 7,Microchip,L1,N,A0057506506,-
117,1211017284377266,58,02 year(s) 01 month(s) 08 day(s),L2-A,Dogs 601 9,Priority,L2,N,A0058945194,-
118,1211115467057868,54,04 year(s) 01 month(s) 04 day(s),L1,Dogs 606 A4,Available,L1,S,A0058970953,-
119,1211030308402837,51,02 year(s) 01 month(s) 01 day(s),L2-BR/SF,Foster Trial Adoption,Trial Adoption,L2,S,A0058992373,-
120,1211150313355728,37,01 year(s) 00 month(s) 19 day(s),L2-JM/RG,Foster Foster Home,Available,L2,M,A0059079264,-
121,1211133176799618,47,02 year(s) 00 month(s) 21 day(s),L2-OA,Foster Foster Home,Available,L2,F,A0059069956,-
122,1211038547723496,43,04 year(s) 01 month(s) 10 day(s),L1,Foster Trial Adoption,Trial Adoption,L1,S,A0058923964,-
123,1211132665387307,46,05 year(s) 00 month(s) 23 day(s),L2-SF,Dogs 602 2,Priority,L2,F,A0059053543,+
124,1211152448744005,39,01 year(s) 00 month(s) 06 day(s),L1,Dogs 606 A5,Available,L1,M,A0059223836,+
125,1211131257471108,59,04 year(s) 00 month(s) 05 day(s),L1,Dogs 602 4,Available,L1,S,A0059211044,-
126,1211129918183686,56,03 year(s) 02 month(s) 04 day(s),L1,Foster Foster Home,Available,L1,N,A0058771442,-
127,1211127709627536,84,04 year(s) 01 month(s) 20 day(s),L1,Dogs 503 A5,Available,L1,M,A0058867555,+
128,1211132928328457,57,05 year(s) 01 month(s) 19 day(s),L1,Dogs 503 B3,Available,L1,M,A0058871529,-
129,1211073765302183,55,03 year(s) 01 month(s) 11 day(s),L1,Dogs 503 B4,Available,L1,M,A0058932264,+
130,1211166840210411,46,02 year(s) 07 month(s) 07 day(s),L1,Dogs 506 A2,Available,L1,S,A0058956070,-
131,1211164066594123,52,02 year(s) 02 month(s) 00 day(s),L1,Dogs 506 A7,Priority,L1,N,A0058804090,-
132,1211129845101321,46,03 year(s) 01 month(s) 04 day(s),L1,Dogs 503 B1,Available,L1,F,A0058978092,-
133,1211129847232494,63,04 year(s) 01 month(s) 02 day(s),L1,Dogs 503 B2,Available,L1,M,A0058985496,+
134,1211107385227557,71,03 year(s) 01 month(s) 13 day(s),L1,Dogs 506 B6,Available,L1,F,A0058923121,+
135,1211129585884785,58,03 year(s) 03 month(s) 02 day(s),L2-SF,Dogs 503 A2,Available,L2,N,A0058576129,+
136,1211073626981886,56,03 year(s) 00 month(s) 30 day(s),L2-SF,Dogs 501 9,Available,L2,M,A0058991756,-
137,1211129874518901,57,04 year(s) 00 month(s) 30 day(s),L1,Dogs 501 3,Available,L1,N,A0059005876,-
138,1211039494805298,48,02 year(s) 00 month(s) 29 day(s),L2-SF,Dogs 501 4,Available,L2,M,A0059018919,-
139,1211107350009392,72,02 year(s) 01 month(s) 14 day(s),L1,Dogs 506 B2,Available,L1,M,A0058908520,+
140,1211129913797347,49,01 year(s) 01 month(s) 10 day(s),L1,Dogs 506 A6,Available,L1,M,A0058937667,-
141,1211039224422767,31,00 year(s) 08 month(s) 23 day(s),L1,Dogs 502 C4,Available,L1,F,A0059053506,-
142,1211132638133439,59,10 year(s) 00 month(s) 15 day(s),L2 - A,Dogs 502 1,Priority,L2,N,A0059100213,-
143,1211156669270279,23,00 year(s) 06 month(s) 24 day(s),L1,Dogs 502 C2,Available,L1,F,A0059045111,-
144,1211132350368115,70,03 year(s) 00 month(s) 15 day(s),L2-SF,Dogs 501 8,Available,L2,F,A0059110103,-
145,1211130033209765,41,02 year(s) 00 month(s) 14 day(s),L2-BR,Dogs 501 1,Priority,L2,F,A0059102342,-
146,1211129709484729,42,02 year(s) 00 month(s) 14 day(s),L1,Dog ISO 153 B6,Court,L1,M,A0059114222,-
147,1211071378837185,44,04 year(s) 00 month(s) 14 day(s),L1,Dogs 506 A4,Cruelty Exam,L1,F,A0059106772,-
148,1211132510954062,53,02 year(s) 00 month(s) 13 day(s),L2-SF,Dogs 503 B5,Priority,L2,M,A0059105810,-
149,1211072316596533,56,01 year(s) 00 month(s) 12 day(s),L2-A,Dogs 502 3,Available,L2,F,A0059123537,-
150,1211124785784645,40,03 year(s) 00 month(s) 12 day(s),L1,Dogs 502 6,Available,L1,M,A0059121408,-
151,1211035729267970,40,01 year(s) 00 month(s) 28 day(s),L1,Dogs 502 5,Available,L1,M,A0059023440,-
152,1211156839155029,38,05 year(s) 00 month(s) 10 day(s),L2-BR,Dogs 502 4,Available,L2,F,A0059193088,-
153,1211072263511929,47,00 year(s) 09 month(s) 26 day(s),L1,Foster Foster Home,Available,L1,M,A0058993234,-
154,1211132655899420,30,01 year(s) 00 month(s) 09 day(s),L1,Dogs 506 B4,Available,L1,M,A0059201506,-
155,1211129618765894,52,05 year(s) 00 month(s) 10 day(s),L1,Dogs 503 A1,Available,L1,M,A0059193435,-
156,1211132449712321,93,04 year(s) 00 month(s) 08 day(s),L2-RG,Foster Trial Adoption,Trial Adoption,L2,N,A0059206576,+
157,1211130200616320,36,01 year(s) 00 month(s) 28 day(s),L1,Foster Foster Home,Available,L1,S,A0058216663,-
158,1211128281753562,42,01 year(s) 04 month(s) 02 day(s),L1,Foster Foster Home,Available,L1,F,A0057353143,-
159,1211133566123786,65,03 year(s) 00 month(s) 24 day(s),L1,Dogs 306 B6,Available,L1,N,A0059042443,-
160,1211133234852453,32,03 year(s) 03 month(s) 07 day(s),L1,Dogs 067 A2,Priority,L1,S,A0058548468,-
161,1211129318915752,41,04 year(s) 00 month(s) 19 day(s),L1,Dogs 501 7,Available,L1,M,A0059077476,-
162,1211185737032503,70,02 year(s) 00 month(s) 23 day(s),L1,Dogs 401 3,Available,L1,N,A0059045973,-
163,1211132123135258,45,02 year(s) 01 month(s) 07 day(s),L1,Foster Trial Adoption,Trial Adoption,L1,M,A0058948806,
164,1211185685989747,64,04 year(s) 09 month(s) 03 day(s),L1,Dogs 501 2,Priority,L1,M,A0059060477,-
165,1211129186517218,60,09 year(s) 01 month(s) 00 day(s),L3-SF,Foster Foster Home,Available,L3,F,A0058970141,-
166,1211073074656620,55,02 year(s) 01 month(s) 19 day(s),L2 - RG,Foster Foster Home,Available,L2,F,A0058872755,-
167,1211185134064732,44,02 year(s) 01 month(s) 16 day(s),L2-SF,Dogs 401 6,Available,L2,F,A0058896193,-
168,1211129799929077,51,05 year(s) 01 month(s) 17 day(s),L1,Dogs 406  B1,Available,L1,F,A0058883962,-
169,1211132420488976,41,03 year(s) 00 month(s) 27 day(s),L1,Foster Trial Adoption,Trial Adoption,L1,M,A0059030945,-
170,1211127874663840,54,02 year(s) 00 month(s) 21 day(s),L1,Foster Foster Home,Available,L1,F,A0059068647,-
171,1211175201917653,34,06 year(s) 00 month(s) 22 day(s),L3-SF,Foster Foster Home,Available,L3,M,A0059059299,-
172,1211129749854806,44,02 year(s) 01 month(s) 21 day(s),L1,Dogs 403 B4,Priority,L1,F,A0058859172,-
173,1211030271733453,45,00 year(s) 10 month(s) 17 day(s),L1,Dogs 403 A6,Available,L1,M,A0059086837,-
174,1211178278928663,67,04 year(s) 00 month(s) 16 day(s),L2 - SF,Dogs 401 1,Available,L2,S,A0059097186,-
175,1211176127004518,58,03 year(s) 00 month(s) 04 day(s),L2-H/BR,Foster Foster Home,Available,L2,S,A0056628457,-
176,1211132962798980,54,01 year(s) 00 month(s) 14 day(s),L1,Dogs 402 5,Available,L1,M,A0059106761,-
177,1211107624190275,34,00 year(s) 08 month(s) 13 day(s),L1,Dogs 406 A4,Available,L1,N,A0059108642,-
178,1211156097562291,55,01 year(s) 00 month(s) 13 day(s),L1,Dogs 406 A5,Available,L1,F,A0059114517,-
179,1211165785408066,72,05 year(s) 04 month(s) 29 day(s),L1,Dogs 079 A2,Available,L1,N,A0059111557,-
180,1211096406252098,43,04 year(s) 00 month(s) 16 day(s),L2 - SF,Dogs 406 A3,Available,L2,F,A0059096476,-
181,1211132957819707,58,02 year(s) 00 month(s) 13 day(s),L2 - SF,Dogs 406 B4,Available,L2,M,A0059121860,-
182,1211156572740838,48,02 year(s) 00 month(s) 13 day(s),L3-SF,Dogs 402 4,Priority,L3,M,A0059083104,+
183,1211142616491360,75,03 year(s) 00 month(s) 10 day(s),L1,Dogs 403 B5,Available,L1,M,A0059192169,-
184,1211130054602738,61,04 year(s) 00 month(s) 09 day(s),L1,Dogs 403 A4,Available,L1,S,A0059201498,-
185,1211184711273913,51,01 year(s) 08 month(s) 26 day(s),L1,Foster Foster Home,Available,L1,S,A0058620616,-
186,1211109319642662,48,00 year(s) 08 month(s) 22 day(s),L2-OA,Dogs 403 A1,Adopted,L2,S,A0057969563,-
187,1211166372917272,36,01 year(s) 06 month(s) 08 day(s),L1,Dogs 406 B2,Available,L1,M,A0059205759,-
188,1211127685184141,36,03 year(s) 00 month(s) 09 day(s),L2-SF,Dogs 403 B6,Available,L2,M,A0059201452,+
189,1211119694829564,65,04 year(s) 01 month(s) 08 day(s),L2 - OA,Dogs 406 B3,Priority,L2,N,A0058937435,-
190,1211128175757725,76,02 year(s) 00 month(s) 06 day(s),L1,Dogs 402 2,Available,L1,M,A0059218046,+
191,1211136162063490,54,02 year(s) 00 month(s) 07 day(s),L2-OA,Dogs 403 A2,Priority,L2,M,A0059209562,+
192,1211128175196573,48,01 year(s) 06 month(s) 07 day(s),L1,Dogs 403 B2,Available,L1,F,A0059216974,-
193,1211128175446213,58,03 year(s) 00 month(s) 06 day(s),L1,Dogs 406 A6,Cites,L1,F,A0059224207,-
194,1211131257536530,39,02 year(s) 02 month(s) 30 day(s),L1,Dogs 406 A4,Available,L1,N,A0058600356,-
195,1210605981712951,0,,STAFF ONLY,Dogs 302 6,Court,STAFF ONLY,M,A0058754202,
196,1210954177333350,0,04 year(s) 00 month(s) 29 day(s),STAFF ONLY,Dogs 203 5,Court,STAFF ONLY,S,A0059023455,
197,1211134362620135,0,,L2-SF,Dogs 064 B3,Available,L2,M,A0059006004,
198,1211155102886615,40,03 year(s) 00 month(s) 30 day(s),L3- SF/BR/RG,Dogs 306 B4,Priority,L3,F,A0059006048,
199,1211177793767222,0,,L3-SF,Dogs 303 B2,Priority,L3,M,A0059061555,
200,1210680588929632,58,03 year(s) 01 month(s) 22 day(s),STAFF ONLY,Dogs 302 5,Court,STAFF ONLY,S,A0056298384,-
201,1211177409341520,41,01 year(s) 01 month(s) 06 day(s),L2-SF,Dogs 306 A5,Available,L2,F,A0058961127,-
202,1211028152970954,56,03 year(s) 01 month(s) 03 day(s),L1,Dogs 303 A6,Available,L1,M,A0058978654,-
203,1211166048680003,56,03 year(s) 01 month(s) 03 day(s),L1,Dogs 303 A6,Available,L1,M,A0058978654,-
204,1211129721445434,51,04 year(s) 01 month(s) 00 day(s),L1,Dogs 303 A1,Available,L1,M,A0058999518,-
205,1211132648965558,55,05 year(s) 00 month(s) 27 day(s),L1,Dogs 306 B2,Available,L1,M,A0059025512,-
206,1211132299080678,33,06 year(s) 00 month(s) 28 day(s),L1,Dogs 303 B1,Adopted,L1,F,A0059023830,-
207,1211132635980027,35,00 year(s) 09 month(s) 26 day(s),L1,Dogs 306 B1,Available,L1,F,A0059031986,-
208,1211164600447592,67,10 year(s) 00 month(s) 21 day(s),L1,Dogs 306 A6,Priority,L1,N,A0059068907,+
209,1211132297365378,44,02 year(s) 00 month(s) 20 day(s),L1,Dogs 303 B3,Available,L1,F,A0059071245,-
210,1211155080242032,73,03 year(s) 00 month(s) 16 day(s),L1,Dogs 306 A2,Available,L1,M,A0059096501,-
211,1211132297525173,37,06 year(s) 00 month(s) 18 day(s),L1,Dogs 303 B3,Available,L1,S,A0053630143,-
212,1211154727901721,65,03 year(s) 00 month(s) 05 day(s),L1,Featured Dogs 53,Available,L1,M,A0059102424,-
213,1211096355749776,65,05 year(s) 00 month(s) 14 day(s),L2-OA,Foster Foster Home,Available,L2,M,A0059101670,-
214,1211184576320271,74,02 year(s) 00 month(s) 15 day(s),L1,Dogs 401 5,Available,L1,M,A0059101393,-
215,1211132476848181,41,01 year(s) 06 month(s) 15 day(s),L1,Foster Trial Adoption,Trial Adoption,L1,N,A0059101358,-
216,1211017358223843,27,02 year(s) 00 month(s) 22 day(s),STAFF ONLY,Foster Trial Adoption,Trial Adoption,STAFF ONLY,N,A0059057737,+
217,1211154726104078,26,00 year(s) 06 month(s) 20 day(s),L1,Dogs 303 B6,Available,L1,M,A0059062583,-
218,1211132533962461,62,08 year(s) 00 month(s) 14 day(s),L1 RN,Dogs 306 A4,Available,L1,M,A0059105728,-
219,1211164459849305,59,02 year(s) 00 month(s) 12 day(s),L1,Dogs 306 B3,Available,L1,F,A0059121452,-
220,1211132142171357,92,08 year(s) 00 month(s) 11 day(s),L1,Dogs 306 A3,Available,L1,M,A0059109550,+
221,1211017379070424,47,02 year(s) 01 month(s) 23 day(s),L2-OA,Dogs 302 3,Court,L2,M,A0058846624,-
222,1211133516186216,58,03 year(s) 00 month(s) 29 day(s),L1,Dogs 306 A1,Available,L1,N,A0059015488,-
223,1211109220132236,43,06 year(s) 01 month(s) 06 day(s),STAFF ONLY,Dogs 302 4,Available,STAFF ONLY,M,A0058962389,+
224,1211154979170329,53,02 year(s) 06 month(s) 08 day(s),L1,Dogs 306 B5,Available,L1,F,A0059217133,-
225,1211155171482308,54,04 year(s) 01 month(s) 18 day(s),L2-BH,Dogs 303 A3,Available,L2,S,A0058875618,+
226,1211107742904296,41,01 year(s) 06 month(s) 12 day(s),L2-SF,Dogs 401 9,Available,L2,F,A0059123747,-
227,1211166185996957,72,04 year(s) 03 month(s) 00 day(s),L3-SF,Dog ISO 155 A1,Court,L3,F,A0058589614,
228,1211132116352160,33,02 year(s) 02 month(s) 08 day(s),LS-SF,Dog ISO 155 B4,Court,,M,A0058754247,-
229,1211166316863948,83,10 year(s) 08 month(s) 21 day(s),A480832 - L1,Dog ISO 156 K1,Court,L1,M,A0053293515,+
230,1211038420998764,47,03 year(s) 10 month(s) 04 day(s),L1,Dog ISO 153 B5,Court,L1,F,A0057149974,-
231,1211074808646788,49,02 year(s) 00 month(s) 08 day(s),L1,Dog ISO 153 A2,Court,L1,S,A0057877022,-
232,1211143987953412,54,04 year(s) 01 month(s) 20 day(s),L1,Dog ISO 153 B7,Court,L1,M,A0056311122,-
233,1211129387483567,44,04 year(s) 11 month(s) 11 day(s),L2-H/SF,Dog ISO 153 A3,Court,L2,F,A0056890782,-
234,1210493891098492,67,04 year(s) 05 month(s) 12 day(s),STAFF ONLY,Dog ISO 153 B2,Court,STAFF ONLY,F,A0058029394,-
235,1211144117168772,67,04 year(s) 04 month(s) 23 day(s),L1,Dog ISO 153 B1,Court,L1,M,A0058256042,+
236,1211141237467834,55,02 year(s) 03 month(s) 00 day(s),L2 - OA/LR,Dog ISO 153 A7,Court,L2,M,A0058589648,-
237,1211132238619926,21,01 year(s) 00 month(s) 02 day(s),L1,Dog ISO 156 C7,Court,L1,F,A0058578550,-
238,1211114428323847,18,01 year(s) 00 month(s) 02 day(s),L1,Dog ISO 155 A3,Court,L1,F,A0058578487,-
239,1211013797792716,17,01 year(s) 00 month(s) 02 day(s),L1,Dog ISO 155 A4,Court,L1,F,A0058578397,-
240,1211132276035667,18,01 year(s) 00 month(s) 02 day(s),L1,Dog ISO 156 C6,Court,L1,F,A0058578454,-
241,1211114569844723,24,02 year(s) 03 month(s) 02 day(s),L1,Dog ISO 155 B2,Court,L1,F,A0058578208,-
242,1211017694753355,24,03 year(s) 03 month(s) 02 day(s),L1,Dog ISO 156 C8,Court,L1,M,A0058578305,-
243,1211132269664401,28,02 year(s) 03 month(s) 02 day(s),L1,Dog ISO 156 C4,Court,L1,M,A0058578173,-
244,1211132112271874,19,06 year(s) 03 month(s) 02 day(s),L1,Dog ISO 155 A2,Court,L1,F,A0058577947,-
245,1211132262601614,24,02 year(s) 03 month(s) 02 day(s),L1,Dog ISO 156 C5,Court,L1,F,A0058577981,-
246,1211131092806437,29,04 year(s) 03 month(s) 02 day(s),L2 - OA,Dog ISO 155 B1,Court,L2,M,A0058578010,-
247,1211132241750816,21,02 year(s) 03 month(s) 02 day(s),L1,Dog ISO 155 A2,Court,L1,F,A0058577922,-
248,1211175875474683,26,01 year(s) 09 month(s) 02 day(s),L1,Dog ISO 155 B2,Court,L1,F,A0058577894,-
249,1211017213763690,27,05 year(s) 03 month(s) 02 day(s),L1,Dog ISO 156 C3,Court,L1,M,A0058577807,-
250,1211073860158672,63,05 year(s) 01 month(s) 19 day(s),L1,Dog ISO 153 A4,Court,L1,F,A0056311130,-
251,1211166266526599,36,02 year(s) 02 month(s) 08 day(s),L2-SF,Dog ISO 156 K2,Court,L2,M,A0058754218,-
252,1211132281391445,67,05 year(s) 04 month(s) 22 day(s),L1,Dog ISO 153 B3,Court,L1,F,A0058256030,-
253,1211132460011148,49,05 year(s) 01 month(s) 23 day(s),L2-BR/OA,Dog ISO 153 A5,Court,L2,F,A0056311140,-
254,1211131374143969,30,04 year(s) 03 month(s) 02 day(s),L2 - SF,Dog ISO 155 B1,Court,L2,M,A0058578335,-
255,1211073698635098,52,01 year(s) 07 month(s) 19 day(s),L1,Dog ISO 153 A6,Court,L1,M,A0056311153,-
256,1211129629727582,45,03 year(s) 01 month(s) 23 day(s),L2-H/SF,Dog ISO 153 B4,Court,L2,F,A0058846611,-
257,1211132325581902,59,01 year(s) 01 month(s) 14 day(s),L2-OA,Dogs 201 9,Court,L2,M,A0058902637,-
258,1211074595170198,28,04 year(s) 03 month(s) 02 day(s),L1,Dog ISO 155 B3,Court,L1,F,A0058578124,-
259,1210348881750841,46,03 year(s) 04 month(s) 06 day(s),STAFF ONLY,Dog ISO 153 A1,Court,STAFF ONLY,F,A0058334939,-
260,1211152707700825,36,03 year(s) 01 month(s) 15 day(s),L1,Dog Quarantine A1,Available,L1,M,A0058900557,+
261,1211037379403927,40,06 year(s) 00 month(s) 03 day(s),L1,Dog Quarantine A2,Microchip,L1,S,A0059066126,-
262,1211132349257558,50,01 year(s) 07 month(s) 09 day(s),L1,Dog Quarantine A3,Available,L1,N,A0059064014,-
263,1211132329260212,45,05 year(s) 00 month(s) 20 day(s),L1,Dog Quarantine A6,Available,L1,F,A0059070942,-
264,1211061538441779,47,03 year(s) 00 month(s) 13 day(s),L2-A,Dogs 201 6,Court,L2,F,A0059114202,-
265,1211132494399454,61,02 year(s) 00 month(s) 16 day(s),L2-LB,Dog Quarantine A5,Available,L2,M,A0059091500,-
266,1211129336907086,28,03 year(s) 00 month(s) 12 day(s),L1,Dog Quarantine A8,Available,L1,F,A0059123893,-
267,1211075234220317,53,03 year(s) 01 month(s) 10 day(s),L2-SF,Dog Quarantine B3,Available,L2,N,A0058936565,-
268,1211138316058413,51,00 year(s) 10 month(s) 11 day(s),L1,Dog Quarantine B4,Available,L1,M,A0059186726,-
269,1211119355476547,41,03 year(s) 00 month(s) 08 day(s),L1,Dog Quarantine B5,Available,L1,M,A0059209398,+
270,1211128468731255,42,03 year(s) 07 month(s) 09 day(s),L3-SD/RG/OD,Foster Foster Home,Available,L3,S,A0056388664,-
271,1211132365510883,47,00 year(s) 11 month(s) 01 day(s),L2-SF,Dog Quarantine B6,Adopted,L2,M,A0058992977,-
272,1211129989363451,38,02 year(s) 00 month(s) 08 day(s),L1-2025009795,Dogs 081 A9,Available,L1,F,A0059047525,-
273,1211166446658619,22,02 year(s) 03 month(s) 02 day(s),L1,Salon C2,Court,L1,F,A0058578273,-
274,1211080958028251,29,02 year(s) 02 month(s) 08 day(s),L1,Salon C3,Court,L1,F,A0058754236,-
275,1211132500632407,68,02 year(s) 01 month(s) 25 day(s),L1,Puppy 48 2,Priority,L1,N,A0058841665,+
276,1211127063275282,56,02 year(s) 01 month(s) 07 day(s),L1,Puppy 48 3,Available,L1,F,A0058953978,-
277,1211132539347251,56,03 year(s) 01 month(s) 07 day(s),L1,Dogs 506 B5,Available,L1,F,A0058953982,+
278,1211129332431316,56,06 year(s) 00 month(s) 23 day(s),L1,Puppy 48 1,Priority,L1,N,A0059047527,-
279,1211129332639588,53,06 year(s) 00 month(s) 23 day(s),L1,Puppy 48 1,Priority,L1,F,A0059047534,-
280,1211015221728528,5,10 year(s) 00 month(s) 20 day(s),L3-BH,Clinic Clinic,Adopted,L3,N,A0059076738,-
281,1211030183384124,28,00 year(s) 08 month(s) 17 day(s),L1,Small Animals C2,Pending Medical Assessment/Treatment,L1,F,A0059090299,-
282,1211129638209444,22,00 year(s) 08 month(s) 16 day(s),L1,Small Animals C1,Available,L1,F,A0059091250,-
283,1211133110167987,23,01 year(s) 00 month(s) 14 day(s),L1,Dogs 302 2,Court,L1,M,A0059114209,-
284,1211051636928038,8,04 year(s) 00 month(s) 10 day(s),L1,Foster Trial Adoption,Trial Adoption,L1,S,A0059105371,-
285,1211129758580684,35,05 year(s) 00 month(s) 15 day(s),L2-A,Dog Visiting 060 C1,Available,L2,F,A0059101291,-
286,1211185023805120,27,00 year(s) 06 month(s) 14 day(s),L1,Dogs 068 A2,Available,L1,F,A0059101770,-
287,1211156557865687,9,11 year(s) 00 month(s) 18 day(s),L2-SF,Dog Visiting 060 C4,Adopted,L2,S,A0059082861,-
288,1211087333071167,8,05 year(s) 11 month(s) 04 day(s),L2 - SF,Small Animals 7,Rescue,L2,S,A0056933344,+
289,1211109219281775,10,03 year(s) 00 month(s) 08 day(s),L1,Foster Trial Adoption,Trial Adoption,L1,S,A0059204350,-
290,1211119510666422,15,02 year(s) 00 month(s) 08 day(s),STAFF ONLY,Receiving 130 10,Pending Behavior Assessment,STAFF ONLY,F,A0059201488,-
291,1211132963928539,53,00 year(s) 11 month(s) 06 day(s),L1,Puppy 47 3,Identifying Info,L1,M,A0059218047,-
292,1211174163890963,53,00 year(s) 11 month(s) 06 day(s),L1,Puppy 47 3,Identifying Info,L1,M,A0059218047,-
293,1211128280880188,34,02 year(s) 00 month(s) 06 day(s),L3-SF,Dogs 402 3,Priority,L3,F,A0059223851,+
294,1211128280739681,27,02 year(s) 00 month(s) 06 day(s),L1,Foster Foster Home,Available,L1,S,A0059221336,-
295,1211173870547824,54,03 year(s) 00 month(s) 06 day(s),L1,Dogs 603 A2,Identifying Info,L1,F,A0059218068,+
296,1211133535301129,15,00 year(s) 10 month(s) 07 day(s),L1,Small Animals 5,Adopted,L1,S,A0059217079,-
297,1211109219294102,35,06 year(s) 00 month(s) 09 day(s),L1,Foster Trial Adoption,Trial Adoption,L1,S,A0059201579,-
298,1211119355477842,9,13 year(s) 00 month(s) 07 day(s),L1,Clinic Clinic,Identifying Info,L1,N,A0059209550,-
299,1211129740574308,28,00 year(s) 10 month(s) 13 day(s),L1,Dogs 079 A5,Available,L1,S,A0059116037,-
300,1211073544989243,52,06 year(s) 00 month(s) 16 day(s),L2-SF,Dogs 503 A4,Available,L2,S,A0059105707,-
301,1211131257728520,42,04 year(s) 00 month(s) 05 day(s),STAFF ONLY,Receiving 130 5,Pending Behavior Assessment,STAFF ONLY,F,A0059228456,-
302,1211131257639104,25,00 year(s) 04 month(s) 05 day(s),L1,Dogs 602 C1,Available,L1,M,A0059226558,-
303,1211134273217774,31,01 year(s) 02 month(s) 25 day(s),L1,Foster Trial Adoption,Trial Adoption,L1,S,A0058627915,-
304,1211131564934579,55,03 year(s) 00 month(s) 05 day(s),L1,Dogs 503 B6,Microchip,L1,N,A0059226845,-
305,1211131257612574,55,02 year(s) 00 month(s) 05 day(s),L1,Dog Quarantine B2,Available,L1,M,A0059225391,+
306,1211131257613232,39,02 year(s) 00 month(s) 05 day(s),L2-SF,Dog Quarantine A2,Available,L2,F,A0059225645,-
307,1211131564872352,73,01 year(s) 03 month(s) 04 day(s),L1,Dogs 081 A3,Cites,L1,M,A0059224903,-
308,1211163325110709,81,02 year(s) 00 month(s) 05 day(s),L2-SF,Dogs 602 6,Available,L2,M,A0059211223,-
309,1211184531750287,82,03 year(s) 00 month(s) 05 day(s),L3-SF,Dogs 401 2,Available,L3,M,A0059211192,-
310,1211156875784627,74,02 year(s) 00 month(s) 05 day(s),L2-SF,Dogs 506 A3,Available,L2,F,A0059211166,-
311,1211003906798890,80,,STAFF ONLY,Dogs 202 5,Court,STAFF ONLY,M,A0059030244,
312,1211127541435856,75,,L2-A,Dogs 066 A6,Available,L2,F,A0059020042,
313,1211176222945219,68,,L3- BR/ SF/ A,Dogs 402 1,Rescue,L3,M,A0059036321,+
314,1211177500371246,48,03 year(s) 00 month(s) 21 day(s),L3-SF,Dogs 081 A7,Priority,L3,M,A0059073119,
315,1211133030677507,54,,L3-A,Foster Trial Adoption,Trial Adoption,L3,N,A0058907750,-
316,1211150902188386,0,,L3- A/BH,Dogs 303 B6,Priority,L3,M,A0058999289,
317,1209784033571541,0,03 year(s) 09 month(s) 02 day(s),STAFF ONLY,Dogs 202 6,Court,STAFF ONLY,M,A0056039115,-
318,1208839364119331,57,04 year(s) 11 month(s) 26 day(s),Staff Only   A896900,Dogs 203 7,Court,STAFF ONLY,M,A0053634174,
319,1211132618411994,50,02 year(s) 06 month(s) 28 day(s),L2 - RG,Dogs 201 5,Court,L2,N,A0056262476,-
320,1210835591678295,57,04 year(s) 01 month(s) 19 day(s),L2 - SD/OA,Dogs 203 9,Court,L2,F,A0056311125,-
321,1211132297638286,33,01 year(s) 09 month(s) 19 day(s),L3-OA,Dogs 201 3,Court,L3,M,A0056311133,-
322,1210493917397308,50,02 year(s) 07 month(s) 20 day(s),STAFF ONLY,Dogs 203 4,Court,STAFF ONLY,M,A0056311146,-
323,1211017503488166,34,04 year(s) 03 month(s) 16 day(s),L2-BR/JM,Dogs 204 6,Court,L2,F,A0055909108,-
324,1211017726013028,57,05 year(s) 01 month(s) 19 day(s),L2-OA,Dogs 201 4,Court,L2,M,A0056311149,-
325,1211072316517693,0,03 year(s) 00 month(s) 08 day(s),STAFF ONLY,Dogs 204 5,Stray Wait,STAFF ONLY,F,A0059121809,-
326,1211015222525501,36,00 year(s) 06 month(s) 04 day(s),L1,Foster Foster Home,Available,L1,N,A0058570960,
327,1211058127293591,45,05 year(s) 02 month(s) 20 day(s),L2-BH,Foster Foster Home,Available,L2,M,A0058666623,
328,1211073133683371,27,00 year(s) 07 month(s) 22 day(s),L1,Foster Foster Home,Available,L1,S,A0058655383,
329,1210955664373887,33,00 year(s) 05 month(s) 26 day(s),L1,Foster Trial Adoption,Trial Adoption,L1,S,A0059004088,
330,1210976533485386,43,03 year(s) 01 month(s) 18 day(s),STAFF ONLY,Dogs 203 1,Bite Quarantine - Not Visible,STAFF ONLY,M,A0058892558,
331,1210839617410704,53,03 year(s) 04 month(s) 11 day(s),L1,Foster Trial Adoption,Trial Adoption,L1,M,A0058327450,
332,1211134909171522,63,02 year(s) 02 month(s) 29 day(s),L2 - SF,Foster Foster Home,Available,L2,M,A0058607230,-
333,1210491673565543,9,00 year(s) 06 month(s) 14 day(s),L1,Foster Foster Home,Available,L1,M,A0058504117,
334,1210491738131953,45,00 year(s) 06 month(s) 14 day(s),L1,Foster Foster Home,Available,L1,M,A0058504121,
335,1210609013613025,51,00 year(s) 09 month(s) 21 day(s),L2 - SF,Foster Foster Home,Available,L2,N,A0057813433,
336,1210645267807168,0,03 year(s) 04 month(s) 06 day(s),L2- H/OD,Foster Foster Home,Available,L2,N,A0058272077,
337,1210490057402223,34,00 year(s) 07 month(s) 22 day(s),L1,Foster Foster Home,Available,L1,N,A0058658572,-
338,1210373350916555,28,01 year(s) 02 month(s) 10 day(s),L3-BR/RG/BH,Foster Foster Home,Available,L3,N,A0058042308,
339,1211134908858286,73,03 year(s) 04 month(s) 28 day(s),L2-SF,Foster Foster Home,Available,L2,S,A0058069584,-
340,1211134585970704,74,05 year(s) 01 month(s) 07 day(s),L1,Foster Foster Home,Available,L1,N,A0056408698,+
341,1209694383552488,54,04 year(s) 09 month(s) 09 day(s),Beh. Assessment,Foster Foster Home,Available,,S,A0057292992,+
342,1211134585575843,58,06 year(s) 06 month(s) 27 day(s),L1,Foster Foster Home,Available,L1,S,A0057327449,-
343,1211134583963750,52,04 year(s) 11 month(s) 12 day(s),L1,Foster Foster Home,Available,L1,S,A0056895909,-
344,1211134569815800,53,02 year(s) 10 month(s) 00 day(s),L2 - OA/RG,Foster Foster Home,Available,L2,N,A0057165881,-
345,1211134312495304,81,05 year(s) 02 month(s) 29 day(s),L1,Dogs 303 B2,Available,L1,N,A0056025635,-
346,1206313229897285,58,07 year(s) 01 month(s) 04 day(s),A866250,Foster Foster Home,Available,,N,A0053604168,
347,1206398747883088,,,,,,,,,
348,1211179385390809,63,08 year(s) 04 month(s) 26 day(s),L1,Dogs 303 B4,Pending Behavior Assessment,L1,S,A0058231619,-
349,1211179385399393,38,01 year(s) 03 month(s) 21 day(s),L2 - LB,Dog Quarantine A4,Available,L2,S,A0058446236,-
350,1211179385398877,55,03 year(s) 03 month(s) 04 day(s),L1-H,Dogs 068 B2,Pending Behavior Assessment,L1,S,A0058571158,-
351,1211179384307802,24,00 year(s) 05 month(s) 20 day(s),L1,Dogs 603 A4,Microchip,L1,M,A0059068979,-
352,1211179383734009,26,00 year(s) 08 month(s) 23 day(s),L1,Receiving 130 2,Available,L1,N,A0058440781,
353,1211179521483407,0,,,Receiving 130 10,Stray Wait,,M,A0059259068,
354,1211179383428585,0,,,Receiving 130 17,Available,,F,A0059258400,
355,1211179383345988,0,05 year(s) 06 month(s) 18 day(s),STAFF ONLY2025001753,Dogs 203 3,Court,STAFF ONLY,M,A0059259369,
356,1211179456818278,0,,,Receiving 130 Crate,Stray Wait,,M,A0059261667,
357,1211179456831007,0,05 year(s) 06 month(s) 18 day(s),STAFF ONLY2025001753,Dogs 203 8,Court,STAFF ONLY,F,A0059259378,
358,1211179521230105,0,,,Receiving 130 Crate,Identifying Info,,F,A0059261687,
359,1211179521249658,0,,,Receiving 130 Crate,Stray Wait,,M,A0059261659,
360,1211179456725308,0,,,Receiving 130 7,Stray Wait,,M,A0059258383,
361,1211179521080702,0,,,Receiving 130 7,Stray Wait,,M,A0059258390,
362,1211179521068687,0,,,Receiving 129 K3,Pending Behavior Assessment,,F,A0059257262,
363,1211179383170978,0,04 year(s) 00 month(s) 01 day(s),,Receiving 130 20,Stray Wait,,M,A0059257490,
364,1211179521047341,52,01 year(s) 00 month(s) 02 day(s),L1,Dogs 506 B3,Available,L1,F,A0059253834,-
365,1211179383098732,0,,,Receiving 129 K2,Identifying Info,,M,A0059256463,
366,1211179383083427,52,01 year(s) 06 month(s) 01 day(s),L1,Dogs 606 A7,Available,L1,M,A0059253900,-
367,1211179456602147,18,01 year(s) 06 month(s) 01 day(s),L1,Dog Pre/Post Op 135 2,Identifying Info,L1,F,A0059255890,
368,1211179520955167,0,,,Receiving 130 19,Stray Wait,,M,A0059256599,
369,1211179456605570,34,00 year(s) 06 month(s) 01 day(s),L1,Dogs 064 A1,Stray Wait,L1,M,A0059253890,-
370,1211179456428149,10,01 year(s) 00 month(s) 01 day(s),STAFF ONLY,Receiving 130 8,Stray Wait,STAFF ONLY,F,A0059253774,-
371,1211179520702703,88,08 year(s) 00 month(s) 01 day(s),L1,Dogs 606 A2,Stray Wait,L1,M,A0059253396,-
372,1211179456360085,0,05 year(s) 06 month(s) 18 day(s),STAFF ONLY2025001753,Dogs 203 6,Court,STAFF ONLY,M,A0057829055,
373,1211179456362551,71,06 year(s) 00 month(s) 01 day(s),L2-SF,Dogs 506 B1,Identifying Info,L2,F,A0059253592,-
374,1211179520682445,40,00 year(s) 05 month(s) 01 day(s),L1,Dog Visiting 060 C7,Stray Wait,L1,M,A0059253771,
375,1211179382807424,87,04 year(s) 00 month(s) 01 day(s),L1,Dogs 081 B10,Stray Wait,L1,M,A0059248207,-
376,1211168045929438,68,04 year(s) 03 month(s) 07 day(s),L2-BR,Dogs 088 A6,Priority,L2,M,A0058548793,
377,1211168112741722,15,00 year(s) 05 month(s) 07 day(s),L1,Featured Dogs 55,Available,L1,N,A0058950632,
378,1211168182754093,13,00 year(s) 05 month(s) 07 day(s),L1,Featured Dogs 55,Available,L1,N,A0058950641,
379,1211185097222612,72,01 year(s) 09 month(s) 16 day(s),L2-OA,Foster Trial Adoption,Trial Adoption,L2,N,A0058481949,-
380,1211168177571388,82,02 year(s) 07 month(s) 06 day(s),L1,Dogs 506 A7,Microchip,L1,M,A0057698813,-
381,1211168111412919,12,00 year(s) 04 month(s) 01 day(s),L1,Featured Dogs 54,Stray Wait,L1,F,A0059252389,
382,1211168046241319,13,00 year(s) 04 month(s) 01 day(s),L2-SF,Featured Dogs 54,Stray Wait,L2,F,A0059252380,
383,1211168046152860,14,00 year(s) 04 month(s) 01 day(s),L1,Featured Dogs 54,Stray Wait,L1,M,A0059252401,
384,1211168111329596,16,06 year(s) 00 month(s) 01 day(s),L1,Dog Visiting 060 C3,Identifying Info,L1,F,A0059253294,-
385,1211168181207158,120,07 year(s) 00 month(s) 01 day(s),L1,Dogs 602 5,Microchip,L1,S,A0059252820,-
386,1211168045948682,13,04 year(s) 00 month(s) 01 day(s),L1,Featured Dogs 54,Stray Wait,L1,M,A0059252327,
387,1211168181039890,14,00 year(s) 04 month(s) 01 day(s),L1,Featured Dogs 54,Stray Wait,L1,F,A0059252310,
388,1211168181002185,46,02 year(s) 00 month(s) 02 day(s),L1,Foster Friendly Finder,Stray Wait,L1,S,A0059250235,-
389,1211168045878348,14,00 year(s) 04 month(s) 01 day(s),L1,Featured Dogs 54,Stray Wait,L1,F,A0059252362,
390,1211168181008152,12,00 year(s) 04 month(s) 01 day(s),L1,Featured Dogs 54,Stray Wait,L1,F,A0059252344,
391,1211168111099312,42,04 year(s) 00 month(s) 01 day(s),L1,Dogs 081 B5,Stray Wait,L1,F,A0059250440,-
392,1211168045857238,36,00 year(s) 08 month(s) 01 day(s),L1,Dogs 068 B1,Stray Wait,L1,M,A0059249083,-
393,1211168180898671,57,03 year(s) 00 month(s) 01 day(s),L1,Dogs 503 A3,Stray Wait,L1,M,A0059249931,-
394,1211168111024555,53,01 year(s) 00 month(s) 02 day(s),L1,Dogs 406 B7,Stray Wait,L1,F,A0059249152,-
395,1211168180895584,7,00 year(s) 10 month(s) 01 day(s),L1,Dogs 602 C5,Stray Wait,L1,M,A0059247232,-
396,1211168110987066,21,00 year(s) 04 month(s) 01 day(s),L1,Dog Intake 128.04,Stray Wait,L1,F,A0059250212,
397,1211168045759304,35,00 year(s) 01 month(s) 01 day(s),L1,Dogs 303 B5,Stray Wait,L1,F,A0059247670,-
398,1211168110922577,29,03 year(s) 00 month(s) 02 day(s),L1,Dog Intake 128.02,Stray Wait,L1,F,A0059246375,-
399,1211168180619288,42,02 year(s) 00 month(s) 02 day(s),L1,Dogs 088 B5,Stray Wait,L1,M,A0059240909,-
400,1211168180619794,21,06 year(s) 00 month(s) 02 day(s),L1,Dogs 067 C1,Microchip,L1,N,A0059245106,-
401,1211168180619576,82,03 year(s) 00 month(s) 02 day(s),L1,Flex 83,Stray Wait,L1,F,A0059239562,-
402,1211168110827420,63,00 year(s) 10 month(s) 02 day(s),L1,Dogs 081 A1,Stray Wait,L1,M,A0059246410,-
403,1211157513951510,0,,STAFF ONLY,Dogs 301 1,Identifying Info,STAFF ONLY,F,A0059245717,
404,1211157513851844,0,,STAFF ONLY,Dogs 301 2,Identifying Info,STAFF ONLY,F,A0059245741,
405,1211157618318929,73,05 year(s) 00 month(s) 02 day(s),L2 - SF/RG,Dogs 402 6,Microchip,L2,N,A0059245257,-
406,1211184862295089,78,02 year(s) 00 month(s) 02 day(s),L1,Dogs 401 7,Microchip,L1,F,A0059245927,-
407,1211157618128621,11,02 year(s) 00 month(s) 02 day(s),L1,Small Animals 8,Stray Wait,L1,M,A0059240942,-
408,1211157618076963,63,02 year(s) 00 month(s) 02 day(s),L1,Dogs 606 B3,Microchip,L1,N,A0059242581,-
409,1211157513637860,10,04 year(s) 00 month(s) 02 day(s),L1,Dogs 067 C1,Microchip,L1,F,A0059245103,-
410,1211184597551822,93,03 year(s) 00 month(s) 02 day(s),L1,Dogs 606 B7,Microchip,L1,N,A0059241633,-
411,1211157513618053,58,01 year(s) 06 month(s) 02 day(s),L2-SF,Dogs 506 A1,Stray Wait,L2,N,A0059242246,-
412,1211157513613713,12,02 year(s) 00 month(s) 02 day(s),L1,Small Animals 1,Stray Wait,L1,M,A0059240381,-
413,1211157513429114,51,04 year(s) 00 month(s) 00 day(s),L1,Dog Pre/Post Op 138 3,Microchip,L1,F,A0059238268,-
414,1211157617858701,26,04 year(s) 00 month(s) 03 day(s),,Clinic Clinic,Court,,F,A0059239705,+
415,1211157617866561,43,01 year(s) 00 month(s) 03 day(s),L1,Dogs 088 B3,Stray Wait,L1,M,A0059238550,-
416,1211157477343016,20,01 year(s) 07 month(s) 03 day(s),,Clinic Clinic,Court,,F,A0059239719,+
417,1211145826177729,35,03 year(s) 04 month(s) 22 day(s),STAFF ONLY,Dogs 203 2,Pending Behavior Assessment,STAFF ONLY,S,A0058256604,+
418,1211178625165703,16,03 year(s) 00 month(s) 03 day(s),L1,Dogs 602 C6,Identifying Info,L1,M,A0059237875,
419,1211165514315309,36,00 year(s) 10 month(s) 03 day(s),L1,Dogs 506 B7,Stray Wait,L1,M,A0059234298,-
420,1211145514752282,41,,L1,Dogs 067 A2,Stray Wait,L1,F,A0059232749,-
421,1211145741264140,17,07 year(s) 00 month(s) 03 day(s),STAFF ONLY,Receiving 130 10,Rescue,STAFF ONLY,M,A0059236825,-
422,1211145823159648,69,04 year(s) 00 month(s) 03 day(s),L1,Dogs 506 A5,Available,L1,S,A0059234037,-
423,1211145514751042,45,01 year(s) 00 month(s) 03 day(s),L1,Dogs 406 A2,Microchip,L1,N,A0059234322,-
424,1211185492477475,93,08 year(s) 00 month(s) 04 day(s),L1,Dogs 401 4,Stray Wait,L1,F,A0059231416,-
425,1211145740988258,48,02 year(s) 00 month(s) 04 day(s),L1,Flex 85,Stray Wait,L1,F,A0059230047,-
426,1211145514502870,8,00 year(s) 02 month(s) 04 day(s),L1,Salon C1,Stray Wait,L1,S,A0059231395,
427,1211167805945903,46,03 year(s) 00 month(s) 04 day(s),L1,Dogs 079 B5,Priority,L1,M,A0059230095,+
428,1211145822886603,44,02 year(s) 00 month(s) 04 day(s),L1,Dog Quarantine B7,Stray Wait,L1,F,A0059230914,-
429,1211145514519426,31,01 year(s) 00 month(s) 04 day(s),L1,Flex 85,Stray Wait,L1,F,A0059230076,-
430,1211134274383661,35,00 year(s) 10 month(s) 05 day(s),L1,Dogs 088 A1,Available,L1,F,A0059229633,-
431,1211134274434980,6,00 year(s) 02 month(s) 05 day(s),L1,Clinic Clinic,Stray Wait,L1,F,A0059230145,
432,1211134866911358,0,03 year(s) 00 month(s) 05 day(s),STAFF ONLY,Dogs 202 2,Bite Quarantine,STAFF ONLY,F,A0059231042,
433,1211134528249138,32,00 year(s) 05 month(s) 04 day(s),L1,Dogs 068 C1,Microchip,L1,N,A0059229628,
434,1211134528182332,17,00 year(s) 05 month(s) 05 day(s),L1,Puppy 47 2,Stray Wait,L1,M,A0059229600,
435,1211134865751275,10,01 year(s) 00 month(s) 04 day(s),L2-SF,Small Animals 6,Microchip,L2,F,A0059229612,-
436,1211134528176406,15,00 year(s) 05 month(s) 05 day(s),L1,Puppy 47 2,Stray Wait,L1,M,A0059229604,
437,1211134865756775,18,00 year(s) 05 month(s) 05 day(s),L1,Puppy 47 2,Stray Wait,L1,M,A0059229601,
438,1211173524279352,36,02 year(s) 00 month(s) 04 day(s),L1,Dogs 068 A5,Identifying Info,L1,F,A0059229516,+
439,1211154525226971,36,02 year(s) 00 month(s) 04 day(s),L1,Dogs 068 B5,Identifying Info,L1,F,A0059229515,-
440,1211134527875756,49,03 year(s) 00 month(s) 05 day(s),L1,Dogs 503 A6,Available,L1,F,A0059228590,-
441,1211134865477291,59,04 year(s) 00 month(s) 05 day(s),L1,Dogs 406 B6,Identifying Info,L1,F,A0059229518,-
442,1211134273042026,28,03 year(s) 00 month(s) 05 day(s),L1,Dogs 602 C4,Identifying Info,L1,M,A0059229512,-
443,1211131255694254,4,00 year(s) 02 month(s) 23 day(s),L1,Dog Visiting 060 C2,Available,L1,S,A0058929784,
444,1211134907797094,6,01 year(s) 00 month(s) 06 day(s),L2-SF,Foster Friendly Finder,Available,L2,F,A0059227530,-
445,1211134909337956,11,02 year(s) 00 month(s) 06 day(s),L1,Foster Friendly Finder,Available,L1,M,A0059226901,+
446,1211131134052798,23,00 year(s) 05 month(s) 05 day(s),L1,Dogs 602 C2,Identifying Info,L1,F,A0059226903,
447,1211131133960583,10,00 year(s) 04 month(s) 07 day(s),2025010664,Parvo 1,Stray Wait,,M,A0059219219,
448,1211131564869795,13,00 year(s) 04 month(s) 07 day(s),202501010664,Parvo 1,Stray Wait,,M,A0059219255,
449,1211134572194620,60,03 year(s) 04 month(s) 29 day(s),L2-OA/JM,Foster Foster Home,Available,L2,N,A0058215215,-
450,1211134572187006,13,01 year(s) 06 month(s) 07 day(s),L1,Foster Friendly Finder,Microchip,L1,S,A0059222702,-
451,1211134586232279,9,00 year(s) 05 month(s) 07 day(s),L2-SF,Foster Friendly Finder,Available,L2,M,A0059221594,-
452,1211134565620072,75,03 year(s) 00 month(s) 04 day(s),L1,Foster Friendly Finder,Available,L1,M,A0059220107,-
453,1211128175262931,31,00 year(s) 04 month(s) 07 day(s),L2-SF,Dogs 064 C2,Available,L2,S,A0059217493,
454,1211128280550461,24,00 year(s) 04 month(s) 06 day(s),L1,Foster Trial Adoption,Trial Adoption,L1,N,A0059200418,
455,1211134584363033,30,01 year(s) 01 month(s) 05 day(s),L2-BR/A,Foster Foster Home,Available,L2,N,A0058970450,-
456,1211134571758400,30,01 year(s) 01 month(s) 05 day(s),L2-BR/A,Foster Foster Home,Available,L2,N,A0058970450,-
457,1211134908709894,42,03 year(s) 00 month(s) 08 day(s),L2-SF,Dogs 066 B5,Available,L2,F,A0059214231,-
458,1211133109447137,35,00 year(s) 05 month(s) 08 day(s),L1,Dogs 406 A1,Available,L1,M,A0059207637,
459,1211119355489013,14,00 year(s) 04 month(s) 07 day(s),STAFF ONLY,Dogs 204 2,Pending Behavior Assessment,STAFF ONLY,F,A0059209837,
460,1211119355363232,15,00 year(s) 04 month(s) 07 day(s),STAFF ONLY,Dogs 204 1,Pending Behavior Assessment,STAFF ONLY,F,A0059205840,
461,1211119510680035,16,00 year(s) 04 month(s) 07 day(s),STAFF ONLY,Dogs 204 2,Pending Behavior Assessment,STAFF ONLY,M,A0059205909,
462,1211133127454498,63,03 year(s) 02 month(s) 18 day(s),A892389 L2-LB,Dogs 606 A6,Available,L2,N,A0053630131,-
463,1211119631731624,20,00 year(s) 04 month(s) 07 day(s),STAFF ONLY,Dogs 204 1,Bite Quarantine,STAFF ONLY,M,A0059205944,
464,1211109320897157,0,,STAFF ONLY,Dogs 204 3,Available,STAFF ONLY,M,A0059209164,
465,1211109320621574,17,00 year(s) 03 month(s) 08 day(s),L1,Dog Visiting 060 C6,Available,L1,S,A0059207833,
466,1211109320660269,20,00 year(s) 04 month(s) 08 day(s),L1,Dogs 068 C2,Available,L1,S,A0059204968,
467,1211154954283643,35,00 year(s) 05 month(s) 08 day(s),L1,Dogs 306 B7,Available,L1,M,A0059205427,
468,1211134583723381,74,03 year(s) 00 month(s) 09 day(s),L1,Foster Friendly Finder,Available,L1,M,A0059204663,+
469,1211109350167326,0,,,Parvo 1,Stray Wait,,M,A0059205301,
470,1211176786429962,23,00 year(s) 04 month(s) 08 day(s),L1,Dogs 068 C2,Available,L1,S,A0059204957,
471,1211098025794892,56,00 year(s) 10 month(s) 09 day(s),STAFF ONLY,Dogs 302 1,Bite Quarantine - Not Visible,STAFF ONLY,N,A0059199426,
472,1211098025688189,19,00 year(s) 04 month(s) 10 day(s),L1,Dogs 064 C1,Available,L1,F,A0059187357,
473,1211087329849309,12,00 year(s) 03 month(s) 10 day(s),L1,Clinic Clinic,Adopted,L1,S,A0059189962,
474,1211087560273375,11,00 year(s) 02 month(s) 25 day(s),L1,Dogs 067 C2,Adopted,L1,N,A0059189186,
475,1211087276164099,10,00 year(s) 02 month(s) 25 day(s),L1,Dogs 067 C2,Adopted,L1,F,A0059189164,
476,1211087560076967,0,05 year(s) 05 month(s) 01 day(s),STAFF ONLY,Dogs 204 4,Bite Quarantine - Not Visible,STAFF ONLY,M,A0058101225,
477,1211134585933827,47,05 year(s) 00 month(s) 12 day(s),L1,Foster Foster Home,Available,L1,F,A0059126703,+
478,1211072317587708,25,00 year(s) 09 month(s) 22 day(s),L1,Foster Foster Home,Available,L1,S,A0057476702,
479,1211072316613368,16,00 year(s) 04 month(s) 12 day(s),L1,Puppy 47 1,Adopted,L1,N,A0059124540,
480,1211072316613699,17,00 year(s) 04 month(s) 12 day(s),L1,Puppy 47 1,Adopted,L1,S,A0059124537,
481,1211134902535117,58,02 year(s) 00 month(s) 13 day(s),L1,Foster Foster Home,Available,L1,M,A0059123733,-
482,1211069988644637,11,00 year(s) 02 month(s) 14 day(s),L3-SF,Foster Friendly Finder,Available,L3,M,A0059116423,
483,1211134572393963,34,03 year(s) 09 month(s) 30 day(s),L2-SF,Foster Foster Home,Available,L2,N,A0057177276,-
484,1211061578781020,2,00 year(s) 00 month(s) 27 day(s),L1,Foster Foster Home,Under Age,L1,F,A0059112746,
485,1211061578700431,19,00 year(s) 03 month(s) 14 day(s),L1,Foster Friendly Finder,Available,L1,F,A0059113422,
486,1211156921326756,65,,L3-SF,Dogs 201 7,Priority,L3,M,A0059113748,
487,1211061538318916,2,00 year(s) 01 month(s) 03 day(s),L1,Foster Foster Home,Under Age,L1,M,A0059112765,
488,1211061578718530,29,00 year(s) 04 month(s) 14 day(s),L1,Dogs 502 C5,Available,L1,S,A0059113015,
489,1211061447691843,2,00 year(s) 01 month(s) 04 day(s),L1,Foster Foster Home,Under Age,L1,M,A0059112691,
490,1211061447691642,3,00 year(s) 00 month(s) 27 day(s),L1,Foster Foster Home,Under Age,L1,F,A0059112662,
491,1211061447699186,2,00 year(s) 00 month(s) 27 day(s),L1,Foster Foster Home,Under Age,L1,M,A0059112722,
492,1211061578577769,2,00 year(s) 01 month(s) 04 day(s),L1,Foster Foster Home,Under Age,L1,M,A0059112653,
493,1211061447575115,2,00 year(s) 01 month(s) 04 day(s),L1,Foster Foster Home,Under Age,L1,F,A0059112611,
494,1211134572479458,31,01 year(s) 06 month(s) 15 day(s),L1,Foster Foster Home,Available,L1,F,A0059110884,-
495,1211061538067412,2,00 year(s) 01 month(s) 04 day(s),L1,Foster Foster Home,Under Age,L1,F,A0059112561,
496,1211051785564508,58,,STAFF ONLY,Dogs 201 8,Court,STAFF ONLY,M,A0058458175,
497,1211051785476869,15,00 year(s) 03 month(s) 13 day(s),L1,Foster Trial Adoption,Trial Adoption,L1,S,A0059102980,
498,1211073107817355,15,00 year(s) 05 month(s) 15 day(s),L1,Foster Trial Adoption,Trial Adoption,L1,N,A0059102003,
499,1211150194940714,50,01 year(s) 05 month(s) 20 day(s),L1,Dogs 401 7,Priority,L1,M,A0056299774,
500,1211178228582837,47,04 year(s) 00 month(s) 16 day(s),L3 - SF,Dogs 081 B4,Priority,L3,M,A0059098443,
501,1211151087937469,53,00 year(s) 11 month(s) 16 day(s),L2 - OA,Dogs 603 B3,Priority,L2,M,A0059095636,
502,1211132638465375,59,03 year(s) 00 month(s) 16 day(s),L2 - BH,Dogs 066 B1,Available,L2,M,A0059093469,
503,1211041339768915,21,00 year(s) 04 month(s) 16 day(s),L1,Foster Trial Adoption,Trial Adoption,L1,N,A0059092566,
504,1211151011324356,0,,L3-BR/SF,Dogs 406 B5,Priority,L3,M,A0059089696,
505,1211030186944809,18,00 year(s) 04 month(s) 16 day(s),L1,Foster Trial Adoption,Trial Adoption,L1,N,A0058895707,
506,1210780913239537,18,00 year(s) 04 month(s) 16 day(s),L1,Foster Trial Adoption,Trial Adoption,L1,N,A0058895707,
507,1211096697958465,45,01 year(s) 06 month(s) 15 day(s),L1,Dogs 606 B2,Available,L1,M,A0059089087,
508,1211019133305004,71,04 year(s) 02 month(s) 25 day(s),L1,Foster Foster Home,Available,L1,N,A0058629781,-
509,1211003906970406,15,00 year(s) 04 month(s) 22 day(s),L1,Dogs 502 C3,Available,L1,N,A0059061552,
510,1211134572557356,29,00 year(s) 07 month(s) 23 day(s),L1,Foster Trial Adoption,Available,L1,F,A0059055438,-
511,1211134586650157,37,03 year(s) 00 month(s) 23 day(s),L1,Foster Foster Home,Available,L1,N,A0059047995,+
512,1211134909859950,65,03 year(s) 00 month(s) 24 day(s),L2-SF,Foster Foster Home,Available,L2,N,A0059047768,-
513,1211156793109647,66,03 year(s) 00 month(s) 04 day(s),L1,Dog Pre/Post Op 138 2,Available,L1,M,A0059037447,-
514,1211134909869185,34,07 year(s) 00 month(s) 27 day(s),L1,Foster Foster Home,Available,L1,M,A0059032318,+
515,1210934354753262,4,00 year(s) 02 month(s) 03 day(s),L1,Foster Foster Home,Cruelty Exam,L1,M,A0059007888,
516,1210934207078807,5,00 year(s) 02 month(s) 03 day(s),L1,Foster Foster Home,Rescue,L1,F,A0059007887,
517,1210923750758285,0,,L3-OA,Foster Foster Home,Available,L3,F,A0058668136,
518,1211134586761857,50,04 year(s) 01 month(s) 00 day(s),L1,Foster Foster Home,Available,L1,M,A0059004782,-
519,1210912477472106,24,00 year(s) 05 month(s) 00 day(s),L1,Foster Trial Adoption,Trial Adoption,L1,N,A0058998972,
520,1210912477164546,7,00 year(s) 04 month(s) 01 day(s),L1,Foster Foster Home,Available,L1,F,A0058994062,
521,1211134586703728,53,01 year(s) 01 month(s) 01 day(s),L1,Foster Friendly Finder,Available,L1,F,A0058994579,-
522,1210897289833354,13,00 year(s) 04 month(s) 03 day(s),L1,Foster Trial Adoption,Trial Adoption,L1,N,A0058987574,
523,1211134572625101,43,03 year(s) 02 month(s) 14 day(s),L3-BR,Foster Foster Home,Available,L3,S,A0057453715,-
524,1210836809099884,12,05 year(s) 01 month(s) 08 day(s),L1,Foster Trial Adoption,Trial Adoption,L1,N,A0058932598,
525,1211134583588036,32,00 year(s) 10 month(s) 08 day(s),L1,Foster Foster Home,Trial Adoption,L1,F,A0058756027,-
526,1211134586843796,12,13 year(s) 01 month(s) 14 day(s),L1,Foster Foster Home,Available,L1,F,A0058915433,-
527,1210807019015652,6,00 year(s) 04 month(s) 14 day(s),L1,Foster Foster Home,Available,L1,M,A0058912690,
528,1210807087650593,0,00 year(s) 02 month(s) 12 day(s),,Foster Foster Home,Adopted,,F,A0058912893,
529,1210807087642457,4,00 year(s) 04 month(s) 14 day(s),L1,Foster Foster Home,Available,L1,M,A0058912886,
530,1210807145804983,5,00 year(s) 04 month(s) 14 day(s),L1,Foster Trial Adoption,Trial Adoption,L1,F,A0058912760,
531,1210807087434295,6,00 year(s) 04 month(s) 14 day(s),L1,Foster Foster Home,Available,L1,M,A0058912618,
532,1210807087422306,5,00 year(s) 04 month(s) 14 day(s),L1,Foster Trial Adoption,Trial Adoption,L1,F,A0058912660,
533,1211134910073046,38,00 year(s) 07 month(s) 16 day(s),L1,Foster Foster Home,Available,L1,F,A0058897336,-
534,1210781089655014,9,00 year(s) 04 month(s) 16 day(s),L1,Foster Trial Adoption,Trial Adoption,L1,F,A0058895686,
535,1210780913192089,9,00 year(s) 04 month(s) 16 day(s),L1,Foster Trial Adoption,Trial Adoption,L1,M,A0058895697,
536,1211134910088009,22,00 year(s) 07 month(s) 18 day(s),L1,Foster Foster Home,Available,L1,M,A0058890026,-
537,1210769775527030,24,00 year(s) 05 month(s) 17 day(s),L1,Foster Foster Home,Available,L1,M,A0058884826,
538,1210769911038873,3,00 year(s) 02 month(s) 30 day(s),L1,Foster Foster Home,Adopted,L1,F,A0058875691,
539,1210736991127219,17,00 year(s) 06 month(s) 21 day(s),L1,Foster Trial Adoption,Trial Adoption,L1,M,A0058857281,
540,1210737060574297,4,00 year(s) 03 month(s) 03 day(s),L1,Foster Foster Home,Available,L1,M,A0058856146,
541,1210577923521809,14,00 year(s) 05 month(s) 07 day(s),L1,Foster Foster Home,Pending Medical Assessment/Treatment,L1,S,A0058730013,
542,1210577954339446,30,00 year(s) 05 month(s) 11 day(s),L1,Foster Foster Home,Available,L1,S,A0058728464,
543,1210577821564080,21,00 year(s) 05 month(s) 11 day(s),L1,Foster Foster Home,Available,L1,M,A0058728472,
544,1210577953669640,7,00 year(s) 02 month(s) 10 day(s),,Foster Foster Home,Under Age,,F,A0058695874,
545,1210577953622649,7,00 year(s) 02 month(s) 10 day(s),,Foster Foster Home,Under Age,,F,A0058695966,
546,1210577820903789,7,00 year(s) 02 month(s) 10 day(s),,Foster Foster Home,Under Age,,F,A0058695924,
547,1210566089233177,0,00 year(s) 02 month(s) 15 day(s),,Foster Foster Home,Court,,M,A0058716516,
548,1210549120686821,0,00 year(s) 02 month(s) 18 day(s),daisy,Foster Foster Home,Court,,F,A0058700182,
549,1210549129604776,4,00 year(s) 02 month(s) 18 day(s),Kevin,Foster Foster Home,Court,,M,A0058700202,
550,1210549120662313,0,00 year(s) 02 month(s) 18 day(s),Oliver,Foster Foster Home,Court,,M,A0058700175,
551,1210549120637698,0,,,Foster Foster Home,Nursing Mom,,F,A0058695811,
552,1210549129542817,0,00 year(s) 02 month(s) 18 day(s),Dexter,Mutternity 1,Court,,M,A0058700164,
553,1210481323168384,65,05 year(s) 02 month(s) 23 day(s),L2-BH,Foster Foster Home,Available,L2,N,A0058646785,
554,1211134572805863,45,05 year(s) 02 month(s) 25 day(s),L2-SF,Foster Foster Home,Available,L2,N,A0058638515,-
555,1211134587044183,48,02 year(s) 02 month(s) 29 day(s),L2-SF,Foster Foster Home,Available,L2,F,A0058615060,-
556,1210408099941269,23,00 year(s) 07 month(s) 02 day(s),L1,Foster Foster Home,Court,L1,F,A0058579697,
557,1210408099718621,45,00 year(s) 07 month(s) 02 day(s),L1,Foster Foster Home,Court,L1,M,A0058579660,
558,1210408099446736,135,10 year(s) 03 month(s) 02 day(s),,Dogs 202 4,Court,,M,A0058578043,
559,1210408063971978,135,12 year(s) 03 month(s) 02 day(s),,Dogs 202 1,Court,,F,A0058577701,
560,1210408063969165,120,12 year(s) 03 month(s) 02 day(s),,Dogs 202 3,Court,,F,A0058577751,
561,1211134910257350,56,01 year(s) 03 month(s) 11 day(s),L1,Foster Foster Home,Available,L1,S,A0058520937,-
562,1211134910138874,39,01 year(s) 01 month(s) 13 day(s),L2 - SF,Foster Foster Home,Available,L2,S,A0058515382,+
563,1210246644621960,68,09 year(s) 08 month(s) 02 day(s),A489149,Foster Foster Home,Available,,F,A0053303591,+
564,1211134573013430,58,06 year(s) 01 month(s) 15 day(s),L1,Foster Foster Home,Available,L1,S,A0056354164,+
565,1210167864810397,28,00 year(s) 05 month(s) 05 day(s),L1,Foster Foster Home,Available,L1,N,A0058434499,
566,1211134909830894,38,03 year(s) 04 month(s) 07 day(s),L1,Foster Foster Home,Available,L1,S,A0058345198,-
567,1211134906295428,69,03 year(s) 07 month(s) 13 day(s),L1,Foster Foster Home,Available,L1,S,A0057663603,-
568,1211134587078566,69,03 year(s) 07 month(s) 13 day(s),L1,Foster Foster Home,Available,L1,S,A0057663603,-
569,1211134910064167,42,04 year(s) 04 month(s) 21 day(s),L2-SF,Foster Foster Home,Available,L2,S,A0055675268,-
570,1209384901535093,59,04 year(s) 01 month(s) 17 day(s),L2-BR,Foster Foster Home,Available,L2,N,A0056329160,
571,1211134586726893,48,02 year(s) 09 month(s) 07 day(s),L1,Foster Trial Adoption,Trial Adoption,L1,N,A0057325800,-
572,1211134587205767,45,02 year(s) 10 month(s) 18 day(s),L1,Foster Foster Home,Available,L1,S,A0057054603,+
573,1208546898803264,54,04 year(s) 10 month(s) 14 day(s),,Foster Foster Home,Available,,S,A0057075321,+
574,1211134572991659,54,01 year(s) 09 month(s) 21 day(s),L1,Foster Foster Home,Available,L1,S,A0057051256,-
575,1207450809984234,42,,,Foster Foster Home,Available,,N,A0056032086,-
576,1211134587253430,44,03 year(s) 05 month(s) 11 day(s),L1,Foster Foster Home,Available,L1,S,A0055697269,-
577,1211134570689719,52,02 year(s) 05 month(s) 00 day(s),L2-SF,Foster Foster Home,Available,L2,S,A0054667066,-
578,1211134572707654,44,04 year(s) 07 month(s) 20 day(s),L1-2024-000263,Foster Foster Home,Available,L1,S,A0055062948,+
579,1211165576878737,51,05 year(s) 02 month(s) 10 day(s),L1    A899855,Foster Foster Home,Available,L1,S,A0053636779,
580,1204917313167441,62,07 year(s) 03 month(s) 05 day(s),A873763,Foster Foster Home,Available,,N,A0053611747,-
581,1205511115692639,41,,,Foster Foster Home,Available,,S,A0054159016,+
582,1205458289483307,70,,,Foster Foster Home,Available,,N,A0054123479,-
583,1204597009650252,67,08 year(s) 01 month(s) 07 day(s),A883569,Foster Foster Home,Available,,S,A0053621296,-
584,1204896006832649,18,03 year(s) 02 month(s) 14 day(s),A899774,Foster Foster Home,Court,,F,A0053637026,-
585,1204848853917729,54,03 year(s) 10 month(s) 09 day(s),A898038,Foster Foster Home,Available,,N,A0053635437,-
586,1211134910534120,60,05 year(s) 08 month(s) 02 day(s),L2-OA  A895475,Foster Foster Home,Available,L2,N,A0053632972,-
587,1211134572988621,54,04 year(s) 05 month(s) 08 day(s),A889029  L2-BR/A,Foster Foster Home,Available,L2,N,A0053626387,-
588,1211134572672572,67,09 year(s) 07 month(s) 03 day(s),L1,Foster Foster Home,Available,L1,S,A0055028046,-
589,1211134909554839,36,02 year(s) 08 month(s) 17 day(s),L2-OA,Foster Foster Home,Court,L2,S,A0054884374,-
590,1211134586960742,37,04 year(s) 03 month(s) 11 day(s),L1,Foster Foster Home,Available,L1,S,A0055941918,-
591,1211134573154407,47,04 year(s) 03 month(s) 14 day(s),L1,Foster Foster Home,Available,L1,S,A0055923266,+
592,1211134910379792,50,04 year(s) 03 month(s) 08 day(s),L1,Foster Foster Home,Available,L1,S,A0055954321,-
593,1211134573370167,46,04 year(s) 03 month(s) 09 day(s),L2-OA/H,Foster Foster Home,Available,L2,S,A0055954982,+
594,1211134573366488,46,04 year(s) 03 month(s) 09 day(s),L2-OA/H,Foster Foster Home,Available,L2,S,A0055954982,+
595,1211134571625047,38,04 year(s) 00 month(s) 22 day(s),L3 - BR,Foster Foster Home,Available,L3,N,A0056507497,+
596,1211134910680086,42,09 year(s) 04 month(s) 21 day(s),L2-LB,Foster Foster Home,Available,L2,S,A0053603468,-
597,1211134909968760,58,03 year(s) 04 month(s) 04 day(s),L2-SF,Foster Foster Home,Available,L2,S,A0055785509,-
598,1211134587074838,43,10 year(s) 00 month(s) 14 day(s),L1,Foster Foster Home,Available,L1,S,A0056378001,-
599,1211134910323949,79,09 year(s) 05 month(s) 28 day(s),L1     A856995,Foster Foster Home,Available,L1,S,A0053595877,-
600,1211134573209559,40,03 year(s) 00 month(s) 08 day(s),L1,Foster Foster Home,Available,L1,N,A0056598333,-
601,1211134586650175,37,02 year(s) 03 month(s) 23 day(s),L1,Foster Foster Home,Available,L1,S,A0055857982,-
602,1211134586796152,40,03 year(s) 02 month(s) 00 day(s),L2-OA,Foster Foster Home,Available,L2,S,A0056261713,-
603,1211134910809363,42,04 year(s) 00 month(s) 05 day(s),L2-SF,Foster Foster Home,Available,L2,S,A0056629500,-
604,1211134587668023,48,04 year(s) 10 month(s) 05 day(s),L1,Foster Foster Home,Available,L1,S,A0054649638,-
605,1211134910437574,43,02 year(s) 04 month(s) 14 day(s),A899764- L1,Foster Foster Home,Available,L1,N,A0053637006,-
606,1211134587129710,55,04 year(s) 00 month(s) 01 day(s),L1,Foster Foster Home,Available,L1,N,A0056647661,-
607,1211134910596810,53,03 year(s) 11 month(s) 18 day(s),L1,Foster Foster Home,Available,L1,S,A0056853475,-
608,1211134587289275,41,02 year(s) 09 month(s) 05 day(s),L1,Foster Foster Home,Available,L1,N,A0055971280,+
609,1211134910630260,44,05 year(s) 11 month(s) 24 day(s),L2-SF,Foster Foster Home,Available,L2,S,A0056689698,-
610,1211134910895228,54,04 year(s) 03 month(s) 21 day(s),L1,Foster Foster Home,Available,L1,S,A0055870173,-
611,1211134571412940,60,11 year(s) 09 month(s) 17 day(s),L1,Foster Foster Home,Available,L1,N,A0053632065,-
612,1211134587290629,44,02 year(s) 10 month(s) 18 day(s),L1,Foster Foster Home,Available,L1,N,A0057053942,-
613,1211134587233735,62,01 year(s) 10 month(s) 27 day(s),L1,Foster Foster Home,Available,L1,N,A0056989366,-
614,1211134573492761,54,02 year(s) 04 month(s) 06 day(s),L1,Foster Foster Home,Available,L1,S,A0057120707,-
615,1211134586843932,63,06 year(s) 03 month(s) 17 day(s),L1,Foster Foster Home,Available,L1,S,A0055894440,+
616,1211134586991192,60,04 year(s) 11 month(s) 29 day(s),L1,Foster Foster Home,Available,L1,N,A0056673936,-
617,1211134910575215,66,04 year(s) 11 month(s) 07 day(s),L1,Foster Foster Home,Available,L1,S,A0056932246,+
618,1211134910452176,93,06 year(s) 00 month(s) 23 day(s),L1,Foster Foster Home,Available,L1,N,A0056503718,+
619,1211134911055469,69,02 year(s) 10 month(s) 26 day(s),L2 - OA,Foster Foster Home,Available,L2,N,A0056996026,-
620,1211134910617480,51,05 year(s) 05 month(s) 02 day(s),L2 - SF,Foster Foster Home,Available,L2,S,A0053618690,-
621,1211134910359886,54,04 year(s) 02 month(s) 04 day(s),L1,Foster Foster Home,Available,L1,N,A0056223206,-
622,1211134587517170,54,03 year(s) 03 month(s) 16 day(s),L3-LB/OA/RG,Foster Foster Home,Available,L3,N,A0055905913,-
623,1211134910668152,48,07 year(s) 00 month(s) 24 day(s),L2-LR/BR,Foster Foster Home,Available,L2,S,A0056500648,+
624,1211134910452184,69,04 year(s) 09 month(s) 20 day(s),L1,Foster Foster Home,Available,L1,N,A0057243693,-
625,1211134573235108,44,02 year(s) 10 month(s) 13 day(s),L2 - JM,Foster Foster Home,Available,L2,S,A0057081101,-
626,1211134910644067,27,05 year(s) 11 month(s) 08 day(s),L1,Foster Foster Home,Available,L1,S,A0056927704,-
627,1211134586853881,42,02 year(s) 09 month(s) 07 day(s),L1,Foster Foster Home,Available,L1,S,A0057321831,-
628,1211134911207580,33,02 year(s) 10 month(s) 25 day(s),L2-OA/LB,Foster Foster Home,Available,L2,S,A0057005310,-
629,1211134584620945,58,04 year(s) 11 month(s) 16 day(s),L2-OA/JM/BR,Foster Foster Home,Available,L2,N,A0056868984,-
630,1211134573140591,56,02 year(s) 01 month(s) 03 day(s),L1,Foster Foster Home,Available,L1,N,A0056432711,-
631,1211134571389675,50,02 year(s) 10 month(s) 22 day(s),L1,Foster Foster Home,Available,L1,S,A0057025902,+
632,1211134587328395,58,04 year(s) 11 month(s) 04 day(s),L1,Foster Foster Home,Available,L1,S,A0056944879,-
633,1211134588106907,35,03 year(s) 09 month(s) 00 day(s),L1,Foster Foster Home,Available,L1,N,A0057361999,-
634,1211134911292803,40,01 year(s) 09 month(s) 17 day(s),L2 - SF,Foster Foster Home,Available,L2,S,A0057261805,-
635,1211134910514417,41,01 year(s) 10 month(s) 16 day(s),L2 - OA/LB,Foster Foster Home,Available,L2,N,A0056934062,-
636,1211134588099052,56,02 year(s) 03 month(s) 30 day(s),L1,Foster Foster Home,Available,L1,N,A0057165899,-
637,1211134587855087,43,04 year(s) 09 month(s) 16 day(s),L1,Foster Foster Home,Available,L1,S,A0057261594,-
638,1211134587373020,41,03 year(s) 11 month(s) 27 day(s),L2-OA,Foster Foster Home,Available,L2,N,A0056676632,-
639,1211134572639321,62,03 year(s) 00 month(s) 21 day(s),L1,Foster Foster Home,Available,L1,S,A0056520035,-
640,1211134910282085,51,02 year(s) 03 month(s) 24 day(s),L1,Foster Foster Home,Available,L1,N,A0057203236,-
641,1211134910481718,48,03 year(s) 07 month(s) 18 day(s),L1,Foster Foster Home,Available,L1,S,A0057614005,-
642,1211134910282053,44,08 year(s) 07 month(s) 29 day(s),L1,Foster Foster Home,Available,L1,S,A0057500992,+
643,1211134573758861,47,02 year(s) 08 month(s) 14 day(s),L1,Foster Foster Home,Available,L1,S,A0057455043,-
644,1211134911207590,62,03 year(s) 08 month(s) 18 day(s),L2-BR,Foster Foster Home,Available,L2,N,A0057439713,-
645,1211134587092419,57,02 year(s) 08 month(s) 03 day(s),L3- BH,Foster Foster Home,Available,L3,N,A0057510470,-
646,1211134586726905,53,03 year(s) 08 month(s) 10 day(s),L2 - BR,Foster Foster Home,Available,L2,N,A0057484538,-
647,1211134910121346,50,03 year(s) 07 month(s) 18 day(s),L1,Foster Foster Home,Available,L1,N,A0057609567,-
648,1211134574238334,41,02 year(s) 02 month(s) 08 day(s),L2 RG/H,Foster Foster Home,Available,L2,S,A0057489230,-
649,1211134587546928,77,03 year(s) 09 month(s) 17 day(s),L1,Foster Foster Home,Available,L1,N,A0057256931,+
650,1211134573140600,65,06 year(s) 08 month(s) 16 day(s),L1,Foster Foster Home,Available,L1,S,A0053848363,-
651,1211134587253439,67,08 year(s) 01 month(s) 19 day(s),L1,Foster Foster Home,Court,L1,F,A0056311137,-
652,1211134909806257,37,05 year(s) 05 month(s) 23 day(s),L1,Foster Foster Home,Available,L1,S,A0053617955,-
653,1211134574352288,62,03 year(s) 10 month(s) 16 day(s),L1,Foster Foster Home,Available,L1,N,A0057066775,+
654,1211134910547576,42,01 year(s) 05 month(s) 25 day(s),L1,Foster Foster Home,Available,L1,N,A0057782104,-
655,1211134587763056,61,02 year(s) 10 month(s) 01 day(s),L1,Foster Foster Home,Available,L1,N,A0057161815,-
656,1211134909844188,53,12 year(s) 06 month(s) 22 day(s),L1,Foster Foster Home,Available,L1,S,A0057809416,+
657,1211134585018781,55,03 year(s) 08 month(s) 05 day(s),L2- BR/M&G,Foster Foster Home,Available,L2,N,A0057512818,-
658,1211134587251042,46,03 year(s) 09 month(s) 18 day(s),L1,Foster Foster Home,Available,L1,S,A0057252718,-
659,1211134911721019,46,02 year(s) 06 month(s) 27 day(s),L1,Foster Foster Home,Available,L1,S,A0057774743,-
660,1211134584125053,80,03 year(s) 08 month(s) 09 day(s),L2- OA,Foster Foster Home,Available,L2,N,A0054963463,-
661,1211134910299911,43,04 year(s) 06 month(s) 10 day(s),L2-BR,Foster Foster Home,Available,L2,S,A0057867271,-
662,1211134909841948,51,02 year(s) 07 month(s) 12 day(s),L3-JM,Foster Foster Home,Available,L3,S,A0057656410,-
663,1211134574148794,60,03 year(s) 08 month(s) 11 day(s),L1,Foster Foster Home,Available,L1,S,A0057478759,+
664,1211134588634964,63,02 year(s) 06 month(s) 15 day(s),L1,Foster Foster Home,Available,L1,N,A0057771723,-
665,1211134587546938,66,01 year(s) 03 month(s) 12 day(s),L2 JM/LB,Foster Foster Home,Available,L2,N,A0057072729,-
666,1211134574604130,71,07 year(s) 00 month(s) 16 day(s),L1,Foster Foster Home,Available,L1,S,A0056545695,-
667,1211144125769366,36,02 year(s) 02 month(s) 19 day(s),L2-OA,Foster Foster Home,Available,L2,N,A0056096120,-
668,1211134574120660,61,07 year(s) 07 month(s) 27 day(s),L1,Foster Foster Home,Available,L1,S,A0055025441,+
669,1211134573811756,52,04 year(s) 05 month(s) 17 day(s),L1,Foster Foster Home,Available,L1,S,A0057999103,-
670,1211134910819776,46,03 year(s) 11 month(s) 15 day(s),L1,Foster Foster Home,Available,L1,S,A0056878500,-
671,1211134910575225,46,01 year(s) 06 month(s) 29 day(s),L2-JM/SF,Foster Foster Home,Available,L2,S,A0057747654,-
672,1211134587143682,60,05 year(s) 05 month(s) 22 day(s),L1,Dogs 088 A4,Available,L1,N,A0057973869,-
673,1211134911628449,46,02 year(s) 05 month(s) 18 day(s),L2-BR,Foster Foster Home,Available,L2,S,A0057985936,-
674,1211134910804417,47,03 year(s) 05 month(s) 17 day(s),L1,Foster Foster Home,Available,L1,S,A0058006377,-
675,1211134911989131,47,03 year(s) 05 month(s) 11 day(s),L1,Foster Foster Home,Available,L1,S,A0058031872,-
676,1211134911274568,64,04 year(s) 08 month(s) 16 day(s),L2-OA/LB,Foster Foster Home,Available,L2,N,A0057442724,-
677,1211134587558276,56,04 year(s) 05 month(s) 02 day(s),L1,Foster Foster Home,Available,L1,N,A0058070653,-
678,1211134912039279,49,04 year(s) 05 month(s) 09 day(s),L1,Foster Foster Home,Available,L1,S,A0058038278,-
679,1211134911731446,53,05 year(s) 04 month(s) 17 day(s),L2 - SF,Foster Foster Home,Available,L2,M,A0058279327,+
680,1211134587512128,47,02 year(s) 06 month(s) 19 day(s),L2-OA,Foster Foster Home,Available,L2,S,A0057820720,-
681,1211134574243810,50,01 year(s) 09 month(s) 22 day(s),L1,Foster Trial Adoption,Trial Adoption,L1,S,A0057224582,-
682,1211134910121358,32,01 year(s) 04 month(s) 23 day(s),L1,Foster Foster Home,Available,L1,N,A0058256503,-
683,1211134912142791,46,02 year(s) 09 month(s) 16 day(s),L1,Foster Foster Home,Available,L1,N,A0057257626,-
684,1211134910437590,13,12 year(s) 05 month(s) 25 day(s),L1,Foster Foster Home,Court,L1,S,A0057949341,-
685,1211134910781685,52,03 year(s) 06 month(s) 08 day(s),L2- SF/BR,Foster Foster Home,Available,L2,S,A0057885171,+
686,1211134587057554,71,03 year(s) 05 month(s) 17 day(s),L2-OA/JM,Foster Foster Home,Available,L2,N,A0058000573,+
687,1211134574211262,44,01 year(s) 06 month(s) 30 day(s),L1,Foster Foster Home,Available,L1,N,A0057749805,-
688,1211134587957846,51,02 year(s) 04 month(s) 05 day(s),L2-SF,Foster Foster Home,Available,L2,S,A0058360897,-
689,1211134574270854,16,03 year(s) 05 month(s) 25 day(s),L2-SF,Foster Foster Home,Court,L2,N,A0057949359,-
690,1211134574619113,10,03 year(s) 05 month(s) 25 day(s),L1,Foster Foster Home,Court,L1,N,A0057949290,-
691,1211134910811694,45,02 year(s) 09 month(s) 09 day(s),L2-OA,Foster Foster Home,Available,L2,S,A0057303592,-
692,1211134587614410,63,02 year(s) 08 month(s) 08 day(s),L2-SF/BR,Foster Foster Home,Available,L2,S,A0057500056,-
693,1211134587763065,47,02 year(s) 07 month(s) 25 day(s),L2-OA,Foster Foster Home,Available,L2,S,A0057572441,-
694,1211134574211270,70,05 year(s) 04 month(s) 12 day(s),L1,Foster Foster Home,Available,L1,N,A0058328118,-
695,1211134586703748,41,04 year(s) 04 month(s) 26 day(s),L1,Foster Foster Home,Available,L1,S,A0058240878,+
696,1211134910489818,45,01 year(s) 07 month(s) 10 day(s),L1,Foster Foster Home,Available,L1,S,A0057673945,-
697,1211134587399608,48,03 year(s) 08 month(s) 18 day(s),L2-LB,Foster Foster Home,Available,L2,N,A0057425727,-
698,1211134587918846,47,07 year(s) 02 month(s) 04 day(s),L1-A857655,Foster Foster Home,Available,L1,N,A0053596658,+
699,1211134589163157,61,02 year(s) 06 month(s) 27 day(s),L2-SF,Foster Foster Home,Available,L2,N,A0057776766,+
700,1211134574930160,54,03 year(s) 07 month(s) 14 day(s),L2- LB,Foster Foster Home,Available,L2,S,A0057639835,+
701,1211134587132714,54,03 year(s) 07 month(s) 14 day(s),L2- LB,Foster Foster Home,Available,L2,S,A0057639835,+
702,1211134911837980,28,01 year(s) 02 month(s) 13 day(s),L1,Foster Foster Home,Available,L1,S,A0058314640,-
703,1211134587453164,40,03 year(s) 03 month(s) 22 day(s),L1,Foster Foster Home,Available,L1,S,A0058450905,+
704,1211134574849894,51,04 year(s) 04 month(s) 13 day(s),L2 - SF,Foster Foster Home,Available,L2,F,A0058313508,-
705,1211134910236578,51,04 year(s) 04 month(s) 13 day(s),L2 - SF,Foster Foster Home,Available,L2,F,A0058313508,-
706,1211134910514430,62,03 year(s) 06 month(s) 03 day(s),L2-A,Foster Foster Home,Available,L2,N,A0057918810,-
707,1211134587515718,50,01 year(s) 03 month(s) 30 day(s),L2-SF/BR,Foster Foster Home,Available,L2,S,A0058398208,-
708,1211134905477955,48,02 year(s) 09 month(s) 19 day(s),L2-SF,Foster Foster Home,Available,L2,S,A0054759790,-
709,1211134911274577,11,06 year(s) 03 month(s) 20 day(s),L1,Foster Foster Home,Court,L1,N,A0057949305,-
710,1211134573221935,44,02 year(s) 08 month(s) 11 day(s),L2 - SF,Foster Foster Home,Available,L2,S,A0057471755,+
711,1211134910236541,31,02 year(s) 04 month(s) 04 day(s),L3-SF,Foster Foster Home,Available,L3,N,A0058373394,-
712,1211134912282907,48,03 year(s) 04 month(s) 09 day(s),L1,Foster Foster Home,Available,L1,S,A0058338338,-
713,1211134574834909,42,01 year(s) 03 month(s) 23 day(s),L1,Foster Foster Home,Available,L1,N,A0058435739,-
714,1211134911549145,57,03 year(s) 03 month(s) 20 day(s),L2-SF,Foster Foster Home,Available,L2,N,A0058463186,-
715,1211134906274070,12,04 year(s) 05 month(s) 25 day(s),L2-SF,Foster Foster Home,Court,L2,M,A0057949368,-
716,1211134912412849,57,04 year(s) 03 month(s) 27 day(s),L2-SF,Foster Foster Home,Available,L2,N,A0058416589,-
717,1211134573405197,56,03 year(s) 05 month(s) 28 day(s),L1,Foster Foster Home,Available,L1,N,A0057938358,+
718,1211134574168834,65,05 year(s) 05 month(s) 26 day(s),L1,Foster Foster Home,Available,L1,N,A0057945065,+
719,1211134574046753,44,04 year(s) 07 month(s) 03 day(s),L1,Foster Foster Home,Available,L1,N,A0057721631,+
720,1211134589493570,67,02 year(s) 06 month(s) 17 day(s),L2-SF,Foster Foster Home,Available,L2,N,A0057824667,-
721,1211134912259435,58,04 year(s) 03 month(s) 08 day(s),L1,Foster Foster Home,Available,L1,S,A0058542594,-
722,1211134589078260,58,05 year(s) 06 month(s) 20 day(s),L1,Foster Trial Adoption,Trial Adoption,L1,N,A0057778590,-
723,1211134589207158,65,03 year(s) 05 month(s) 15 day(s),L1,Foster Foster Home,Available,L1,N,A0058006328,+
724,1211134572835918,55,02 year(s) 03 month(s) 02 day(s),L2-SF,Foster Foster Home,Available,L2,S,A0058575776,-
725,1211134910804435,41,10 year(s) 03 month(s) 00 day(s),L1,Foster Foster Home,Available,L1,S,A0058602321,-
726,1211134912101962,56,03 year(s) 03 month(s) 01 day(s),L1,Foster Foster Home,Available,L1,N,A0057821053,+
727,1211134574148810,36,03 year(s) 02 month(s) 24 day(s),L1,Foster Foster Home,Available,L1,S,A0058637692,-
728,1211134587515737,50,07 year(s) 03 month(s) 23 day(s),L1,Foster Foster Home,Available,L1,N,A0058436120,-
729,1211134589597104,58,02 year(s) 06 month(s) 02 day(s),L1,Foster Foster Home,Owner Request,L1,N,A0057918582,-
730,1211134911274813,60,02 year(s) 06 month(s) 03 day(s),L2-SF,Foster Foster Home,Available,L2,S,A0057910867,+
731,1211134589654811,23,03 year(s) 03 month(s) 01 day(s),L1,Mutternity 1,Court,L1,S,A0058577837,-
732,1211134588937472,46,02 year(s) 04 month(s) 29 day(s),L1,Foster Foster Home,Available,L1,N,A0058214995,+
733,1211134913009026,58,02 year(s) 03 month(s) 09 day(s),L1,Foster Foster Home,Available,L1,S,A0058528237,-
734,1211134588620720,53,02 year(s) 04 month(s) 07 day(s),L1,Foster Foster Home,Available,L1,M,A0058344455,-
735,1211134571412973,40,02 year(s) 04 month(s) 21 day(s),L2 - SF/A,Foster Foster Home,Available,L2,S,A0058262254,-
736,1211134911844327,58,04 year(s) 05 month(s) 12 day(s),L1,Foster Foster Home,Available,L1,S,A0058025499,-
737,1211134587558286,58,05 year(s) 03 month(s) 12 day(s),L1,Foster Foster Home,Available,L1,N,A0058519911,+
738,1211134574249396,44,05 year(s) 10 month(s) 21 day(s),L1,Foster Trial Adoption,Trial Adoption,L1,N,A0057034870,-
739,1211134587205784,88,03 year(s) 09 month(s) 28 day(s),L1,Foster Trial Adoption,Trial Adoption,L1,N,A0058674924,-
740,1211134575393305,42,02 year(s) 02 month(s) 18 day(s),L1,Foster Trial Adoption,Trial Adoption,L1,M,A0058662712,-
741,1211134575815847,48,02 year(s) 05 month(s) 10 day(s),L1,Foster Foster Home,Available,L1,S,A0058036198,+
742,1211134589078269,37,02 year(s) 03 month(s) 06 day(s),L1,Foster Foster Home,Available,L1,N,A0058560639,+
743,1211134588528515,51,03 year(s) 03 month(s) 16 day(s),L2-OA/JM,Foster Foster Home,Available,L2,S,A0058483232,-
744,1211134586698649,48,02 year(s) 04 month(s) 13 day(s),L2-M&G/JM,Foster Foster Home,Available,L2,F,A0058316435,-
745,1211134588819933,46,01 year(s) 10 month(s) 01 day(s),L1,Foster Foster Home,Available,L1,S,A0057165859,-
746,1211134589632065,63,03 year(s) 04 month(s) 30 day(s),L1,Foster Foster Home,Available,L1,S,A0058104749,-
747,1211134587462087,55,04 year(s) 04 month(s) 25 day(s),L3-SD/BR,Foster Foster Home,Available,L3,N,A0055649438,-
748,1211134574657209,50,03 year(s) 10 month(s) 05 day(s),L1,Foster Foster Home,Available,L1,S,A0054649627,-
749,1211134587232591,69,03 year(s) 08 month(s) 21 day(s),L1,Foster Foster Home,Available,L1,S,A0057411243,-
750,1211134586698657,42,01 year(s) 10 month(s) 02 day(s),L1,Foster Foster Home,Available,L1,S,A0058375747,-
751,1211134575977218,36,01 year(s) 01 month(s) 08 day(s),L2-SF,Foster Foster Home,Available,L2,S,A0058757108,-
752,1211134913359373,49,02 year(s) 05 month(s) 18 day(s),L1,Foster Foster Home,Available,L1,N,A0057985953,-
753,1211134572835930,64,03 year(s) 02 month(s) 26 day(s),L3-SF/BR,Foster Foster Home,Available,L3,N,A0058625088,-
754,1211134575814985,39,05 year(s) 02 month(s) 04 day(s),L1,Foster Trial Adoption,Trial Adoption,L1,S,A0058775597,+
755,1211134911371239,35,00 year(s) 10 month(s) 05 day(s),L1,Foster Trial Adoption,Trial Adoption,L1,S,A0058762902,-
756,1211134588937480,32,00 year(s) 08 month(s) 11 day(s),L1,Foster Trial Adoption,Trial Adoption,L1,N,A0058728521,-
757,1211134912714172,51,06 year(s) 02 month(s) 29 day(s),L3-OA/BR,Foster Foster Home,Available,L3,F,A0058609148,-
758,1211134587855096,47,02 year(s) 04 month(s) 21 day(s),L2-JM,Foster Trial Adoption,Trial Adoption,L2,N,A0058258051,-
759,1211134573405209,45,11 year(s) 02 month(s) 26 day(s),L1,Foster Foster Home,Available,L1,N,A0058762439,+
760,1211134913439524,50,02 year(s) 04 month(s) 28 day(s),STAFF ONLY,Dogs 201 1,Pending Behavior Assessment,STAFF ONLY,N,A0058216441,-
761,1211134587254694,22,13 year(s) 02 month(s) 06 day(s),L1,Foster Trial Adoption,Trial Adoption,L1,N,A0058762449,-
762,1211134590226579,62,02 year(s) 02 month(s) 22 day(s),L1,Foster Foster Home,Available,L1,S,A0058660752,+
763,1211134912701079,24,02 year(s) 02 month(s) 02 day(s),L2-SF,Foster Trial Adoption,Trial Adoption,L2,S,A0058795125,-
764,1211134590143306,44,01 year(s) 04 month(s) 24 day(s),L1,Foster Foster Home,Available,L1,S,A0058252924,+
765,1211134589072985,37,03 year(s) 01 month(s) 24 day(s),L1,Foster Foster Home,Available,L1,S,A0058844546,+
766,1211134587294629,51,00 year(s) 11 month(s) 27 day(s),L1,Foster Trial Adoption,Trial Adoption,L1,N,A0058820414,-
767,1211134909834587,9,01 year(s) 05 month(s) 25 day(s),L1- OD,Foster Foster Home,Court,L1,F,A0057949322,-
768,1211134590339276,71,02 year(s) 02 month(s) 03 day(s),L2-BR,Foster Trial Adoption,Trial Adoption,L2,M,A0058788000,-
769,1211134913461641,51,07 year(s) 06 month(s) 18 day(s),L2-SF A852878,Foster Foster Home,Available,L2,N,A0053591163,+
770,1211134576313096,55,07 year(s) 03 month(s) 20 day(s),L1,Foster Foster Home,Available,L1,S,A0058100843,-
771,1211134576153098,44,04 year(s) 10 month(s) 17 day(s),L2-BR,Foster Trial Adoption,Trial Adoption,L2,S,A0054580732,-
772,1211134588201980,63,02 year(s) 03 month(s) 22 day(s),L1,Foster Foster Home,Available,L1,N,A0058455126,-
773,1211134575815867,41,01 year(s) 04 month(s) 13 day(s),L3-BH/DR,Foster Foster Home,Available,L3,S,A0058308340,-
774,1211134590399925,48,07 year(s) 02 month(s) 15 day(s),L1   A861769,Foster Foster Home,Available,L1,N,A0053600299,-
775,1211134587132726,31,00 year(s) 11 month(s) 05 day(s),L1,Foster Foster Home,Available,L1,S,A0058766779,-
776,1211134910393624,47,00 year(s) 11 month(s) 13 day(s),L2-SF,Foster Foster Home,Available,L2,M,A0058820168,+
777,1211134590461558,55,01 year(s) 09 month(s) 26 day(s),L1,Foster Trial Adoption,Trial Adoption,L1,S,A0058421019,-
778,1211134576156471,50,02 year(s) 03 month(s) 04 day(s),L3-SF,Foster Foster Home,Available,L3,N,A0058574390,-
779,1211134575875596,38,09 year(s) 00 month(s) 16 day(s),L1,Foster Foster Home,Available,L1,F,A0057597695,-
780,1211134913805528,41,03 year(s) 01 month(s) 21 day(s),L3 - SF,Foster Foster Home,Available,L3,S,A0058856656,-
781,1211134913799095,10,02 year(s) 01 month(s) 18 day(s),L2-SF,Foster Trial Adoption,Trial Adoption,L2,N,A0058888423,-
782,1211134910362223,56,03 year(s) 04 month(s) 06 day(s),L2-A,Foster Trial Adoption,Trial Adoption,L2,N,A0058349231,+
783,1211134576539566,68,03 year(s) 04 month(s) 05 day(s),L1,Foster Foster Home,Available,L1,N,A0058364488,-
784,1211134575814994,41,01 year(s) 03 month(s) 03 day(s),L2-A/OA,Foster Trial Adoption,Trial Adoption,L2,S,A0058769639,-
785,1211134576605412,32,00 year(s) 08 month(s) 20 day(s),L2-JM,Foster Foster Home,Available,L2,F,A0058673772,-
786,1211134913799103,41,09 year(s) 05 month(s) 10 day(s),L1     A498704,Foster Foster Home,Available,L1,N,A0053312831,-
787,1211134588819941,57,01 year(s) 04 month(s) 15 day(s),L2-SD,Foster Trial Adoption,Available,L2,S,A0058262189,-
788,1211134576599984,58,02 year(s) 02 month(s) 15 day(s),L1,Foster Foster Home,Available,L1,M,A0058706791,-
789,1211134576206019,36,00 year(s) 11 month(s) 10 day(s),L1,Foster Foster Home,Trial Adoption,L1,S,A0058331992,-
790,1211134576681941,55,03 year(s) 03 month(s) 24 day(s),L2-SF,Foster Foster Home,Available,L2,M,A0058435704,-
791,1211134910393632,43,01 year(s) 01 month(s) 26 day(s),L2-SF,Foster Trial Adoption,Trial Adoption,L2,N,A0058836173,-
792,1211134590799295,55,03 year(s) 04 month(s) 08 day(s),L1-MG,Foster Foster Home,Available,L1,F,A0058340859,-
793,1211134590402696,47,02 year(s) 02 month(s) 18 day(s),L2-SF,Foster Foster Home,Available,L2,F,A0058679072,-
794,1211134572756623,49,03 year(s) 02 month(s) 27 day(s),L2-A,Foster Foster Home,Available,L2,S,A0058616717,-
795,1211134910547593,50,05 year(s) 01 month(s) 13 day(s),L1,Foster Foster Home,Available,L1,N,A0058916889,-
796,1211134590398506,46,04 year(s) 01 month(s) 21 day(s),L2 - OA,Foster Foster Home,Available,L2,N,A0058858235,-
797,1211134590689909,35,01 year(s) 04 month(s) 01 day(s),L1,Foster Foster Home,Available,L1,N,A0058385779,-
798,1211134912697252,61,03 year(s) 01 month(s) 21 day(s),L2 - SF,Foster Foster Home,Available,L2,N,A0058855489,-
799,1211134576844170,34,07 year(s) 04 month(s) 04 day(s),L1,Foster Foster Home,Available,L1,S,A0055789122,-
800,1211134914194795,39,02 year(s) 00 month(s) 07 day(s),L1,Foster Foster Home,Available,L1,S,A0058943403,+
801,1211134576597363,57,06 year(s) 11 month(s) 10 day(s),L1,Foster Foster Home,Available,L1,S,A0053623474,-
802,1211134910119917,61,04 year(s) 01 month(s) 26 day(s),L1,Foster Trial Adoption,Trial Adoption,L1,N,A0058831083,-
803,1211134914047308,33,01 year(s) 02 month(s) 01 day(s),L2 - SF,Foster Trial Adoption,Trial Adoption,L2,S,A0058795391,-
804,1211134577003093,105,04 year(s) 05 month(s) 10 day(s),L2-SD,Foster Trial Adoption,Trial Adoption,L2,N,A0055542660,-
805,1211134591062774,16,03 year(s) 05 month(s) 15 day(s),L1,Foster Trial Adoption,Trial Adoption,L1,S,A0058011039,-
806,1211134914301918,50,06 year(s) 01 month(s) 20 day(s),L1,Foster Foster Home,Available,L1,N,A0058870423,-
807,1211134914302851,52,02 year(s) 09 month(s) 05 day(s),L1,Foster Foster Home,Available,L1,N,A0057311730,-
808,1211134914194803,39,02 year(s) 01 month(s) 05 day(s),L1,Foster Foster Home,Available,L1,F,A0058970456,-
809,1211134589908297,54,02 year(s) 03 month(s) 27 day(s),L2-SF,Foster Foster Home,Available,L2,S,A0058412684,+
810,1211134577100474,50,06 year(s) 03 month(s) 16 day(s),L1,Foster Foster Home,Available,L1,S,A0058491085,-
811,1211134591152449,47,00 year(s) 08 month(s) 22 day(s),L1,Foster Trial Adoption,Trial Adoption,L1,M,A0058261807,-
812,1211134572988572,53,03 year(s) 03 month(s) 14 day(s),L1,Foster Foster Home,Available,L1,S,A0058479830,-
813,1211134913292451,43,01 year(s) 08 month(s) 28 day(s),L1 - EA,Foster Foster Home,Available,L1,N,A0058607804,-
814,1211134591172338,45,00 year(s) 11 month(s) 19 day(s),L1,Foster Trial Adoption,Trial Adoption,L1,N,A0058673118,-
815,1211134911712311,36,07 year(s) 01 month(s) 21 day(s),L1,Foster Foster Home,Available,L1,S,A0058855116,-
816,1211134574286330,41,02 year(s) 03 month(s) 28 day(s),L1,Foster Foster Home,Available,L1,N,A0058371891,-
817,1211134588201988,54,02 year(s) 01 month(s) 23 day(s),L2 - BR/OA,Foster Foster Home,Available,L2,F,A0058850516,-
818,1211134910009173,52,02 year(s) 03 month(s) 09 day(s),L2-JM,Foster Foster Home,Available,L2,N,A0058535722,-
819,1211134912641254,39,02 year(s) 02 month(s) 23 day(s),L2-SF,Foster Foster Home,Available,L2,S,A0058648841,-
820,1211134577242006,28,02 year(s) 02 month(s) 09 day(s),L2-A,Foster Foster Home,Available,L2,M,A0058751578,-
821,1211134576681949,52,02 year(s) 00 month(s) 06 day(s),L1,Foster Trial Adoption,Trial Adoption,L1,S,A0057883693,+
822,1211134573923057,52,02 year(s) 00 month(s) 06 day(s),L1,Foster Trial Adoption,Trial Adoption,L1,S,A0057883693,+
823,1211134910267628,64,04 year(s) 02 month(s) 25 day(s),L2 - SF/BR,Foster Foster Home,Available,L2,F,A0058635759,+
824,1211134576931501,12,02 year(s) 02 month(s) 01 day(s),L3-RG,Foster Trial Adoption,Trial Adoption,L3,N,A0058789821,-
825,1211134914348736,48,01 year(s) 09 month(s) 16 day(s),L2-SF,Foster Trial Adoption,Trial Adoption,L2,S,A0058492824,-
826,1211134587462107,53,01 year(s) 03 month(s) 20 day(s),L1,Foster Trial Adoption,Trial Adoption,L1,N,A0058463089,-
827,1211134914591963,52,00 year(s) 08 month(s) 20 day(s),L3-SF,Foster Foster Home,Available,L3,S,A0058870368,-
828,1211134577070100,40,00 year(s) 08 month(s) 20 day(s),L3-SF,Foster Foster Home,Available,L3,F,A0058870361,-
829,1211134587194737,32,06 year(s) 01 month(s) 09 day(s),L1,Foster Foster Home,Trial Adoption,L1,F,A0058938802,-
830,1211134914096149,40,01 year(s) 03 month(s) 00 day(s),L1,Foster Foster Home,Trial Adoption,L1,N,A0058589758,-
831,1211134577268982,36,03 year(s) 01 month(s) 07 day(s),L1,Foster Trial Adoption,Trial Adoption,L1,N,A0058956717,-
832,1211134910696956,57,03 year(s) 02 month(s) 12 day(s),L1,Foster Foster Home,Trial Adoption,L1,N,A0058716047,-
833,1211134588937493,52,01 year(s) 05 month(s) 22 day(s),L2-OA/DR,Foster Foster Home,Available,L2,S,A0057969626,+
834,1211134914761030,58,02 year(s) 11 month(s) 14 day(s),L1,Foster Trial Adoption,Trial Adoption,L1,N,A0056689518,-
835,1211134914760709,28,02 year(s) 01 month(s) 04 day(s),L1,Foster Trial Adoption,Trial Adoption,L1,S,A0058972245,-
836,1211134575327230,11,05 year(s) 01 month(s) 03 day(s),L1,Foster Trial Adoption,Trial Adoption,L1,S,A0058981445,-
837,1211134572836487,81,05 year(s) 01 month(s) 00 day(s),L1,Foster Trial Adoption,Trial Adoption,L1,S,A0058999342,-
838,1211134914776584,52,08 year(s) 03 month(s) 10 day(s),L1,Foster Foster Home,Available,L1,M,A0058526024,+
839,1211134576913462,53,02 year(s) 02 month(s) 11 day(s),L1,Foster Foster Home,Available,L1,S,A0058728393,-
840,1211134577537069,50,03 year(s) 05 month(s) 04 day(s),L1,Foster Foster Home,Available,L1,S,A0058069967,+
841,1211134914821163,49,00 year(s) 08 month(s) 20 day(s),L3 - SF,Foster Trial Adoption,Trial Adoption,L3,N,A0058870343,-
842,1211134914761038,67,02 year(s) 01 month(s) 21 day(s),L1,Foster Trial Adoption,Trial Adoption,L1,N,A0058858300,-
843,1211134587200487,46,04 year(s) 03 month(s) 04 day(s),L1,Foster Foster Home,Available,L1,S,A0053623485,-
844,1211134591492784,61,05 year(s) 01 month(s) 30 day(s),L2-SF,Foster Trial Adoption,Trial Adoption,L2,F,A0058812039,-
845,1211134576955839,50,01 year(s) 05 month(s) 03 day(s),L2-OA/JM,Foster Trial Adoption,Trial Adoption,L2,N,A0057717414,-
846,1211134914295091,38,03 year(s) 03 month(s) 00 day(s),L1,Foster Foster Home,Available,L1,N,A0058588407,-
847,1211134588201997,65,01 year(s) 02 month(s) 10 day(s),L1,Foster Trial Adoption,Trial Adoption,L1,N,A0058734729,+
848,1211134591442069,50,03 year(s) 01 month(s) 18 day(s),L2 - SF,Foster Trial Adoption,Trial Adoption,L2,N,A0058786148,-
849,1211134574087500,71,07 year(s) 01 month(s) 16 day(s),L2-RG/OD,Foster Trial Adoption,Trial Adoption,L2,F,A0058892857,-
850,1211134587719636,43,03 year(s) 01 month(s) 21 day(s),L1,Foster Trial Adoption,Trial Adoption,L1,S,A0058861302,-
851,1211134589594188,43,02 year(s) 01 month(s) 14 day(s),L1,Foster Foster Home,Available,L1,F,A0058904828,-
852,1211134911481246,53,08 year(s) 05 month(s) 11 day(s),L1,Foster Foster Home,Available,L1,N,A0053911720,-
853,1211134591760396,50,03 year(s) 01 month(s) 17 day(s),L2-SF,Foster Trial Adoption,Trial Adoption,L2,N,A0058886253,-
854,1211134913434458,72,05 year(s) 01 month(s) 30 day(s),L2-OA,Foster Trial Adoption,Trial Adoption,L2,N,A0058786176,-
855,1211134587442197,38,04 year(s) 01 month(s) 03 day(s),L1,Foster Trial Adoption,Trial Adoption,L1,F,A0058978246,+
856,1211134589654823,71,05 year(s) 01 month(s) 12 day(s),L1,Foster Foster Home,Available,L1,S,A0058920051,-
857,1211134587377434,51,04 year(s) 02 month(s) 05 day(s),L1,Foster Trial Adoption,Trial Adoption,L1,N,A0058769922,-
858,1211134591843953,36,01 year(s) 08 month(s) 09 day(s),STAFF ONLY,Foster Foster Home,Available,STAFF ONLY,N,A0057301164,-
859,1211134591834325,33,03 year(s) 01 month(s) 04 day(s),L1,Foster Trial Adoption,Trial Adoption,L1,N,A0058978189,+
860,1211134577809667,53,04 year(s) 01 month(s) 09 day(s),L2-SF,Foster Foster Home,Available,L2,M,A0058943849,+
861,1211134590112770,58,02 year(s) 01 month(s) 13 day(s),L3-SD/A/BR,Foster Foster Home,Available,L3,S,A0058640735,+
862,1211134915163648,41,00 year(s) 10 month(s) 01 day(s),L2-OA,Foster Foster Home,Available,L2,S,A0058795005,-
863,1211134587294556,58,06 year(s) 01 month(s) 27 day(s),L1- FJ,Foster Foster Home,Available,L1,S,A0058822047,+
864,1211134591930446,36,00 year(s) 10 month(s) 26 day(s),STAFF ONLY,Receiving 129 K3,Pending Behavior Assessment,STAFF ONLY,S,A0058619294,-
865,1211134915208248,74,07 year(s) 05 month(s) 02 day(s),L1- A880593,Foster Foster Home,Available,L1,N,A0053618691,-
866,1211134577917852,52,05 year(s) 01 month(s) 26 day(s),L1,Foster Foster Home,Available,L1,S,A0058831101,-
867,1211134914635425,52,05 year(s) 01 month(s) 26 day(s),L1,Foster Foster Home,Available,L1,S,A0058831101,-
868,1211134591374768,49,02 year(s) 01 month(s) 12 day(s),L1,Foster Trial Adoption,Trial Adoption,L1,S,A0058926674,+
869,1211134577158961,73,01 year(s) 06 month(s) 29 day(s),L2-BH,Foster Trial Adoption,Trial Adoption,L2,N,A0059004104,-
870,1211134911274833,43,01 year(s) 07 month(s) 05 day(s),L1,Foster Trial Adoption,Trial Adoption,L1,N,A0058964495,-
871,1211134914449855,43,05 year(s) 00 month(s) 22 day(s),L1,Foster Foster Home,Trial Adoption,L1,S,A0059061473,-
872,1211134592022017,35,01 year(s) 00 month(s) 24 day(s),L1,Foster Trial Adoption,Trial Adoption,L1,N,A0059044924,+
873,1211134591105544,42,00 year(s) 08 month(s) 20 day(s),L3-SF,Foster Foster Home,Available,L3,F,A0058870352,-
874,1211134590985597,43,03 year(s) 01 month(s) 18 day(s),L1,Foster Trial Adoption,Trial Adoption,L1,S,A0058879483,-
875,1211134578084578,19,06 year(s) 00 month(s) 27 day(s),L2-SD,Foster Trial Adoption,Trial Adoption,L2,N,A0059028888,-
876,1211134592107236,42,01 year(s) 00 month(s) 22 day(s),L1,Foster Trial Adoption,Trial Adoption,L1,N,A0059057945,-
877,1211134592134792,62,03 year(s) 01 month(s) 22 day(s),STAFF ONLY,Foster Foster Home,Available,STAFF ONLY,N,A0058857283,-
878,1211134578114470,41,02 year(s) 00 month(s) 30 day(s),L1,Foster Foster Home,Available,L1,M,A0059006751,-
879,1211134587558298,73,08 year(s) 02 month(s) 24 day(s),L1,Foster Foster Home,Available,L1,S,A0058638071,-
880,1211134576861328,43,04 year(s) 02 month(s) 11 day(s),L1,Foster Trial Adoption,Trial Adoption,L1,F,A0058728584,-
881,1211134578031124,54,04 year(s) 02 month(s) 13 day(s),L1,Foster Trial Adoption,Trial Adoption,L1,S,A0058716040,+
882,1211134578144954,59,08 year(s) 09 month(s) 14 day(s),L1      A863043,Foster Foster Home,Available,L1,N,A0053601345,+
883,1211134914564284,30,00 year(s) 09 month(s) 30 day(s),L1,Foster Foster Home,Available,L1,M,A0059007738,-
884,1211134915497229,46,05 year(s) 02 month(s) 10 day(s),L1,Foster Foster Home,Available,L1,F,A0058740566,-
885,1211134591105556,47,03 year(s) 03 month(s) 00 day(s),L1,Foster Trial Adoption,Trial Adoption,L1,S,A0058592959,-
886,1211134590328469,63,09 year(s) 06 month(s) 06 day(s),L1 A486212,Foster Foster Home,Available,L1,N,A0053300757,-
887,1211134914348748,76,02 year(s) 01 month(s) 13 day(s),L1,Foster Foster Home,Available,L1,M,A0058916541,-
888,1211134577090621,63,04 year(s) 02 month(s) 10 day(s),L2-SF,Foster Trial Adoption,Trial Adoption,L2,M,A0058735374,-
889,1211134915567906,78,05 year(s) 02 month(s) 21 day(s),L1,Foster Trial Adoption,Trial Adoption,L1,F,A0058662435,-
890,1211134915569407,63,03 year(s) 02 month(s) 05 day(s),L2-RG,Foster Foster Home,Available,L2,N,A0058763780,+
891,1211134914208210,51,06 year(s) 05 month(s) 05 day(s),L1,Foster Foster Home,Available,L1,S,A0053626727,-
892,1211134572837611,61,05 year(s) 01 month(s) 30 day(s),L2-SF,Foster Foster Home,Available,L2,S,A0058809387,-
893,1211134577339769,48,02 year(s) 02 month(s) 23 day(s),L1,Foster Foster Home,Available,L1,S,A0058652764,-
894,1211134591836943,35,00 year(s) 10 month(s) 04 day(s),L1,Foster Foster Home,Available,L1,N,A0057901651,-
895,1211134578130647,55,05 year(s) 03 month(s) 01 day(s),L1,Foster Foster Home,Available,L1,N,A0058579871,+
896,1211134592328219,53,02 year(s) 03 month(s) 07 day(s),L1,Foster Foster Home,Available,L1,N,A0058544482,-
897,1211134572964361,48,08 year(s) 01 month(s) 09 day(s),L1,Foster Foster Home,Available,L1,F,A0058943866,+
898,1211134591152464,57,02 year(s) 02 month(s) 22 day(s),L1,Foster Foster Home,Available,L1,S,A0058659823,-
899,1211134576944433,57,02 year(s) 02 month(s) 22 day(s),L1,Foster Foster Home,Available,L1,S,A0058659823,-
900,1211134588051029,51,03 year(s) 02 month(s) 28 day(s),L2-SF,Foster Trial Adoption,Trial Adoption,L2,M,A0058612311,-
901,1211134587558309,64,08 year(s) 09 month(s) 27 day(s),L1    A877663,Foster Foster Home,Pending Behavior Assessment,L1,S,A0053615371,-
902,1211134578114478,40,04 year(s) 02 month(s) 06 day(s),L1,Foster Foster Home,Available,L1,S,A0058762135,+
903,1211134592486610,57,10 year(s) 09 month(s) 27 day(s),L2-BR      A489343,Foster Trial Adoption,Trial Adoption,L2,M,A0053303784,+
904,1211134576599995,56,02 year(s) 00 month(s) 18 day(s),L1,Foster Trial Adoption,Trial Adoption,L1,M,A0059082483,-
905,1211134578569754,51,05 year(s) 01 month(s) 05 day(s),L1,Foster Trial Adoption,Trial Adoption,L1,N,A0058968313,-
906,1211134592594369,52,04 year(s) 03 month(s) 11 day(s),L1,Foster Trial Adoption,Trial Adoption,L1,S,A0058523873,+
907,1211134577917860,51,06 year(s) 01 month(s) 23 day(s),L1,Foster Foster Home,Trial Adoption,L1,S,A0058835165,+
908,1211134915286013,42,04 year(s) 01 month(s) 13 day(s),L1,Foster Foster Home,Trial Adoption,L1,M,A0058916951,+
909,1211134577394761,46,04 year(s) 04 month(s) 00 day(s),L1,Foster Foster Home,Available,L1,S,A0055806684,-
910,1211134577829951,59,01 year(s) 02 month(s) 10 day(s),L1,Foster Trial Adoption,Trial Adoption,L1,N,A0058740777,-
911,1211134915811754,47,02 year(s) 01 month(s) 06 day(s),L1,Foster Foster Home,Trial Adoption,L1,N,A0058955722,-
912,1211134591492794,79,05 year(s) 01 month(s) 10 day(s),L1,Foster Foster Home,Available,L1,N,A0058923804,-
913,1211134592694981,41,03 year(s) 05 month(s) 20 day(s),L1-A896995,Dogs 081 B2,Available,L1,S,A0053633954,-
914,1211134592721616,55,04 year(s) 00 month(s) 17 day(s),L1,Foster Trial Adoption,Trial Adoption,L1,N,A0059085024,-
915,1211134914714704,59,04 year(s) 00 month(s) 24 day(s),L2-SF,Foster Foster Home,Available,L2,F,A0059044513,+
916,1211134591247814,25,01 year(s) 00 month(s) 00 day(s),L2 - SF,Foster Foster Home,Available,L2,N,A0058996287,-
917,1211134912406530,34,00 year(s) 08 month(s) 26 day(s),L1,Foster Foster Home,Available,L1,N,A0059033724,-
918,1211134592288982,51,01 year(s) 07 month(s) 18 day(s),L1,Foster Trial Adoption,Trial Adoption,L1,N,A0058880090,-
919,1211134575103117,25,00 year(s) 07 month(s) 24 day(s),L1,Foster Foster Home,Available,L1,M,A0059045109,-
920,1211134916073777,16,01 year(s) 06 month(s) 29 day(s),L1,Foster Trial Adoption,Trial Adoption,L1,S,A0059017730,-
921,1211134578808368,51,04 year(s) 02 month(s) 08 day(s),L1,Foster Trial Adoption,Trial Adoption,L1,F,A0058754933,-
922,1211134578812870,50,02 year(s) 01 month(s) 18 day(s),L1,Foster Foster Home,Available,L1,M,A0058879473,+
923,1211134578821815,39,03 year(s) 01 month(s) 09 day(s),L2-SF,Foster Foster Home,Available,L2,S,A0058943859,+
924,1211134578839656,58,03 year(s) 01 month(s) 02 day(s),L1,Foster Trial Adoption,Trial Adoption,L1,S,A0058961542,-
925,1211134578850643,30,07 year(s) 00 month(s) 22 day(s),L1,Foster Trial Adoption,Trial Adoption,L1,S,A0059061467,-
926,1211134914948195,65,08 year(s) 06 month(s) 09 day(s),L1     A861954,Foster Foster Home,Available,L1,S,A0053600249,+
927,1211134916197369,9,01 year(s) 01 month(s) 25 day(s),L1,Foster Foster Home,Court,L1,F,A0057949256,-
928,1211134592723003,11,03 year(s) 05 month(s) 25 day(s),L2-SF,Foster Foster Home,Court,L2,F,A0057949234,-
929,1211134911731460,46,01 year(s) 00 month(s) 27 day(s),L1,Foster Trial Adoption,Trial Adoption,L1,N,A0059015809,-
930,1211134914329207,30,04 year(s) 03 month(s) 01 day(s),L1,Foster Foster Home,Available,L1,N,A0058579869,-
931,1211134592835959,66,,L3- SF/ BR,Foster Foster Home,Available,L3,M,A0059030332,-
932,1211134591492723,62,02 year(s) 00 month(s) 19 day(s),L1,Foster Foster Home,Trial Adoption,L1,N,A0059077471,-
933,1211134916269464,56,02 year(s) 01 month(s) 27 day(s),L2- H/JM,Foster Foster Home,Available,L2,N,A0058820818,-
934,1211134578956076,56,02 year(s) 01 month(s) 27 day(s),L2- H/JM,Foster Foster Home,Available,L2,N,A0058820818,-
935,1211134588411006,60,01 year(s) 08 month(s) 15 day(s),L1,Foster Trial Adoption,Trial Adoption,L1,N,A0058636018,-
936,1211134910393659,25,00 year(s) 09 month(s) 18 day(s),L1,Foster Trial Adoption,Trial Adoption,L1,N,A0059082703,-
937,1211134578850651,40,00 year(s) 10 month(s) 16 day(s),L1,Foster Foster Home,Available,L1,F,A0059098998,+
938,1211134915929452,41,02 year(s) 02 month(s) 04 day(s),L1,Foster Trial Adoption,Trial Adoption,L1,F,A0058771841,+
939,1211134592288725,57,01 year(s) 00 month(s) 17 day(s),L1,Foster Trial Adoption,Trial Adoption,L1,S,A0059085026,-
940,1211134591509993,50,03 year(s) 01 month(s) 00 day(s),L1,Foster Trial Adoption,Trial Adoption,L1,S,A0058992970,-
941,1211134591900895,41,03 year(s) 00 month(s) 21 day(s),L1,Foster Foster Home,Available,L1,S,A0059069127,-
942,1211134915274116,42,01 year(s) 00 month(s) 28 day(s),L2-SF,Foster Foster Home,Available,L2,M,A0059019474,-
943,1211134592982563,50,05 year(s) 01 month(s) 25 day(s),L1,Foster Trial Adoption,Trial Adoption,L1,S,A0058838545,-
944,1211134578669569,50,02 year(s) 00 month(s) 13 day(s),L2-BR,Foster Trial Adoption,Trial Adoption,L2,N,A0059114272,-
945,1211134916339950,20,02 year(s) 00 month(s) 14 day(s),L1,Foster Trial Adoption,Trial Adoption,L1,S,A0059103552,-
946,1211134915567917,112,00 year(s) 10 month(s) 26 day(s),L2-SF,Foster Foster Home,Available,L2,N,A0058428718,-
947,1211134591930458,39,02 year(s) 02 month(s) 03 day(s),L1,Foster Foster Home,Available,L1,M,A0058782548,-
948,1211134578956084,56,02 year(s) 03 month(s) 04 day(s),L1,Foster Foster Home,Available,L1,N,A0058532519,-
949,1211134578270394,7,08 year(s) 00 month(s) 15 day(s),L1,Foster Trial Adoption,Trial Adoption,L1,S,A0059001294,-
950,1211134593064090,44,08 year(s) 00 month(s) 15 day(s),L2 SF,Foster Foster Home,Available,L2,S,A0059089105,+
951,1211134593169319,43,04 year(s) 00 month(s) 06 day(s),L2-SD,Foster Foster Home,Available,L2,F,A0058613596,+
952,1211134915535109,70,04 year(s) 02 month(s) 10 day(s),L1,Foster Foster Home,Available,L1,N,A0058743820,-
953,1211134592835967,37,03 year(s) 00 month(s) 22 day(s),L1,Foster Foster Home,Available,L1,F,A0059061547,-
954,1211134579304868,41,02 year(s) 01 month(s) 06 day(s),L2 - OA,Foster Foster Home,Available,L2,F,A0058956679,-
955,1211134591887420,55,02 year(s) 01 month(s) 22 day(s),L2-BR,Foster Foster Home,Available,L2,F,A0058852011,-
956,1211134578956092,44,03 year(s) 01 month(s) 00 day(s),L2 - BR/LB,Foster Foster Home,Available,L2,M,A0058996759,-
957,1211134916285336,62,03 year(s) 01 month(s) 20 day(s),L2-BR,Foster Foster Home,Available,L2,M,A0058869078,-
958,1211134916719090,52,07 year(s) 00 month(s) 19 day(s),L1,Foster Foster Home,Available,L1,F,A0059079840,-
959,1211134578379879,30,00 year(s) 09 month(s) 16 day(s),L2 - OA,Foster Foster Home,Available,L2,N,A0059095523,-
960,1211134572702371,40,00 year(s) 08 month(s) 24 day(s),L1,Foster Foster Home,Available,L1,S,A0057965273,-
961,1211134579400987,25,00 year(s) 09 month(s) 22 day(s),L1,Foster Foster Home,Available,L1,F,A0058853857,-
962,1211134578625126,55,05 year(s) 01 month(s) 04 day(s),L1,Foster Foster Home,Available,L1,M,A0058972613,+
963,1211134916781648,35,00 year(s) 08 month(s) 26 day(s),L3-SF,Foster Foster Home,Available,L3,M,A0059026165,-
964,1211134579442115,42,06 year(s) 00 month(s) 08 day(s),L1,Foster Trial Adoption,Trial Adoption,L1,S,A0059116425,-
965,1211134912376916,32,01 year(s) 00 month(s) 20 day(s),L1,Foster Foster Home,Available,L1,F,A0059072898,-
966,1211134592721625,30,00 year(s) 06 month(s) 17 day(s),L1,Foster Foster Home,Available,L1,M,A0059084840,-
967,1211134593208634,33,00 year(s) 11 month(s) 16 day(s),L1,Foster Foster Home,Available,L1,N,A0059093171,-
968,1211134577362904,72,08 year(s) 00 month(s) 20 day(s),L1,Foster Foster Home,Available,L1,F,A0059076639,+
969,1211134579359065,15,13 year(s) 00 month(s) 13 day(s),L1,Foster Trial Adoption,Trial Adoption,L1,N,A0059109376,-
970,1211134574712676,74,00 year(s) 10 month(s) 26 day(s),L2-SF,Foster Foster Home,Available,L2,S,A0058428732,-
971,1211134566165397,47,02 year(s) 01 month(s) 05 day(s),L1,Foster Trial Adoption,Trial Adoption,L1,N,A0058964571,-
972,1211134562730545,23,00 year(s) 08 month(s) 16 day(s),L1,Foster Foster Home,Available,L1,M,A0059091185,-
973,1211134583833735,42,03 year(s) 00 month(s) 14 day(s),L1,Foster Foster Home,Nursing Mom,L1,F,A0059116528,+
974,1211134570629438,44,00 year(s) 10 month(s) 15 day(s),L1,Foster Trial Adoption,Trial Adoption,L1,S,A0058798244,-
