,gid_x,Weight_y,Age_y,LevelReason,Location_y,CurrentStatus,Level_y,Sex_y,AnimalID,HW_y
0,1206398747849450,,,,,,,,,
1,1206398747849468,,,,,,,,,
2,1206398747861283,,,,,,,,,
3,1211179520215738,0,,,Receiving 130 10,Stray Wait,,M,A0059259068,
4,1211179520215760,0,,,Receiving 130 10,Stray Wait,,M,A0059259068,
5,1211179521464270,0,,,Receiving 130 10,Stray Wait,,M,A0059259068,
6,1211179383174766,0,,,Receiving 130 17,Available,,F,A0059258400,
7,1211179383407953,0,,,Receiving 130 17,Available,,F,A0059258400,
8,1211179383407963,0,,,Receiving 130 17,Available,,F,A0059258400,
9,1211179518484211,0,,,Receiving 130 Crate,Stray Wait,,M,A0059261659,
10,1211179518484233,0,,,Receiving 130 Crate,Stray Wait,,M,A0059261659,
11,1211179521214564,0,,,Receiving 130 Crate,Stray Wait,,M,A0059261659,
12,1211179517336728,0,,,Receiving 130 Crate,Identifying Info,,F,A0059261687,
13,1211179521205295,0,,,Receiving 130 Crate,Identifying Info,,F,A0059261687,
14,1211179521205305,0,,,Receiving 130 Crate,Identifying Info,,F,A0059261687,
15,1211179456468126,0,05 year(s) 06 month(s) 18 day(s),STAFF ONLY2025001753,Dogs 203 8,Court,STAFF ONLY,F,A0059259378,
16,1211179456468148,0,05 year(s) 06 month(s) 18 day(s),STAFF ONLY2025001753,Dogs 203 8,Court,STAFF ONLY,F,A0059259378,
17,1211179456810845,0,05 year(s) 06 month(s) 18 day(s),STAFF ONLY2025001753,Dogs 203 8,Court,STAFF ONLY,F,A0059259378,
18,1211179456030958,0,,,Receiving 130 Crate,Stray Wait,,M,A0059261667,
19,1211179456797918,0,,,Receiving 130 Crate,Stray Wait,,M,A0059261667,
20,1211179456797928,0,,,Receiving 130 Crate,Stray Wait,,M,A0059261667,
21,1211179382866339,0,05 year(s) 06 month(s) 18 day(s),STAFF ONLY2025001753,Dogs 203 3,Court,STAFF ONLY,M,A0059259369,
22,1211179382866361,0,05 year(s) 06 month(s) 18 day(s),STAFF ONLY2025001753,Dogs 203 3,Court,STAFF ONLY,M,A0059259369,
23,1211179383320391,0,05 year(s) 06 month(s) 18 day(s),STAFF ONLY2025001753,Dogs 203 3,Court,STAFF ONLY,M,A0059259369,
24,1211179456368700,0,,,Receiving 130 7,Stray Wait,,M,A0059258383,
25,1211179456701564,0,,,Receiving 130 7,Stray Wait,,M,A0059258383,
26,1211179456701574,0,,,Receiving 130 7,Stray Wait,,M,A0059258383,
27,1211179521010172,0,,,Receiving 129 K3,Pending Behavior Assessment,,F,A0059257262,
28,1211179521010194,0,,,Receiving 129 K3,Pending Behavior Assessment,,F,A0059257262,
29,1211179521051746,0,,,Receiving 129 K3,Pending Behavior Assessment,,F,A0059257262,
30,1211179377270041,0,04 year(s) 00 month(s) 01 day(s),,Receiving 130 20,Stray Wait,,M,A0059257490,
31,1211179383134581,0,04 year(s) 00 month(s) 01 day(s),,Receiving 130 20,Stray Wait,,M,A0059257490,
32,1211179383134591,0,04 year(s) 00 month(s) 01 day(s),,Receiving 130 20,Stray Wait,,M,A0059257490,
33,1211179521007811,0,,,Receiving 130 7,Stray Wait,,M,A0059258390,
34,1211179521057378,0,,,Receiving 130 7,Stray Wait,,M,A0059258390,
35,1211179521057388,0,,,Receiving 130 7,Stray Wait,,M,A0059258390,
36,1211179520569036,52,01 year(s) 00 month(s) 02 day(s),L1,Dogs 506 B3,Available,L1,F,A0059253834,-
37,1211179521019882,52,01 year(s) 00 month(s) 02 day(s),L1,Dogs 506 B3,Available,L1,F,A0059253834,-
38,1211179521019892,52,01 year(s) 00 month(s) 02 day(s),L1,Dogs 506 B3,Available,L1,F,A0059253834,-
39,1211179520916237,0,,,Receiving 130 19,Stray Wait,,M,A0059256599,
40,1211179520916259,0,,,Receiving 130 19,Stray Wait,,M,A0059256599,
41,1211179520942995,0,,,Receiving 130 19,Stray Wait,,M,A0059256599,
42,1211179382812988,0,,,Receiving 129 K2,Identifying Info,,M,A0059256463,
43,1211179382813010,0,,,Receiving 129 K2,Identifying Info,,M,A0059256463,
44,1211179383077542,0,,,Receiving 129 K2,Identifying Info,,M,A0059256463,
45,1211179456570839,34,00 year(s) 06 month(s) 01 day(s),L1,Dogs 064 A1,Stray Wait,L1,M,A0059253890,-
46,1211179456570861,34,00 year(s) 06 month(s) 01 day(s),L1,Dogs 064 A1,Stray Wait,L1,M,A0059253890,-
47,1211179456591770,34,00 year(s) 06 month(s) 01 day(s),L1,Dogs 064 A1,Stray Wait,L1,M,A0059253890,-
48,1211179455137308,18,01 year(s) 06 month(s) 01 day(s),L1,Dog Pre/Post Op 135 2,Identifying Info,L1,F,A0059255890,
49,1211179456582874,18,01 year(s) 06 month(s) 01 day(s),L1,Dog Pre/Post Op 135 2,Identifying Info,L1,F,A0059255890,
50,1211179456582884,18,01 year(s) 06 month(s) 01 day(s),L1,Dog Pre/Post Op 135 2,Identifying Info,L1,F,A0059255890,
51,1211179381890335,52,01 year(s) 06 month(s) 01 day(s),L1,Dogs 606 A7,Available,L1,M,A0059253900,-
52,1211179383054339,52,01 year(s) 06 month(s) 01 day(s),L1,Dogs 606 A7,Available,L1,M,A0059253900,-
53,1211179383054349,52,01 year(s) 06 month(s) 01 day(s),L1,Dogs 606 A7,Available,L1,M,A0059253900,-
54,1211179517501493,40,00 year(s) 05 month(s) 01 day(s),L1,Dog Visiting 060 C7,Stray Wait,L1,M,A0059253771,
55,1211179520674228,40,00 year(s) 05 month(s) 01 day(s),L1,Dog Visiting 060 C7,Stray Wait,L1,M,A0059253771,
56,1211179520674238,40,00 year(s) 05 month(s) 01 day(s),L1,Dog Visiting 060 C7,Stray Wait,L1,M,A0059253771,
57,1211179455680306,10,01 year(s) 00 month(s) 01 day(s),STAFF ONLY,Receiving 130 8,Stray Wait,STAFF ONLY,F,A0059253774,-
58,1211179455680328,10,01 year(s) 00 month(s) 01 day(s),STAFF ONLY,Receiving 130 8,Stray Wait,STAFF ONLY,F,A0059253774,-
59,1211179456400887,10,01 year(s) 00 month(s) 01 day(s),STAFF ONLY,Receiving 130 8,Stray Wait,STAFF ONLY,F,A0059253774,-
60,1211179520470665,88,08 year(s) 00 month(s) 01 day(s),L1,Dogs 606 A2,Stray Wait,L1,M,A0059253396,-
61,1211179520679342,88,08 year(s) 00 month(s) 01 day(s),L1,Dogs 606 A2,Stray Wait,L1,M,A0059253396,-
62,1211179520679352,88,08 year(s) 00 month(s) 01 day(s),L1,Dogs 606 A2,Stray Wait,L1,M,A0059253396,-
63,1211179381536236,87,04 year(s) 00 month(s) 01 day(s),L1,Dogs 081 B10,Stray Wait,L1,M,A0059248207,-
64,1211179381536258,87,04 year(s) 00 month(s) 01 day(s),L1,Dogs 081 B10,Stray Wait,L1,M,A0059248207,-
65,1211179382784425,87,04 year(s) 00 month(s) 01 day(s),L1,Dogs 081 B10,Stray Wait,L1,M,A0059248207,-
66,1211179455986442,71,06 year(s) 00 month(s) 01 day(s),L2-SF,Dogs 506 B1,Identifying Info,L2,F,A0059253592,-
67,1211179456348184,71,06 year(s) 00 month(s) 01 day(s),L2-SF,Dogs 506 B1,Identifying Info,L2,F,A0059253592,-
68,1211179456348194,71,06 year(s) 00 month(s) 01 day(s),L2-SF,Dogs 506 B1,Identifying Info,L2,F,A0059253592,-
69,1211179453802257,0,05 year(s) 06 month(s) 18 day(s),STAFF ONLY2025001753,Dogs 203 6,Court,STAFF ONLY,M,A0057829055,
70,1211179456342047,0,05 year(s) 06 month(s) 18 day(s),STAFF ONLY2025001753,Dogs 203 6,Court,STAFF ONLY,M,A0057829055,
71,1211179456342057,0,05 year(s) 06 month(s) 18 day(s),STAFF ONLY2025001753,Dogs 203 6,Court,STAFF ONLY,M,A0057829055,
72,1211168044721837,13,00 year(s) 04 month(s) 01 day(s),L2-SF,Featured Dogs 54,Stray Wait,L2,F,A0059252380,
73,1211168046226863,13,00 year(s) 04 month(s) 01 day(s),L2-SF,Featured Dogs 54,Stray Wait,L2,F,A0059252380,
74,1211168046226873,13,00 year(s) 04 month(s) 01 day(s),L2-SF,Featured Dogs 54,Stray Wait,L2,F,A0059252380,
75,1211168110979434,12,00 year(s) 04 month(s) 01 day(s),L1,Featured Dogs 54,Stray Wait,L1,F,A0059252389,
76,1211168111399506,12,00 year(s) 04 month(s) 01 day(s),L1,Featured Dogs 54,Stray Wait,L1,F,A0059252389,
77,1211168111399516,12,00 year(s) 04 month(s) 01 day(s),L1,Featured Dogs 54,Stray Wait,L1,F,A0059252389,
78,1211168044539972,14,00 year(s) 04 month(s) 01 day(s),L1,Featured Dogs 54,Stray Wait,L1,M,A0059252401,
79,1211168046107352,14,00 year(s) 04 month(s) 01 day(s),L1,Featured Dogs 54,Stray Wait,L1,M,A0059252401,
80,1211168046107362,14,00 year(s) 04 month(s) 01 day(s),L1,Featured Dogs 54,Stray Wait,L1,M,A0059252401,
81,1211168180178629,120,07 year(s) 00 month(s) 01 day(s),L1,Dogs 602 5,Microchip,L1,S,A0059252820,-
82,1211168180178651,120,07 year(s) 00 month(s) 01 day(s),L1,Dogs 602 5,Microchip,L1,S,A0059252820,-
83,1211168181179214,120,07 year(s) 00 month(s) 01 day(s),L1,Dogs 602 5,Microchip,L1,S,A0059252820,-
84,1211168111220151,16,06 year(s) 00 month(s) 01 day(s),L1,Dog Visiting 060 C3,Identifying Info,L1,F,A0059253294,-
85,1211168111309287,16,06 year(s) 00 month(s) 01 day(s),L1,Dog Visiting 060 C3,Identifying Info,L1,F,A0059253294,-
86,1211168111309297,16,06 year(s) 00 month(s) 01 day(s),L1,Dog Visiting 060 C3,Identifying Info,L1,F,A0059253294,-
87,1211168045520763,13,04 year(s) 00 month(s) 01 day(s),L1,Featured Dogs 54,Stray Wait,L1,M,A0059252327,
88,1211168045520785,13,04 year(s) 00 month(s) 01 day(s),L1,Featured Dogs 54,Stray Wait,L1,M,A0059252327,
89,1211168045922548,13,04 year(s) 00 month(s) 01 day(s),L1,Featured Dogs 54,Stray Wait,L1,M,A0059252327,
90,1211168180183950,12,00 year(s) 04 month(s) 01 day(s),L1,Featured Dogs 54,Stray Wait,L1,F,A0059252344,
91,1211168180984806,12,00 year(s) 04 month(s) 01 day(s),L1,Featured Dogs 54,Stray Wait,L1,F,A0059252344,
92,1211168180984816,12,00 year(s) 04 month(s) 01 day(s),L1,Featured Dogs 54,Stray Wait,L1,F,A0059252344,
93,1211168045163436,14,00 year(s) 04 month(s) 01 day(s),L1,Featured Dogs 54,Stray Wait,L1,F,A0059252362,
94,1211168045163458,14,00 year(s) 04 month(s) 01 day(s),L1,Featured Dogs 54,Stray Wait,L1,F,A0059252362,
95,1211168045867451,14,00 year(s) 04 month(s) 01 day(s),L1,Featured Dogs 54,Stray Wait,L1,F,A0059252362,
96,1211168110884784,42,04 year(s) 00 month(s) 01 day(s),L1,Dogs 081 B5,Stray Wait,L1,F,A0059250440,-
97,1211168110884806,42,04 year(s) 00 month(s) 01 day(s),L1,Dogs 081 B5,Stray Wait,L1,F,A0059250440,-
98,1211168111083076,42,04 year(s) 00 month(s) 01 day(s),L1,Dogs 081 B5,Stray Wait,L1,F,A0059250440,-
99,1211168180481840,14,00 year(s) 04 month(s) 01 day(s),L1,Featured Dogs 54,Stray Wait,L1,F,A0059252310,
100,1211168181014065,14,00 year(s) 04 month(s) 01 day(s),L1,Featured Dogs 54,Stray Wait,L1,F,A0059252310,
101,1211168181014075,14,00 year(s) 04 month(s) 01 day(s),L1,Featured Dogs 54,Stray Wait,L1,F,A0059252310,
102,1211168045102167,36,00 year(s) 08 month(s) 01 day(s),L1,Dogs 068 B1,Stray Wait,L1,M,A0059249083,-
103,1211168045832554,36,00 year(s) 08 month(s) 01 day(s),L1,Dogs 068 B1,Stray Wait,L1,M,A0059249083,-
104,1211168045832564,36,00 year(s) 08 month(s) 01 day(s),L1,Dogs 068 B1,Stray Wait,L1,M,A0059249083,-
105,1211168180562367,46,02 year(s) 00 month(s) 02 day(s),L1,Foster Friendly Finder,Stray Wait,L1,S,A0059250235,-
106,1211168180562389,46,02 year(s) 00 month(s) 02 day(s),L1,Foster Friendly Finder,Stray Wait,L1,S,A0059250235,-
107,1211168180968058,46,02 year(s) 00 month(s) 02 day(s),L1,Foster Friendly Finder,Stray Wait,L1,S,A0059250235,-
108,1211168045141942,35,00 year(s) 01 month(s) 01 day(s),L1,Dogs 303 B5,Stray Wait,L1,F,A0059247670,-
109,1211168045141964,35,00 year(s) 01 month(s) 01 day(s),L1,Dogs 303 B5,Stray Wait,L1,F,A0059247670,-
110,1211168045725444,35,00 year(s) 01 month(s) 01 day(s),L1,Dogs 303 B5,Stray Wait,L1,F,A0059247670,-
111,1211168110790472,21,00 year(s) 04 month(s) 01 day(s),L1,Dog Intake 128.04,Stray Wait,L1,F,A0059250212,
112,1211168110963794,21,00 year(s) 04 month(s) 01 day(s),L1,Dog Intake 128.04,Stray Wait,L1,F,A0059250212,
113,1211168110963804,21,00 year(s) 04 month(s) 01 day(s),L1,Dog Intake 128.04,Stray Wait,L1,F,A0059250212,
114,1211168110434224,53,01 year(s) 00 month(s) 02 day(s),L1,Dogs 406 B7,Stray Wait,L1,F,A0059249152,-
115,1211168111010155,53,01 year(s) 00 month(s) 02 day(s),L1,Dogs 406 B7,Stray Wait,L1,F,A0059249152,-
116,1211168111010165,53,01 year(s) 00 month(s) 02 day(s),L1,Dogs 406 B7,Stray Wait,L1,F,A0059249152,-
117,1211168179951074,7,00 year(s) 10 month(s) 01 day(s),L1,Dogs 602 C5,Stray Wait,L1,M,A0059247232,-
118,1211168180877285,7,00 year(s) 10 month(s) 01 day(s),L1,Dogs 602 C5,Stray Wait,L1,M,A0059247232,-
119,1211168180877295,7,00 year(s) 10 month(s) 01 day(s),L1,Dogs 602 C5,Stray Wait,L1,M,A0059247232,-
120,1211168180230133,57,03 year(s) 00 month(s) 01 day(s),L1,Dogs 503 A3,Stray Wait,L1,M,A0059249931,-
121,1211168180868178,57,03 year(s) 00 month(s) 01 day(s),L1,Dogs 503 A3,Stray Wait,L1,M,A0059249931,-
122,1211168180868188,57,03 year(s) 00 month(s) 01 day(s),L1,Dogs 503 A3,Stray Wait,L1,M,A0059249931,-
123,1211168110882907,29,03 year(s) 00 month(s) 02 day(s),L1,Dog Intake 128.02,Stray Wait,L1,F,A0059246375,-
124,1211168110882929,29,03 year(s) 00 month(s) 02 day(s),L1,Dog Intake 128.02,Stray Wait,L1,F,A0059246375,-
125,1211168110901141,29,03 year(s) 00 month(s) 02 day(s),L1,Dog Intake 128.02,Stray Wait,L1,F,A0059246375,-
126,1211168110753597,63,00 year(s) 10 month(s) 02 day(s),L1,Dogs 081 A1,Stray Wait,L1,M,A0059246410,-
127,1211168110753619,63,00 year(s) 10 month(s) 02 day(s),L1,Dogs 081 A1,Stray Wait,L1,M,A0059246410,-
128,1211168110811243,63,00 year(s) 10 month(s) 02 day(s),L1,Dogs 081 A1,Stray Wait,L1,M,A0059246410,-
129,1211168180055271,21,06 year(s) 00 month(s) 02 day(s),L1,Dogs 067 C1,Microchip,L1,N,A0059245106,-
130,1211168180598319,21,06 year(s) 00 month(s) 02 day(s),L1,Dogs 067 C1,Microchip,L1,N,A0059245106,-
131,1211168180598329,21,06 year(s) 00 month(s) 02 day(s),L1,Dogs 067 C1,Microchip,L1,N,A0059245106,-
132,1211168179102161,82,03 year(s) 00 month(s) 02 day(s),L1,Flex 83,Stray Wait,L1,F,A0059239562,-
133,1211168179102183,82,03 year(s) 00 month(s) 02 day(s),L1,Flex 83,Stray Wait,L1,F,A0059239562,-
134,1211168180598826,82,03 year(s) 00 month(s) 02 day(s),L1,Flex 83,Stray Wait,L1,F,A0059239562,-
135,1211168180292832,42,02 year(s) 00 month(s) 02 day(s),L1,Dogs 088 B5,Stray Wait,L1,M,A0059240909,-
136,1211168180292854,42,02 year(s) 00 month(s) 02 day(s),L1,Dogs 088 B5,Stray Wait,L1,M,A0059240909,-
137,1211168180603520,42,02 year(s) 00 month(s) 02 day(s),L1,Dogs 088 B5,Stray Wait,L1,M,A0059240909,-
138,1211157513049761,0,,STAFF ONLY,Dogs 301 1,Identifying Info,STAFF ONLY,F,A0059245717,
139,1211157513930276,0,,STAFF ONLY,Dogs 301 1,Identifying Info,STAFF ONLY,F,A0059245717,
140,1211157513930286,0,,STAFF ONLY,Dogs 301 1,Identifying Info,STAFF ONLY,F,A0059245717,
141,1211157615283021,78,02 year(s) 00 month(s) 02 day(s),L1,Dogs 401 7,Microchip,L1,F,A0059245927,-
142,1211157618294055,78,02 year(s) 00 month(s) 02 day(s),L1,Dogs 401 7,Microchip,L1,F,A0059245927,-
143,1211157618294065,78,02 year(s) 00 month(s) 02 day(s),L1,Dogs 401 7,Microchip,L1,F,A0059245927,-
144,1211157509896023,0,,STAFF ONLY,Dogs 301 2,Identifying Info,STAFF ONLY,F,A0059245741,
145,1211157513831582,0,,STAFF ONLY,Dogs 301 2,Identifying Info,STAFF ONLY,F,A0059245741,
146,1211157513831592,0,,STAFF ONLY,Dogs 301 2,Identifying Info,STAFF ONLY,F,A0059245741,
147,1211157615394360,73,05 year(s) 00 month(s) 02 day(s),L2 - SF/RG,Dogs 402 6,Microchip,L2,N,A0059245257,-
148,1211157618289824,73,05 year(s) 00 month(s) 02 day(s),L2 - SF/RG,Dogs 402 6,Microchip,L2,N,A0059245257,-
149,1211157618289834,73,05 year(s) 00 month(s) 02 day(s),L2 - SF/RG,Dogs 402 6,Microchip,L2,N,A0059245257,-
150,1211157614863048,11,02 year(s) 00 month(s) 02 day(s),L1,Small Animals 8,Stray Wait,L1,M,A0059240942,-
151,1211157614863070,11,02 year(s) 00 month(s) 02 day(s),L1,Small Animals 8,Stray Wait,L1,M,A0059240942,-
152,1211157618117151,11,02 year(s) 00 month(s) 02 day(s),L1,Small Animals 8,Stray Wait,L1,M,A0059240942,-
153,1211157618011947,93,03 year(s) 00 month(s) 02 day(s),L1,Dogs 606 B7,Microchip,L1,N,A0059241633,-
154,1211157618011969,93,03 year(s) 00 month(s) 02 day(s),L1,Dogs 606 B7,Microchip,L1,N,A0059241633,-
155,1211157618051385,93,03 year(s) 00 month(s) 02 day(s),L1,Dogs 606 B7,Microchip,L1,N,A0059241633,-
156,1211157513346991,10,04 year(s) 00 month(s) 02 day(s),L1,Dogs 067 C1,Microchip,L1,F,A0059245103,-
157,1211157513347013,10,04 year(s) 00 month(s) 02 day(s),L1,Dogs 067 C1,Microchip,L1,F,A0059245103,-
158,1211157513599129,10,04 year(s) 00 month(s) 02 day(s),L1,Dogs 067 C1,Microchip,L1,F,A0059245103,-
159,1211157513567051,12,02 year(s) 00 month(s) 02 day(s),L1,Small Animals 1,Stray Wait,L1,M,A0059240381,-
160,1211157513567073,12,02 year(s) 00 month(s) 02 day(s),L1,Small Animals 1,Stray Wait,L1,M,A0059240381,-
161,1211157513595657,12,02 year(s) 00 month(s) 02 day(s),L1,Small Animals 1,Stray Wait,L1,M,A0059240381,-
162,1211157611759251,63,02 year(s) 00 month(s) 02 day(s),L1,Dogs 606 B3,Microchip,L1,N,A0059242581,-
163,1211157618046801,63,02 year(s) 00 month(s) 02 day(s),L1,Dogs 606 B3,Microchip,L1,N,A0059242581,-
164,1211157618046811,63,02 year(s) 00 month(s) 02 day(s),L1,Dogs 606 B3,Microchip,L1,N,A0059242581,-
165,1211157511382610,58,01 year(s) 06 month(s) 02 day(s),L2-SF,Dogs 506 A1,Stray Wait,L2,N,A0059242246,-
166,1211157511382632,58,01 year(s) 06 month(s) 02 day(s),L2-SF,Dogs 506 A1,Stray Wait,L2,N,A0059242246,-
167,1211157513595725,58,01 year(s) 06 month(s) 02 day(s),L2-SF,Dogs 506 A1,Stray Wait,L2,N,A0059242246,-
168,1211157616343929,26,04 year(s) 00 month(s) 03 day(s),,Clinic Clinic,Court,,F,A0059239705,+
169,1211157617833595,26,04 year(s) 00 month(s) 03 day(s),,Clinic Clinic,Court,,F,A0059239705,+
170,1211157617833605,26,04 year(s) 00 month(s) 03 day(s),,Clinic Clinic,Court,,F,A0059239705,+
171,1211157615046057,43,01 year(s) 00 month(s) 03 day(s),L1,Dogs 088 B3,Stray Wait,L1,M,A0059238550,-
172,1211157617845851,43,01 year(s) 00 month(s) 03 day(s),L1,Dogs 088 B3,Stray Wait,L1,M,A0059238550,-
173,1211157617845861,43,01 year(s) 00 month(s) 03 day(s),L1,Dogs 088 B3,Stray Wait,L1,M,A0059238550,-
174,1211157513378643,51,04 year(s) 00 month(s) 00 day(s),L1,Dog Pre/Post Op 138 3,Microchip,L1,F,A0059238268,-
175,1211157513378665,51,04 year(s) 00 month(s) 00 day(s),L1,Dog Pre/Post Op 138 3,Microchip,L1,F,A0059238268,-
176,1211157513405087,51,04 year(s) 00 month(s) 00 day(s),L1,Dog Pre/Post Op 138 3,Microchip,L1,F,A0059238268,-
177,1211157473007927,20,01 year(s) 07 month(s) 03 day(s),,Clinic Clinic,Court,,F,A0059239719,+
178,1211157477315660,20,01 year(s) 07 month(s) 03 day(s),,Clinic Clinic,Court,,F,A0059239719,+
179,1211157477315670,20,01 year(s) 07 month(s) 03 day(s),,Clinic Clinic,Court,,F,A0059239719,+
180,1211145741463634,16,03 year(s) 00 month(s) 03 day(s),L1,Dogs 602 C6,Identifying Info,L1,M,A0059237875,
181,1211145741463656,16,03 year(s) 00 month(s) 03 day(s),L1,Dogs 602 C6,Identifying Info,L1,M,A0059237875,
182,1211145742314814,16,03 year(s) 00 month(s) 03 day(s),L1,Dogs 602 C6,Identifying Info,L1,M,A0059237875,
183,1211145514324494,36,00 year(s) 10 month(s) 03 day(s),L1,Dogs 506 B7,Stray Wait,L1,M,A0059234298,-
184,1211145514324516,36,00 year(s) 10 month(s) 03 day(s),L1,Dogs 506 B7,Stray Wait,L1,M,A0059234298,-
185,1211145514731745,36,00 year(s) 10 month(s) 03 day(s),L1,Dogs 506 B7,Stray Wait,L1,M,A0059234298,-
186,1211145822988025,69,04 year(s) 00 month(s) 03 day(s),L1,Dogs 506 A5,Available,L1,S,A0059234037,-
187,1211145822988047,69,04 year(s) 00 month(s) 03 day(s),L1,Dogs 506 A5,Available,L1,S,A0059234037,-
188,1211145823136939,69,04 year(s) 00 month(s) 03 day(s),L1,Dogs 506 A5,Available,L1,S,A0059234037,-
189,1211145741201868,17,07 year(s) 00 month(s) 03 day(s),STAFF ONLY,Receiving 130 10,Rescue,STAFF ONLY,M,A0059236825,-
190,1211145741201890,17,07 year(s) 00 month(s) 03 day(s),STAFF ONLY,Receiving 130 10,Rescue,STAFF ONLY,M,A0059236825,-
191,1211145741247829,17,07 year(s) 00 month(s) 03 day(s),STAFF ONLY,Receiving 130 10,Rescue,STAFF ONLY,M,A0059236825,-
192,1211145513173878,45,01 year(s) 00 month(s) 03 day(s),L1,Dogs 406 A2,Microchip,L1,N,A0059234322,-
193,1211145514731677,45,01 year(s) 00 month(s) 03 day(s),L1,Dogs 406 A2,Microchip,L1,N,A0059234322,-
194,1211145514731687,45,01 year(s) 00 month(s) 03 day(s),L1,Dogs 406 A2,Microchip,L1,N,A0059234322,-
195,1211145514202503,41,,L1,Dogs 067 A2,Stray Wait,L1,F,A0059232749,-
196,1211145514202525,41,,L1,Dogs 067 A2,Stray Wait,L1,F,A0059232749,-
197,1211145514732926,41,,L1,Dogs 067 A2,Stray Wait,L1,F,A0059232749,-
198,1211145733980404,93,08 year(s) 00 month(s) 04 day(s),L1,Dogs 401 4,Stray Wait,L1,F,A0059231416,-
199,1211145741059260,93,08 year(s) 00 month(s) 04 day(s),L1,Dogs 401 4,Stray Wait,L1,F,A0059231416,-
200,1211145741059270,93,08 year(s) 00 month(s) 04 day(s),L1,Dogs 401 4,Stray Wait,L1,F,A0059231416,-
201,1211145821896960,44,02 year(s) 00 month(s) 04 day(s),L1,Dog Quarantine B7,Stray Wait,L1,F,A0059230914,-
202,1211145822842648,44,02 year(s) 00 month(s) 04 day(s),L1,Dog Quarantine B7,Stray Wait,L1,F,A0059230914,-
203,1211145822842658,44,02 year(s) 00 month(s) 04 day(s),L1,Dog Quarantine B7,Stray Wait,L1,F,A0059230914,-
204,1211145512733567,8,00 year(s) 02 month(s) 04 day(s),L1,Salon C1,Stray Wait,L1,S,A0059231395,
205,1211145514475166,8,00 year(s) 02 month(s) 04 day(s),L1,Salon C1,Stray Wait,L1,S,A0059231395,
206,1211145514475176,8,00 year(s) 02 month(s) 04 day(s),L1,Salon C1,Stray Wait,L1,S,A0059231395,
207,1211145513092230,31,01 year(s) 00 month(s) 04 day(s),L1,Flex 85,Stray Wait,L1,F,A0059230076,-
208,1211145514466878,31,01 year(s) 00 month(s) 04 day(s),L1,Flex 85,Stray Wait,L1,F,A0059230076,-
209,1211145514466888,31,01 year(s) 00 month(s) 04 day(s),L1,Flex 85,Stray Wait,L1,F,A0059230076,-
210,1211145740773153,48,02 year(s) 00 month(s) 04 day(s),L1,Flex 85,Stray Wait,L1,F,A0059230047,-
211,1211145740773175,48,02 year(s) 00 month(s) 04 day(s),L1,Flex 85,Stray Wait,L1,F,A0059230047,-
212,1211145740963736,48,02 year(s) 00 month(s) 04 day(s),L1,Flex 85,Stray Wait,L1,F,A0059230047,-
213,1211134273987835,35,00 year(s) 10 month(s) 05 day(s),L1,Dogs 088 A1,Available,L1,F,A0059229633,-
214,1211134274362030,35,00 year(s) 10 month(s) 05 day(s),L1,Dogs 088 A1,Available,L1,F,A0059229633,-
215,1211134274362040,35,00 year(s) 10 month(s) 05 day(s),L1,Dogs 088 A1,Available,L1,F,A0059229633,-
216,1211134866590850,0,03 year(s) 00 month(s) 05 day(s),STAFF ONLY,Dogs 202 2,Bite Quarantine,STAFF ONLY,F,A0059231042,
217,1211134866882849,0,03 year(s) 00 month(s) 05 day(s),STAFF ONLY,Dogs 202 2,Bite Quarantine,STAFF ONLY,F,A0059231042,
218,1211134866882859,0,03 year(s) 00 month(s) 05 day(s),STAFF ONLY,Dogs 202 2,Bite Quarantine,STAFF ONLY,F,A0059231042,
219,1211134273389987,6,00 year(s) 02 month(s) 05 day(s),L1,Clinic Clinic,Stray Wait,L1,F,A0059230145,
220,1211134274351640,6,00 year(s) 02 month(s) 05 day(s),L1,Clinic Clinic,Stray Wait,L1,F,A0059230145,
221,1211134274351650,6,00 year(s) 02 month(s) 05 day(s),L1,Clinic Clinic,Stray Wait,L1,F,A0059230145,
222,1211134527623414,15,00 year(s) 05 month(s) 05 day(s),L1,Puppy 47 2,Stray Wait,L1,M,A0059229604,
223,1211134527623436,15,00 year(s) 05 month(s) 05 day(s),L1,Puppy 47 2,Stray Wait,L1,M,A0059229604,
224,1211134528161834,15,00 year(s) 05 month(s) 05 day(s),L1,Puppy 47 2,Stray Wait,L1,M,A0059229604,
225,1211134527808575,32,00 year(s) 05 month(s) 04 day(s),L1,Dogs 068 C1,Microchip,L1,N,A0059229628,
226,1211134528229856,32,00 year(s) 05 month(s) 04 day(s),L1,Dogs 068 C1,Microchip,L1,N,A0059229628,
227,1211134528229866,32,00 year(s) 05 month(s) 04 day(s),L1,Dogs 068 C1,Microchip,L1,N,A0059229628,
228,1211134864973686,18,00 year(s) 05 month(s) 05 day(s),L1,Puppy 47 2,Stray Wait,L1,M,A0059229601,
229,1211134864973708,18,00 year(s) 05 month(s) 05 day(s),L1,Puppy 47 2,Stray Wait,L1,M,A0059229601,
230,1211134865740533,18,00 year(s) 05 month(s) 05 day(s),L1,Puppy 47 2,Stray Wait,L1,M,A0059229601,
231,1211134527824903,17,00 year(s) 05 month(s) 05 day(s),L1,Puppy 47 2,Stray Wait,L1,M,A0059229600,
232,1211134527824925,17,00 year(s) 05 month(s) 05 day(s),L1,Puppy 47 2,Stray Wait,L1,M,A0059229600,
233,1211134528163239,17,00 year(s) 05 month(s) 05 day(s),L1,Puppy 47 2,Stray Wait,L1,M,A0059229600,
234,1211134865226934,10,01 year(s) 00 month(s) 04 day(s),L2-SF,Small Animals 6,Microchip,L2,F,A0059229612,-
235,1211134865732311,10,01 year(s) 00 month(s) 04 day(s),L2-SF,Small Animals 6,Microchip,L2,F,A0059229612,-
236,1211134865732321,10,01 year(s) 00 month(s) 04 day(s),L2-SF,Small Animals 6,Microchip,L2,F,A0059229612,-
237,1211134864654275,59,04 year(s) 00 month(s) 05 day(s),L1,Dogs 406 B6,Identifying Info,L1,F,A0059229518,-
238,1211134865456414,59,04 year(s) 00 month(s) 05 day(s),L1,Dogs 406 B6,Identifying Info,L1,F,A0059229518,-
239,1211134865456424,59,04 year(s) 00 month(s) 05 day(s),L1,Dogs 406 B6,Identifying Info,L1,F,A0059229518,-
240,1211134272251144,28,03 year(s) 00 month(s) 05 day(s),L1,Dogs 602 C4,Identifying Info,L1,M,A0059229512,-
241,1211134273022181,28,03 year(s) 00 month(s) 05 day(s),L1,Dogs 602 C4,Identifying Info,L1,M,A0059229512,-
242,1211134273022191,28,03 year(s) 00 month(s) 05 day(s),L1,Dogs 602 C4,Identifying Info,L1,M,A0059229512,-
243,1211134527808289,49,03 year(s) 00 month(s) 05 day(s),L1,Dogs 503 A6,Available,L1,F,A0059228590,-
244,1211134527856494,49,03 year(s) 00 month(s) 05 day(s),L1,Dogs 503 A6,Available,L1,F,A0059228590,-
245,1211134527856504,49,03 year(s) 00 month(s) 05 day(s),L1,Dogs 503 A6,Available,L1,F,A0059228590,-
246,1211131257648845,42,04 year(s) 00 month(s) 05 day(s),STAFF ONLY,Receiving 130 5,Pending Behavior Assessment,STAFF ONLY,F,A0059228456,-
247,1211131257725436,42,04 year(s) 00 month(s) 05 day(s),STAFF ONLY,Receiving 130 5,Pending Behavior Assessment,STAFF ONLY,F,A0059228456,-
248,1211131257725446,42,04 year(s) 00 month(s) 05 day(s),STAFF ONLY,Receiving 130 5,Pending Behavior Assessment,STAFF ONLY,F,A0059228456,-
249,1211131257425735,11,02 year(s) 00 month(s) 06 day(s),L1,Foster Friendly Finder,Available,L1,M,A0059226901,+
250,1211131257616397,11,02 year(s) 00 month(s) 06 day(s),L1,Foster Friendly Finder,Available,L1,M,A0059226901,+
251,1211131257616407,11,02 year(s) 00 month(s) 06 day(s),L1,Foster Friendly Finder,Available,L1,M,A0059226901,+
252,1211131257568112,25,00 year(s) 04 month(s) 05 day(s),L1,Dogs 602 C1,Available,L1,M,A0059226558,-
253,1211131257568134,25,00 year(s) 04 month(s) 05 day(s),L1,Dogs 602 C1,Available,L1,M,A0059226558,-
254,1211131257632766,25,00 year(s) 04 month(s) 05 day(s),L1,Dogs 602 C1,Available,L1,M,A0059226558,-
255,1211131257374306,6,01 year(s) 00 month(s) 06 day(s),L2-SF,Foster Friendly Finder,Available,L2,F,A0059227530,-
256,1211131257636857,6,01 year(s) 00 month(s) 06 day(s),L2-SF,Foster Friendly Finder,Available,L2,F,A0059227530,-
257,1211131257636867,6,01 year(s) 00 month(s) 06 day(s),L2-SF,Foster Friendly Finder,Available,L2,F,A0059227530,-
258,1211131564859535,55,03 year(s) 00 month(s) 05 day(s),L1,Dogs 503 B6,Microchip,L1,N,A0059226845,-
259,1211131564927292,55,03 year(s) 00 month(s) 05 day(s),L1,Dogs 503 B6,Microchip,L1,N,A0059226845,-
260,1211131564927302,55,03 year(s) 00 month(s) 05 day(s),L1,Dogs 503 B6,Microchip,L1,N,A0059226845,-
261,1211131257431784,39,02 year(s) 00 month(s) 05 day(s),L2-SF,Dog Quarantine A2,Available,L2,F,A0059225645,-
262,1211131257607217,39,02 year(s) 00 month(s) 05 day(s),L2-SF,Dog Quarantine A2,Available,L2,F,A0059225645,-
263,1211131257607227,39,02 year(s) 00 month(s) 05 day(s),L2-SF,Dog Quarantine A2,Available,L2,F,A0059225645,-
264,1211131257414552,55,02 year(s) 00 month(s) 05 day(s),L1,Dog Quarantine B2,Available,L1,M,A0059225391,+
265,1211131257604386,55,02 year(s) 00 month(s) 05 day(s),L1,Dog Quarantine B2,Available,L1,M,A0059225391,+
266,1211131257604396,55,02 year(s) 00 month(s) 05 day(s),L1,Dog Quarantine B2,Available,L1,M,A0059225391,+
267,1211131134009718,23,00 year(s) 05 month(s) 05 day(s),L1,Dogs 602 C2,Identifying Info,L1,F,A0059226903,
268,1211131134009740,23,00 year(s) 05 month(s) 05 day(s),L1,Dogs 602 C2,Identifying Info,L1,F,A0059226903,
269,1211131134045823,23,00 year(s) 05 month(s) 05 day(s),L1,Dogs 602 C2,Identifying Info,L1,F,A0059226903,
270,1211131133934817,10,00 year(s) 04 month(s) 07 day(s),2025010664,Parvo 1,Stray Wait,,M,A0059219219,
271,1211131133934839,10,00 year(s) 04 month(s) 07 day(s),2025010664,Parvo 1,Stray Wait,,M,A0059219219,
272,1211131133953981,10,00 year(s) 04 month(s) 07 day(s),2025010664,Parvo 1,Stray Wait,,M,A0059219219,
273,1211131257504161,31,00 year(s) 08 month(s) 06 day(s),L1,Dogs 081 A8,Cites,L1,F,A0059220223,-
274,1211131257504183,31,00 year(s) 08 month(s) 06 day(s),L1,Dogs 081 A8,Cites,L1,F,A0059220223,-
275,1211131257507414,31,00 year(s) 08 month(s) 06 day(s),L1,Dogs 081 A8,Cites,L1,F,A0059220223,-
276,1211131564683664,13,00 year(s) 04 month(s) 07 day(s),202501010664,Parvo 1,Stray Wait,,M,A0059219255,
277,1211131564861710,13,00 year(s) 04 month(s) 07 day(s),202501010664,Parvo 1,Stray Wait,,M,A0059219255,
278,1211131564861720,13,00 year(s) 04 month(s) 07 day(s),202501010664,Parvo 1,Stray Wait,,M,A0059219255,
279,1211131564578284,73,01 year(s) 03 month(s) 04 day(s),L1,Dogs 081 A3,Cites,L1,M,A0059224903,-
280,1211131564864875,73,01 year(s) 03 month(s) 04 day(s),L1,Dogs 081 A3,Cites,L1,M,A0059224903,-
281,1211131564864885,73,01 year(s) 03 month(s) 04 day(s),L1,Dogs 081 A3,Cites,L1,M,A0059224903,-
282,1211131257245276,59,04 year(s) 00 month(s) 05 day(s),L1,Dogs 602 4,Available,L1,S,A0059211044,-
283,1211131257464582,59,04 year(s) 00 month(s) 05 day(s),L1,Dogs 602 4,Available,L1,S,A0059211044,-
284,1211131257464592,59,04 year(s) 00 month(s) 05 day(s),L1,Dogs 602 4,Available,L1,S,A0059211044,-
285,1211131564775274,53,03 year(s) 00 month(s) 06 day(s),L1,Dogs 081 B3,Available,L1,M,A0059209543,-
286,1211131564775296,53,03 year(s) 00 month(s) 06 day(s),L1,Dogs 081 B3,Available,L1,M,A0059209543,-
287,1211131564807929,53,03 year(s) 00 month(s) 06 day(s),L1,Dogs 081 B3,Available,L1,M,A0059209543,-
288,1211131564688020,82,03 year(s) 00 month(s) 05 day(s),L3-SF,Dogs 401 2,Available,L3,M,A0059211192,-
289,1211131564688042,82,03 year(s) 00 month(s) 05 day(s),L3-SF,Dogs 401 2,Available,L3,M,A0059211192,-
290,1211131564807574,82,03 year(s) 00 month(s) 05 day(s),L3-SF,Dogs 401 2,Available,L3,M,A0059211192,-
291,1211128175398831,76,02 year(s) 00 month(s) 06 day(s),L1,Dogs 402 2,Available,L1,M,A0059218046,+
292,1211128175398853,76,02 year(s) 00 month(s) 06 day(s),L1,Dogs 402 2,Available,L1,M,A0059218046,+
293,1211128175742922,76,02 year(s) 00 month(s) 06 day(s),L1,Dogs 402 2,Available,L1,M,A0059218046,+
294,1211128174946843,58,03 year(s) 00 month(s) 06 day(s),L1,Dogs 406 A6,Cites,L1,F,A0059224207,-
295,1211128175420041,58,03 year(s) 00 month(s) 06 day(s),L1,Dogs 406 A6,Cites,L1,F,A0059224207,-
296,1211128175420051,58,03 year(s) 00 month(s) 06 day(s),L1,Dogs 406 A6,Cites,L1,F,A0059224207,-
297,1211128280559787,34,02 year(s) 00 month(s) 06 day(s),L3-SF,Dogs 402 3,Priority,L3,F,A0059223851,+
298,1211128280867988,34,02 year(s) 00 month(s) 06 day(s),L3-SF,Dogs 402 3,Priority,L3,F,A0059223851,+
299,1211128280867998,34,02 year(s) 00 month(s) 06 day(s),L3-SF,Dogs 402 3,Priority,L3,F,A0059223851,+
300,1211128280865624,42,02 year(s) 00 month(s) 06 day(s),L2-SF,Dogs 081 A4,Adopted,L2,N,A0059223843,-
301,1211128280865646,42,02 year(s) 00 month(s) 06 day(s),L2-SF,Dogs 081 A4,Adopted,L2,N,A0059223843,-
302,1211128280877300,42,02 year(s) 00 month(s) 06 day(s),L2-SF,Dogs 081 A4,Adopted,L2,N,A0059223843,-
303,1211128449401946,13,01 year(s) 06 month(s) 07 day(s),L1,Foster Friendly Finder,Microchip,L1,S,A0059222702,-
304,1211128449401968,13,01 year(s) 06 month(s) 07 day(s),L1,Foster Friendly Finder,Microchip,L1,S,A0059222702,-
305,1211128449670380,13,01 year(s) 06 month(s) 07 day(s),L1,Foster Friendly Finder,Microchip,L1,S,A0059222702,-
306,1211128280375768,9,00 year(s) 05 month(s) 07 day(s),L2-SF,Foster Friendly Finder,Available,L2,M,A0059221594,-
307,1211128280792365,9,00 year(s) 05 month(s) 07 day(s),L2-SF,Foster Friendly Finder,Available,L2,M,A0059221594,-
308,1211128280792375,9,00 year(s) 05 month(s) 07 day(s),L2-SF,Foster Friendly Finder,Available,L2,M,A0059221594,-
309,1211128449535337,49,02 year(s) 00 month(s) 06 day(s),L1,Dogs 064 A4,Available,L1,N,A0059223256,-
310,1211128449535359,49,02 year(s) 00 month(s) 06 day(s),L1,Dogs 064 A4,Available,L1,N,A0059223256,-
311,1211128449672437,49,02 year(s) 00 month(s) 06 day(s),L1,Dogs 064 A4,Available,L1,N,A0059223256,-
312,1211128175092950,75,03 year(s) 00 month(s) 04 day(s),L1,Foster Friendly Finder,Available,L1,M,A0059220107,-
313,1211128175254114,75,03 year(s) 00 month(s) 04 day(s),L1,Foster Friendly Finder,Available,L1,M,A0059220107,-
314,1211128175254124,75,03 year(s) 00 month(s) 04 day(s),L1,Foster Friendly Finder,Available,L1,M,A0059220107,-
315,1211128175115646,31,00 year(s) 04 month(s) 07 day(s),L2-SF,Dogs 064 C2,Available,L2,S,A0059217493,
316,1211128175249368,31,00 year(s) 04 month(s) 07 day(s),L2-SF,Dogs 064 C2,Available,L2,S,A0059217493,
317,1211128175249378,31,00 year(s) 04 month(s) 07 day(s),L2-SF,Dogs 064 C2,Available,L2,S,A0059217493,
318,1211128280505893,27,02 year(s) 00 month(s) 06 day(s),L1,Foster Foster Home,Available,L1,S,A0059221336,-
319,1211128280731000,27,02 year(s) 00 month(s) 06 day(s),L1,Foster Foster Home,Available,L1,S,A0059221336,-
320,1211128280731010,27,02 year(s) 00 month(s) 06 day(s),L1,Foster Foster Home,Available,L1,S,A0059221336,-
321,1211128174850353,48,01 year(s) 06 month(s) 07 day(s),L1,Dogs 403 B2,Available,L1,F,A0059216974,-
322,1211128175184403,48,01 year(s) 06 month(s) 07 day(s),L1,Dogs 403 B2,Available,L1,F,A0059216974,-
323,1211128175184413,48,01 year(s) 06 month(s) 07 day(s),L1,Dogs 403 B2,Available,L1,F,A0059216974,-
324,1211128175158897,15,00 year(s) 10 month(s) 07 day(s),L1,Small Animals 5,Adopted,L1,S,A0059217079,-
325,1211128175158919,15,00 year(s) 10 month(s) 07 day(s),L1,Small Animals 5,Adopted,L1,S,A0059217079,-
326,1211128175192393,15,00 year(s) 10 month(s) 07 day(s),L1,Small Animals 5,Adopted,L1,S,A0059217079,-
327,1211128175130104,7,00 year(s) 11 month(s) 07 day(s),L1,Dogs 064 B1,Adopted,L1,F,A0059211703,-
328,1211128175130126,7,00 year(s) 11 month(s) 07 day(s),L1,Dogs 064 B1,Adopted,L1,F,A0059211703,-
329,1211128175199351,7,00 year(s) 11 month(s) 07 day(s),L1,Dogs 064 B1,Adopted,L1,F,A0059211703,-
330,1211128280237577,24,00 year(s) 04 month(s) 06 day(s),L1,Foster Trial Adoption,Trial Adoption,L1,N,A0059200418,
331,1211128280534982,24,00 year(s) 04 month(s) 06 day(s),L1,Foster Trial Adoption,Trial Adoption,L1,N,A0059200418,
332,1211128280534992,24,00 year(s) 04 month(s) 06 day(s),L1,Foster Trial Adoption,Trial Adoption,L1,N,A0059200418,
333,1211119510557901,21,00 year(s) 10 month(s) 07 day(s),L1,Dogs 064 A2,Adopted,L1,M,A0059215791,-
334,1211119511092046,21,00 year(s) 10 month(s) 07 day(s),L1,Dogs 064 A2,Adopted,L1,M,A0059215791,-
335,1211119511092056,21,00 year(s) 10 month(s) 07 day(s),L1,Dogs 064 A2,Adopted,L1,M,A0059215791,-
336,1211119355219208,65,06 year(s) 00 month(s) 07 day(s),L1,Dogs 081 A5,Available,L1,F,A0059216702,-
337,1211119355670533,65,06 year(s) 00 month(s) 07 day(s),L1,Dogs 081 A5,Available,L1,F,A0059216702,-
338,1211119355670543,65,06 year(s) 00 month(s) 07 day(s),L1,Dogs 081 A5,Available,L1,F,A0059216702,-
339,1211119355582101,42,03 year(s) 00 month(s) 08 day(s),L2-SF,Dogs 066 B5,Available,L2,F,A0059214231,-
340,1211119355582123,42,03 year(s) 00 month(s) 08 day(s),L2-SF,Dogs 066 B5,Available,L2,F,A0059214231,-
341,1211119355610755,42,03 year(s) 00 month(s) 08 day(s),L2-SF,Dogs 066 B5,Available,L2,F,A0059214231,-
342,1211119355220817,14,00 year(s) 04 month(s) 07 day(s),STAFF ONLY,Dogs 204 2,Pending Behavior Assessment,STAFF ONLY,F,A0059209837,
343,1211119355220839,14,00 year(s) 04 month(s) 07 day(s),STAFF ONLY,Dogs 204 2,Pending Behavior Assessment,STAFF ONLY,F,A0059209837,
344,1211119355465864,14,00 year(s) 04 month(s) 07 day(s),STAFF ONLY,Dogs 204 2,Pending Behavior Assessment,STAFF ONLY,F,A0059209837,
345,1211119355141332,9,13 year(s) 00 month(s) 07 day(s),L1,Clinic Clinic,Identifying Info,L1,N,A0059209550,-
346,1211119355141354,9,13 year(s) 00 month(s) 07 day(s),L1,Clinic Clinic,Identifying Info,L1,N,A0059209550,-
347,1211119355460105,9,13 year(s) 00 month(s) 07 day(s),L1,Clinic Clinic,Identifying Info,L1,N,A0059209550,-
348,1211119355221944,41,03 year(s) 00 month(s) 08 day(s),L1,Dog Quarantine B5,Available,L1,M,A0059209398,+
349,1211119355221966,41,03 year(s) 00 month(s) 08 day(s),L1,Dog Quarantine B5,Available,L1,M,A0059209398,+
350,1211119355459942,41,03 year(s) 00 month(s) 08 day(s),L1,Dog Quarantine B5,Available,L1,M,A0059209398,+
351,1211119631576502,35,00 year(s) 05 month(s) 08 day(s),L1,Dogs 406 A1,Available,L1,M,A0059207637,
352,1211119631576524,35,00 year(s) 05 month(s) 08 day(s),L1,Dogs 406 A1,Available,L1,M,A0059207637,
353,1211119631847212,35,00 year(s) 05 month(s) 08 day(s),L1,Dogs 406 A1,Available,L1,M,A0059207637,
354,1211119510472690,16,00 year(s) 04 month(s) 07 day(s),STAFF ONLY,Dogs 204 2,Pending Behavior Assessment,STAFF ONLY,M,A0059205909,
355,1211119510472712,16,00 year(s) 04 month(s) 07 day(s),STAFF ONLY,Dogs 204 2,Pending Behavior Assessment,STAFF ONLY,M,A0059205909,
356,1211119510659398,16,00 year(s) 04 month(s) 07 day(s),STAFF ONLY,Dogs 204 2,Pending Behavior Assessment,STAFF ONLY,M,A0059205909,
357,1211119631379517,20,00 year(s) 04 month(s) 07 day(s),STAFF ONLY,Dogs 204 1,Bite Quarantine,STAFF ONLY,M,A0059205944,
358,1211119631379539,20,00 year(s) 04 month(s) 07 day(s),STAFF ONLY,Dogs 204 1,Bite Quarantine,STAFF ONLY,M,A0059205944,
359,1211119631700844,20,00 year(s) 04 month(s) 07 day(s),STAFF ONLY,Dogs 204 1,Bite Quarantine,STAFF ONLY,M,A0059205944,
360,1211119355215823,15,00 year(s) 04 month(s) 07 day(s),STAFF ONLY,Dogs 204 1,Pending Behavior Assessment,STAFF ONLY,F,A0059205840,
361,1211119355215845,15,00 year(s) 04 month(s) 07 day(s),STAFF ONLY,Dogs 204 1,Pending Behavior Assessment,STAFF ONLY,F,A0059205840,
362,1211119355338446,15,00 year(s) 04 month(s) 07 day(s),STAFF ONLY,Dogs 204 1,Pending Behavior Assessment,STAFF ONLY,F,A0059205840,
363,1211119509759326,15,02 year(s) 00 month(s) 08 day(s),STAFF ONLY,Receiving 130 10,Pending Behavior Assessment,STAFF ONLY,F,A0059201488,-
364,1211119510645648,15,02 year(s) 00 month(s) 08 day(s),STAFF ONLY,Receiving 130 10,Pending Behavior Assessment,STAFF ONLY,F,A0059201488,-
365,1211119510645658,15,02 year(s) 00 month(s) 08 day(s),STAFF ONLY,Receiving 130 10,Pending Behavior Assessment,STAFF ONLY,F,A0059201488,-
366,1211109320722585,0,,STAFF ONLY,Dogs 204 3,Available,STAFF ONLY,M,A0059209164,
367,1211109320722607,0,,STAFF ONLY,Dogs 204 3,Available,STAFF ONLY,M,A0059209164,
368,1211109320868867,0,,STAFF ONLY,Dogs 204 3,Available,STAFF ONLY,M,A0059209164,
369,1211109320470075,20,00 year(s) 04 month(s) 08 day(s),L1,Dogs 068 C2,Available,L1,S,A0059204968,
370,1211109320470097,20,00 year(s) 04 month(s) 08 day(s),L1,Dogs 068 C2,Available,L1,S,A0059204968,
371,1211109320631952,20,00 year(s) 04 month(s) 08 day(s),L1,Dogs 068 C2,Available,L1,S,A0059204968,
372,1211109320326508,17,00 year(s) 03 month(s) 08 day(s),L1,Dog Visiting 060 C6,Available,L1,S,A0059207833,
373,1211109320589144,17,00 year(s) 03 month(s) 08 day(s),L1,Dog Visiting 060 C6,Available,L1,S,A0059207833,
374,1211109320589154,17,00 year(s) 03 month(s) 08 day(s),L1,Dog Visiting 060 C6,Available,L1,S,A0059207833,
375,1211109320256062,23,00 year(s) 04 month(s) 08 day(s),L1,Dogs 068 C2,Available,L1,S,A0059204957,
376,1211109320256084,23,00 year(s) 04 month(s) 08 day(s),L1,Dogs 068 C2,Available,L1,S,A0059204957,
377,1211109320306714,23,00 year(s) 04 month(s) 08 day(s),L1,Dogs 068 C2,Available,L1,S,A0059204957,
378,1211109218513960,74,03 year(s) 00 month(s) 09 day(s),L1,Foster Friendly Finder,Available,L1,M,A0059204663,+
379,1211109219434137,74,03 year(s) 00 month(s) 09 day(s),L1,Foster Friendly Finder,Available,L1,M,A0059204663,+
380,1211109219434147,74,03 year(s) 00 month(s) 09 day(s),L1,Foster Friendly Finder,Available,L1,M,A0059204663,+
381,1211109349220099,0,,,Parvo 1,Stray Wait,,M,A0059205301,
382,1211109350147931,0,,,Parvo 1,Stray Wait,,M,A0059205301,
383,1211109350147941,0,,,Parvo 1,Stray Wait,,M,A0059205301,
384,1211109216361668,10,03 year(s) 00 month(s) 08 day(s),L1,Foster Trial Adoption,Trial Adoption,L1,S,A0059204350,-
385,1211109219267280,10,03 year(s) 00 month(s) 08 day(s),L1,Foster Trial Adoption,Trial Adoption,L1,S,A0059204350,-
386,1211109219267290,10,03 year(s) 00 month(s) 08 day(s),L1,Foster Trial Adoption,Trial Adoption,L1,S,A0059204350,-
387,1211109219076736,35,06 year(s) 00 month(s) 09 day(s),L1,Foster Trial Adoption,Trial Adoption,L1,S,A0059201579,-
388,1211109219076758,35,06 year(s) 00 month(s) 09 day(s),L1,Foster Trial Adoption,Trial Adoption,L1,S,A0059201579,-
389,1211109219280940,35,06 year(s) 00 month(s) 09 day(s),L1,Foster Trial Adoption,Trial Adoption,L1,S,A0059201579,-
390,1211098092656310,61,04 year(s) 00 month(s) 09 day(s),L1,Dogs 403 A4,Available,L1,S,A0059201498,-
391,1211098092735144,61,04 year(s) 00 month(s) 09 day(s),L1,Dogs 403 A4,Available,L1,S,A0059201498,-
392,1211098092735154,61,04 year(s) 00 month(s) 09 day(s),L1,Dogs 403 A4,Available,L1,S,A0059201498,-
393,1211098091721447,27,00 year(s) 08 month(s) 10 day(s),L1,Dogs 081 A1,Adopted,L1,S,A0059197190,-
394,1211098092782991,27,00 year(s) 08 month(s) 10 day(s),L1,Dogs 081 A1,Adopted,L1,S,A0059197190,-
395,1211098092783001,27,00 year(s) 08 month(s) 10 day(s),L1,Dogs 081 A1,Adopted,L1,S,A0059197190,-
396,1211098025748958,56,00 year(s) 10 month(s) 09 day(s),STAFF ONLY,Dogs 302 1,Bite Quarantine - Not Visible,STAFF ONLY,N,A0059199426,
397,1211098025748980,56,00 year(s) 10 month(s) 09 day(s),STAFF ONLY,Dogs 302 1,Bite Quarantine - Not Visible,STAFF ONLY,N,A0059199426,
398,1211098025789318,56,00 year(s) 10 month(s) 09 day(s),STAFF ONLY,Dogs 302 1,Bite Quarantine - Not Visible,STAFF ONLY,N,A0059199426,
399,1211098021074382,19,00 year(s) 04 month(s) 10 day(s),L1,Dogs 064 C1,Available,L1,F,A0059187357,
400,1211098025659288,19,00 year(s) 04 month(s) 10 day(s),L1,Dogs 064 C1,Available,L1,F,A0059187357,
401,1211098025659298,19,00 year(s) 04 month(s) 10 day(s),L1,Dogs 064 C1,Available,L1,F,A0059187357,
402,1211087329281627,37,00 year(s) 09 month(s) 10 day(s),L1,Dogs 088 A9,Available,L1,F,A0059191607,-
403,1211087331131186,37,00 year(s) 09 month(s) 10 day(s),L1,Dogs 088 A9,Available,L1,F,A0059191607,-
404,1211087331131196,37,00 year(s) 09 month(s) 10 day(s),L1,Dogs 088 A9,Available,L1,F,A0059191607,-
405,1211087328998877,75,03 year(s) 00 month(s) 10 day(s),L1,Dogs 403 B5,Available,L1,M,A0059192169,-
406,1211087330881377,75,03 year(s) 00 month(s) 10 day(s),L1,Dogs 403 B5,Available,L1,M,A0059192169,-
407,1211087330881387,75,03 year(s) 00 month(s) 10 day(s),L1,Dogs 403 B5,Available,L1,M,A0059192169,-
408,1211087328749206,12,00 year(s) 03 month(s) 10 day(s),L1,Clinic Clinic,Adopted,L1,S,A0059189962,
409,1211087328749228,12,00 year(s) 03 month(s) 10 day(s),L1,Clinic Clinic,Adopted,L1,S,A0059189962,
410,1211087329834864,12,00 year(s) 03 month(s) 10 day(s),L1,Clinic Clinic,Adopted,L1,S,A0059189962,
411,1211087557027429,11,00 year(s) 02 month(s) 25 day(s),L1,Dogs 067 C2,Adopted,L1,N,A0059189186,
412,1211087560234376,11,00 year(s) 02 month(s) 25 day(s),L1,Dogs 067 C2,Adopted,L1,N,A0059189186,
413,1211087560234386,11,00 year(s) 02 month(s) 25 day(s),L1,Dogs 067 C2,Adopted,L1,N,A0059189186,
414,1211087271712787,10,00 year(s) 02 month(s) 25 day(s),L1,Dogs 067 C2,Adopted,L1,F,A0059189164,
415,1211087276119275,10,00 year(s) 02 month(s) 25 day(s),L1,Dogs 067 C2,Adopted,L1,F,A0059189164,
416,1211087276119285,10,00 year(s) 02 month(s) 25 day(s),L1,Dogs 067 C2,Adopted,L1,F,A0059189164,
417,1211087559651237,0,05 year(s) 05 month(s) 01 day(s),STAFF ONLY,Dogs 204 4,Bite Quarantine - Not Visible,STAFF ONLY,M,A0058101225,
418,1211087559651259,0,05 year(s) 05 month(s) 01 day(s),STAFF ONLY,Dogs 204 4,Bite Quarantine - Not Visible,STAFF ONLY,M,A0058101225,
419,1211087560065257,0,05 year(s) 05 month(s) 01 day(s),STAFF ONLY,Dogs 204 4,Bite Quarantine - Not Visible,STAFF ONLY,M,A0058101225,
420,1211074979302272,47,05 year(s) 00 month(s) 12 day(s),L1,Foster Foster Home,Available,L1,F,A0059126703,+
421,1211074981236791,47,05 year(s) 00 month(s) 12 day(s),L1,Foster Foster Home,Available,L1,F,A0059126703,+
422,1211074981236801,47,05 year(s) 00 month(s) 12 day(s),L1,Foster Foster Home,Available,L1,F,A0059126703,+
423,1211075138054074,46,01 year(s) 00 month(s) 12 day(s),L1,Dogs 066 A5,Available,L1,N,A0059125495,-
424,1211075138054096,46,01 year(s) 00 month(s) 12 day(s),L1,Dogs 066 A5,Available,L1,N,A0059125495,-
425,1211075138896134,46,01 year(s) 00 month(s) 12 day(s),L1,Dogs 066 A5,Available,L1,N,A0059125495,-
426,1211072249425426,28,03 year(s) 00 month(s) 12 day(s),L1,Dog Quarantine A8,Available,L1,F,A0059123893,-
427,1211072249827332,28,03 year(s) 00 month(s) 12 day(s),L1,Dog Quarantine A8,Available,L1,F,A0059123893,-
428,1211072249827342,28,03 year(s) 00 month(s) 12 day(s),L1,Dog Quarantine A8,Available,L1,F,A0059123893,-
429,1211072316371301,17,00 year(s) 04 month(s) 12 day(s),L1,Puppy 47 1,Adopted,L1,S,A0059124537,
430,1211072316610086,17,00 year(s) 04 month(s) 12 day(s),L1,Puppy 47 1,Adopted,L1,S,A0059124537,
431,1211072316610096,17,00 year(s) 04 month(s) 12 day(s),L1,Puppy 47 1,Adopted,L1,S,A0059124537,
432,1211072316179998,16,00 year(s) 04 month(s) 12 day(s),L1,Puppy 47 1,Adopted,L1,N,A0059124540,
433,1211072316180020,16,00 year(s) 04 month(s) 12 day(s),L1,Puppy 47 1,Adopted,L1,N,A0059124540,
434,1211072316606472,16,00 year(s) 04 month(s) 12 day(s),L1,Puppy 47 1,Adopted,L1,N,A0059124540,
435,1211072214728293,58,02 year(s) 00 month(s) 13 day(s),L1,Foster Foster Home,Available,L1,M,A0059123733,-
436,1211072215182341,58,02 year(s) 00 month(s) 13 day(s),L1,Foster Foster Home,Available,L1,M,A0059123733,-
437,1211072215182351,58,02 year(s) 00 month(s) 13 day(s),L1,Foster Foster Home,Available,L1,M,A0059123733,-
438,1211072316260906,56,01 year(s) 00 month(s) 12 day(s),L2-A,Dogs 502 3,Available,L2,F,A0059123537,-
439,1211072316587716,56,01 year(s) 00 month(s) 12 day(s),L2-A,Dogs 502 3,Available,L2,F,A0059123537,-
440,1211072316587726,56,01 year(s) 00 month(s) 12 day(s),L2-A,Dogs 502 3,Available,L2,F,A0059123537,-
441,1211072214852065,42,03 year(s) 00 month(s) 14 day(s),L1,Foster Foster Home,Nursing Mom,L1,F,A0059116528,+
442,1211072215112721,42,03 year(s) 00 month(s) 14 day(s),L1,Foster Foster Home,Nursing Mom,L1,F,A0059116528,+
443,1211072215112731,42,03 year(s) 00 month(s) 14 day(s),L1,Foster Foster Home,Nursing Mom,L1,F,A0059116528,+
444,1211072316415668,0,03 year(s) 00 month(s) 08 day(s),STAFF ONLY,Dogs 204 5,Stray Wait,STAFF ONLY,F,A0059121809,-
445,1211072316506844,0,03 year(s) 00 month(s) 08 day(s),STAFF ONLY,Dogs 204 5,Stray Wait,STAFF ONLY,F,A0059121809,-
446,1211072316506854,0,03 year(s) 00 month(s) 08 day(s),STAFF ONLY,Dogs 204 5,Stray Wait,STAFF ONLY,F,A0059121809,-
447,1211070039866657,28,00 year(s) 10 month(s) 13 day(s),L1,Dogs 079 A5,Available,L1,S,A0059116037,-
448,1211070039866679,28,00 year(s) 10 month(s) 13 day(s),L1,Dogs 079 A5,Available,L1,S,A0059116037,-
449,1211070040064261,28,00 year(s) 10 month(s) 13 day(s),L1,Dogs 079 A5,Available,L1,S,A0059116037,-
450,1211069988130886,40,03 year(s) 00 month(s) 12 day(s),L1,Dogs 502 6,Available,L1,M,A0059121408,-
451,1211069988732296,40,03 year(s) 00 month(s) 12 day(s),L1,Dogs 502 6,Available,L1,M,A0059121408,-
452,1211069988732306,40,03 year(s) 00 month(s) 12 day(s),L1,Dogs 502 6,Available,L1,M,A0059121408,-
453,1211069988550474,11,00 year(s) 02 month(s) 14 day(s),L3-SF,Foster Friendly Finder,Available,L3,M,A0059116423,
454,1211069988550496,11,00 year(s) 02 month(s) 14 day(s),L3-SF,Foster Friendly Finder,Available,L3,M,A0059116423,
455,1211069988634080,11,00 year(s) 02 month(s) 14 day(s),L3-SF,Foster Friendly Finder,Available,L3,M,A0059116423,
456,1211069988513639,42,06 year(s) 00 month(s) 08 day(s),L1,Foster Trial Adoption,Trial Adoption,L1,S,A0059116425,-
457,1211069988632957,42,06 year(s) 00 month(s) 08 day(s),L1,Foster Trial Adoption,Trial Adoption,L1,S,A0059116425,-
458,1211069988632967,42,06 year(s) 00 month(s) 08 day(s),L1,Foster Trial Adoption,Trial Adoption,L1,S,A0059116425,-
459,1211061537468360,49,01 year(s) 00 month(s) 14 day(s),L1,Dog Pre/Post Op 138 1,Court,L1,M,A0059114218,-
460,1211061538500055,49,01 year(s) 00 month(s) 14 day(s),L1,Dog Pre/Post Op 138 1,Court,L1,M,A0059114218,-
461,1211061538500065,49,01 year(s) 00 month(s) 14 day(s),L1,Dog Pre/Post Op 138 1,Court,L1,M,A0059114218,-
462,1211061576828800,42,02 year(s) 00 month(s) 14 day(s),L1,Dog ISO 153 B6,Court,L1,M,A0059114222,-
463,1211061578906888,42,02 year(s) 00 month(s) 14 day(s),L1,Dog ISO 153 B6,Court,L1,M,A0059114222,-
464,1211061578906898,42,02 year(s) 00 month(s) 14 day(s),L1,Dog ISO 153 B6,Court,L1,M,A0059114222,-
465,1211061538480088,50,02 year(s) 00 month(s) 13 day(s),L2-BR,Foster Trial Adoption,Trial Adoption,L2,N,A0059114272,-
466,1211061538480110,50,02 year(s) 00 month(s) 13 day(s),L2-BR,Foster Trial Adoption,Trial Adoption,L2,N,A0059114272,-
467,1211061538510669,50,02 year(s) 00 month(s) 13 day(s),L2-BR,Foster Trial Adoption,Trial Adoption,L2,N,A0059114272,-
468,1211061537514348,47,03 year(s) 00 month(s) 13 day(s),L2-A,Dogs 201 6,Court,L2,F,A0059114202,-
469,1211061537514370,47,03 year(s) 00 month(s) 13 day(s),L2-A,Dogs 201 6,Court,L2,F,A0059114202,-
470,1211061538420640,47,03 year(s) 00 month(s) 13 day(s),L2-A,Dogs 201 6,Court,L2,F,A0059114202,-
471,1211061538407186,23,01 year(s) 00 month(s) 14 day(s),L1,Dogs 302 2,Court,L1,M,A0059114209,-
472,1211061538407208,23,01 year(s) 00 month(s) 14 day(s),L1,Dogs 302 2,Court,L1,M,A0059114209,-
473,1211061538421446,23,01 year(s) 00 month(s) 14 day(s),L1,Dogs 302 2,Court,L1,M,A0059114209,-
474,1211061447918073,32,01 year(s) 00 month(s) 14 day(s),L1,Dog Pre/Post Op 138 4,Court,L1,F,A0059114213,-
475,1211061447918095,32,01 year(s) 00 month(s) 14 day(s),L1,Dog Pre/Post Op 138 4,Court,L1,F,A0059114213,-
476,1211061447935094,32,01 year(s) 00 month(s) 14 day(s),L1,Dog Pre/Post Op 138 4,Court,L1,F,A0059114213,-
477,1211061573495986,2,00 year(s) 00 month(s) 27 day(s),L1,Foster Foster Home,Under Age,L1,F,A0059112746,
478,1211061578738661,2,00 year(s) 00 month(s) 27 day(s),L1,Foster Foster Home,Under Age,L1,F,A0059112746,
479,1211061578738671,2,00 year(s) 00 month(s) 27 day(s),L1,Foster Foster Home,Under Age,L1,F,A0059112746,
480,1211061537472777,2,00 year(s) 01 month(s) 03 day(s),L1,Foster Foster Home,Under Age,L1,M,A0059112765,
481,1211061537472799,2,00 year(s) 01 month(s) 03 day(s),L1,Foster Foster Home,Under Age,L1,M,A0059112765,
482,1211061538298856,2,00 year(s) 01 month(s) 03 day(s),L1,Foster Foster Home,Under Age,L1,M,A0059112765,
483,1211061578495354,29,00 year(s) 04 month(s) 14 day(s),L1,Dogs 502 C5,Available,L1,S,A0059113015,
484,1211061578495376,29,00 year(s) 04 month(s) 14 day(s),L1,Dogs 502 C5,Available,L1,S,A0059113015,
485,1211061578699390,29,00 year(s) 04 month(s) 14 day(s),L1,Dogs 502 C5,Available,L1,S,A0059113015,
486,1211061577097512,19,00 year(s) 03 month(s) 14 day(s),L1,Foster Friendly Finder,Available,L1,F,A0059113422,
487,1211061578686373,19,00 year(s) 03 month(s) 14 day(s),L1,Foster Friendly Finder,Available,L1,F,A0059113422,
488,1211061578686383,19,00 year(s) 03 month(s) 14 day(s),L1,Foster Friendly Finder,Available,L1,F,A0059113422,
489,1211061444955891,3,00 year(s) 00 month(s) 27 day(s),L1,Foster Foster Home,Under Age,L1,F,A0059112662,
490,1211061447673854,3,00 year(s) 00 month(s) 27 day(s),L1,Foster Foster Home,Under Age,L1,F,A0059112662,
491,1211061447673864,3,00 year(s) 00 month(s) 27 day(s),L1,Foster Foster Home,Under Age,L1,F,A0059112662,
492,1211061446993407,2,00 year(s) 00 month(s) 27 day(s),L1,Foster Foster Home,Under Age,L1,M,A0059112722,
493,1211061446993429,2,00 year(s) 00 month(s) 27 day(s),L1,Foster Foster Home,Under Age,L1,M,A0059112722,
494,1211061447685794,2,00 year(s) 00 month(s) 27 day(s),L1,Foster Foster Home,Under Age,L1,M,A0059112722,
495,1211061577914324,2,00 year(s) 01 month(s) 04 day(s),L1,Foster Foster Home,Under Age,L1,M,A0059112653,
496,1211061577914346,2,00 year(s) 01 month(s) 04 day(s),L1,Foster Foster Home,Under Age,L1,M,A0059112653,
497,1211061578553592,2,00 year(s) 01 month(s) 04 day(s),L1,Foster Foster Home,Under Age,L1,M,A0059112653,
498,1211061446813291,2,00 year(s) 01 month(s) 04 day(s),L1,Foster Foster Home,Under Age,L1,M,A0059112691,
499,1211061447676441,2,00 year(s) 01 month(s) 04 day(s),L1,Foster Foster Home,Under Age,L1,M,A0059112691,
500,1211061447676451,2,00 year(s) 01 month(s) 04 day(s),L1,Foster Foster Home,Under Age,L1,M,A0059112691,
501,1211061447535469,2,00 year(s) 01 month(s) 04 day(s),L1,Foster Foster Home,Under Age,L1,F,A0059112611,
502,1211061447535491,2,00 year(s) 01 month(s) 04 day(s),L1,Foster Foster Home,Under Age,L1,F,A0059112611,
503,1211061447554142,2,00 year(s) 01 month(s) 04 day(s),L1,Foster Foster Home,Under Age,L1,F,A0059112611,
504,1211061446305459,72,05 year(s) 04 month(s) 29 day(s),L1,Dogs 079 A2,Available,L1,N,A0059111557,-
505,1211061447547498,72,05 year(s) 04 month(s) 29 day(s),L1,Dogs 079 A2,Available,L1,N,A0059111557,-
506,1211061447547508,72,05 year(s) 04 month(s) 29 day(s),L1,Dogs 079 A2,Available,L1,N,A0059111557,-
507,1211061536838511,2,00 year(s) 01 month(s) 04 day(s),L1,Foster Foster Home,Under Age,L1,F,A0059112561,
508,1211061538060279,2,00 year(s) 01 month(s) 04 day(s),L1,Foster Foster Home,Under Age,L1,F,A0059112561,
509,1211061538060289,2,00 year(s) 01 month(s) 04 day(s),L1,Foster Foster Home,Under Age,L1,F,A0059112561,
510,1211061538039936,31,01 year(s) 06 month(s) 15 day(s),L1,Foster Foster Home,Available,L1,F,A0059110884,-
511,1211061538039958,31,01 year(s) 06 month(s) 15 day(s),L1,Foster Foster Home,Available,L1,F,A0059110884,-
512,1211061538060183,31,01 year(s) 06 month(s) 15 day(s),L1,Foster Foster Home,Available,L1,F,A0059110884,-
513,1211061578316626,24,00 year(s) 07 month(s) 13 day(s),L1,Dog Quarantine A7,Available,L1,F,A0059108996,-
514,1211061578316648,24,00 year(s) 07 month(s) 13 day(s),L1,Dog Quarantine A7,Available,L1,F,A0059108996,-
515,1211061578335053,24,00 year(s) 07 month(s) 13 day(s),L1,Dog Quarantine A7,Available,L1,F,A0059108996,-
516,1211061447375409,15,13 year(s) 00 month(s) 13 day(s),L1,Foster Trial Adoption,Trial Adoption,L1,N,A0059109376,-
517,1211061447375431,15,13 year(s) 00 month(s) 13 day(s),L1,Foster Trial Adoption,Trial Adoption,L1,N,A0059109376,-
518,1211061447442169,15,13 year(s) 00 month(s) 13 day(s),L1,Foster Trial Adoption,Trial Adoption,L1,N,A0059109376,-
519,1211061445336290,44,04 year(s) 00 month(s) 14 day(s),L1,Dogs 506 A4,Cruelty Exam,L1,F,A0059106772,-
520,1211061447330665,44,04 year(s) 00 month(s) 14 day(s),L1,Dogs 506 A4,Cruelty Exam,L1,F,A0059106772,-
521,1211061447330675,44,04 year(s) 00 month(s) 14 day(s),L1,Dogs 506 A4,Cruelty Exam,L1,F,A0059106772,-
522,1211061577343449,23,00 year(s) 08 month(s) 13 day(s),L1,Dogs 606 A1,Cruelty Exam,L1,M,A0059106777,-
523,1211061578197968,23,00 year(s) 08 month(s) 13 day(s),L1,Dogs 606 A1,Cruelty Exam,L1,M,A0059106777,-
524,1211061578197978,23,00 year(s) 08 month(s) 13 day(s),L1,Dogs 606 A1,Cruelty Exam,L1,M,A0059106777,-
525,1211051636055759,8,04 year(s) 00 month(s) 10 day(s),L1,Foster Trial Adoption,Trial Adoption,L1,S,A0059105371,-
526,1211051636907275,8,04 year(s) 00 month(s) 10 day(s),L1,Foster Trial Adoption,Trial Adoption,L1,S,A0059105371,-
527,1211051636907285,8,04 year(s) 00 month(s) 10 day(s),L1,Foster Trial Adoption,Trial Adoption,L1,S,A0059105371,-
528,1211051785233134,15,00 year(s) 03 month(s) 13 day(s),L1,Foster Trial Adoption,Trial Adoption,L1,S,A0059102980,
529,1211051785233156,15,00 year(s) 03 month(s) 13 day(s),L1,Foster Trial Adoption,Trial Adoption,L1,S,A0059102980,
530,1211051785455514,15,00 year(s) 03 month(s) 13 day(s),L1,Foster Trial Adoption,Trial Adoption,L1,S,A0059102980,
531,1211051780768739,20,02 year(s) 00 month(s) 14 day(s),L1,Foster Trial Adoption,Trial Adoption,L1,S,A0059103552,-
532,1211051785461619,20,02 year(s) 00 month(s) 14 day(s),L1,Foster Trial Adoption,Trial Adoption,L1,S,A0059103552,-
533,1211051785461629,20,02 year(s) 00 month(s) 14 day(s),L1,Foster Trial Adoption,Trial Adoption,L1,S,A0059103552,-
534,1211051748086909,65,03 year(s) 00 month(s) 05 day(s),L1,Featured Dogs 53,Available,L1,M,A0059102424,-
535,1211051749878800,65,03 year(s) 00 month(s) 05 day(s),L1,Featured Dogs 53,Available,L1,M,A0059102424,-
536,1211051749878810,65,03 year(s) 00 month(s) 05 day(s),L1,Featured Dogs 53,Available,L1,M,A0059102424,-
537,1211051747576372,15,00 year(s) 05 month(s) 15 day(s),L1,Foster Trial Adoption,Trial Adoption,L1,N,A0059102003,
538,1211051747576394,15,00 year(s) 05 month(s) 15 day(s),L1,Foster Trial Adoption,Trial Adoption,L1,N,A0059102003,
539,1211051749762655,15,00 year(s) 05 month(s) 15 day(s),L1,Foster Trial Adoption,Trial Adoption,L1,N,A0059102003,
540,1211051634925091,41,01 year(s) 06 month(s) 15 day(s),L1,Foster Trial Adoption,Trial Adoption,L1,N,A0059101358,-
541,1211051634925113,41,01 year(s) 06 month(s) 15 day(s),L1,Foster Trial Adoption,Trial Adoption,L1,N,A0059101358,-
542,1211051636009966,41,01 year(s) 06 month(s) 15 day(s),L1,Foster Trial Adoption,Trial Adoption,L1,N,A0059101358,-
543,1211051744910520,7,08 year(s) 00 month(s) 15 day(s),L1,Foster Trial Adoption,Trial Adoption,L1,S,A0059001294,-
544,1211051748681209,7,08 year(s) 00 month(s) 15 day(s),L1,Foster Trial Adoption,Trial Adoption,L1,S,A0059001294,-
545,1211051748681219,7,08 year(s) 00 month(s) 15 day(s),L1,Foster Trial Adoption,Trial Adoption,L1,S,A0059001294,-
546,1211051748455784,61,02 year(s) 00 month(s) 16 day(s),L2-LB,Dog Quarantine A5,Available,L2,M,A0059091500,-
547,1211051748455807,61,02 year(s) 00 month(s) 16 day(s),L2-LB,Dog Quarantine A5,Available,L2,M,A0059091500,-
548,1211051748678093,61,02 year(s) 00 month(s) 16 day(s),L2-LB,Dog Quarantine A5,Available,L2,M,A0059091500,-
549,1211041336361767,21,00 year(s) 04 month(s) 16 day(s),L1,Foster Trial Adoption,Trial Adoption,L1,N,A0059092566,
550,1211041339760094,21,00 year(s) 04 month(s) 16 day(s),L1,Foster Trial Adoption,Trial Adoption,L1,N,A0059092566,
551,1211041339760104,21,00 year(s) 04 month(s) 16 day(s),L1,Foster Trial Adoption,Trial Adoption,L1,N,A0059092566,
552,1211030048957380,44,08 year(s) 00 month(s) 15 day(s),L2 SF,Foster Foster Home,Available,L2,S,A0059089105,+
553,1211030048957398,44,08 year(s) 00 month(s) 15 day(s),L2 SF,Foster Foster Home,Available,L2,S,A0059089105,+
554,1211030048957406,44,08 year(s) 00 month(s) 15 day(s),L2 SF,Foster Foster Home,Available,L2,S,A0059089105,+
555,1211030183370237,28,00 year(s) 08 month(s) 17 day(s),L1,Small Animals C2,Pending Medical Assessment/Treatment,L1,F,A0059090299,-
556,1211030183370255,28,00 year(s) 08 month(s) 17 day(s),L1,Small Animals C2,Pending Medical Assessment/Treatment,L1,F,A0059090299,-
557,1211030183370263,28,00 year(s) 08 month(s) 17 day(s),L1,Small Animals C2,Pending Medical Assessment/Treatment,L1,F,A0059090299,-
558,1211030270132963,45,00 year(s) 10 month(s) 17 day(s),L1,Dogs 403 A6,Available,L1,M,A0059086837,-
559,1211030270132981,45,00 year(s) 10 month(s) 17 day(s),L1,Dogs 403 A6,Available,L1,M,A0059086837,-
560,1211030270132989,45,00 year(s) 10 month(s) 17 day(s),L1,Dogs 403 A6,Available,L1,M,A0059086837,-
561,1211030180728478,55,04 year(s) 00 month(s) 17 day(s),L1,Foster Trial Adoption,Trial Adoption,L1,N,A0059085024,-
562,1211030183026582,55,04 year(s) 00 month(s) 17 day(s),L1,Foster Trial Adoption,Trial Adoption,L1,N,A0059085024,-
563,1211030183026590,55,04 year(s) 00 month(s) 17 day(s),L1,Foster Trial Adoption,Trial Adoption,L1,N,A0059085024,-
564,1211030181830788,57,01 year(s) 00 month(s) 17 day(s),L1,Foster Trial Adoption,Trial Adoption,L1,S,A0059085026,-
565,1211030183038444,57,01 year(s) 00 month(s) 17 day(s),L1,Foster Trial Adoption,Trial Adoption,L1,S,A0059085026,-
566,1211030183038452,57,01 year(s) 00 month(s) 17 day(s),L1,Foster Trial Adoption,Trial Adoption,L1,S,A0059085026,-
567,1211019212380005,9,11 year(s) 00 month(s) 18 day(s),L2-SF,Dog Visiting 060 C4,Adopted,L2,S,A0059082861,-
568,1211019213462997,9,11 year(s) 00 month(s) 18 day(s),L2-SF,Dog Visiting 060 C4,Adopted,L2,S,A0059082861,-
569,1211019213463005,9,11 year(s) 00 month(s) 18 day(s),L2-SF,Dog Visiting 060 C4,Adopted,L2,S,A0059082861,-
570,1211019132322194,25,00 year(s) 09 month(s) 18 day(s),L1,Foster Trial Adoption,Trial Adoption,L1,N,A0059082703,-
571,1211019133267925,25,00 year(s) 09 month(s) 18 day(s),L1,Foster Trial Adoption,Trial Adoption,L1,N,A0059082703,-
572,1211019133267933,25,00 year(s) 09 month(s) 18 day(s),L1,Foster Trial Adoption,Trial Adoption,L1,N,A0059082703,-
573,1211019132811079,56,02 year(s) 00 month(s) 18 day(s),L1,Foster Trial Adoption,Trial Adoption,L1,M,A0059082483,-
574,1211019132811097,56,02 year(s) 00 month(s) 18 day(s),L1,Foster Trial Adoption,Trial Adoption,L1,M,A0059082483,-
575,1211019133278260,56,02 year(s) 00 month(s) 18 day(s),L1,Foster Trial Adoption,Trial Adoption,L1,M,A0059082483,-
576,1211019063671779,16,02 year(s) 00 month(s) 19 day(s),L1,Dogs 602 C3,Available,L1,N,A0059080152,-
577,1211019063671797,16,02 year(s) 00 month(s) 19 day(s),L1,Dogs 602 C3,Available,L1,N,A0059080152,-
578,1211019063671805,16,02 year(s) 00 month(s) 19 day(s),L1,Dogs 602 C3,Available,L1,N,A0059080152,-
579,1211015221721119,5,10 year(s) 00 month(s) 20 day(s),L3-BH,Clinic Clinic,Adopted,L3,N,A0059076738,-
580,1211015221721137,5,10 year(s) 00 month(s) 20 day(s),L3-BH,Clinic Clinic,Adopted,L3,N,A0059076738,-
581,1211015221721145,5,10 year(s) 00 month(s) 20 day(s),L3-BH,Clinic Clinic,Adopted,L3,N,A0059076738,-
582,1211014873766649,41,04 year(s) 00 month(s) 19 day(s),L1,Dogs 501 7,Available,L1,M,A0059077476,-
583,1211014874055554,41,04 year(s) 00 month(s) 19 day(s),L1,Dogs 501 7,Available,L1,M,A0059077476,-
584,1211014874055562,41,04 year(s) 00 month(s) 19 day(s),L1,Dogs 501 7,Available,L1,M,A0059077476,-
585,1211014743776603,62,02 year(s) 00 month(s) 19 day(s),L1,Foster Foster Home,Trial Adoption,L1,N,A0059077471,-
586,1211014743956263,62,02 year(s) 00 month(s) 19 day(s),L1,Foster Foster Home,Trial Adoption,L1,N,A0059077471,-
587,1211014743956271,62,02 year(s) 00 month(s) 19 day(s),L1,Foster Foster Home,Trial Adoption,L1,N,A0059077471,-
588,1211003986817099,40,06 year(s) 00 month(s) 03 day(s),L1,Dog Quarantine A2,Microchip,L1,S,A0059066126,-
589,1211003986817117,40,06 year(s) 00 month(s) 03 day(s),L1,Dog Quarantine A2,Microchip,L1,S,A0059066126,-
590,1211003986817125,40,06 year(s) 00 month(s) 03 day(s),L1,Dog Quarantine A2,Microchip,L1,S,A0059066126,-
591,1211003906928996,43,05 year(s) 00 month(s) 22 day(s),L1,Foster Foster Home,Trial Adoption,L1,S,A0059061473,-
592,1211003906929014,43,05 year(s) 00 month(s) 22 day(s),L1,Foster Foster Home,Trial Adoption,L1,S,A0059061473,-
593,1211003906929022,43,05 year(s) 00 month(s) 22 day(s),L1,Foster Foster Home,Trial Adoption,L1,S,A0059061473,-
594,1211003905472249,15,00 year(s) 04 month(s) 22 day(s),L1,Dogs 502 C3,Available,L1,N,A0059061552,
595,1211003906931471,15,00 year(s) 04 month(s) 22 day(s),L1,Dogs 502 C3,Available,L1,N,A0059061552,
596,1211003906931479,15,00 year(s) 04 month(s) 22 day(s),L1,Dogs 502 C3,Available,L1,N,A0059061552,
597,1211003906655281,80,,STAFF ONLY,Dogs 202 5,Court,STAFF ONLY,M,A0059030244,
598,1211003906655299,80,,STAFF ONLY,Dogs 202 5,Court,STAFF ONLY,M,A0059030244,
599,1211003906655307,80,,STAFF ONLY,Dogs 202 5,Court,STAFF ONLY,M,A0059030244,
600,1210993992073291,42,01 year(s) 00 month(s) 22 day(s),L1,Foster Trial Adoption,Trial Adoption,L1,N,A0059057945,-
601,1210993992073309,42,01 year(s) 00 month(s) 22 day(s),L1,Foster Trial Adoption,Trial Adoption,L1,N,A0059057945,-
602,1210993992073317,42,01 year(s) 00 month(s) 22 day(s),L1,Foster Trial Adoption,Trial Adoption,L1,N,A0059057945,-
603,1210993881128608,29,00 year(s) 07 month(s) 23 day(s),L1,Foster Trial Adoption,Available,L1,F,A0059055438,-
604,1210993881128626,29,00 year(s) 07 month(s) 23 day(s),L1,Foster Trial Adoption,Available,L1,F,A0059055438,-
605,1210993881128634,29,00 year(s) 07 month(s) 23 day(s),L1,Foster Trial Adoption,Available,L1,F,A0059055438,-
606,1210993879922726,37,03 year(s) 00 month(s) 23 day(s),L1,Foster Foster Home,Available,L1,N,A0059047995,+
607,1210993880936193,37,03 year(s) 00 month(s) 23 day(s),L1,Foster Foster Home,Available,L1,N,A0059047995,+
608,1210993880936201,37,03 year(s) 00 month(s) 23 day(s),L1,Foster Foster Home,Available,L1,N,A0059047995,+
609,1210993991368255,65,03 year(s) 00 month(s) 24 day(s),L2-SF,Foster Foster Home,Available,L2,N,A0059047768,-
610,1210993991412239,65,03 year(s) 00 month(s) 24 day(s),L2-SF,Foster Foster Home,Available,L2,N,A0059047768,-
611,1210993991412247,65,03 year(s) 00 month(s) 24 day(s),L2-SF,Foster Foster Home,Available,L2,N,A0059047768,-
612,1210971366593489,35,01 year(s) 00 month(s) 24 day(s),L1,Foster Trial Adoption,Trial Adoption,L1,N,A0059044924,+
613,1210971366895617,35,01 year(s) 00 month(s) 24 day(s),L1,Foster Trial Adoption,Trial Adoption,L1,N,A0059044924,+
614,1210971366895625,35,01 year(s) 00 month(s) 24 day(s),L1,Foster Trial Adoption,Trial Adoption,L1,N,A0059044924,+
615,1210956513481148,34,07 year(s) 00 month(s) 27 day(s),L1,Foster Foster Home,Available,L1,M,A0059032318,+
616,1210956513701847,34,07 year(s) 00 month(s) 27 day(s),L1,Foster Foster Home,Available,L1,M,A0059032318,+
617,1210956513701855,34,07 year(s) 00 month(s) 27 day(s),L1,Foster Foster Home,Available,L1,M,A0059032318,+
618,1210954253601825,66,,L3- SF/ BR,Foster Foster Home,Available,L3,M,A0059030332,-
619,1210954253601851,66,,L3- SF/ BR,Foster Foster Home,Available,L3,M,A0059030332,-
620,1210954253529267,19,06 year(s) 00 month(s) 27 day(s),L2-SD,Foster Trial Adoption,Trial Adoption,L2,N,A0059028888,-
621,1210954253529285,19,06 year(s) 00 month(s) 27 day(s),L2-SD,Foster Trial Adoption,Trial Adoption,L2,N,A0059028888,-
622,1210954253529293,19,06 year(s) 00 month(s) 27 day(s),L2-SD,Foster Trial Adoption,Trial Adoption,L2,N,A0059028888,-
623,1210954177063763,0,04 year(s) 00 month(s) 29 day(s),STAFF ONLY,Dogs 203 5,Court,STAFF ONLY,S,A0059023455,
624,1210954177322793,0,04 year(s) 00 month(s) 29 day(s),STAFF ONLY,Dogs 203 5,Court,STAFF ONLY,S,A0059023455,
625,1210954177322801,0,04 year(s) 00 month(s) 29 day(s),STAFF ONLY,Dogs 203 5,Court,STAFF ONLY,S,A0059023455,
626,1210954502407214,40,01 year(s) 00 month(s) 28 day(s),L1,Dogs 502 5,Available,L1,M,A0059023440,-
627,1210954502407232,40,01 year(s) 00 month(s) 28 day(s),L1,Dogs 502 5,Available,L1,M,A0059023440,-
628,1210954502407240,40,01 year(s) 00 month(s) 28 day(s),L1,Dogs 502 5,Available,L1,M,A0059023440,-
629,1210945596166603,16,01 year(s) 06 month(s) 29 day(s),L1,Foster Trial Adoption,Trial Adoption,L1,S,A0059017730,-
630,1210945598384811,16,01 year(s) 06 month(s) 29 day(s),L1,Foster Trial Adoption,Trial Adoption,L1,S,A0059017730,-
631,1210945598384819,16,01 year(s) 06 month(s) 29 day(s),L1,Foster Trial Adoption,Trial Adoption,L1,S,A0059017730,-
632,1210934353996168,4,00 year(s) 02 month(s) 03 day(s),L1,Foster Foster Home,Cruelty Exam,L1,M,A0059007888,
633,1210934354735207,4,00 year(s) 02 month(s) 03 day(s),L1,Foster Foster Home,Cruelty Exam,L1,M,A0059007888,
634,1210934354735215,4,00 year(s) 02 month(s) 03 day(s),L1,Foster Foster Home,Cruelty Exam,L1,M,A0059007888,
635,1210934206215622,5,00 year(s) 02 month(s) 03 day(s),L1,Foster Foster Home,Rescue,L1,F,A0059007887,
636,1210934206215640,5,00 year(s) 02 month(s) 03 day(s),L1,Foster Foster Home,Rescue,L1,F,A0059007887,
637,1210934207078778,5,00 year(s) 02 month(s) 03 day(s),L1,Foster Foster Home,Rescue,L1,F,A0059007887,
638,1210934206080971,73,01 year(s) 06 month(s) 29 day(s),L2-BH,Foster Trial Adoption,Trial Adoption,L2,N,A0059004104,-
639,1210934206920909,73,01 year(s) 06 month(s) 29 day(s),L2-BH,Foster Trial Adoption,Trial Adoption,L2,N,A0059004104,-
640,1210934206920917,73,01 year(s) 06 month(s) 29 day(s),L2-BH,Foster Trial Adoption,Trial Adoption,L2,N,A0059004104,-
641,1210923860833471,33,00 year(s) 05 month(s) 26 day(s),L1,Foster Trial Adoption,Trial Adoption,L1,S,A0059004088,
642,1210923865507601,33,00 year(s) 05 month(s) 26 day(s),L1,Foster Trial Adoption,Trial Adoption,L1,S,A0059004088,
643,1210923865507609,33,00 year(s) 05 month(s) 26 day(s),L1,Foster Trial Adoption,Trial Adoption,L1,S,A0059004088,
644,1210923746432281,50,04 year(s) 01 month(s) 00 day(s),L1,Foster Foster Home,Available,L1,M,A0059004782,-
645,1210923748566813,50,04 year(s) 01 month(s) 00 day(s),L1,Foster Foster Home,Available,L1,M,A0059004782,-
646,1210923748566821,50,04 year(s) 01 month(s) 00 day(s),L1,Foster Foster Home,Available,L1,M,A0059004782,-
647,1210912477228135,24,00 year(s) 05 month(s) 00 day(s),L1,Foster Trial Adoption,Trial Adoption,L1,N,A0058998972,
648,1210912477459790,24,00 year(s) 05 month(s) 00 day(s),L1,Foster Trial Adoption,Trial Adoption,L1,N,A0058998972,
649,1210912477459798,24,00 year(s) 05 month(s) 00 day(s),L1,Foster Trial Adoption,Trial Adoption,L1,N,A0058998972,
650,1210912476026616,7,00 year(s) 04 month(s) 01 day(s),L1,Foster Foster Home,Available,L1,F,A0058994062,
651,1210912477132970,7,00 year(s) 04 month(s) 01 day(s),L1,Foster Foster Home,Available,L1,F,A0058994062,
652,1210912477132978,7,00 year(s) 04 month(s) 01 day(s),L1,Foster Foster Home,Available,L1,F,A0058994062,
653,1210912260629828,53,01 year(s) 01 month(s) 01 day(s),L1,Foster Friendly Finder,Available,L1,F,A0058994579,-
654,1210912260629846,53,01 year(s) 01 month(s) 01 day(s),L1,Foster Friendly Finder,Available,L1,F,A0058994579,-
655,1210912260629854,53,01 year(s) 01 month(s) 01 day(s),L1,Foster Friendly Finder,Available,L1,F,A0058994579,-
656,1210897289618275,13,00 year(s) 04 month(s) 03 day(s),L1,Foster Trial Adoption,Trial Adoption,L1,N,A0058987574,
657,1210897289618293,13,00 year(s) 04 month(s) 03 day(s),L1,Foster Trial Adoption,Trial Adoption,L1,N,A0058987574,
658,1210897289828660,13,00 year(s) 04 month(s) 03 day(s),L1,Foster Trial Adoption,Trial Adoption,L1,N,A0058987574,
659,1210894317148687,11,05 year(s) 01 month(s) 03 day(s),L1,Foster Trial Adoption,Trial Adoption,L1,S,A0058981445,-
660,1210894317239887,11,05 year(s) 01 month(s) 03 day(s),L1,Foster Trial Adoption,Trial Adoption,L1,S,A0058981445,-
661,1210894317239895,11,05 year(s) 01 month(s) 03 day(s),L1,Foster Trial Adoption,Trial Adoption,L1,S,A0058981445,-
662,1210894043448324,33,03 year(s) 01 month(s) 04 day(s),L1,Foster Trial Adoption,Trial Adoption,L1,N,A0058978189,+
663,1210894043514266,33,03 year(s) 01 month(s) 04 day(s),L1,Foster Trial Adoption,Trial Adoption,L1,N,A0058978189,+
664,1210894043514274,33,03 year(s) 01 month(s) 04 day(s),L1,Foster Trial Adoption,Trial Adoption,L1,N,A0058978189,+
665,1210885872676971,28,02 year(s) 01 month(s) 04 day(s),L1,Foster Trial Adoption,Trial Adoption,L1,S,A0058972245,-
666,1210885872676989,28,02 year(s) 01 month(s) 04 day(s),L1,Foster Trial Adoption,Trial Adoption,L1,S,A0058972245,-
667,1210885872676997,28,02 year(s) 01 month(s) 04 day(s),L1,Foster Trial Adoption,Trial Adoption,L1,S,A0058972245,-
668,1210885655168015,39,02 year(s) 01 month(s) 05 day(s),L1,Foster Foster Home,Available,L1,F,A0058970456,-
669,1210885655168033,39,02 year(s) 01 month(s) 05 day(s),L1,Foster Foster Home,Available,L1,F,A0058970456,-
670,1210885655168041,39,02 year(s) 01 month(s) 05 day(s),L1,Foster Foster Home,Available,L1,F,A0058970456,-
671,1210875371102312,51,05 year(s) 01 month(s) 05 day(s),L1,Foster Trial Adoption,Trial Adoption,L1,N,A0058968313,-
672,1210875371102330,51,05 year(s) 01 month(s) 05 day(s),L1,Foster Trial Adoption,Trial Adoption,L1,N,A0058968313,-
673,1210875371102338,51,05 year(s) 01 month(s) 05 day(s),L1,Foster Trial Adoption,Trial Adoption,L1,N,A0058968313,-
674,1210836809086551,12,05 year(s) 01 month(s) 08 day(s),L1,Foster Trial Adoption,Trial Adoption,L1,N,A0058932598,
675,1210836809086573,12,05 year(s) 01 month(s) 08 day(s),L1,Foster Trial Adoption,Trial Adoption,L1,N,A0058932598,
676,1210836809092351,12,05 year(s) 01 month(s) 08 day(s),L1,Foster Trial Adoption,Trial Adoption,L1,N,A0058932598,
677,1210828357947583,49,02 year(s) 01 month(s) 12 day(s),L1,Foster Trial Adoption,Trial Adoption,L1,S,A0058926674,+
678,1210828358189952,49,02 year(s) 01 month(s) 12 day(s),L1,Foster Trial Adoption,Trial Adoption,L1,S,A0058926674,+
679,1210807018958393,12,13 year(s) 01 month(s) 14 day(s),L1,Foster Foster Home,Available,L1,F,A0058915433,-
680,1210807018958415,12,13 year(s) 01 month(s) 14 day(s),L1,Foster Foster Home,Available,L1,F,A0058915433,-
681,1210807019285083,12,13 year(s) 01 month(s) 14 day(s),L1,Foster Foster Home,Available,L1,F,A0058915433,-
682,1210807017036494,6,00 year(s) 04 month(s) 14 day(s),L1,Foster Foster Home,Available,L1,M,A0058912690,
683,1210807018993723,6,00 year(s) 04 month(s) 14 day(s),L1,Foster Foster Home,Available,L1,M,A0058912690,
684,1210807018993733,6,00 year(s) 04 month(s) 14 day(s),L1,Foster Foster Home,Available,L1,M,A0058912690,
685,1210807087134713,0,00 year(s) 02 month(s) 12 day(s),,Foster Foster Home,Adopted,,F,A0058912893,
686,1210807087634689,0,00 year(s) 02 month(s) 12 day(s),,Foster Foster Home,Adopted,,F,A0058912893,
687,1210807087634699,0,00 year(s) 02 month(s) 12 day(s),,Foster Foster Home,Adopted,,F,A0058912893,
688,1210807086802738,4,00 year(s) 04 month(s) 14 day(s),L1,Foster Foster Home,Available,L1,M,A0058912886,
689,1210807087627971,4,00 year(s) 04 month(s) 14 day(s),L1,Foster Foster Home,Available,L1,M,A0058912886,
690,1210807087627981,4,00 year(s) 04 month(s) 14 day(s),L1,Foster Foster Home,Available,L1,M,A0058912886,
691,1210807004654127,5,00 year(s) 04 month(s) 14 day(s),L1,Foster Trial Adoption,Trial Adoption,L1,F,A0058912760,
692,1210807145732678,5,00 year(s) 04 month(s) 14 day(s),L1,Foster Trial Adoption,Trial Adoption,L1,F,A0058912760,
693,1210807145732688,5,00 year(s) 04 month(s) 14 day(s),L1,Foster Trial Adoption,Trial Adoption,L1,F,A0058912760,
694,1210807087360210,6,00 year(s) 04 month(s) 14 day(s),L1,Foster Foster Home,Available,L1,M,A0058912618,
695,1210807087360232,6,00 year(s) 04 month(s) 14 day(s),L1,Foster Foster Home,Available,L1,M,A0058912618,
696,1210807087422107,6,00 year(s) 04 month(s) 14 day(s),L1,Foster Foster Home,Available,L1,M,A0058912618,
697,1210807087144930,5,00 year(s) 04 month(s) 14 day(s),L1,Foster Trial Adoption,Trial Adoption,L1,F,A0058912660,
698,1210807087144952,5,00 year(s) 04 month(s) 14 day(s),L1,Foster Trial Adoption,Trial Adoption,L1,F,A0058912660,
699,1210807087408384,5,00 year(s) 04 month(s) 14 day(s),L1,Foster Trial Adoption,Trial Adoption,L1,F,A0058912660,
700,1210796433597224,59,01 year(s) 01 month(s) 14 day(s),L2-OA,Dogs 201 9,Court,L2,M,A0058902637,-
701,1210796437519667,59,01 year(s) 01 month(s) 14 day(s),L2-OA,Dogs 201 9,Court,L2,M,A0058902637,-
702,1210796437519677,59,01 year(s) 01 month(s) 14 day(s),L2-OA,Dogs 201 9,Court,L2,M,A0058902637,-
703,1210780960346446,38,00 year(s) 07 month(s) 16 day(s),L1,Foster Foster Home,Available,L1,F,A0058897336,-
704,1210780960451632,38,00 year(s) 07 month(s) 16 day(s),L1,Foster Foster Home,Available,L1,F,A0058897336,-
705,1210780960451642,38,00 year(s) 07 month(s) 16 day(s),L1,Foster Foster Home,Available,L1,F,A0058897336,-
706,1210780912866621,18,00 year(s) 04 month(s) 16 day(s),L1,Foster Trial Adoption,Trial Adoption,L1,N,A0058895707,
707,1210780913235612,18,00 year(s) 04 month(s) 16 day(s),L1,Foster Trial Adoption,Trial Adoption,L1,N,A0058895707,
708,1210780913235622,18,00 year(s) 04 month(s) 16 day(s),L1,Foster Trial Adoption,Trial Adoption,L1,N,A0058895707,
709,1210781089499286,9,00 year(s) 04 month(s) 16 day(s),L1,Foster Trial Adoption,Trial Adoption,L1,F,A0058895686,
710,1210781089650784,9,00 year(s) 04 month(s) 16 day(s),L1,Foster Trial Adoption,Trial Adoption,L1,F,A0058895686,
711,1210781089650794,9,00 year(s) 04 month(s) 16 day(s),L1,Foster Trial Adoption,Trial Adoption,L1,F,A0058895686,
712,1210780913159516,9,00 year(s) 04 month(s) 16 day(s),L1,Foster Trial Adoption,Trial Adoption,L1,M,A0058895697,
713,1210780913179336,9,00 year(s) 04 month(s) 16 day(s),L1,Foster Trial Adoption,Trial Adoption,L1,M,A0058895697,
714,1210780913179346,9,00 year(s) 04 month(s) 16 day(s),L1,Foster Trial Adoption,Trial Adoption,L1,M,A0058895697,
715,1210778572262111,22,00 year(s) 07 month(s) 18 day(s),L1,Foster Foster Home,Available,L1,M,A0058890026,-
716,1210778572564586,22,00 year(s) 07 month(s) 18 day(s),L1,Foster Foster Home,Available,L1,M,A0058890026,-
717,1210778572564596,22,00 year(s) 07 month(s) 18 day(s),L1,Foster Foster Home,Available,L1,M,A0058890026,-
718,1210778743591157,10,02 year(s) 01 month(s) 18 day(s),L2-SF,Foster Trial Adoption,Trial Adoption,L2,N,A0058888423,-
719,1210778743591179,10,02 year(s) 01 month(s) 18 day(s),L2-SF,Foster Trial Adoption,Trial Adoption,L2,N,A0058888423,-
720,1210778743699780,10,02 year(s) 01 month(s) 18 day(s),L2-SF,Foster Trial Adoption,Trial Adoption,L2,N,A0058888423,-
721,1210769775205797,24,00 year(s) 05 month(s) 17 day(s),L1,Foster Foster Home,Available,L1,M,A0058884826,
722,1210769775205819,24,00 year(s) 05 month(s) 17 day(s),L1,Foster Foster Home,Available,L1,M,A0058884826,
723,1210769775510098,24,00 year(s) 05 month(s) 17 day(s),L1,Foster Foster Home,Available,L1,M,A0058884826,
724,1210769910482667,3,00 year(s) 02 month(s) 30 day(s),L1,Foster Foster Home,Adopted,L1,F,A0058875691,
725,1210769911018707,3,00 year(s) 02 month(s) 30 day(s),L1,Foster Foster Home,Adopted,L1,F,A0058875691,
726,1210769911018717,3,00 year(s) 02 month(s) 30 day(s),L1,Foster Foster Home,Adopted,L1,F,A0058875691,
727,1210736990864382,17,00 year(s) 06 month(s) 21 day(s),L1,Foster Trial Adoption,Trial Adoption,L1,M,A0058857281,
728,1210736991110324,17,00 year(s) 06 month(s) 21 day(s),L1,Foster Trial Adoption,Trial Adoption,L1,M,A0058857281,
729,1210736991110334,17,00 year(s) 06 month(s) 21 day(s),L1,Foster Trial Adoption,Trial Adoption,L1,M,A0058857281,
730,1210737060094854,4,00 year(s) 03 month(s) 03 day(s),L1,Foster Foster Home,Available,L1,M,A0058856146,
731,1210737060094876,4,00 year(s) 03 month(s) 03 day(s),L1,Foster Foster Home,Available,L1,M,A0058856146,
732,1210737060562491,4,00 year(s) 03 month(s) 03 day(s),L1,Foster Foster Home,Available,L1,M,A0058856146,
733,1210721775076116,47,02 year(s) 01 month(s) 23 day(s),L2-OA,Dogs 302 3,Court,L2,M,A0058846624,-
734,1210721775316640,47,02 year(s) 01 month(s) 23 day(s),L2-OA,Dogs 302 3,Court,L2,M,A0058846624,-
735,1210721775316650,47,02 year(s) 01 month(s) 23 day(s),L2-OA,Dogs 302 3,Court,L2,M,A0058846624,-
736,1210721775186012,45,03 year(s) 01 month(s) 23 day(s),L2-H/SF,Dog ISO 153 B4,Court,L2,F,A0058846611,-
737,1210721775186034,45,03 year(s) 01 month(s) 23 day(s),L2-H/SF,Dog ISO 153 B4,Court,L2,F,A0058846611,-
738,1210721775317779,45,03 year(s) 01 month(s) 23 day(s),L2-H/SF,Dog ISO 153 B4,Court,L2,F,A0058846611,-
739,1210721859910768,37,03 year(s) 01 month(s) 24 day(s),L1,Foster Foster Home,Available,L1,S,A0058844546,+
740,1210721860162598,37,03 year(s) 01 month(s) 24 day(s),L1,Foster Foster Home,Available,L1,S,A0058844546,+
741,1210721860162608,37,03 year(s) 01 month(s) 24 day(s),L1,Foster Foster Home,Available,L1,S,A0058844546,+
742,1210692597024402,51,00 year(s) 11 month(s) 27 day(s),L1,Foster Trial Adoption,Trial Adoption,L1,N,A0058820414,-
743,1210692600849611,51,00 year(s) 11 month(s) 27 day(s),L1,Foster Trial Adoption,Trial Adoption,L1,N,A0058820414,-
744,1210692600849621,51,00 year(s) 11 month(s) 27 day(s),L1,Foster Trial Adoption,Trial Adoption,L1,N,A0058820414,-
745,1210623078689326,22,13 year(s) 02 month(s) 06 day(s),L1,Foster Trial Adoption,Trial Adoption,L1,N,A0058762449,-
746,1210623078689348,22,13 year(s) 02 month(s) 06 day(s),L1,Foster Trial Adoption,Trial Adoption,L1,N,A0058762449,-
747,1210623080671226,22,13 year(s) 02 month(s) 06 day(s),L1,Foster Trial Adoption,Trial Adoption,L1,N,A0058762449,-
748,1210607961612732,29,02 year(s) 02 month(s) 08 day(s),L1,Salon C3,Court,L1,F,A0058754236,-
749,1210607962002479,29,02 year(s) 02 month(s) 08 day(s),L1,Salon C3,Court,L1,F,A0058754236,-
750,1210607962002489,29,02 year(s) 02 month(s) 08 day(s),L1,Salon C3,Court,L1,F,A0058754236,-
751,1210607897565454,33,02 year(s) 02 month(s) 08 day(s),LS-SF,Dog ISO 155 B4,Court,,M,A0058754247,-
752,1210607897565476,33,02 year(s) 02 month(s) 08 day(s),LS-SF,Dog ISO 155 B4,Court,,M,A0058754247,-
753,1210607897572206,33,02 year(s) 02 month(s) 08 day(s),LS-SF,Dog ISO 155 B4,Court,,M,A0058754247,-
754,1210605849467063,36,02 year(s) 02 month(s) 08 day(s),L2-SF,Dog ISO 156 K2,Court,L2,M,A0058754218,-
755,1210605849467085,36,02 year(s) 02 month(s) 08 day(s),L2-SF,Dog ISO 156 K2,Court,L2,M,A0058754218,-
756,1210605849535244,36,02 year(s) 02 month(s) 08 day(s),L2-SF,Dog ISO 156 K2,Court,L2,M,A0058754218,-
757,1210605981701296,0,,STAFF ONLY,Dogs 302 6,Court,STAFF ONLY,M,A0058754202,
758,1210605981701318,0,,STAFF ONLY,Dogs 302 6,Court,STAFF ONLY,M,A0058754202,
759,1210605981708538,0,,STAFF ONLY,Dogs 302 6,Court,STAFF ONLY,M,A0058754202,
760,1210577922910280,14,00 year(s) 05 month(s) 07 day(s),L1,Foster Foster Home,Pending Medical Assessment/Treatment,L1,S,A0058730013,
761,1210577923491967,14,00 year(s) 05 month(s) 07 day(s),L1,Foster Foster Home,Pending Medical Assessment/Treatment,L1,S,A0058730013,
762,1210577923491977,14,00 year(s) 05 month(s) 07 day(s),L1,Foster Foster Home,Pending Medical Assessment/Treatment,L1,S,A0058730013,
763,1210577821519133,21,00 year(s) 05 month(s) 11 day(s),L1,Foster Foster Home,Available,L1,M,A0058728472,
764,1210577821519155,21,00 year(s) 05 month(s) 11 day(s),L1,Foster Foster Home,Available,L1,M,A0058728472,
765,1210577821553943,21,00 year(s) 05 month(s) 11 day(s),L1,Foster Foster Home,Available,L1,M,A0058728472,
766,1210577953699786,30,00 year(s) 05 month(s) 11 day(s),L1,Foster Foster Home,Available,L1,S,A0058728464,
767,1210577954323314,30,00 year(s) 05 month(s) 11 day(s),L1,Foster Foster Home,Available,L1,S,A0058728464,
768,1210577954323324,30,00 year(s) 05 month(s) 11 day(s),L1,Foster Foster Home,Available,L1,S,A0058728464,
769,1210577817769397,7,00 year(s) 02 month(s) 10 day(s),,Foster Foster Home,Under Age,,F,A0058695924,
770,1210577820883871,7,00 year(s) 02 month(s) 10 day(s),,Foster Foster Home,Under Age,,F,A0058695924,
771,1210577820883881,7,00 year(s) 02 month(s) 10 day(s),,Foster Foster Home,Under Age,,F,A0058695924,
772,1210577949286672,7,00 year(s) 02 month(s) 10 day(s),,Foster Foster Home,Under Age,,F,A0058695966,
773,1210577953605522,7,00 year(s) 02 month(s) 10 day(s),,Foster Foster Home,Under Age,,F,A0058695966,
774,1210577953605532,7,00 year(s) 02 month(s) 10 day(s),,Foster Foster Home,Under Age,,F,A0058695966,
775,1210577950912481,7,00 year(s) 02 month(s) 10 day(s),,Foster Foster Home,Under Age,,F,A0058695874,
776,1210577953658324,7,00 year(s) 02 month(s) 10 day(s),,Foster Foster Home,Under Age,,F,A0058695874,
777,1210577953658334,7,00 year(s) 02 month(s) 10 day(s),,Foster Foster Home,Under Age,,F,A0058695874,
778,1210566087857496,0,00 year(s) 02 month(s) 15 day(s),,Foster Foster Home,Court,,M,A0058716516,
779,1210566089199642,0,00 year(s) 02 month(s) 15 day(s),,Foster Foster Home,Court,,M,A0058716516,
780,1210566089199652,0,00 year(s) 02 month(s) 15 day(s),,Foster Foster Home,Court,,M,A0058716516,
781,1210549129548439,4,00 year(s) 02 month(s) 18 day(s),Kevin,Foster Foster Home,Court,,M,A0058700202,
782,1210549129548461,4,00 year(s) 02 month(s) 18 day(s),Kevin,Foster Foster Home,Court,,M,A0058700202,
783,1210549129594817,4,00 year(s) 02 month(s) 18 day(s),Kevin,Foster Foster Home,Court,,M,A0058700202,
784,1210549120562481,0,00 year(s) 02 month(s) 18 day(s),daisy,Foster Foster Home,Court,,F,A0058700182,
785,1210549120678757,0,00 year(s) 02 month(s) 18 day(s),daisy,Foster Foster Home,Court,,F,A0058700182,
786,1210549120678767,0,00 year(s) 02 month(s) 18 day(s),daisy,Foster Foster Home,Court,,F,A0058700182,
787,1210549120607899,67,05 year(s) 04 month(s) 22 day(s),L1,Dog ISO 153 B3,Court,L1,F,A0058256030,-
788,1210549120607921,67,05 year(s) 04 month(s) 22 day(s),L1,Dog ISO 153 B3,Court,L1,F,A0058256030,-
789,1210549120629494,67,05 year(s) 04 month(s) 22 day(s),L1,Dog ISO 153 B3,Court,L1,F,A0058256030,-
790,1210549120485400,0,00 year(s) 02 month(s) 18 day(s),Oliver,Foster Foster Home,Court,,M,A0058700175,
791,1210549120485422,0,00 year(s) 02 month(s) 18 day(s),Oliver,Foster Foster Home,Court,,M,A0058700175,
792,1210549120656688,0,00 year(s) 02 month(s) 18 day(s),Oliver,Foster Foster Home,Court,,M,A0058700175,
793,1210549129490716,0,00 year(s) 02 month(s) 18 day(s),Dexter,Mutternity 1,Court,,M,A0058700164,
794,1210549129490738,0,00 year(s) 02 month(s) 18 day(s),Dexter,Mutternity 1,Court,,M,A0058700164,
795,1210549129528005,0,00 year(s) 02 month(s) 18 day(s),Dexter,Mutternity 1,Court,,M,A0058700164,
796,1210549120579169,0,,,Foster Foster Home,Nursing Mom,,F,A0058695811,
797,1210549120579191,0,,,Foster Foster Home,Nursing Mom,,F,A0058695811,
798,1210549120631930,0,,,Foster Foster Home,Nursing Mom,,F,A0058695811,
799,1210517923213131,47,02 year(s) 02 month(s) 18 day(s),L2-SF,Foster Foster Home,Available,L2,F,A0058679072,-
800,1210517924353963,47,02 year(s) 02 month(s) 18 day(s),L2-SF,Foster Foster Home,Available,L2,F,A0058679072,-
801,1210517924353973,47,02 year(s) 02 month(s) 18 day(s),L2-SF,Foster Foster Home,Available,L2,F,A0058679072,-
802,1210490056932391,34,00 year(s) 07 month(s) 22 day(s),L1,Foster Foster Home,Available,L1,N,A0058658572,-
803,1210490057392091,34,00 year(s) 07 month(s) 22 day(s),L1,Foster Foster Home,Available,L1,N,A0058658572,-
804,1210490057392101,34,00 year(s) 07 month(s) 22 day(s),L1,Foster Foster Home,Available,L1,N,A0058658572,-
805,1210481321699480,65,05 year(s) 02 month(s) 23 day(s),L2-BH,Foster Foster Home,Available,L2,N,A0058646785,
806,1210481323153396,65,05 year(s) 02 month(s) 23 day(s),L2-BH,Foster Foster Home,Available,L2,N,A0058646785,
807,1210481323153406,65,05 year(s) 02 month(s) 23 day(s),L2-BH,Foster Foster Home,Available,L2,N,A0058646785,
808,1210469615564877,45,05 year(s) 02 month(s) 25 day(s),L2-SF,Foster Foster Home,Available,L2,N,A0058638515,-
809,1210469615676427,45,05 year(s) 02 month(s) 25 day(s),L2-SF,Foster Foster Home,Available,L2,N,A0058638515,-
810,1210469615676437,45,05 year(s) 02 month(s) 25 day(s),L2-SF,Foster Foster Home,Available,L2,N,A0058638515,-
811,1210469683788051,36,03 year(s) 02 month(s) 24 day(s),L1,Foster Foster Home,Available,L1,S,A0058637692,-
812,1210469685608004,36,03 year(s) 02 month(s) 24 day(s),L1,Foster Foster Home,Available,L1,S,A0058637692,-
813,1210469685608014,36,03 year(s) 02 month(s) 24 day(s),L1,Foster Foster Home,Available,L1,S,A0058637692,-
814,1210431149401712,48,02 year(s) 02 month(s) 29 day(s),L2-SF,Foster Foster Home,Available,L2,F,A0058615060,-
815,1210431149443192,48,02 year(s) 02 month(s) 29 day(s),L2-SF,Foster Foster Home,Available,L2,F,A0058615060,-
816,1210431149443202,48,02 year(s) 02 month(s) 29 day(s),L2-SF,Foster Foster Home,Available,L2,F,A0058615060,-
817,1210428761868693,51,06 year(s) 02 month(s) 29 day(s),L3-OA/BR,Foster Foster Home,Available,L3,F,A0058609148,-
818,1210428761868715,51,06 year(s) 02 month(s) 29 day(s),L3-OA/BR,Foster Foster Home,Available,L3,F,A0058609148,-
819,1210407998158311,55,02 year(s) 03 month(s) 00 day(s),L2 - OA/LR,Dog ISO 153 A7,Court,L2,M,A0058589648,-
820,1210408201632749,55,02 year(s) 03 month(s) 00 day(s),L2 - OA/LR,Dog ISO 153 A7,Court,L2,M,A0058589648,-
821,1210408201632759,55,02 year(s) 03 month(s) 00 day(s),L2 - OA/LR,Dog ISO 153 A7,Court,L2,M,A0058589648,-
822,1210408065292668,72,04 year(s) 03 month(s) 00 day(s),L3-SF,Dog ISO 155 A1,Court,L3,F,A0058589614,
823,1210408065292690,72,04 year(s) 03 month(s) 00 day(s),L3-SF,Dog ISO 155 A1,Court,L3,F,A0058589614,
824,1210408132539204,72,04 year(s) 03 month(s) 00 day(s),L3-SF,Dog ISO 155 A1,Court,L3,F,A0058589614,
825,1210408098516272,23,00 year(s) 07 month(s) 02 day(s),L1,Foster Foster Home,Court,L1,F,A0058579697,
826,1210408099919474,23,00 year(s) 07 month(s) 02 day(s),L1,Foster Foster Home,Court,L1,F,A0058579697,
827,1210408099919484,23,00 year(s) 07 month(s) 02 day(s),L1,Foster Foster Home,Court,L1,F,A0058579697,
828,1210408061942262,21,01 year(s) 00 month(s) 02 day(s),L1,Dog ISO 156 C7,Court,L1,F,A0058578550,-
829,1210408064736255,21,01 year(s) 00 month(s) 02 day(s),L1,Dog ISO 156 C7,Court,L1,F,A0058578550,-
830,1210408064736265,21,01 year(s) 00 month(s) 02 day(s),L1,Dog ISO 156 C7,Court,L1,F,A0058578550,-
831,1210408199961780,17,01 year(s) 00 month(s) 02 day(s),L1,Dog ISO 155 A4,Court,L1,F,A0058578397,-
832,1210408200703973,17,01 year(s) 00 month(s) 02 day(s),L1,Dog ISO 155 A4,Court,L1,F,A0058578397,-
833,1210408200703983,17,01 year(s) 00 month(s) 02 day(s),L1,Dog ISO 155 A4,Court,L1,F,A0058578397,-
834,1210407995245052,30,04 year(s) 03 month(s) 02 day(s),L2 - SF,Dog ISO 155 B1,Court,L2,M,A0058578335,-
835,1210408200683493,30,04 year(s) 03 month(s) 02 day(s),L2 - SF,Dog ISO 155 B1,Court,L2,M,A0058578335,-
836,1210408200683503,30,04 year(s) 03 month(s) 02 day(s),L2 - SF,Dog ISO 155 B1,Court,L2,M,A0058578335,-
837,1210408096611688,45,00 year(s) 07 month(s) 02 day(s),L1,Foster Foster Home,Court,L1,M,A0058579660,
838,1210408099707346,45,00 year(s) 07 month(s) 02 day(s),L1,Foster Foster Home,Court,L1,M,A0058579660,
839,1210408099707356,45,00 year(s) 07 month(s) 02 day(s),L1,Foster Foster Home,Court,L1,M,A0058579660,
840,1210408093478885,18,01 year(s) 00 month(s) 02 day(s),L1,Dog ISO 155 A3,Court,L1,F,A0058578487,-
841,1210408099698557,18,01 year(s) 00 month(s) 02 day(s),L1,Dog ISO 155 A3,Court,L1,F,A0058578487,-
842,1210408099698567,18,01 year(s) 00 month(s) 02 day(s),L1,Dog ISO 155 A3,Court,L1,F,A0058578487,-
843,1210408200271148,18,01 year(s) 00 month(s) 02 day(s),L1,Dog ISO 156 C6,Court,L1,F,A0058578454,-
844,1210408200696978,18,01 year(s) 00 month(s) 02 day(s),L1,Dog ISO 156 C6,Court,L1,F,A0058578454,-
845,1210408200696988,18,01 year(s) 00 month(s) 02 day(s),L1,Dog ISO 156 C6,Court,L1,F,A0058578454,-
846,1210408063884823,24,03 year(s) 03 month(s) 02 day(s),L1,Dog ISO 156 C8,Court,L1,M,A0058578305,-
847,1210408063884845,24,03 year(s) 03 month(s) 02 day(s),L1,Dog ISO 156 C8,Court,L1,M,A0058578305,-
848,1210408064366892,24,03 year(s) 03 month(s) 02 day(s),L1,Dog ISO 156 C8,Court,L1,M,A0058578305,-
849,1210408095843058,28,02 year(s) 03 month(s) 02 day(s),L1,Dog ISO 156 C4,Court,L1,M,A0058578173,-
850,1210408099485899,28,02 year(s) 03 month(s) 02 day(s),L1,Dog ISO 156 C4,Court,L1,M,A0058578173,-
851,1210408099485909,28,02 year(s) 03 month(s) 02 day(s),L1,Dog ISO 156 C4,Court,L1,M,A0058578173,-
852,1210408098517325,22,02 year(s) 03 month(s) 02 day(s),L1,Salon C2,Court,L1,F,A0058578273,-
853,1210408099488315,22,02 year(s) 03 month(s) 02 day(s),L1,Salon C2,Court,L1,F,A0058578273,-
854,1210408099488325,22,02 year(s) 03 month(s) 02 day(s),L1,Salon C2,Court,L1,F,A0058578273,-
855,1210408062325809,24,02 year(s) 03 month(s) 02 day(s),L1,Dog ISO 155 B2,Court,L1,F,A0058578208,-
856,1210408064354095,24,02 year(s) 03 month(s) 02 day(s),L1,Dog ISO 155 B2,Court,L1,F,A0058578208,-
857,1210408064354105,24,02 year(s) 03 month(s) 02 day(s),L1,Dog ISO 155 B2,Court,L1,F,A0058578208,-
858,1210408099383951,135,10 year(s) 03 month(s) 02 day(s),,Dogs 202 4,Court,,M,A0058578043,
859,1210408099383973,135,10 year(s) 03 month(s) 02 day(s),,Dogs 202 4,Court,,M,A0058578043,
860,1210408099417553,135,10 year(s) 03 month(s) 02 day(s),,Dogs 202 4,Court,,M,A0058578043,
861,1210408199919582,29,04 year(s) 03 month(s) 02 day(s),L2 - OA,Dog ISO 155 B1,Court,L2,M,A0058578010,-
862,1210408200281821,29,04 year(s) 03 month(s) 02 day(s),L2 - OA,Dog ISO 155 B1,Court,L2,M,A0058578010,-
863,1210408200281831,29,04 year(s) 03 month(s) 02 day(s),L2 - OA,Dog ISO 155 B1,Court,L2,M,A0058578010,-
864,1210408064070708,24,02 year(s) 03 month(s) 02 day(s),L1,Dog ISO 156 C5,Court,L1,F,A0058577981,-
865,1210408064128482,24,02 year(s) 03 month(s) 02 day(s),L1,Dog ISO 156 C5,Court,L1,F,A0058577981,-
866,1210408064128492,24,02 year(s) 03 month(s) 02 day(s),L1,Dog ISO 156 C5,Court,L1,F,A0058577981,-
867,1210408097307050,19,06 year(s) 03 month(s) 02 day(s),L1,Dog ISO 155 A2,Court,L1,F,A0058577947,-
868,1210408099272272,19,06 year(s) 03 month(s) 02 day(s),L1,Dog ISO 155 A2,Court,L1,F,A0058577947,-
869,1210408099272282,19,06 year(s) 03 month(s) 02 day(s),L1,Dog ISO 155 A2,Court,L1,F,A0058577947,-
870,1210408099223803,21,02 year(s) 03 month(s) 02 day(s),L1,Dog ISO 155 A2,Court,L1,F,A0058577922,-
871,1210408099223825,21,02 year(s) 03 month(s) 02 day(s),L1,Dog ISO 155 A2,Court,L1,F,A0058577922,-
872,1210408099282752,21,02 year(s) 03 month(s) 02 day(s),L1,Dog ISO 155 A2,Court,L1,F,A0058577922,-
873,1210408200206459,28,04 year(s) 03 month(s) 02 day(s),L1,Dog ISO 155 B3,Court,L1,F,A0058578124,-
874,1210408200291635,28,04 year(s) 03 month(s) 02 day(s),L1,Dog ISO 155 B3,Court,L1,F,A0058578124,-
875,1210408200291645,28,04 year(s) 03 month(s) 02 day(s),L1,Dog ISO 155 B3,Court,L1,F,A0058578124,-
876,1210408063983577,26,01 year(s) 09 month(s) 02 day(s),L1,Dog ISO 155 B2,Court,L1,F,A0058577894,-
877,1210408064039885,26,01 year(s) 09 month(s) 02 day(s),L1,Dog ISO 155 B2,Court,L1,F,A0058577894,-
878,1210408064039895,26,01 year(s) 09 month(s) 02 day(s),L1,Dog ISO 155 B2,Court,L1,F,A0058577894,-
879,1210408093833301,23,03 year(s) 03 month(s) 01 day(s),L1,Mutternity 1,Court,L1,S,A0058577837,-
880,1210408099080842,23,03 year(s) 03 month(s) 01 day(s),L1,Mutternity 1,Court,L1,S,A0058577837,-
881,1210408099080852,23,03 year(s) 03 month(s) 01 day(s),L1,Mutternity 1,Court,L1,S,A0058577837,-
882,1210408059850220,120,12 year(s) 03 month(s) 02 day(s),,Dogs 202 3,Court,,F,A0058577751,
883,1210408063949141,120,12 year(s) 03 month(s) 02 day(s),,Dogs 202 3,Court,,F,A0058577751,
884,1210408063949151,120,12 year(s) 03 month(s) 02 day(s),,Dogs 202 3,Court,,F,A0058577751,
885,1210408092589763,27,05 year(s) 03 month(s) 02 day(s),L1,Dog ISO 156 C3,Court,L1,M,A0058577807,-
886,1210408099074054,27,05 year(s) 03 month(s) 02 day(s),L1,Dog ISO 156 C3,Court,L1,M,A0058577807,-
887,1210408099074064,27,05 year(s) 03 month(s) 02 day(s),L1,Dog ISO 156 C3,Court,L1,M,A0058577807,-
888,1210408059754714,135,12 year(s) 03 month(s) 02 day(s),,Dogs 202 1,Court,,F,A0058577701,
889,1210408063950205,135,12 year(s) 03 month(s) 02 day(s),,Dogs 202 1,Court,,F,A0058577701,
890,1210408063950215,135,12 year(s) 03 month(s) 02 day(s),,Dogs 202 1,Court,,F,A0058577701,
891,1210359782108026,32,03 year(s) 03 month(s) 07 day(s),L1,Dogs 067 A2,Priority,L1,S,A0058548468,-
892,1210359784949966,32,03 year(s) 03 month(s) 07 day(s),L1,Dogs 067 A2,Priority,L1,S,A0058548468,-
893,1210359784949976,32,03 year(s) 03 month(s) 07 day(s),L1,Dogs 067 A2,Priority,L1,S,A0058548468,-
894,1210282669892808,56,01 year(s) 03 month(s) 11 day(s),L1,Foster Foster Home,Available,L1,S,A0058520937,-
895,1210282670398871,56,01 year(s) 03 month(s) 11 day(s),L1,Foster Foster Home,Available,L1,S,A0058520937,-
896,1210282670398881,56,01 year(s) 03 month(s) 11 day(s),L1,Foster Foster Home,Available,L1,S,A0058520937,-
897,1210280115891416,39,01 year(s) 01 month(s) 13 day(s),L2 - SF,Foster Foster Home,Available,L2,S,A0058515382,+
898,1210280115891438,39,01 year(s) 01 month(s) 13 day(s),L2 - SF,Foster Foster Home,Available,L2,S,A0058515382,+
899,1210280115935290,39,01 year(s) 01 month(s) 13 day(s),L2 - SF,Foster Foster Home,Available,L2,S,A0058515382,+
900,1210268699535026,45,00 year(s) 06 month(s) 14 day(s),L1,Foster Foster Home,Available,L1,M,A0058504121,
901,1210268839007638,45,00 year(s) 06 month(s) 14 day(s),L1,Foster Foster Home,Available,L1,M,A0058504121,
902,1210268839007648,45,00 year(s) 06 month(s) 14 day(s),L1,Foster Foster Home,Available,L1,M,A0058504121,
903,1210268787506672,9,00 year(s) 06 month(s) 14 day(s),L1,Foster Foster Home,Available,L1,M,A0058504117,
904,1210268789142543,9,00 year(s) 06 month(s) 14 day(s),L1,Foster Foster Home,Available,L1,M,A0058504117,
905,1210268789142553,9,00 year(s) 06 month(s) 14 day(s),L1,Foster Foster Home,Available,L1,M,A0058504117,
906,1210246644570701,68,09 year(s) 08 month(s) 02 day(s),A489149,Foster Foster Home,Available,,F,A0053303591,+
907,1210246644570723,68,09 year(s) 08 month(s) 02 day(s),A489149,Foster Foster Home,Available,,F,A0053303591,+
908,1210246644603955,68,09 year(s) 08 month(s) 02 day(s),A489149,Foster Foster Home,Available,,F,A0053303591,+
909,1210167861651807,28,00 year(s) 05 month(s) 05 day(s),L1,Foster Foster Home,Available,L1,N,A0058434499,
910,1210167864786984,28,00 year(s) 05 month(s) 05 day(s),L1,Foster Foster Home,Available,L1,N,A0058434499,
911,1210167864786994,28,00 year(s) 05 month(s) 05 day(s),L1,Foster Foster Home,Available,L1,N,A0058434499,
912,1210064333116091,46,03 year(s) 04 month(s) 06 day(s),STAFF ONLY,Dog ISO 153 A1,Court,STAFF ONLY,F,A0058334939,-
913,1210064333116113,46,03 year(s) 04 month(s) 06 day(s),STAFF ONLY,Dog ISO 153 A1,Court,STAFF ONLY,F,A0058334939,-
914,1210064333175803,46,03 year(s) 04 month(s) 06 day(s),STAFF ONLY,Dog ISO 153 A1,Court,STAFF ONLY,F,A0058334939,-
915,1210064191411053,51,02 year(s) 04 month(s) 05 day(s),L2-SF,Foster Foster Home,Available,L2,S,A0058360897,-
916,1210064191411075,51,02 year(s) 04 month(s) 05 day(s),L2-SF,Foster Foster Home,Available,L2,S,A0058360897,-
917,1210064191488008,51,02 year(s) 04 month(s) 05 day(s),L2-SF,Foster Foster Home,Available,L2,S,A0058360897,-
918,1210041042581664,38,03 year(s) 04 month(s) 07 day(s),L1,Foster Foster Home,Available,L1,S,A0058345198,-
919,1210041043325191,38,03 year(s) 04 month(s) 07 day(s),L1,Foster Foster Home,Available,L1,S,A0058345198,-
920,1210041043325201,38,03 year(s) 04 month(s) 07 day(s),L1,Foster Foster Home,Available,L1,S,A0058345198,-
921,1210029666920450,48,03 year(s) 04 month(s) 09 day(s),L1,Foster Foster Home,Available,L1,S,A0058338338,-
922,1210029667872725,48,03 year(s) 04 month(s) 09 day(s),L1,Foster Foster Home,Available,L1,S,A0058338338,-
923,1210029667872735,48,03 year(s) 04 month(s) 09 day(s),L1,Foster Foster Home,Available,L1,S,A0058338338,-
924,1209957776234964,53,05 year(s) 04 month(s) 17 day(s),L2 - SF,Foster Foster Home,Available,L2,M,A0058279327,+
925,1209957777346168,53,05 year(s) 04 month(s) 17 day(s),L2 - SF,Foster Foster Home,Available,L2,M,A0058279327,+
926,1209957777346178,53,05 year(s) 04 month(s) 17 day(s),L2 - SF,Foster Foster Home,Available,L2,M,A0058279327,+
927,1209907245964520,32,01 year(s) 04 month(s) 23 day(s),L1,Foster Foster Home,Available,L1,N,A0058256503,-
928,1209907245964542,32,01 year(s) 04 month(s) 23 day(s),L1,Foster Foster Home,Available,L1,N,A0058256503,-
929,1209907247067459,32,01 year(s) 04 month(s) 23 day(s),L1,Foster Foster Home,Available,L1,N,A0058256503,-
930,1209852419216671,50,02 year(s) 04 month(s) 28 day(s),STAFF ONLY,Dogs 201 1,Pending Behavior Assessment,STAFF ONLY,N,A0058216441,-
931,1209852420497978,50,02 year(s) 04 month(s) 28 day(s),STAFF ONLY,Dogs 201 1,Pending Behavior Assessment,STAFF ONLY,N,A0058216441,-
932,1209852420497988,50,02 year(s) 04 month(s) 28 day(s),STAFF ONLY,Dogs 201 1,Pending Behavior Assessment,STAFF ONLY,N,A0058216441,-
933,1209708688747189,67,04 year(s) 05 month(s) 12 day(s),STAFF ONLY,Dog ISO 153 B2,Court,STAFF ONLY,F,A0058029394,-
934,1209708688747211,67,04 year(s) 05 month(s) 12 day(s),STAFF ONLY,Dog ISO 153 B2,Court,STAFF ONLY,F,A0058029394,-
935,1209708688897920,67,04 year(s) 05 month(s) 12 day(s),STAFF ONLY,Dog ISO 153 B2,Court,STAFF ONLY,F,A0058029394,-
936,1209565222652385,16,03 year(s) 05 month(s) 25 day(s),L2-SF,Foster Foster Home,Court,L2,N,A0057949359,-
937,1209565226026609,16,03 year(s) 05 month(s) 25 day(s),L2-SF,Foster Foster Home,Court,L2,N,A0057949359,-
938,1209565226026619,16,03 year(s) 05 month(s) 25 day(s),L2-SF,Foster Foster Home,Court,L2,N,A0057949359,-
939,1209565222426244,12,04 year(s) 05 month(s) 25 day(s),L2-SF,Foster Foster Home,Court,L2,M,A0057949368,-
940,1209565226178873,12,04 year(s) 05 month(s) 25 day(s),L2-SF,Foster Foster Home,Court,L2,M,A0057949368,-
941,1209565226178883,12,04 year(s) 05 month(s) 25 day(s),L2-SF,Foster Foster Home,Court,L2,M,A0057949368,-
942,1209565127453501,13,12 year(s) 05 month(s) 25 day(s),L1,Foster Foster Home,Court,L1,S,A0057949341,-
943,1209565131710265,13,12 year(s) 05 month(s) 25 day(s),L1,Foster Foster Home,Court,L1,S,A0057949341,-
944,1209565131710275,13,12 year(s) 05 month(s) 25 day(s),L1,Foster Foster Home,Court,L1,S,A0057949341,-
945,1209565124384174,9,01 year(s) 05 month(s) 25 day(s),L1- OD,Foster Foster Home,Court,L1,F,A0057949322,-
946,1209565131716942,9,01 year(s) 05 month(s) 25 day(s),L1- OD,Foster Foster Home,Court,L1,F,A0057949322,-
947,1209565225651171,11,06 year(s) 03 month(s) 20 day(s),L1,Foster Foster Home,Court,L1,N,A0057949305,-
948,1209565225927182,11,06 year(s) 03 month(s) 20 day(s),L1,Foster Foster Home,Court,L1,N,A0057949305,-
949,1209565225927192,11,06 year(s) 03 month(s) 20 day(s),L1,Foster Foster Home,Court,L1,N,A0057949305,-
950,1209565130594181,10,03 year(s) 05 month(s) 25 day(s),L1,Foster Foster Home,Court,L1,N,A0057949290,-
951,1209565131734486,10,03 year(s) 05 month(s) 25 day(s),L1,Foster Foster Home,Court,L1,N,A0057949290,-
952,1209565131734496,10,03 year(s) 05 month(s) 25 day(s),L1,Foster Foster Home,Court,L1,N,A0057949290,-
953,1209565188763141,9,01 year(s) 01 month(s) 25 day(s),L1,Foster Foster Home,Court,L1,F,A0057949256,-
954,1209565188763163,9,01 year(s) 01 month(s) 25 day(s),L1,Foster Foster Home,Court,L1,F,A0057949256,-
955,1209565189980776,9,01 year(s) 01 month(s) 25 day(s),L1,Foster Foster Home,Court,L1,F,A0057949256,-
956,1209565128857873,11,03 year(s) 05 month(s) 25 day(s),L2-SF,Foster Foster Home,Court,L2,F,A0057949234,-
957,1209565131499119,11,03 year(s) 05 month(s) 25 day(s),L2-SF,Foster Foster Home,Court,L2,F,A0057949234,-
958,1209565131499129,11,03 year(s) 05 month(s) 25 day(s),L2-SF,Foster Foster Home,Court,L2,F,A0057949234,-
959,1209449543781550,49,02 year(s) 00 month(s) 08 day(s),L1,Dog ISO 153 A2,Court,L1,S,A0057877022,-
960,1209449544074314,49,02 year(s) 00 month(s) 08 day(s),L1,Dog ISO 153 A2,Court,L1,S,A0057877022,-
961,1209449544074324,49,02 year(s) 00 month(s) 08 day(s),L1,Dog ISO 153 A2,Court,L1,S,A0057877022,-
962,1209295929716899,63,02 year(s) 06 month(s) 15 day(s),L1,Foster Foster Home,Available,L1,N,A0057771723,-
963,1209295930398099,63,02 year(s) 06 month(s) 15 day(s),L1,Foster Foster Home,Available,L1,N,A0057771723,-
964,1209295930398109,63,02 year(s) 06 month(s) 15 day(s),L1,Foster Foster Home,Available,L1,N,A0057771723,-
965,1209295929537802,46,01 year(s) 06 month(s) 29 day(s),L2-JM/SF,Foster Foster Home,Available,L2,S,A0057747654,-
966,1209295930182648,46,01 year(s) 06 month(s) 29 day(s),L2-JM/SF,Foster Foster Home,Available,L2,S,A0057747654,-
967,1209239747017512,45,02 year(s) 10 month(s) 18 day(s),L1,Foster Foster Home,Available,L1,S,A0057054603,+
968,1209239747260759,45,02 year(s) 10 month(s) 18 day(s),L1,Foster Foster Home,Available,L1,S,A0057054603,+
969,1209239747260769,45,02 year(s) 10 month(s) 18 day(s),L1,Foster Foster Home,Available,L1,S,A0057054603,+
970,1209040730323604,57,02 year(s) 08 month(s) 03 day(s),L3- BH,Foster Foster Home,Available,L3,N,A0057510470,-
971,1209040730323626,57,02 year(s) 08 month(s) 03 day(s),L3- BH,Foster Foster Home,Available,L3,N,A0057510470,-
972,1208908582470542,35,03 year(s) 09 month(s) 00 day(s),L1,Foster Foster Home,Available,L1,N,A0057361999,-
973,1208908586775774,35,03 year(s) 09 month(s) 00 day(s),L1,Foster Foster Home,Available,L1,N,A0057361999,-
974,1208908586775784,35,03 year(s) 09 month(s) 00 day(s),L1,Foster Foster Home,Available,L1,N,A0057361999,-
975,1208829890389773,42,02 year(s) 09 month(s) 07 day(s),L1,Foster Foster Home,Available,L1,S,A0057321831,-
976,1208829891388425,42,02 year(s) 09 month(s) 07 day(s),L1,Foster Foster Home,Available,L1,S,A0057321831,-
977,1208829891388435,42,02 year(s) 09 month(s) 07 day(s),L1,Foster Foster Home,Available,L1,S,A0057321831,-
978,1208546763522544,54,04 year(s) 10 month(s) 14 day(s),,Foster Foster Home,Available,,S,A0057075321,+
979,1208546898686618,54,04 year(s) 10 month(s) 14 day(s),,Foster Foster Home,Available,,S,A0057075321,+
980,1208546691687756,54,04 year(s) 10 month(s) 14 day(s),,Foster Foster Home,Available,,S,A0057075321,+
981,1208526295993757,44,02 year(s) 10 month(s) 18 day(s),L1,Foster Foster Home,Available,L1,N,A0057053942,-
982,1208526295780891,44,02 year(s) 10 month(s) 18 day(s),L1,Foster Foster Home,Available,L1,N,A0057053942,-
983,1208526295780901,44,02 year(s) 10 month(s) 18 day(s),L1,Foster Foster Home,Available,L1,N,A0057053942,-
984,1208368017179621,66,04 year(s) 11 month(s) 07 day(s),L1,Foster Foster Home,Available,L1,S,A0056932246,+
985,1208368238886163,66,04 year(s) 11 month(s) 07 day(s),L1,Foster Foster Home,Available,L1,S,A0056932246,+
986,1208368238886173,66,04 year(s) 11 month(s) 07 day(s),L1,Foster Foster Home,Available,L1,S,A0056932246,+
987,1208327769262523,44,04 year(s) 11 month(s) 11 day(s),L2-H/SF,Dog ISO 153 A3,Court,L2,F,A0056890782,-
988,1208327770540917,44,04 year(s) 11 month(s) 11 day(s),L2-H/SF,Dog ISO 153 A3,Court,L2,F,A0056890782,-
989,1208327768761837,44,04 year(s) 11 month(s) 11 day(s),L2-H/SF,Dog ISO 153 A3,Court,L2,F,A0056890782,-
990,1207884213708149,52,04 year(s) 01 month(s) 06 day(s),L1,Foster Foster Home,Available,L1,S,A0056417577,-
991,1207884151979315,52,04 year(s) 01 month(s) 06 day(s),L1,Foster Foster Home,Available,L1,S,A0056417577,-
992,1207884118585166,52,04 year(s) 01 month(s) 06 day(s),L1,Foster Foster Home,Available,L1,S,A0056417577,-
993,1207884117931748,74,05 year(s) 01 month(s) 07 day(s),L1,Foster Foster Home,Available,L1,N,A0056408698,+
994,1207884117043770,74,05 year(s) 01 month(s) 07 day(s),L1,Foster Foster Home,Available,L1,N,A0056408698,+
995,1207753032981880,54,04 year(s) 01 month(s) 20 day(s),L1,Dog ISO 153 B7,Court,L1,M,A0056311122,-
996,1207752939664132,54,04 year(s) 01 month(s) 20 day(s),L1,Dog ISO 153 B7,Court,L1,M,A0056311122,-
997,1207753031976544,54,04 year(s) 01 month(s) 20 day(s),L1,Dog ISO 153 B7,Court,L1,M,A0056311122,-
998,1207752938249020,57,05 year(s) 01 month(s) 19 day(s),L2-OA,Dogs 201 4,Court,L2,M,A0056311149,-
999,1207752938220317,57,05 year(s) 01 month(s) 19 day(s),L2-OA,Dogs 201 4,Court,L2,M,A0056311149,-
1000,1207752938110862,57,05 year(s) 01 month(s) 19 day(s),L2-OA,Dogs 201 4,Court,L2,M,A0056311149,-
1001,1207753031028720,52,01 year(s) 07 month(s) 19 day(s),L1,Dog ISO 153 A6,Court,L1,M,A0056311153,-
1002,1207752938023773,52,01 year(s) 07 month(s) 19 day(s),L1,Dog ISO 153 A6,Court,L1,M,A0056311153,-
1003,1207752938074664,52,01 year(s) 07 month(s) 19 day(s),L1,Dog ISO 153 A6,Court,L1,M,A0056311153,-
1004,1207752937475930,49,05 year(s) 01 month(s) 23 day(s),L2-BR/OA,Dog ISO 153 A5,Court,L2,F,A0056311140,-
1005,1207752936989766,49,05 year(s) 01 month(s) 23 day(s),L2-BR/OA,Dog ISO 153 A5,Court,L2,F,A0056311140,-
1006,1207752982734929,49,05 year(s) 01 month(s) 23 day(s),L2-BR/OA,Dog ISO 153 A5,Court,L2,F,A0056311140,-
1007,1207752895961934,33,01 year(s) 09 month(s) 19 day(s),L3-OA,Dogs 201 3,Court,L3,M,A0056311133,-
1008,1207752937092154,33,01 year(s) 09 month(s) 19 day(s),L3-OA,Dogs 201 3,Court,L3,M,A0056311133,-
1009,1207752981511950,33,01 year(s) 09 month(s) 19 day(s),L3-OA,Dogs 201 3,Court,L3,M,A0056311133,-
1010,1207752895495950,67,08 year(s) 01 month(s) 19 day(s),L1,Foster Foster Home,Court,L1,F,A0056311137,-
1011,1207752895576454,67,08 year(s) 01 month(s) 19 day(s),L1,Foster Foster Home,Court,L1,F,A0056311137,-
1012,1207752981813355,67,08 year(s) 01 month(s) 19 day(s),L1,Foster Foster Home,Court,L1,F,A0056311137,-
1013,1207752893635824,63,05 year(s) 01 month(s) 19 day(s),L1,Dog ISO 153 A4,Court,L1,F,A0056311130,-
1014,1207752936345859,63,05 year(s) 01 month(s) 19 day(s),L1,Dog ISO 153 A4,Court,L1,F,A0056311130,-
1015,1207752894964869,57,04 year(s) 01 month(s) 19 day(s),L2 - SD/OA,Dogs 203 9,Court,L2,F,A0056311125,-
1016,1207752895346766,57,04 year(s) 01 month(s) 19 day(s),L2 - SD/OA,Dogs 203 9,Court,L2,F,A0056311125,-
1017,1207752894710014,57,04 year(s) 01 month(s) 19 day(s),L2 - SD/OA,Dogs 203 9,Court,L2,F,A0056311125,-
1018,1207461737538923,0,03 year(s) 09 month(s) 02 day(s),STAFF ONLY,Dogs 202 6,Court,STAFF ONLY,M,A0056039115,-
1019,1207461737601690,0,03 year(s) 09 month(s) 02 day(s),STAFF ONLY,Dogs 202 6,Court,STAFF ONLY,M,A0056039115,-
1020,1207461737224003,0,03 year(s) 09 month(s) 02 day(s),STAFF ONLY,Dogs 202 6,Court,STAFF ONLY,M,A0056039115,-
1021,1207450927686278,42,,,Foster Foster Home,Available,,N,A0056032086,-
1022,1207450810801058,42,,,Foster Foster Home,Available,,N,A0056032086,-
1023,1207450809636066,42,,,Foster Foster Home,Available,,N,A0056032086,-
1024,1206745361286994,44,04 year(s) 05 month(s) 17 day(s),L2-SF,Foster Foster Home,Available,L2,S,A0055454653,-
1025,1206304019705650,54,04 year(s) 05 month(s) 08 day(s),A889029  L2-BR/A,Foster Foster Home,Available,L2,N,A0053626387,-
1026,1206304019705665,54,04 year(s) 05 month(s) 08 day(s),A889029  L2-BR/A,Foster Foster Home,Available,L2,N,A0053626387,-
1027,1206096611300148,36,02 year(s) 08 month(s) 17 day(s),L2-OA,Foster Foster Home,Court,L2,S,A0054884374,-
1028,1206096622549566,36,02 year(s) 08 month(s) 17 day(s),L2-OA,Foster Foster Home,Court,L2,S,A0054884374,-
1029,1205458413534827,70,,,Foster Foster Home,Available,,N,A0054123479,-
1030,1205458413757420,70,,,Foster Foster Home,Available,,N,A0054123479,-
1031,1205458413757427,70,,,Foster Foster Home,Available,,N,A0054123479,-
1032,1211145514472362,46,03 year(s) 00 month(s) 04 day(s),L1,Dogs 079 B5,Priority,L1,M,A0059230095,+
1033,1211145514472372,46,03 year(s) 00 month(s) 04 day(s),L1,Dogs 079 B5,Priority,L1,M,A0059230095,+
1034,1211134273047908,36,02 year(s) 00 month(s) 04 day(s),L1,Dogs 068 A5,Identifying Info,L1,F,A0059229516,+
1035,1211134273079917,36,02 year(s) 00 month(s) 04 day(s),L1,Dogs 068 A5,Identifying Info,L1,F,A0059229516,+
1036,1211134865466922,36,02 year(s) 00 month(s) 04 day(s),L1,Dogs 068 B5,Identifying Info,L1,F,A0059229515,-
1037,1211134865466932,36,02 year(s) 00 month(s) 04 day(s),L1,Dogs 068 B5,Identifying Info,L1,F,A0059229515,-
1038,1211131564915193,27,01 year(s) 06 month(s) 06 day(s),L1,Dogs 088 A1,Available,L1,F,A0059224364,-
1039,1211131564915203,27,01 year(s) 06 month(s) 06 day(s),L1,Dogs 088 A1,Available,L1,F,A0059224364,-
1040,1211131133955167,29,02 year(s) 00 month(s) 06 day(s),L1,Dogs 067 A1,Available,L1,N,A0059221224,+
1041,1211131133955177,29,02 year(s) 00 month(s) 06 day(s),L1,Dogs 067 A1,Available,L1,N,A0059221224,+
1042,1211131564855028,81,02 year(s) 00 month(s) 05 day(s),L2-SF,Dogs 602 6,Available,L2,M,A0059211223,-
1043,1211131564855038,81,02 year(s) 00 month(s) 05 day(s),L2-SF,Dogs 602 6,Available,L2,M,A0059211223,-
1044,1211131564803189,74,02 year(s) 00 month(s) 05 day(s),L2-SF,Dogs 506 A3,Available,L2,F,A0059211166,-
1045,1211131564803199,74,02 year(s) 00 month(s) 05 day(s),L2-SF,Dogs 506 A3,Available,L2,F,A0059211166,-
1046,1211131564801036,42,01 year(s) 00 month(s) 06 day(s),L1,Dogs 066 B2,Available,L1,S,A0059217071,-
1047,1211131564810171,42,01 year(s) 00 month(s) 06 day(s),L1,Dogs 066 B2,Available,L1,S,A0059217071,-
1048,1211128175742199,53,00 year(s) 11 month(s) 06 day(s),L1,Puppy 47 3,Identifying Info,L1,M,A0059218047,-
1049,1211128175742209,53,00 year(s) 11 month(s) 06 day(s),L1,Puppy 47 3,Identifying Info,L1,M,A0059218047,-
1050,1211128280804669,39,01 year(s) 00 month(s) 06 day(s),L1,Dogs 606 A5,Available,L1,M,A0059223836,+
1051,1211128280804679,39,01 year(s) 00 month(s) 06 day(s),L1,Dogs 606 A5,Available,L1,M,A0059223836,+
1052,1211128280713450,54,03 year(s) 00 month(s) 06 day(s),L1,Dogs 603 A2,Identifying Info,L1,F,A0059218068,+
1053,1211128280713460,54,03 year(s) 00 month(s) 06 day(s),L1,Dogs 603 A2,Identifying Info,L1,F,A0059218068,+
1054,1211128449536060,54,02 year(s) 00 month(s) 07 day(s),L2-OA,Dogs 403 A2,Priority,L2,M,A0059209562,+
1055,1211128449536070,54,02 year(s) 00 month(s) 07 day(s),L2-OA,Dogs 403 A2,Priority,L2,M,A0059209562,+
1056,1211119632933102,53,02 year(s) 06 month(s) 08 day(s),L1,Dogs 306 B5,Available,L1,F,A0059217133,-
1057,1211119632933112,53,02 year(s) 06 month(s) 08 day(s),L1,Dogs 306 B5,Available,L1,F,A0059217133,-
1058,1211119355610367,65,08 year(s) 00 month(s) 08 day(s),L2-BR,Dogs 079 B6,Available,L2,M,A0059212500,+
1059,1211119355610377,65,08 year(s) 00 month(s) 08 day(s),L2-BR,Dogs 079 B6,Available,L2,M,A0059212500,+
1060,1211119355224276,33,02 year(s) 00 month(s) 08 day(s),L2-SF,Dogs 068 A1,Available,L2,F,A0059209048,-
1061,1211119355460164,33,02 year(s) 00 month(s) 08 day(s),L2-SF,Dogs 068 A1,Available,L2,F,A0059209048,-
1062,1211119631694091,63,03 year(s) 02 month(s) 18 day(s),A892389 L2-LB,Dogs 606 A6,Available,L2,N,A0053630131,-
1063,1211119631694101,63,03 year(s) 02 month(s) 18 day(s),A892389 L2-LB,Dogs 606 A6,Available,L2,N,A0053630131,-
1064,1211109320866071,22,05 year(s) 00 month(s) 08 day(s),L1,Dogs 067 B4,Adopted,L1,F,A0059208675,-
1065,1211109320866081,22,05 year(s) 00 month(s) 08 day(s),L1,Dogs 067 B4,Adopted,L1,F,A0059208675,-
1066,1211109350392023,45,04 year(s) 00 month(s) 08 day(s),L1,Dogs 081 B9,Priority,L1,F,A0059207050,-
1067,1211109350392033,45,04 year(s) 00 month(s) 08 day(s),L1,Dogs 081 B9,Priority,L1,F,A0059207050,-
1068,1211109219274305,93,04 year(s) 00 month(s) 08 day(s),L2-RG,Foster Trial Adoption,Trial Adoption,L2,N,A0059206576,+
1069,1211109219645202,93,04 year(s) 00 month(s) 08 day(s),L2-RG,Foster Trial Adoption,Trial Adoption,L2,N,A0059206576,+
1070,1211109350289858,36,01 year(s) 06 month(s) 08 day(s),L1,Dogs 406 B2,Available,L1,M,A0059205759,-
1071,1211109350289868,36,01 year(s) 06 month(s) 08 day(s),L1,Dogs 406 B2,Available,L1,M,A0059205759,-
1072,1211109319320094,35,00 year(s) 05 month(s) 08 day(s),L1,Dogs 306 B7,Available,L1,M,A0059205427,
1073,1211109320457073,35,00 year(s) 05 month(s) 08 day(s),L1,Dogs 306 B7,Available,L1,M,A0059205427,
1074,1211109218815230,40,00 year(s) 09 month(s) 09 day(s),L1,Dogs 088 B6,Available,L1,F,A0059201841,-
1075,1211109219370083,40,00 year(s) 09 month(s) 09 day(s),L1,Dogs 088 B6,Available,L1,F,A0059201841,-
1076,1211109349848916,36,03 year(s) 00 month(s) 09 day(s),L2-SF,Dogs 403 B6,Available,L2,M,A0059201452,+
1077,1211109350028328,36,03 year(s) 00 month(s) 09 day(s),L2-SF,Dogs 403 B6,Available,L2,M,A0059201452,+
1078,1211098092738658,30,01 year(s) 00 month(s) 09 day(s),L1,Dogs 506 B4,Available,L1,M,A0059201506,-
1079,1211098092738668,30,01 year(s) 00 month(s) 09 day(s),L1,Dogs 506 B4,Available,L1,M,A0059201506,-
1080,1211098025782954,52,05 year(s) 00 month(s) 10 day(s),L1,Dogs 503 A1,Available,L1,M,A0059193435,-
1081,1211098025782964,52,05 year(s) 00 month(s) 10 day(s),L1,Dogs 503 A1,Available,L1,M,A0059193435,-
1082,1211098092425544,34,00 year(s) 10 month(s) 10 day(s),L1,Dogs 067 B5,Available,L1,M,A0059187326,-
1083,1211098092425554,34,00 year(s) 10 month(s) 10 day(s),L1,Dogs 067 B5,Available,L1,M,A0059187326,-
1084,1211098117170285,39,02 year(s) 00 month(s) 10 day(s),L1,Dogs 088 B7,Available,L1,F,A0059194156,-
1085,1211098117196137,39,02 year(s) 00 month(s) 10 day(s),L1,Dogs 088 B7,Available,L1,F,A0059194156,-
1086,1211098092442150,39,04 year(s) 00 month(s) 11 day(s),L1,Clinic Clinic,Available,L1,S,A0059121527,+
1087,1211098092442160,39,04 year(s) 00 month(s) 11 day(s),L1,Clinic Clinic,Available,L1,S,A0059121527,+
1088,1211098092416823,36,01 year(s) 06 month(s) 11 day(s),L1,Dogs 081 A10,Priority,L1,F,A0059187897,-
1089,1211098092455549,36,01 year(s) 06 month(s) 11 day(s),L1,Dogs 081 A10,Priority,L1,F,A0059187897,-
1090,1211087277390096,38,05 year(s) 00 month(s) 10 day(s),L2-BR,Dogs 502 4,Available,L2,F,A0059193088,-
1091,1211087277427705,38,05 year(s) 00 month(s) 10 day(s),L2-BR,Dogs 502 4,Available,L2,F,A0059193088,-
1092,1211087275116228,55,02 year(s) 00 month(s) 10 day(s),L1,Dogs 088 A2,Available,L1,M,A0059192800,-
1093,1211087277254925,55,02 year(s) 00 month(s) 10 day(s),L1,Dogs 088 A2,Available,L1,M,A0059192800,-
1094,1211087328802442,50,03 year(s) 00 month(s) 04 day(s),L1,Dogs 066 A4,Available,L1,M,A0059188894,-
1095,1211087329786229,50,03 year(s) 00 month(s) 04 day(s),L1,Dogs 066 A4,Available,L1,M,A0059188894,-
1096,1211087560244479,37,00 year(s) 08 month(s) 10 day(s),L1,Dogs 088 B2,Available,L1,M,A0059188328,-
1097,1211087560244489,37,00 year(s) 08 month(s) 10 day(s),L1,Dogs 088 B2,Available,L1,M,A0059188328,-
1098,1211087275907304,51,00 year(s) 10 month(s) 11 day(s),L1,Dog Quarantine B4,Available,L1,M,A0059186726,-
1099,1211087275907314,51,00 year(s) 10 month(s) 11 day(s),L1,Dog Quarantine B4,Available,L1,M,A0059186726,-
1100,1211075138879749,76,08 year(s) 00 month(s) 12 day(s),L1,Flex 84,Priority,L1,M,A0059122741,-
1101,1211075138879759,76,08 year(s) 00 month(s) 12 day(s),L1,Flex 84,Priority,L1,M,A0059122741,-
1102,1211074981035703,58,02 year(s) 00 month(s) 13 day(s),L2 - SF,Dogs 406 B4,Available,L2,M,A0059121860,-
1103,1211074981035713,58,02 year(s) 00 month(s) 13 day(s),L2 - SF,Dogs 406 B4,Available,L2,M,A0059121860,-
1104,1211075266644457,59,02 year(s) 00 month(s) 12 day(s),L1,Dogs 306 B3,Available,L1,F,A0059121452,-
1105,1211075266644467,59,02 year(s) 00 month(s) 12 day(s),L1,Dogs 306 B3,Available,L1,F,A0059121452,-
1106,1211074980773555,92,08 year(s) 00 month(s) 11 day(s),L1,Dogs 306 A3,Available,L1,M,A0059109550,+
1107,1211074980915745,92,08 year(s) 00 month(s) 11 day(s),L1,Dogs 306 A3,Available,L1,M,A0059109550,+
1108,1211074980913146,84,06 year(s) 00 month(s) 11 day(s),L2 - SF,Dogs 603 A3,Available,L2,M,A0059109555,-
1109,1211074980913156,84,06 year(s) 00 month(s) 11 day(s),L2 - SF,Dogs 603 A3,Available,L2,M,A0059109555,-
1110,1211075138734863,49,07 year(s) 00 month(s) 09 day(s),L1,Dogs 079 B3,Available,L1,N,A0059117737,-
1111,1211075138734873,49,07 year(s) 00 month(s) 09 day(s),L1,Dogs 079 B3,Available,L1,N,A0059117737,-
1112,1211075138728864,72,09 year(s) 10 month(s) 12 day(s),L1,Flex 84,Available,L1,F,A0053303339,-
1113,1211075138728874,72,09 year(s) 10 month(s) 12 day(s),L1,Flex 84,Available,L1,F,A0053303339,-
1114,1211072316584736,41,01 year(s) 06 month(s) 12 day(s),L2-SF,Dogs 401 9,Available,L2,F,A0059123747,-
1115,1211072316584746,41,01 year(s) 06 month(s) 12 day(s),L2-SF,Dogs 401 9,Available,L2,F,A0059123747,-
1116,1211072316526865,30,00 year(s) 10 month(s) 12 day(s),L1,Foster Trial Adoption,Trial Adoption,L1,S,A0059122204,-
1117,1211072316526875,30,00 year(s) 10 month(s) 12 day(s),L1,Foster Trial Adoption,Trial Adoption,L1,S,A0059122204,-
1118,1211069988691941,59,03 year(s) 00 month(s) 13 day(s),L1,Dogs 081 B6,Available,L1,N,A0059117627,-
1119,1211069988691951,59,03 year(s) 00 month(s) 13 day(s),L1,Dogs 081 B6,Available,L1,N,A0059117627,-
1120,1211070039843578,33,12 year(s) 00 month(s) 14 day(s),L1,Foster Foster Home,Available,L1,F,A0059105531,-
1121,1211070039843588,33,12 year(s) 00 month(s) 14 day(s),L1,Foster Foster Home,Available,L1,F,A0059105531,-
1122,1211070094874046,28,00 year(s) 07 month(s) 14 day(s),L3-BH,Dogs 081 A2,Priority,L3,F,A0059106400,-
1123,1211070094874056,28,00 year(s) 07 month(s) 14 day(s),L3-BH,Dogs 081 A2,Priority,L3,F,A0059106400,-
1124,1211070094879193,52,06 year(s) 00 month(s) 16 day(s),L2-SF,Dogs 503 A4,Available,L2,S,A0059105707,-
1125,1211070094879203,52,06 year(s) 00 month(s) 16 day(s),L2-SF,Dogs 503 A4,Available,L2,S,A0059105707,-
1126,1211070039786515,54,01 year(s) 00 month(s) 14 day(s),L1,Dogs 402 5,Available,L1,M,A0059106761,-
1127,1211070039786525,54,01 year(s) 00 month(s) 14 day(s),L1,Dogs 402 5,Available,L1,M,A0059106761,-
1128,1211061538634223,55,01 year(s) 00 month(s) 13 day(s),L1,Dogs 406 A5,Available,L1,F,A0059114517,-
1129,1211061538634233,55,01 year(s) 00 month(s) 13 day(s),L1,Dogs 406 A5,Available,L1,F,A0059114517,-
1130,1211061446849265,35,01 year(s) 06 month(s) 13 day(s),L1,Foster Trial Adoption,Trial Adoption,L1,N,A0059114457,-
1131,1211061448033239,35,01 year(s) 06 month(s) 13 day(s),L1,Foster Trial Adoption,Trial Adoption,L1,N,A0059114457,-
1132,1211061538296445,65,,L3-SF,Dogs 201 7,Priority,L3,M,A0059113748,
1133,1211061538296455,65,,L3-SF,Dogs 201 7,Priority,L3,M,A0059113748,
1134,1211061447381809,37,06 year(s) 00 month(s) 18 day(s),L1,Dogs 303 B3,Available,L1,S,A0053630143,-
1135,1211061447661755,37,06 year(s) 00 month(s) 18 day(s),L1,Dogs 303 B3,Available,L1,S,A0053630143,-
1136,1211061537942635,70,03 year(s) 00 month(s) 15 day(s),L2-SF,Dogs 501 8,Available,L2,F,A0059110103,-
1137,1211061538053896,70,03 year(s) 00 month(s) 15 day(s),L2-SF,Dogs 501 8,Available,L2,F,A0059110103,-
1138,1211061578302190,34,00 year(s) 08 month(s) 13 day(s),L1,Dogs 406 A4,Available,L1,N,A0059108642,-
1139,1211061578334894,34,00 year(s) 08 month(s) 13 day(s),L1,Dogs 406 A4,Available,L1,N,A0059108642,-
1140,1211061535646216,41,02 year(s) 00 month(s) 14 day(s),L2-BR,Dogs 501 1,Priority,L2,F,A0059102342,-
1141,1211061537871152,41,02 year(s) 00 month(s) 14 day(s),L2-BR,Dogs 501 1,Priority,L2,F,A0059102342,-
1142,1211061537861761,53,02 year(s) 00 month(s) 13 day(s),L2-SF,Dogs 503 B5,Priority,L2,M,A0059105810,-
1143,1211061537861771,53,02 year(s) 00 month(s) 13 day(s),L2-SF,Dogs 503 B5,Priority,L2,M,A0059105810,-
1144,1211051633140537,47,05 year(s) 00 month(s) 14 day(s),L1,Dogs 081 A6,Available,L1,F,A0059104668,-
1145,1211051637125684,47,05 year(s) 00 month(s) 14 day(s),L1,Dogs 081 A6,Available,L1,F,A0059104668,-
1146,1211051636923743,62,08 year(s) 00 month(s) 14 day(s),L1 RN,Dogs 306 A4,Available,L1,M,A0059105728,-
1147,1211051636923753,62,08 year(s) 00 month(s) 14 day(s),L1 RN,Dogs 306 A4,Available,L1,M,A0059105728,-
1148,1211051785029155,35,05 year(s) 00 month(s) 15 day(s),L2-A,Dog Visiting 060 C1,Available,L2,F,A0059101291,-
1149,1211051785487294,35,05 year(s) 00 month(s) 15 day(s),L2-A,Dog Visiting 060 C1,Available,L2,F,A0059101291,-
1150,1211051785116555,27,00 year(s) 06 month(s) 14 day(s),L1,Dogs 068 A2,Available,L1,F,A0059101770,-
1151,1211051785205864,27,00 year(s) 06 month(s) 14 day(s),L1,Dogs 068 A2,Available,L1,F,A0059101770,-
1152,1211051785048757,58,05 year(s) 00 month(s) 15 day(s),L1,Dogs 079 B2,Available,L1,M,A0059101512,-
1153,1211051785048767,58,05 year(s) 00 month(s) 15 day(s),L1,Dogs 079 B2,Available,L1,M,A0059101512,-
1154,1211051749617966,65,05 year(s) 00 month(s) 14 day(s),L2-OA,Foster Foster Home,Available,L2,M,A0059101670,-
1155,1211051749617976,65,05 year(s) 00 month(s) 14 day(s),L2-OA,Foster Foster Home,Available,L2,M,A0059101670,-
1156,1211051784953913,74,02 year(s) 00 month(s) 15 day(s),L1,Dogs 401 5,Available,L1,M,A0059101393,-
1157,1211051784953923,74,02 year(s) 00 month(s) 15 day(s),L1,Dogs 401 5,Available,L1,M,A0059101393,-
1158,1211051784461607,40,00 year(s) 10 month(s) 16 day(s),L1,Foster Foster Home,Available,L1,F,A0059098998,+
1159,1211051784461617,40,00 year(s) 10 month(s) 16 day(s),L1,Foster Foster Home,Available,L1,F,A0059098998,+
1160,1211051784462317,59,10 year(s) 00 month(s) 15 day(s),L2 - A,Dogs 502 1,Priority,L2,N,A0059100213,-
1161,1211051784462327,59,10 year(s) 00 month(s) 15 day(s),L2 - A,Dogs 502 1,Priority,L2,N,A0059100213,-
1162,1211051748818857,22,00 year(s) 08 month(s) 16 day(s),L1,Small Animals C1,Available,L1,F,A0059091250,-
1163,1211051748818867,22,00 year(s) 08 month(s) 16 day(s),L1,Small Animals C1,Available,L1,F,A0059091250,-
1164,1211051784209207,23,00 year(s) 08 month(s) 16 day(s),L1,Foster Foster Home,Available,L1,M,A0059091185,-
1165,1211051784209217,23,00 year(s) 08 month(s) 16 day(s),L1,Foster Foster Home,Available,L1,M,A0059091185,-
1166,1211041340150346,67,04 year(s) 00 month(s) 16 day(s),L2 - SF,Dogs 401 1,Available,L2,S,A0059097186,-
1167,1211041340150356,67,04 year(s) 00 month(s) 16 day(s),L2 - SF,Dogs 401 1,Available,L2,S,A0059097186,-
1168,1211041696221369,47,04 year(s) 00 month(s) 16 day(s),L3 - SF,Dogs 081 B4,Priority,L3,M,A0059098443,
1169,1211041697995972,47,04 year(s) 00 month(s) 16 day(s),L3 - SF,Dogs 081 B4,Priority,L3,M,A0059098443,
1170,1211041697855300,73,03 year(s) 00 month(s) 16 day(s),L1,Dogs 306 A2,Available,L1,M,A0059096501,-
1171,1211041698002707,73,03 year(s) 00 month(s) 16 day(s),L1,Dogs 306 A2,Available,L1,M,A0059096501,-
1172,1211041340004153,81,08 year(s) 00 month(s) 16 day(s),L2 - SF,Dogs 601 1,Available,L2,M,A0059095840,-
1173,1211041340004163,81,08 year(s) 00 month(s) 16 day(s),L2 - SF,Dogs 601 1,Available,L2,M,A0059095840,-
1174,1211041339981027,30,00 year(s) 09 month(s) 16 day(s),L2 - OA,Foster Foster Home,Available,L2,N,A0059095523,-
1175,1211041339981037,30,00 year(s) 09 month(s) 16 day(s),L2 - OA,Foster Foster Home,Available,L2,N,A0059095523,-
1176,1211041697831599,43,04 year(s) 00 month(s) 16 day(s),L2 - SF,Dogs 406 A3,Available,L2,F,A0059096476,-
1177,1211041697874082,43,04 year(s) 00 month(s) 16 day(s),L2 - SF,Dogs 406 A3,Available,L2,F,A0059096476,-
1178,1211041349279553,53,00 year(s) 11 month(s) 16 day(s),L2 - OA,Dogs 603 B3,Priority,L2,M,A0059095636,
1179,1211041349279563,53,00 year(s) 11 month(s) 16 day(s),L2 - OA,Dogs 603 B3,Priority,L2,M,A0059095636,
1180,1211041694141100,33,00 year(s) 11 month(s) 16 day(s),L1,Foster Foster Home,Available,L1,N,A0059093171,-
1181,1211041697706335,33,00 year(s) 11 month(s) 16 day(s),L1,Foster Foster Home,Available,L1,N,A0059093171,-
1182,1211041339240947,59,03 year(s) 00 month(s) 16 day(s),L2 - BH,Dogs 066 B1,Available,L2,M,A0059093469,
1183,1211041339876230,59,03 year(s) 00 month(s) 16 day(s),L2 - BH,Dogs 066 B1,Available,L2,M,A0059093469,
1184,1211041349164840,51,00 year(s) 09 month(s) 16 day(s),L1,Foster Foster Home,Available,L1,S,A0059093794,-
1185,1211041349164850,51,00 year(s) 09 month(s) 16 day(s),L1,Foster Foster Home,Available,L1,S,A0059093794,-
1186,1211041338698186,31,00 year(s) 10 month(s) 17 day(s),L1,Dogs 088 A7,Available,L1,N,A0059090536,-
1187,1211041339764927,31,00 year(s) 10 month(s) 17 day(s),L1,Dogs 088 A7,Available,L1,N,A0059090536,-
1188,1211041697407746,33,00 year(s) 08 month(s) 17 day(s),L1,Dogs 067 B1,Available,L1,F,A0059083921,-
1189,1211041697407756,33,00 year(s) 08 month(s) 17 day(s),L1,Dogs 067 B1,Available,L1,F,A0059083921,-
1190,1211041697403038,0,,L3-BR/SF,Dogs 406 B5,Priority,L3,M,A0059089696,
1191,1211041697403048,0,,L3-BR/SF,Dogs 406 B5,Priority,L3,M,A0059089696,
1192,1211030051465613,47,04 year(s) 00 month(s) 15 day(s),L3-SF/A/ OD,Dogs 603 B2,Priority,L3,M,A0059089132,-
1193,1211030051465621,47,04 year(s) 00 month(s) 15 day(s),L3-SF/A/ OD,Dogs 603 B2,Priority,L3,M,A0059089132,-
1194,1211030051314674,45,01 year(s) 06 month(s) 15 day(s),L1,Dogs 606 B2,Available,L1,M,A0059089087,
1195,1211030051314682,45,01 year(s) 06 month(s) 15 day(s),L1,Dogs 606 B2,Available,L1,M,A0059089087,
1196,1211030050484977,41,00 year(s) 10 month(s) 17 day(s),L1,Dogs 088 B4,Available,L1,S,A0059087305,-
1197,1211030051166822,41,00 year(s) 10 month(s) 17 day(s),L1,Dogs 088 B4,Available,L1,S,A0059087305,-
1198,1211030051001592,38,03 year(s) 00 month(s) 18 day(s),L1,Dogs 067 A3,Available,L1,M,A0059080810,-
1199,1211030051001600,38,03 year(s) 00 month(s) 18 day(s),L1,Dogs 067 A3,Available,L1,M,A0059080810,-
1200,1211030050926182,45,05 year(s) 00 month(s) 11 day(s),L1,Dogs 079 B1,Available,L1,F,A0059083932,+
1201,1211030050926190,45,05 year(s) 00 month(s) 11 day(s),L1,Dogs 079 B1,Available,L1,F,A0059083932,+
1202,1211030050924010,30,00 year(s) 06 month(s) 17 day(s),L1,Foster Foster Home,Available,L1,M,A0059084840,-
1203,1211030050924018,30,00 year(s) 06 month(s) 17 day(s),L1,Foster Foster Home,Available,L1,M,A0059084840,-
1204,1211019213459923,48,02 year(s) 00 month(s) 13 day(s),L3-SF,Dogs 402 4,Priority,L3,M,A0059083104,+
1205,1211019213459931,48,02 year(s) 00 month(s) 13 day(s),L3-SF,Dogs 402 4,Priority,L3,M,A0059083104,+
1206,1211019133027486,38,01 year(s) 00 month(s) 19 day(s),L3-SD,Dogs 066 A1,Cites,L3,F,A0059080672,-
1207,1211019133027494,38,01 year(s) 00 month(s) 19 day(s),L3-SD,Dogs 066 A1,Cites,L3,F,A0059080672,-
1208,1211019132490108,40,02 year(s) 00 month(s) 19 day(s),L2-A,Featured Dogs 55,Priority,L2,F,A0059080643,-
1209,1211019133036455,40,02 year(s) 00 month(s) 19 day(s),L2-A,Featured Dogs 55,Priority,L2,F,A0059080643,-
1210,1211014874142204,37,01 year(s) 00 month(s) 19 day(s),L2-JM/RG,Foster Foster Home,Available,L2,M,A0059079264,-
1211,1211014874142212,37,01 year(s) 00 month(s) 19 day(s),L2-JM/RG,Foster Foster Home,Available,L2,M,A0059079264,-
1212,1211014874072435,52,07 year(s) 00 month(s) 19 day(s),L1,Foster Foster Home,Available,L1,F,A0059079840,-
1213,1211014874072443,52,07 year(s) 00 month(s) 19 day(s),L1,Foster Foster Home,Available,L1,F,A0059079840,-
1214,1211015221669817,72,08 year(s) 00 month(s) 20 day(s),L1,Foster Foster Home,Available,L1,F,A0059076639,+
1215,1211015221669825,72,08 year(s) 00 month(s) 20 day(s),L1,Foster Foster Home,Available,L1,F,A0059076639,+
1216,1211015221649920,47,02 year(s) 00 month(s) 21 day(s),L2-OA,Foster Foster Home,Available,L2,F,A0059069956,-
1217,1211015221649928,47,02 year(s) 00 month(s) 21 day(s),L2-OA,Foster Foster Home,Available,L2,F,A0059069956,-
1218,1211015221644628,45,01 year(s) 06 month(s) 20 day(s),L2 - SF,Dogs 068 B3,Available,L2,F,A0059076505,-
1219,1211015221644636,45,01 year(s) 06 month(s) 20 day(s),L2 - SF,Dogs 068 B3,Available,L2,F,A0059076505,-
1220,1211014743768548,48,03 year(s) 00 month(s) 21 day(s),L3-SF,Dogs 081 A7,Priority,L3,M,A0059073119,
1221,1211014743881452,48,03 year(s) 00 month(s) 21 day(s),L3-SF,Dogs 081 A7,Priority,L3,M,A0059073119,
1222,1211012897313129,32,01 year(s) 00 month(s) 20 day(s),L1,Foster Foster Home,Available,L1,F,A0059072898,-
1223,1211012897313137,32,01 year(s) 00 month(s) 20 day(s),L1,Foster Foster Home,Available,L1,F,A0059072898,-
1224,1211012549293993,44,02 year(s) 00 month(s) 20 day(s),L1,Dogs 303 B3,Available,L1,F,A0059071245,-
1225,1211012549294001,44,02 year(s) 00 month(s) 20 day(s),L1,Dogs 303 B3,Available,L1,F,A0059071245,-
1226,1211012549304815,45,05 year(s) 00 month(s) 20 day(s),L1,Dog Quarantine A6,Available,L1,F,A0059070942,-
1227,1211012549304823,45,05 year(s) 00 month(s) 20 day(s),L1,Dog Quarantine A6,Available,L1,F,A0059070942,-
1228,1211012673008700,67,10 year(s) 00 month(s) 21 day(s),L1,Dogs 306 A6,Priority,L1,N,A0059068907,+
1229,1211012673008708,67,10 year(s) 00 month(s) 21 day(s),L1,Dogs 306 A6,Priority,L1,N,A0059068907,+
1230,1211012672840643,39,02 year(s) 00 month(s) 14 day(s),L3-SF,Dogs 601 3,Priority,L3,M,A0059061882,-
1231,1211012672985352,39,02 year(s) 00 month(s) 14 day(s),L3-SF,Dogs 601 3,Priority,L3,M,A0059061882,-
1232,1211012897184270,23,00 year(s) 04 month(s) 20 day(s),L1,Flex 82,Available,L1,S,A0059069721,-
1233,1211012897184278,23,00 year(s) 04 month(s) 20 day(s),L1,Flex 82,Available,L1,S,A0059069721,-
1234,1211012897204916,59,03 year(s) 00 month(s) 20 day(s),L1,Flex 82,Available,L1,S,A0059069720,+
1235,1211012897204924,59,03 year(s) 00 month(s) 20 day(s),L1,Flex 82,Available,L1,S,A0059069720,+
1236,1211012897134277,0,,L3-SF,Dogs 303 B2,Priority,L3,M,A0059061555,
1237,1211012897222824,0,,L3-SF,Dogs 303 B2,Priority,L3,M,A0059061555,
1238,1211004243782826,54,02 year(s) 00 month(s) 21 day(s),L1,Foster Foster Home,Available,L1,F,A0059068647,-
1239,1211004244857761,54,02 year(s) 00 month(s) 21 day(s),L1,Foster Foster Home,Available,L1,F,A0059068647,-
1240,1211003907333821,49,12 year(s) 00 month(s) 21 day(s),L1,Dogs 079 A3,Priority,L1,F,A0059069137,+
1241,1211003907333829,49,12 year(s) 00 month(s) 21 day(s),L1,Dogs 079 A3,Priority,L1,F,A0059069137,+
1242,1211003906597790,41,03 year(s) 00 month(s) 21 day(s),L1,Foster Foster Home,Available,L1,S,A0059069127,-
1243,1211003906597798,41,03 year(s) 00 month(s) 21 day(s),L1,Foster Foster Home,Available,L1,S,A0059069127,-
1244,1211004244519189,50,01 year(s) 07 month(s) 09 day(s),L1,Dog Quarantine A3,Available,L1,N,A0059064014,-
1245,1211004244519197,50,01 year(s) 07 month(s) 09 day(s),L1,Dog Quarantine A3,Available,L1,N,A0059064014,-
1246,1211003905753616,30,07 year(s) 00 month(s) 22 day(s),L1,Foster Trial Adoption,Trial Adoption,L1,S,A0059061467,-
1247,1211003906947113,30,07 year(s) 00 month(s) 22 day(s),L1,Foster Trial Adoption,Trial Adoption,L1,S,A0059061467,-
1248,1211004244356917,37,03 year(s) 00 month(s) 22 day(s),L1,Foster Foster Home,Available,L1,F,A0059061547,-
1249,1211004244356925,37,03 year(s) 00 month(s) 22 day(s),L1,Foster Foster Home,Available,L1,F,A0059061547,-
1250,1211004241363846,26,00 year(s) 06 month(s) 20 day(s),L1,Dogs 303 B6,Available,L1,M,A0059062583,-
1251,1211004244366102,26,00 year(s) 06 month(s) 20 day(s),L1,Dogs 303 B6,Available,L1,M,A0059062583,-
1252,1211003986569620,34,06 year(s) 00 month(s) 22 day(s),L3-SF,Foster Foster Home,Available,L3,M,A0059059299,-
1253,1211003986569628,34,06 year(s) 00 month(s) 22 day(s),L3-SF,Foster Foster Home,Available,L3,M,A0059059299,-
1254,1211003905120948,37,01 year(s) 00 month(s) 22 day(s),L2-SF,Dogs 066 B3,Available,L2,F,A0059057788,-
1255,1211003906791948,37,01 year(s) 00 month(s) 22 day(s),L2-SF,Dogs 066 B3,Available,L2,F,A0059057788,-
1256,1210993882638653,64,04 year(s) 09 month(s) 03 day(s),L1,Dogs 501 2,Priority,L1,M,A0059060477,-
1257,1210993882638661,64,04 year(s) 09 month(s) 03 day(s),L1,Dogs 501 2,Priority,L1,M,A0059060477,-
1258,1210994060369491,27,02 year(s) 00 month(s) 22 day(s),STAFF ONLY,Foster Trial Adoption,Trial Adoption,STAFF ONLY,N,A0059057737,+
1259,1210994060369499,27,02 year(s) 00 month(s) 22 day(s),STAFF ONLY,Foster Trial Adoption,Trial Adoption,STAFF ONLY,N,A0059057737,+
1260,1210993881161221,46,05 year(s) 00 month(s) 23 day(s),L2-SF,Dogs 602 2,Priority,L2,F,A0059053543,+
1261,1210993881161229,46,05 year(s) 00 month(s) 23 day(s),L2-SF,Dogs 602 2,Priority,L2,F,A0059053543,+
1262,1210994058953613,31,00 year(s) 08 month(s) 23 day(s),L1,Dogs 502 C4,Available,L1,F,A0059053506,-
1263,1210994059716384,31,00 year(s) 08 month(s) 23 day(s),L1,Dogs 502 C4,Available,L1,F,A0059053506,-
1264,1210993991410073,36,03 year(s) 00 month(s) 23 day(s),L2-SF,Dogs 067 B3,Available,L2,M,A0059048069,-
1265,1210993991410081,36,03 year(s) 00 month(s) 23 day(s),L2-SF,Dogs 067 B3,Available,L2,M,A0059048069,-
1266,1210993880962936,40,03 year(s) 00 month(s) 24 day(s),L2-SF,Dogs 079 B4,Available,L2,F,A0059050743,-
1267,1210993880962944,40,03 year(s) 00 month(s) 24 day(s),L2-SF,Dogs 079 B4,Available,L2,F,A0059050743,-
1268,1210993880907997,38,02 year(s) 00 month(s) 08 day(s),L1-2025009795,Dogs 081 A9,Available,L1,F,A0059047525,-
1269,1210993880908005,38,02 year(s) 00 month(s) 08 day(s),L1-2025009795,Dogs 081 A9,Available,L1,F,A0059047525,-
1270,1210994059370981,70,02 year(s) 00 month(s) 23 day(s),L1,Dogs 401 3,Available,L1,N,A0059045973,-
1271,1210994059370989,70,02 year(s) 00 month(s) 23 day(s),L1,Dogs 401 3,Available,L1,N,A0059045973,-
1272,1210994059344596,56,06 year(s) 00 month(s) 23 day(s),L1,Puppy 48 1,Priority,L1,N,A0059047527,-
1273,1210994059344604,56,06 year(s) 00 month(s) 23 day(s),L1,Puppy 48 1,Priority,L1,N,A0059047527,-
1274,1210993991346523,53,06 year(s) 00 month(s) 23 day(s),L1,Puppy 48 1,Priority,L1,F,A0059047534,-
1275,1210993991346531,53,06 year(s) 00 month(s) 23 day(s),L1,Puppy 48 1,Priority,L1,F,A0059047534,-
1276,1210993880845288,23,00 year(s) 06 month(s) 24 day(s),L1,Dogs 502 C2,Available,L1,F,A0059045111,-
1277,1210993880845296,23,00 year(s) 06 month(s) 24 day(s),L1,Dogs 502 C2,Available,L1,F,A0059045111,-
1278,1210993991136274,59,04 year(s) 00 month(s) 24 day(s),L2-SF,Foster Foster Home,Available,L2,F,A0059044513,+
1279,1210993991136282,59,04 year(s) 00 month(s) 24 day(s),L2-SF,Foster Foster Home,Available,L2,F,A0059044513,+
1280,1210993991134661,65,08 year(s) 06 month(s) 09 day(s),L1     A861954,Foster Foster Home,Available,L1,S,A0053600249,+
1281,1210993991134669,65,08 year(s) 06 month(s) 09 day(s),L1     A861954,Foster Foster Home,Available,L1,S,A0053600249,+
1282,1210993991189826,25,00 year(s) 07 month(s) 24 day(s),L1,Foster Foster Home,Available,L1,M,A0059045109,-
1283,1210993991189834,25,00 year(s) 07 month(s) 24 day(s),L1,Foster Foster Home,Available,L1,M,A0059045109,-
1284,1210971523907783,65,03 year(s) 00 month(s) 24 day(s),L1,Dogs 306 B6,Available,L1,N,A0059042443,-
1285,1210971523907791,65,03 year(s) 00 month(s) 24 day(s),L1,Dogs 306 B6,Available,L1,N,A0059042443,-
1286,1210971522907631,50,01 year(s) 00 month(s) 24 day(s),L1,Dogs 603 B4,Available,L1,M,A0059042315,-
1287,1210971523846281,50,01 year(s) 00 month(s) 24 day(s),L1,Dogs 603 B4,Available,L1,M,A0059042315,-
1288,1210971737494689,50,03 year(s) 00 month(s) 24 day(s),L1,Dogs 064 A3,Adopted,L1,M,A0059041470,-
1289,1210971737494697,50,03 year(s) 00 month(s) 24 day(s),L1,Dogs 064 A3,Adopted,L1,M,A0059041470,-
1290,1210971523300830,66,03 year(s) 00 month(s) 04 day(s),L1,Dog Pre/Post Op 138 2,Available,L1,M,A0059037447,-
1291,1210971523300838,66,03 year(s) 00 month(s) 04 day(s),L1,Dog Pre/Post Op 138 2,Available,L1,M,A0059037447,-
1292,1210971737087948,51,01 year(s) 00 month(s) 25 day(s),L1,Dogs 067 A4,Available,L1,M,A0059037942,-
1293,1210971737087956,51,01 year(s) 00 month(s) 25 day(s),L1,Dogs 067 A4,Available,L1,M,A0059037942,-
1294,1210959747114393,35,00 year(s) 08 month(s) 26 day(s),L3-SF,Foster Foster Home,Available,L3,M,A0059026165,-
1295,1210959747114401,35,00 year(s) 08 month(s) 26 day(s),L3-SF,Foster Foster Home,Available,L3,M,A0059026165,-
1296,1210959747120400,68,,L3- BR/ SF/ A,Dogs 402 1,Rescue,L3,M,A0059036321,+
1297,1210959747120408,68,,L3- BR/ SF/ A,Dogs 402 1,Rescue,L3,M,A0059036321,+
1298,1210956798204674,41,02 year(s) 00 month(s) 27 day(s),L1,Dogs 601 8,Available,L1,F,A0059031231,-
1299,1210956798204682,41,02 year(s) 00 month(s) 27 day(s),L1,Dogs 601 8,Available,L1,F,A0059031231,-
1300,1210956797922639,35,00 year(s) 09 month(s) 26 day(s),L1,Dogs 306 B1,Available,L1,F,A0059031986,-
1301,1210956797922647,35,00 year(s) 09 month(s) 26 day(s),L1,Dogs 306 B1,Available,L1,F,A0059031986,-
1302,1210956513458923,34,00 year(s) 08 month(s) 26 day(s),L1,Foster Foster Home,Available,L1,N,A0059033724,-
1303,1210956513458931,34,00 year(s) 08 month(s) 26 day(s),L1,Foster Foster Home,Available,L1,N,A0059033724,-
1304,1210956797553677,46,01 year(s) 00 month(s) 27 day(s),L1,Foster Trial Adoption,Trial Adoption,L1,N,A0059015809,-
1305,1210956797685288,46,01 year(s) 00 month(s) 27 day(s),L1,Foster Trial Adoption,Trial Adoption,L1,N,A0059015809,-
1306,1210956513244686,75,,L2-A,Dogs 066 A6,Available,L2,F,A0059020042,
1307,1210956513244694,75,,L2-A,Dogs 066 A6,Available,L2,F,A0059020042,
1308,1210954177705459,45,07 year(s) 00 month(s) 27 day(s),L1,Dogs 068 A3,Priority,L1,F,A0059027650,-
1309,1210954177705467,45,07 year(s) 00 month(s) 27 day(s),L1,Dogs 068 A3,Priority,L1,F,A0059027650,-
1310,1210954502822583,41,03 year(s) 00 month(s) 27 day(s),L1,Foster Trial Adoption,Trial Adoption,L1,M,A0059030945,-
1311,1210954502822591,41,03 year(s) 00 month(s) 27 day(s),L1,Foster Trial Adoption,Trial Adoption,L1,M,A0059030945,-
1312,1210954502562690,67,02 year(s) 00 month(s) 28 day(s),L1,Dogs 088 B9,Available,L1,M,A0059028091,-
1313,1210954502562698,67,02 year(s) 00 month(s) 28 day(s),L1,Dogs 088 B9,Available,L1,M,A0059028091,-
1314,1210954502596022,54,03 year(s) 00 month(s) 27 day(s),L2-BH,Dogs 081 A8,Adopted,L2,S,A0059026601,+
1315,1210954502618087,54,03 year(s) 00 month(s) 27 day(s),L2-BH,Dogs 081 A8,Adopted,L2,S,A0059026601,+
1316,1210954177459411,55,05 year(s) 00 month(s) 27 day(s),L1,Dogs 306 B2,Available,L1,M,A0059025512,-
1317,1210954177459419,55,05 year(s) 00 month(s) 27 day(s),L1,Dogs 306 B2,Available,L1,M,A0059025512,-
1318,1210954253341346,33,06 year(s) 00 month(s) 28 day(s),L1,Dogs 303 B1,Adopted,L1,F,A0059023830,-
1319,1210954253341354,33,06 year(s) 00 month(s) 28 day(s),L1,Dogs 303 B1,Adopted,L1,F,A0059023830,-
1320,1210945531127920,48,02 year(s) 00 month(s) 29 day(s),L2-SF,Dogs 501 4,Available,L2,M,A0059018919,-
1321,1210945531127928,48,02 year(s) 00 month(s) 29 day(s),L2-SF,Dogs 501 4,Available,L2,M,A0059018919,-
1322,1210945598250970,42,01 year(s) 00 month(s) 28 day(s),L2-SF,Foster Foster Home,Available,L2,M,A0059019474,-
1323,1210945598250978,42,01 year(s) 00 month(s) 28 day(s),L2-SF,Foster Foster Home,Available,L2,M,A0059019474,-
1324,1210945531131852,55,03 year(s) 00 month(s) 28 day(s),L2 - RG,Dogs 603 B6,Priority,L2,M,A0059018741,-
1325,1210945531131860,55,03 year(s) 00 month(s) 28 day(s),L2 - RG,Dogs 603 B6,Priority,L2,M,A0059018741,-
1326,1210945598389784,58,03 year(s) 00 month(s) 29 day(s),L1,Dogs 306 A1,Available,L1,N,A0059015488,-
1327,1210945598389792,58,03 year(s) 00 month(s) 29 day(s),L1,Dogs 306 A1,Available,L1,N,A0059015488,-
1328,1210934206855492,64,01 year(s) 06 month(s) 29 day(s),L1 - EA,Dogs 066 B6,Available,L1,M,A0059011050,-
1329,1210934207285835,64,01 year(s) 06 month(s) 29 day(s),L1 - EA,Dogs 066 B6,Available,L1,M,A0059011050,-
1330,1210934277986681,42,03 year(s) 00 month(s) 29 day(s),L2-A,Dogs 068 A4,Priority,L2,M,A0059008519,-
1331,1210934277986689,42,03 year(s) 00 month(s) 29 day(s),L2-A,Dogs 068 A4,Priority,L2,M,A0059008519,-
1332,1210934207113547,53,02 year(s) 00 month(s) 29 day(s),L1,Dogs 067 B2,Available,L1,F,A0059010208,-
1333,1210934207185983,53,02 year(s) 00 month(s) 29 day(s),L1,Dogs 067 B2,Available,L1,F,A0059010208,-
1334,1210934207073985,39,03 year(s) 00 month(s) 30 day(s),L1,Dogs 068 B4,Available,L1,M,A0059007743,-
1335,1210934207073993,39,03 year(s) 00 month(s) 30 day(s),L1,Dogs 068 B4,Available,L1,M,A0059007743,-
1336,1210934354486747,30,00 year(s) 09 month(s) 30 day(s),L1,Foster Foster Home,Available,L1,M,A0059007738,-
1337,1210934354625784,30,00 year(s) 09 month(s) 30 day(s),L1,Foster Foster Home,Available,L1,M,A0059007738,-
1338,1210934277310992,56,03 year(s) 00 month(s) 30 day(s),L2-SF,Dogs 501 9,Available,L2,M,A0058991756,-
1339,1210934277311000,56,03 year(s) 00 month(s) 30 day(s),L2-SF,Dogs 501 9,Available,L2,M,A0058991756,-
1340,1210934354404861,40,03 year(s) 00 month(s) 30 day(s),L3- SF/BR/RG,Dogs 306 B4,Priority,L3,F,A0059006048,
1341,1210934354474801,40,03 year(s) 00 month(s) 30 day(s),L3- SF/BR/RG,Dogs 306 B4,Priority,L3,F,A0059006048,
1342,1210934354070433,0,,L3- A/BH,Dogs 303 B6,Priority,L3,M,A0058999289,
1343,1210934354471143,0,,L3- A/BH,Dogs 303 B6,Priority,L3,M,A0058999289,
1344,1210923619061732,49,04 year(s) 00 month(s) 30 day(s),L1,Dogs 603 B5,Priority,L1,F,A0059005850,-
1345,1210923619061740,49,04 year(s) 00 month(s) 30 day(s),L1,Dogs 603 B5,Priority,L1,F,A0059005850,-
1346,1210923618134136,41,02 year(s) 00 month(s) 30 day(s),L1,Foster Foster Home,Available,L1,M,A0059006751,-
1347,1210923618883809,41,02 year(s) 00 month(s) 30 day(s),L1,Foster Foster Home,Available,L1,M,A0059006751,-
1348,1210923865579417,57,04 year(s) 00 month(s) 30 day(s),L1,Dogs 501 3,Available,L1,N,A0059005876,-
1349,1210923865579425,57,04 year(s) 00 month(s) 30 day(s),L1,Dogs 501 3,Available,L1,N,A0059005876,-
1350,1210923865542353,0,,L2-SF,Dogs 064 B3,Available,L2,M,A0059006004,
1351,1210923865542361,0,,L2-SF,Dogs 064 B3,Available,L2,M,A0059006004,
1352,1210923617030957,58,08 year(s) 00 month(s) 30 day(s),L1,Foster Foster Home,Available,L1,N,A0059005672,
1353,1210923618759289,58,08 year(s) 00 month(s) 30 day(s),L1,Foster Foster Home,Available,L1,N,A0059005672,
1354,1210923615721112,81,05 year(s) 01 month(s) 00 day(s),L1,Foster Trial Adoption,Trial Adoption,L1,S,A0058999342,-
1355,1210923618551862,81,05 year(s) 01 month(s) 00 day(s),L1,Foster Trial Adoption,Trial Adoption,L1,S,A0058999342,-
1356,1210923748405931,49,03 year(s) 01 month(s) 00 day(s),L1-EA,Dogs 606 B4,Available,L1,F,A0058999057,
1357,1210923748405939,49,03 year(s) 01 month(s) 00 day(s),L1-EA,Dogs 606 B4,Available,L1,F,A0058999057,
1358,1210923748434633,51,04 year(s) 01 month(s) 00 day(s),L1,Dogs 303 A1,Available,L1,M,A0058999518,-
1359,1210923748434641,51,04 year(s) 01 month(s) 00 day(s),L1,Dogs 303 A1,Available,L1,M,A0058999518,-
1360,1210923864166725,25,01 year(s) 00 month(s) 00 day(s),L2 - SF,Foster Foster Home,Available,L2,N,A0058996287,-
1361,1210923864166733,25,01 year(s) 00 month(s) 00 day(s),L2 - SF,Foster Foster Home,Available,L2,N,A0058996287,-
1362,1210912477318037,79,04 year(s) 00 month(s) 26 day(s),L1,Dogs 601 5,Available,L1,M,A0058998237,-
1363,1210912477318045,79,04 year(s) 00 month(s) 26 day(s),L1,Dogs 601 5,Available,L1,M,A0058998237,-
1364,1210912477324404,75,04 year(s) 01 month(s) 00 day(s),L1,Foster Foster Home,Available,L1,N,A0058998761,
1365,1210912477324412,75,04 year(s) 01 month(s) 00 day(s),L1,Foster Foster Home,Available,L1,N,A0058998761,
1366,1210912260897642,44,03 year(s) 01 month(s) 00 day(s),L2 - BR/LB,Foster Foster Home,Available,L2,M,A0058996759,-
1367,1210912262131049,44,03 year(s) 01 month(s) 00 day(s),L2 - BR/LB,Foster Foster Home,Available,L2,M,A0058996759,-
1368,1210912260724869,47,00 year(s) 09 month(s) 26 day(s),L1,Foster Foster Home,Available,L1,M,A0058993234,-
1369,1210912262043814,47,00 year(s) 09 month(s) 26 day(s),L1,Foster Foster Home,Available,L1,M,A0058993234,-
1370,1210912353560935,47,00 year(s) 11 month(s) 01 day(s),L2-SF,Dog Quarantine B6,Adopted,L2,M,A0058992977,-
1371,1210912353560943,47,00 year(s) 11 month(s) 01 day(s),L2-SF,Dog Quarantine B6,Adopted,L2,M,A0058992977,-
1372,1210912262029365,50,03 year(s) 01 month(s) 00 day(s),L1,Foster Trial Adoption,Trial Adoption,L1,S,A0058992970,-
1373,1210912262029373,50,03 year(s) 01 month(s) 00 day(s),L1,Foster Trial Adoption,Trial Adoption,L1,S,A0058992970,-
1374,1210912476981918,51,02 year(s) 01 month(s) 01 day(s),L2-BR/SF,Foster Trial Adoption,Trial Adoption,L2,S,A0058992373,-
1375,1210912476981926,51,02 year(s) 01 month(s) 01 day(s),L2-BR/SF,Foster Trial Adoption,Trial Adoption,L2,S,A0058992373,-
1376,1210897289866815,61,03 year(s) 01 month(s) 02 day(s),L2-BR,Foster Foster Home,Available,L2,M,A0058988613,-
1377,1210897289866823,61,03 year(s) 01 month(s) 02 day(s),L2-BR,Foster Foster Home,Available,L2,M,A0058988613,-
1378,1210897289769246,63,04 year(s) 01 month(s) 02 day(s),L1,Dogs 503 B2,Available,L1,M,A0058985496,+
1379,1210897289821722,63,04 year(s) 01 month(s) 02 day(s),L1,Dogs 503 B2,Available,L1,M,A0058985496,+
1380,1210897575822601,58,03 year(s) 01 month(s) 02 day(s),L1,Foster Trial Adoption,Trial Adoption,L1,S,A0058961542,-
1381,1210897575822609,58,03 year(s) 01 month(s) 02 day(s),L1,Foster Trial Adoption,Trial Adoption,L1,S,A0058961542,-
1382,1210897575824199,35,02 year(s) 01 month(s) 03 day(s),L2-SF,Dogs 067 A5,Available,L2,F,A0058985823,-
1383,1210897575824207,35,02 year(s) 01 month(s) 03 day(s),L2-SF,Dogs 067 A5,Available,L2,F,A0058985823,-
1384,1210894342028323,56,03 year(s) 01 month(s) 03 day(s),L1,Dogs 303 A6,Available,L1,M,A0058978654,-
1385,1210894342028331,56,03 year(s) 01 month(s) 03 day(s),L1,Dogs 303 A6,Available,L1,M,A0058978654,-
1386,1210894043317583,53,02 year(s) 01 month(s) 04 day(s),L1,Dogs 081 B5,Available,L1,N,A0058978213,-
1387,1210894043520189,53,02 year(s) 01 month(s) 04 day(s),L1,Dogs 081 B5,Available,L1,N,A0058978213,-
1388,1210894043497307,38,04 year(s) 01 month(s) 03 day(s),L1,Foster Trial Adoption,Trial Adoption,L1,F,A0058978246,+
1389,1210894043497315,38,04 year(s) 01 month(s) 03 day(s),L1,Foster Trial Adoption,Trial Adoption,L1,F,A0058978246,+
1390,1210885872123753,46,03 year(s) 01 month(s) 04 day(s),L1,Dogs 503 B1,Available,L1,F,A0058978092,-
1391,1210885872123761,46,03 year(s) 01 month(s) 04 day(s),L1,Dogs 503 B1,Available,L1,F,A0058978092,-
1392,1210885872713481,54,04 year(s) 01 month(s) 04 day(s),L1,Dogs 606 A4,Available,L1,S,A0058970953,-
1393,1210885872713489,54,04 year(s) 01 month(s) 04 day(s),L1,Dogs 606 A4,Available,L1,S,A0058970953,-
1394,1210885871896574,55,05 year(s) 01 month(s) 04 day(s),L1,Foster Foster Home,Available,L1,M,A0058972613,+
1395,1210885871896582,55,05 year(s) 01 month(s) 04 day(s),L1,Foster Foster Home,Available,L1,M,A0058972613,+
1396,1210885872639988,30,01 year(s) 01 month(s) 05 day(s),L2-BR/A,Foster Foster Home,Available,L2,N,A0058970450,-
1397,1210885872639996,30,01 year(s) 01 month(s) 05 day(s),L2-BR/A,Foster Foster Home,Available,L2,N,A0058970450,-
1398,1210885655085456,55,01 year(s) 01 month(s) 05 day(s),L2-SF,Dogs 601 2,Available,L2,M,A0058965409,-
1399,1210885655085464,55,01 year(s) 01 month(s) 05 day(s),L2-SF,Dogs 601 2,Available,L2,M,A0058965409,-
1400,1210885552592584,43,01 year(s) 07 month(s) 05 day(s),L1,Foster Trial Adoption,Trial Adoption,L1,N,A0058964495,-
1401,1210885552592592,43,01 year(s) 07 month(s) 05 day(s),L1,Foster Trial Adoption,Trial Adoption,L1,N,A0058964495,-
1402,1210875313895811,60,09 year(s) 01 month(s) 00 day(s),L3-SF,Foster Foster Home,Available,L3,F,A0058970141,-
1403,1210875314160085,60,09 year(s) 01 month(s) 00 day(s),L3-SF,Foster Foster Home,Available,L3,F,A0058970141,-
1404,1210875677204485,56,05 year(s) 01 month(s) 05 day(s),L1,Dogs 081 B8,Available,L1,F,A0058964897,+
1405,1210875677204493,56,05 year(s) 01 month(s) 05 day(s),L1,Dogs 081 B8,Available,L1,F,A0058964897,+
1406,1210875313901685,47,02 year(s) 01 month(s) 05 day(s),L1,Foster Trial Adoption,Trial Adoption,L1,N,A0058964571,-
1407,1210875313901693,47,02 year(s) 01 month(s) 05 day(s),L1,Foster Trial Adoption,Trial Adoption,L1,N,A0058964571,-
1408,1210875675015643,20,00 year(s) 08 month(s) 07 day(s),L1,Dogs 081 B7,Available,L1,M,A0058962398,-
1409,1210875675015651,20,00 year(s) 08 month(s) 07 day(s),L1,Dogs 081 B7,Available,L1,M,A0058962398,-
1410,1210875675575199,21,00 year(s) 08 month(s) 07 day(s),L1,Dogs 403 B1,Available,L1,M,A0058962394,-
1411,1210875677155177,21,00 year(s) 08 month(s) 07 day(s),L1,Dogs 403 B1,Available,L1,M,A0058962394,-
1412,1210864055581272,41,02 year(s) 01 month(s) 06 day(s),L2 - OA,Foster Foster Home,Available,L2,F,A0058956679,-
1413,1210864055581280,41,02 year(s) 01 month(s) 06 day(s),L2 - OA,Foster Foster Home,Available,L2,F,A0058956679,-
1414,1210863993810899,41,01 year(s) 01 month(s) 06 day(s),L2-SF,Dogs 306 A5,Available,L2,F,A0058961127,-
1415,1210863993810907,41,01 year(s) 01 month(s) 06 day(s),L2-SF,Dogs 306 A5,Available,L2,F,A0058961127,-
1416,1210863991783433,36,03 year(s) 01 month(s) 07 day(s),L1,Foster Trial Adoption,Trial Adoption,L1,N,A0058956717,-
1417,1210863993812623,36,03 year(s) 01 month(s) 07 day(s),L1,Foster Trial Adoption,Trial Adoption,L1,N,A0058956717,-
1418,1210864055344884,47,02 year(s) 01 month(s) 06 day(s),L1,Foster Foster Home,Trial Adoption,L1,N,A0058955722,-
1419,1210864055344892,47,02 year(s) 01 month(s) 06 day(s),L1,Foster Foster Home,Trial Adoption,L1,N,A0058955722,-
1420,1210864055338949,46,02 year(s) 07 month(s) 07 day(s),L1,Dogs 506 A2,Available,L1,S,A0058956070,-
1421,1210864055338957,46,02 year(s) 07 month(s) 07 day(s),L1,Dogs 506 A2,Available,L1,S,A0058956070,-
1422,1210863967232808,56,02 year(s) 01 month(s) 07 day(s),L1,Puppy 48 3,Available,L1,F,A0058953978,-
1423,1210863967232816,56,02 year(s) 01 month(s) 07 day(s),L1,Puppy 48 3,Available,L1,F,A0058953978,-
1424,1210864055204425,48,03 year(s) 01 month(s) 08 day(s),L1,Dogs 601 4,Available,L1,M,A0058952168,-
1425,1210864055204433,48,03 year(s) 01 month(s) 08 day(s),L1,Dogs 601 4,Available,L1,M,A0058952168,-
1426,1210863992854646,56,03 year(s) 01 month(s) 07 day(s),L1,Dogs 506 B5,Available,L1,F,A0058953982,+
1427,1210863992854654,56,03 year(s) 01 month(s) 07 day(s),L1,Dogs 506 B5,Available,L1,F,A0058953982,+
1428,1210853450454295,51,01 year(s) 01 month(s) 08 day(s),L1,Dogs 601 6,Available,L1,M,A0058950523,-
1429,1210853450454305,51,01 year(s) 01 month(s) 08 day(s),L1,Dogs 601 6,Available,L1,M,A0058950523,-
1430,1210853351733548,68,02 year(s) 01 month(s) 07 day(s),L1,Foster Foster Home,Available,L1,M,A0058950235,-
1431,1210853351733558,68,02 year(s) 01 month(s) 07 day(s),L1,Foster Foster Home,Available,L1,M,A0058950235,-
1432,1210853351399382,42,03 year(s) 01 month(s) 07 day(s),L1,Dogs 079 A6,Available,L1,F,A0058948812,-
1433,1210853351399392,42,03 year(s) 01 month(s) 07 day(s),L1,Dogs 079 A6,Available,L1,F,A0058948812,-
1434,1210853351398214,45,02 year(s) 01 month(s) 07 day(s),L1,Foster Trial Adoption,Trial Adoption,L1,M,A0058948806,
1435,1210853351398224,45,02 year(s) 01 month(s) 07 day(s),L1,Foster Trial Adoption,Trial Adoption,L1,M,A0058948806,
1436,1210842310437462,56,02 year(s) 01 month(s) 08 day(s),L1,Dogs 606 B6,Available,L1,M,A0058945559,-
1437,1210842310908783,56,02 year(s) 01 month(s) 08 day(s),L1,Dogs 606 B6,Available,L1,M,A0058945559,-
1438,1210842309990069,58,02 year(s) 01 month(s) 08 day(s),L2-A,Dogs 601 9,Priority,L2,N,A0058945194,-
1439,1210842309990079,58,02 year(s) 01 month(s) 08 day(s),L2-A,Dogs 601 9,Priority,L2,N,A0058945194,-
1440,1210842542885007,65,04 year(s) 01 month(s) 08 day(s),L2 - OA,Dogs 406 B3,Priority,L2,N,A0058937435,-
1441,1210842543461332,65,04 year(s) 01 month(s) 08 day(s),L2 - OA,Dogs 406 B3,Priority,L2,N,A0058937435,-
1442,1210842375203735,34,00 year(s) 11 month(s) 09 day(s),L2-SF,Dogs 602 1,Available,L2,F,A0058941410,-
1443,1210842375203745,34,00 year(s) 11 month(s) 09 day(s),L2-SF,Dogs 602 1,Available,L2,F,A0058941410,-
1444,1210838875546958,53,04 year(s) 01 month(s) 09 day(s),L2-SF,Foster Foster Home,Available,L2,M,A0058943849,+
1445,1210838770637022,48,08 year(s) 01 month(s) 09 day(s),L1,Foster Foster Home,Available,L1,F,A0058943866,+
1446,1210838770702903,48,08 year(s) 01 month(s) 09 day(s),L1,Foster Foster Home,Available,L1,F,A0058943866,+
1447,1210838981199551,39,03 year(s) 01 month(s) 09 day(s),L2-SF,Foster Foster Home,Available,L2,S,A0058943859,+
1448,1210838981324419,39,03 year(s) 01 month(s) 09 day(s),L2-SF,Foster Foster Home,Available,L2,S,A0058943859,+
1449,1210838981273632,39,02 year(s) 00 month(s) 07 day(s),L1,Foster Foster Home,Available,L1,S,A0058943403,+
1450,1210838981273642,39,02 year(s) 00 month(s) 07 day(s),L1,Foster Foster Home,Available,L1,S,A0058943403,+
1451,1210838875547212,60,03 year(s) 07 month(s) 10 day(s),L2-SF/BR,Dogs 602 3,Priority,L2,M,A0058940587,-
1452,1210838875547222,60,03 year(s) 07 month(s) 10 day(s),L2-SF/BR,Dogs 602 3,Priority,L2,M,A0058940587,-
1453,1210836875786689,76,04 year(s) 01 month(s) 10 day(s),L1,Foster Trial Adoption,Trial Adoption,L1,N,A0058935553,+
1454,1210836875786699,76,04 year(s) 01 month(s) 10 day(s),L1,Foster Trial Adoption,Trial Adoption,L1,N,A0058935553,+
1455,1210836875788948,53,03 year(s) 01 month(s) 10 day(s),L2-SF,Dog Quarantine B3,Available,L2,N,A0058936565,-
1456,1210836875788958,53,03 year(s) 01 month(s) 10 day(s),L2-SF,Dog Quarantine B3,Available,L2,N,A0058936565,-
1457,1210836875512543,32,06 year(s) 01 month(s) 09 day(s),L1,Foster Foster Home,Trial Adoption,L1,F,A0058938802,-
1458,1210836875512553,32,06 year(s) 01 month(s) 09 day(s),L1,Foster Foster Home,Trial Adoption,L1,F,A0058938802,-
1459,1210836809210428,49,01 year(s) 01 month(s) 10 day(s),L1,Dogs 506 A6,Available,L1,M,A0058937667,-
1460,1210836809210438,49,01 year(s) 01 month(s) 10 day(s),L1,Dogs 506 A6,Available,L1,M,A0058937667,-
1461,1210836875256208,44,01 year(s) 01 month(s) 11 day(s),L1,Dogs 081 B1,Available,L1,M,A0058933580,-
1462,1210836875256218,44,01 year(s) 01 month(s) 11 day(s),L1,Dogs 081 B1,Available,L1,M,A0058933580,-
1463,1210836875189000,79,05 year(s) 01 month(s) 10 day(s),L1,Foster Foster Home,Available,L1,N,A0058923804,-
1464,1210836875189010,79,05 year(s) 01 month(s) 10 day(s),L1,Foster Foster Home,Available,L1,N,A0058923804,-
1465,1210836808964460,65,02 year(s) 01 month(s) 10 day(s),L1,Foster Foster Home,Available,L1,M,A0058923968,-
1466,1210836808964470,65,02 year(s) 01 month(s) 10 day(s),L1,Foster Foster Home,Available,L1,M,A0058923968,-
1467,1210836875128653,55,03 year(s) 01 month(s) 11 day(s),L1,Dogs 503 B4,Available,L1,M,A0058932264,+
1468,1210836875144747,55,03 year(s) 01 month(s) 11 day(s),L1,Dogs 503 B4,Available,L1,M,A0058932264,+
1469,1210836808957327,43,04 year(s) 01 month(s) 10 day(s),L1,Foster Trial Adoption,Trial Adoption,L1,S,A0058923964,-
1470,1210836808957337,43,04 year(s) 01 month(s) 10 day(s),L1,Foster Trial Adoption,Trial Adoption,L1,S,A0058923964,-
1471,1210817415777952,71,03 year(s) 01 month(s) 13 day(s),L1,Dogs 506 B6,Available,L1,F,A0058923121,+
1472,1210817415777962,71,03 year(s) 01 month(s) 13 day(s),L1,Dogs 506 B6,Available,L1,F,A0058923121,+
1473,1210817412772497,76,02 year(s) 01 month(s) 13 day(s),L1,Foster Foster Home,Available,L1,M,A0058916541,-
1474,1210817415507843,76,02 year(s) 01 month(s) 13 day(s),L1,Foster Foster Home,Available,L1,M,A0058916541,-
1475,1210818231926087,71,05 year(s) 01 month(s) 12 day(s),L1,Foster Foster Home,Available,L1,S,A0058920051,-
1476,1210818231956402,71,05 year(s) 01 month(s) 12 day(s),L1,Foster Foster Home,Available,L1,S,A0058920051,-
1477,1210817332764081,50,05 year(s) 01 month(s) 13 day(s),L1,Foster Foster Home,Available,L1,N,A0058916889,-
1478,1210817332764091,50,05 year(s) 01 month(s) 13 day(s),L1,Foster Foster Home,Available,L1,N,A0058916889,-
1479,1210807087941509,42,04 year(s) 01 month(s) 13 day(s),L1,Foster Foster Home,Trial Adoption,L1,M,A0058916951,+
1480,1210807087941519,42,04 year(s) 01 month(s) 13 day(s),L1,Foster Foster Home,Trial Adoption,L1,M,A0058916951,+
1481,1210807087079011,72,02 year(s) 01 month(s) 14 day(s),L1,Dogs 506 B2,Available,L1,M,A0058908520,+
1482,1210807087079021,72,02 year(s) 01 month(s) 14 day(s),L1,Dogs 506 B2,Available,L1,M,A0058908520,+
1483,1210796316268848,54,,L3-A,Foster Trial Adoption,Trial Adoption,L3,N,A0058907750,-
1484,1210796316268858,54,,L3-A,Foster Trial Adoption,Trial Adoption,L3,N,A0058907750,-
1485,1210796531980533,60,05 year(s) 01 month(s) 15 day(s),L1,Dogs 603 B1,Available,L1,M,A0058901520,-
1486,1210796531980543,60,05 year(s) 01 month(s) 15 day(s),L1,Dogs 603 B1,Available,L1,M,A0058901520,-
1487,1210796315924156,36,03 year(s) 01 month(s) 15 day(s),L1,Dog Quarantine A1,Available,L1,M,A0058900557,+
1488,1210796315924166,36,03 year(s) 01 month(s) 15 day(s),L1,Dog Quarantine A1,Available,L1,M,A0058900557,+
1489,1210784069519976,50,02 year(s) 01 month(s) 16 day(s),L1 - EA,Dogs 606 B1,Priority,L1,F,A0058900098,-
1490,1210784069658895,50,02 year(s) 01 month(s) 16 day(s),L1 - EA,Dogs 606 B1,Priority,L1,F,A0058900098,-
1491,1210784193745822,71,07 year(s) 01 month(s) 16 day(s),L2-RG/OD,Foster Trial Adoption,Trial Adoption,L2,F,A0058892857,-
1492,1210784069218407,44,00 year(s) 10 month(s) 15 day(s),L1,Foster Trial Adoption,Trial Adoption,L1,S,A0058798244,-
1493,1210784069218417,44,00 year(s) 10 month(s) 15 day(s),L1,Foster Trial Adoption,Trial Adoption,L1,S,A0058798244,-
1494,1210781089685270,44,02 year(s) 01 month(s) 16 day(s),L2-SF,Dogs 401 6,Available,L2,F,A0058896193,-
1495,1210781089685280,44,02 year(s) 01 month(s) 16 day(s),L2-SF,Dogs 401 6,Available,L2,F,A0058896193,-
1496,1210781089595186,50,03 year(s) 01 month(s) 17 day(s),L2-SF,Foster Trial Adoption,Trial Adoption,L2,N,A0058886253,-
1497,1210781089595196,50,03 year(s) 01 month(s) 17 day(s),L2-SF,Foster Trial Adoption,Trial Adoption,L2,N,A0058886253,-
1498,1210781089571012,43,03 year(s) 01 month(s) 18 day(s),STAFF ONLY,Dogs 203 1,Bite Quarantine - Not Visible,STAFF ONLY,M,A0058892558,
1499,1210778743657561,49,02 year(s) 01 month(s) 17 day(s),L1,Dogs 403 A5,Available,L1,M,A0058886517,-
1500,1210778743699582,49,02 year(s) 01 month(s) 17 day(s),L1,Dogs 403 A5,Available,L1,M,A0058886517,-
1501,1210778620746131,54,04 year(s) 01 month(s) 18 day(s),L2-BH,Dogs 303 A3,Available,L2,S,A0058875618,+
1502,1210778620746141,54,04 year(s) 01 month(s) 18 day(s),L2-BH,Dogs 303 A3,Available,L2,S,A0058875618,+
1503,1210778572340929,51,01 year(s) 07 month(s) 18 day(s),L1,Foster Trial Adoption,Trial Adoption,L1,N,A0058880090,-
1504,1210778572340939,51,01 year(s) 07 month(s) 18 day(s),L1,Foster Trial Adoption,Trial Adoption,L1,N,A0058880090,-
1505,1210769793311404,41,03 year(s) 01 month(s) 18 day(s),L1,Dogs 088 B10,Available,L1,F,A0058881259,-
1506,1210769793311414,41,03 year(s) 01 month(s) 18 day(s),L1,Dogs 088 B10,Available,L1,F,A0058881259,-
1507,1210769775486488,51,05 year(s) 01 month(s) 17 day(s),L1,Dogs 406  B1,Available,L1,F,A0058883962,-
1508,1210769775486498,51,05 year(s) 01 month(s) 17 day(s),L1,Dogs 406  B1,Available,L1,F,A0058883962,-
1509,1210769792549313,50,02 year(s) 01 month(s) 18 day(s),L1,Foster Foster Home,Available,L1,M,A0058879473,+
1510,1210769792549323,50,02 year(s) 01 month(s) 18 day(s),L1,Foster Foster Home,Available,L1,M,A0058879473,+
1511,1210769792546313,58,06 year(s) 01 month(s) 17 day(s),L1,Receiving 130 20,Available,L1,F,A0058882547,+
1512,1210769792546323,58,06 year(s) 01 month(s) 17 day(s),L1,Receiving 130 20,Available,L1,F,A0058882547,+
1513,1210769775142876,43,03 year(s) 01 month(s) 18 day(s),L1,Foster Trial Adoption,Trial Adoption,L1,S,A0058879483,-
1514,1210769775142886,43,03 year(s) 01 month(s) 18 day(s),L1,Foster Trial Adoption,Trial Adoption,L1,S,A0058879483,-
1515,1210769791353694,50,03 year(s) 01 month(s) 18 day(s),L2 - SF,Foster Trial Adoption,Trial Adoption,L2,N,A0058786148,-
1516,1210769791833256,50,03 year(s) 01 month(s) 18 day(s),L2 - SF,Foster Trial Adoption,Trial Adoption,L2,N,A0058786148,-
1517,1210758504006628,55,02 year(s) 01 month(s) 19 day(s),L2 - RG,Foster Foster Home,Available,L2,F,A0058872755,-
1518,1210758504006638,55,02 year(s) 01 month(s) 19 day(s),L2 - RG,Foster Foster Home,Available,L2,F,A0058872755,-
1519,1210758503999288,52,00 year(s) 08 month(s) 20 day(s),L3-SF,Foster Foster Home,Available,L3,S,A0058870368,-
1520,1210758503999298,52,00 year(s) 08 month(s) 20 day(s),L3-SF,Foster Foster Home,Available,L3,S,A0058870368,-
1521,1210758736136410,50,06 year(s) 01 month(s) 20 day(s),L1,Foster Foster Home,Available,L1,N,A0058870423,-
1522,1210758736260494,50,06 year(s) 01 month(s) 20 day(s),L1,Foster Foster Home,Available,L1,N,A0058870423,-
1523,1210758437674092,40,00 year(s) 08 month(s) 20 day(s),L3-SF,Foster Foster Home,Available,L3,F,A0058870361,-
1524,1210758437674102,40,00 year(s) 08 month(s) 20 day(s),L3-SF,Foster Foster Home,Available,L3,F,A0058870361,-
1525,1210758437688238,57,05 year(s) 01 month(s) 19 day(s),L1,Dogs 503 B3,Available,L1,M,A0058871529,-
1526,1210758736129825,49,00 year(s) 08 month(s) 20 day(s),L3 - SF,Foster Trial Adoption,Trial Adoption,L3,N,A0058870343,-
1527,1210758736129835,49,00 year(s) 08 month(s) 20 day(s),L3 - SF,Foster Trial Adoption,Trial Adoption,L3,N,A0058870343,-
1528,1210758436040647,42,00 year(s) 08 month(s) 20 day(s),L3-SF,Foster Foster Home,Available,L3,F,A0058870352,-
1529,1210758437521340,42,00 year(s) 08 month(s) 20 day(s),L3-SF,Foster Foster Home,Available,L3,F,A0058870352,-
1530,1210747947526795,84,04 year(s) 01 month(s) 20 day(s),L1,Dogs 503 A5,Available,L1,M,A0058867555,+
1531,1210747947526805,84,04 year(s) 01 month(s) 20 day(s),L1,Dogs 503 A5,Available,L1,M,A0058867555,+
1532,1210748243577282,53,03 year(s) 01 month(s) 20 day(s),L1,Dogs 064 B2,Priority,L1,N,A0058864035,-
1533,1210748243577292,53,03 year(s) 01 month(s) 20 day(s),L1,Dogs 064 B2,Priority,L1,N,A0058864035,-
1534,1210747947064926,36,07 year(s) 01 month(s) 21 day(s),L1,Foster Foster Home,Available,L1,S,A0058855116,-
1535,1210747947242582,36,07 year(s) 01 month(s) 21 day(s),L1,Foster Foster Home,Available,L1,S,A0058855116,-
1536,1210747947153520,43,03 year(s) 01 month(s) 21 day(s),L1,Foster Trial Adoption,Trial Adoption,L1,S,A0058861302,-
1537,1210747947153530,43,03 year(s) 01 month(s) 21 day(s),L1,Foster Trial Adoption,Trial Adoption,L1,S,A0058861302,-
1538,1210736934743105,44,02 year(s) 01 month(s) 21 day(s),L1,Dogs 403 B4,Priority,L1,F,A0058859172,-
1539,1210736934865089,44,02 year(s) 01 month(s) 21 day(s),L1,Dogs 403 B4,Priority,L1,F,A0058859172,-
1540,1210737058733943,46,04 year(s) 01 month(s) 21 day(s),L2 - OA,Foster Foster Home,Available,L2,N,A0058858235,-
1541,1210737060702075,46,04 year(s) 01 month(s) 21 day(s),L2 - OA,Foster Foster Home,Available,L2,N,A0058858235,-
1542,1210736990722604,62,03 year(s) 01 month(s) 22 day(s),STAFF ONLY,Foster Foster Home,Available,STAFF ONLY,N,A0058857283,-
1543,1210736991127784,62,03 year(s) 01 month(s) 22 day(s),STAFF ONLY,Foster Foster Home,Available,STAFF ONLY,N,A0058857283,-
1544,1210737060469302,61,03 year(s) 01 month(s) 21 day(s),L2 - SF,Foster Foster Home,Available,L2,N,A0058855489,-
1545,1210737060636670,61,03 year(s) 01 month(s) 21 day(s),L2 - SF,Foster Foster Home,Available,L2,N,A0058855489,-
1546,1210736934524495,41,03 year(s) 01 month(s) 21 day(s),L3 - SF,Foster Foster Home,Available,L3,S,A0058856656,-
1547,1210736934524505,41,03 year(s) 01 month(s) 21 day(s),L3 - SF,Foster Foster Home,Available,L3,S,A0058856656,-
1548,1210736990701010,25,00 year(s) 09 month(s) 22 day(s),L1,Foster Foster Home,Available,L1,F,A0058853857,-
1549,1210736990736656,25,00 year(s) 09 month(s) 22 day(s),L1,Foster Foster Home,Available,L1,F,A0058853857,-
1550,1210724810857715,55,02 year(s) 01 month(s) 22 day(s),L2-BR,Foster Foster Home,Available,L2,F,A0058852011,-
1551,1210724810857725,55,02 year(s) 01 month(s) 22 day(s),L2-BR,Foster Foster Home,Available,L2,F,A0058852011,-
1552,1210721860241106,54,02 year(s) 01 month(s) 23 day(s),L2 - BR/OA,Foster Foster Home,Available,L2,F,A0058850516,-
1553,1210721860398186,54,02 year(s) 01 month(s) 23 day(s),L2 - BR/OA,Foster Foster Home,Available,L2,F,A0058850516,-
1554,1210721775269531,65,03 year(s) 01 month(s) 23 day(s),L1,Dogs 079 A4,Priority,L1,F,A0058848637,+
1555,1210721775297669,65,03 year(s) 01 month(s) 23 day(s),L1,Dogs 079 A4,Priority,L1,F,A0058848637,+
1556,1210721740431360,50,02 year(s) 01 month(s) 23 day(s),L1,Foster Foster Home,Available,L1,M,A0058847356,-
1557,1210721740474149,50,02 year(s) 01 month(s) 23 day(s),L1,Foster Foster Home,Available,L1,M,A0058847356,-
1558,1210721859994867,51,06 year(s) 01 month(s) 23 day(s),L1,Foster Foster Home,Trial Adoption,L1,S,A0058835165,+
1559,1210721860073344,51,06 year(s) 01 month(s) 23 day(s),L1,Foster Foster Home,Trial Adoption,L1,S,A0058835165,+
1560,1210713704772744,68,02 year(s) 01 month(s) 25 day(s),L1,Puppy 48 2,Priority,L1,N,A0058841665,+
1561,1210713705209092,68,02 year(s) 01 month(s) 25 day(s),L1,Puppy 48 2,Priority,L1,N,A0058841665,+
1562,1210713704894153,50,05 year(s) 01 month(s) 25 day(s),L1,Foster Trial Adoption,Trial Adoption,L1,S,A0058838545,-
1563,1210713704894163,50,05 year(s) 01 month(s) 25 day(s),L1,Foster Trial Adoption,Trial Adoption,L1,S,A0058838545,-
1564,1210713627605003,43,01 year(s) 01 month(s) 26 day(s),L2-SF,Foster Trial Adoption,Trial Adoption,L2,N,A0058836173,-
1565,1210713627605013,43,01 year(s) 01 month(s) 26 day(s),L2-SF,Foster Trial Adoption,Trial Adoption,L2,N,A0058836173,-
1566,1210703080832934,52,05 year(s) 01 month(s) 26 day(s),L1,Foster Foster Home,Available,L1,S,A0058831101,-
1567,1210703080832944,52,05 year(s) 01 month(s) 26 day(s),L1,Foster Foster Home,Available,L1,S,A0058831101,-
1568,1210703257522881,61,04 year(s) 01 month(s) 26 day(s),L1,Foster Trial Adoption,Trial Adoption,L1,N,A0058831083,-
1569,1210703257522891,61,04 year(s) 01 month(s) 26 day(s),L1,Foster Trial Adoption,Trial Adoption,L1,N,A0058831083,-
1570,1210692724510916,58,06 year(s) 01 month(s) 27 day(s),L1- FJ,Foster Foster Home,Available,L1,S,A0058822047,+
1571,1210692724510926,58,06 year(s) 01 month(s) 27 day(s),L1- FJ,Foster Foster Home,Available,L1,S,A0058822047,+
1572,1210692464235412,47,00 year(s) 11 month(s) 13 day(s),L2-SF,Foster Foster Home,Available,L2,M,A0058820168,+
1573,1210692464235422,47,00 year(s) 11 month(s) 13 day(s),L2-SF,Foster Foster Home,Available,L2,M,A0058820168,+
1574,1210692724213720,56,02 year(s) 01 month(s) 27 day(s),L2- H/JM,Foster Foster Home,Available,L2,N,A0058820818,-
1575,1210692724213730,56,02 year(s) 01 month(s) 27 day(s),L2- H/JM,Foster Foster Home,Available,L2,N,A0058820818,-
1576,1210692723834929,61,05 year(s) 01 month(s) 30 day(s),L2-SF,Foster Trial Adoption,Trial Adoption,L2,F,A0058812039,-
1577,1210670481998385,61,05 year(s) 01 month(s) 30 day(s),L2-SF,Foster Foster Home,Available,L2,S,A0058809387,-
1578,1210670481998395,61,05 year(s) 01 month(s) 30 day(s),L2-SF,Foster Foster Home,Available,L2,S,A0058809387,-
1579,1210665023246504,33,01 year(s) 02 month(s) 01 day(s),L2 - SF,Foster Trial Adoption,Trial Adoption,L2,S,A0058795391,-
1580,1210665023280335,33,01 year(s) 02 month(s) 01 day(s),L2 - SF,Foster Trial Adoption,Trial Adoption,L2,S,A0058795391,-
1581,1210665023276781,41,00 year(s) 10 month(s) 01 day(s),L2-OA,Foster Foster Home,Available,L2,S,A0058795005,-
1582,1210665023276791,41,00 year(s) 10 month(s) 01 day(s),L2-OA,Foster Foster Home,Available,L2,S,A0058795005,-
1583,1210664992669101,24,02 year(s) 02 month(s) 02 day(s),L2-SF,Foster Trial Adoption,Trial Adoption,L2,S,A0058795125,-
1584,1210664992669111,24,02 year(s) 02 month(s) 02 day(s),L2-SF,Foster Trial Adoption,Trial Adoption,L2,S,A0058795125,-
1585,1210655315378594,71,02 year(s) 02 month(s) 03 day(s),L2-BR,Foster Trial Adoption,Trial Adoption,L2,M,A0058788000,-
1586,1210655315378604,71,02 year(s) 02 month(s) 03 day(s),L2-BR,Foster Trial Adoption,Trial Adoption,L2,M,A0058788000,-
1587,1210655557309578,39,02 year(s) 02 month(s) 03 day(s),L1,Foster Foster Home,Available,L1,M,A0058782548,-
1588,1210655557309588,39,02 year(s) 02 month(s) 03 day(s),L1,Foster Foster Home,Available,L1,M,A0058782548,-
1589,1210645351053920,56,04 year(s) 02 month(s) 04 day(s),L1,Dogs 064 B4,Adopted,L1,S,A0058778620,-
1590,1210645351053930,56,04 year(s) 02 month(s) 04 day(s),L1,Dogs 064 B4,Adopted,L1,S,A0058778620,-
1591,1210645215897348,54,05 year(s) 02 month(s) 04 day(s),L1,Foster Foster Home,Available,L1,N,A0058778619,+
1592,1210645215897358,54,05 year(s) 02 month(s) 04 day(s),L1,Foster Foster Home,Available,L1,N,A0058778619,+
1593,1210634289689524,39,05 year(s) 02 month(s) 04 day(s),L1,Foster Trial Adoption,Trial Adoption,L1,S,A0058775597,+
1594,1210634289797265,39,05 year(s) 02 month(s) 04 day(s),L1,Foster Trial Adoption,Trial Adoption,L1,S,A0058775597,+
1595,1210634723659112,41,02 year(s) 02 month(s) 04 day(s),L1,Foster Trial Adoption,Trial Adoption,L1,F,A0058771841,+
1596,1210634286628261,51,04 year(s) 02 month(s) 05 day(s),L1,Foster Trial Adoption,Trial Adoption,L1,N,A0058769922,-
1597,1210634289431437,51,04 year(s) 02 month(s) 05 day(s),L1,Foster Trial Adoption,Trial Adoption,L1,N,A0058769922,-
1598,1210634289425733,63,03 year(s) 02 month(s) 05 day(s),L2-RG,Foster Foster Home,Available,L2,N,A0058763780,+
1599,1210634289425743,63,03 year(s) 02 month(s) 05 day(s),L2-RG,Foster Foster Home,Available,L2,N,A0058763780,+
1600,1210634289430246,41,01 year(s) 03 month(s) 03 day(s),L2-A/OA,Foster Trial Adoption,Trial Adoption,L2,S,A0058769639,-
1601,1210634289430256,41,01 year(s) 03 month(s) 03 day(s),L2-A/OA,Foster Trial Adoption,Trial Adoption,L2,S,A0058769639,-
1602,1210623095148524,31,00 year(s) 11 month(s) 05 day(s),L1,Foster Foster Home,Available,L1,S,A0058766779,-
1603,1210623095148534,31,00 year(s) 11 month(s) 05 day(s),L1,Foster Foster Home,Available,L1,S,A0058766779,-
1604,1210623152877482,35,00 year(s) 10 month(s) 05 day(s),L1,Foster Trial Adoption,Trial Adoption,L1,S,A0058762902,-
1605,1210623152877492,35,00 year(s) 10 month(s) 05 day(s),L1,Foster Trial Adoption,Trial Adoption,L1,S,A0058762902,-
1606,1210623095092233,45,11 year(s) 02 month(s) 26 day(s),L1,Foster Foster Home,Available,L1,N,A0058762439,+
1607,1210623095092243,45,11 year(s) 02 month(s) 26 day(s),L1,Foster Foster Home,Available,L1,N,A0058762439,+
1608,1210623094899437,40,04 year(s) 02 month(s) 06 day(s),L1,Foster Foster Home,Available,L1,S,A0058762135,+
1609,1210623094899447,40,04 year(s) 02 month(s) 06 day(s),L1,Foster Foster Home,Available,L1,S,A0058762135,+
1610,1210623094851528,51,06 year(s) 05 month(s) 05 day(s),L1,Foster Foster Home,Available,L1,S,A0053626727,-
1611,1210623094851538,51,06 year(s) 05 month(s) 05 day(s),L1,Foster Foster Home,Available,L1,S,A0053626727,-
1612,1210608001131660,36,01 year(s) 01 month(s) 08 day(s),L2-SF,Foster Foster Home,Available,L2,S,A0058757108,-
1613,1210608001311884,36,01 year(s) 01 month(s) 08 day(s),L2-SF,Foster Foster Home,Available,L2,S,A0058757108,-
1614,1210607897506674,51,04 year(s) 02 month(s) 08 day(s),L1,Foster Trial Adoption,Trial Adoption,L1,F,A0058754933,-
1615,1210607897572043,51,04 year(s) 02 month(s) 08 day(s),L1,Foster Trial Adoption,Trial Adoption,L1,F,A0058754933,-
1616,1210605849433378,28,02 year(s) 02 month(s) 09 day(s),L2-A,Foster Foster Home,Available,L2,M,A0058751578,-
1617,1210605849433388,28,02 year(s) 02 month(s) 09 day(s),L2-A,Foster Foster Home,Available,L2,M,A0058751578,-
1618,1210596699356616,70,04 year(s) 02 month(s) 10 day(s),L1,Foster Foster Home,Available,L1,N,A0058743820,-
1619,1210596699356626,70,04 year(s) 02 month(s) 10 day(s),L1,Foster Foster Home,Available,L1,N,A0058743820,-
1620,1210596825779310,59,01 year(s) 02 month(s) 10 day(s),L1,Foster Trial Adoption,Trial Adoption,L1,N,A0058740777,-
1621,1210596825779320,59,01 year(s) 02 month(s) 10 day(s),L1,Foster Trial Adoption,Trial Adoption,L1,N,A0058740777,-
1622,1210596795237709,46,05 year(s) 02 month(s) 10 day(s),L1,Foster Foster Home,Available,L1,F,A0058740566,-
1623,1210596795237719,46,05 year(s) 02 month(s) 10 day(s),L1,Foster Foster Home,Available,L1,F,A0058740566,-
1624,1210588779543793,63,04 year(s) 02 month(s) 10 day(s),L2-SF,Foster Trial Adoption,Trial Adoption,L2,M,A0058735374,-
1625,1210588782427451,63,04 year(s) 02 month(s) 10 day(s),L2-SF,Foster Trial Adoption,Trial Adoption,L2,M,A0058735374,-
1626,1210588467387503,65,01 year(s) 02 month(s) 10 day(s),L1,Foster Trial Adoption,Trial Adoption,L1,N,A0058734729,+
1627,1210588468159417,65,01 year(s) 02 month(s) 10 day(s),L1,Foster Trial Adoption,Trial Adoption,L1,N,A0058734729,+
1628,1210577954721112,43,04 year(s) 02 month(s) 11 day(s),L1,Foster Trial Adoption,Trial Adoption,L1,F,A0058728584,-
1629,1210577954721122,43,04 year(s) 02 month(s) 11 day(s),L1,Foster Trial Adoption,Trial Adoption,L1,F,A0058728584,-
1630,1210577954624666,32,00 year(s) 08 month(s) 11 day(s),L1,Foster Trial Adoption,Trial Adoption,L1,N,A0058728521,-
1631,1210577954624676,32,00 year(s) 08 month(s) 11 day(s),L1,Foster Trial Adoption,Trial Adoption,L1,N,A0058728521,-
1632,1210577923006965,53,02 year(s) 02 month(s) 11 day(s),L1,Foster Foster Home,Available,L1,S,A0058728393,-
1633,1210566047465149,57,03 year(s) 02 month(s) 12 day(s),L1,Foster Foster Home,Trial Adoption,L1,N,A0058716047,-
1634,1210566047465159,57,03 year(s) 02 month(s) 12 day(s),L1,Foster Foster Home,Trial Adoption,L1,N,A0058716047,-
1635,1210566047231074,54,04 year(s) 02 month(s) 13 day(s),L1,Foster Trial Adoption,Trial Adoption,L1,S,A0058716040,+
1636,1210566047231084,54,04 year(s) 02 month(s) 13 day(s),L1,Foster Trial Adoption,Trial Adoption,L1,S,A0058716040,+
1637,1210549129713104,58,02 year(s) 02 month(s) 15 day(s),L1,Foster Foster Home,Available,L1,M,A0058706791,-
1638,1210549129730183,58,02 year(s) 02 month(s) 15 day(s),L1,Foster Foster Home,Available,L1,M,A0058706791,-
1639,1210549210061979,41,09 year(s) 05 month(s) 10 day(s),L1     A498704,Foster Foster Home,Available,L1,N,A0053312831,-
1640,1210549210099255,41,09 year(s) 05 month(s) 10 day(s),L1     A498704,Foster Foster Home,Available,L1,N,A0053312831,-
1641,1210506641388861,45,00 year(s) 11 month(s) 19 day(s),L1,Foster Trial Adoption,Trial Adoption,L1,N,A0058673118,-
1642,1210506641388871,45,00 year(s) 11 month(s) 19 day(s),L1,Foster Trial Adoption,Trial Adoption,L1,N,A0058673118,-
1643,1210506641399840,32,00 year(s) 08 month(s) 20 day(s),L2-JM,Foster Foster Home,Available,L2,F,A0058673772,-
1644,1210506641374665,88,03 year(s) 09 month(s) 28 day(s),L1,Foster Trial Adoption,Trial Adoption,L1,N,A0058674924,-
1645,1210506641410212,88,03 year(s) 09 month(s) 28 day(s),L1,Foster Trial Adoption,Trial Adoption,L1,N,A0058674924,-
1646,1210506694412262,68,07 year(s) 02 month(s) 26 day(s),L1-A873957,Foster Foster Home,Available,L1,S,A0053612126,-
1647,1210506695084920,68,07 year(s) 02 month(s) 26 day(s),L1-A873957,Foster Foster Home,Available,L1,S,A0053612126,-
1648,1210495425864606,45,05 year(s) 02 month(s) 20 day(s),L2-BH,Foster Foster Home,Available,L2,M,A0058666623,
1649,1210495425886633,45,05 year(s) 02 month(s) 20 day(s),L2-BH,Foster Foster Home,Available,L2,M,A0058666623,
1650,1210492455011379,78,05 year(s) 02 month(s) 21 day(s),L1,Foster Trial Adoption,Trial Adoption,L1,F,A0058662435,-
1651,1210492455032294,78,05 year(s) 02 month(s) 21 day(s),L1,Foster Trial Adoption,Trial Adoption,L1,F,A0058662435,-
1652,1210492571491363,62,02 year(s) 02 month(s) 22 day(s),L1,Foster Foster Home,Available,L1,S,A0058660752,+
1653,1210492571491373,62,02 year(s) 02 month(s) 22 day(s),L1,Foster Foster Home,Available,L1,S,A0058660752,+
1654,1210490099992536,57,02 year(s) 02 month(s) 22 day(s),L1,Foster Foster Home,Available,L1,S,A0058659823,-
1655,1210490099992546,57,02 year(s) 02 month(s) 22 day(s),L1,Foster Foster Home,Available,L1,S,A0058659823,-
1656,1210490099734190,48,02 year(s) 02 month(s) 23 day(s),L1,Foster Foster Home,Available,L1,S,A0058652764,-
1657,1210490099765655,48,02 year(s) 02 month(s) 23 day(s),L1,Foster Foster Home,Available,L1,S,A0058652764,-
1658,1210481254866149,39,02 year(s) 02 month(s) 23 day(s),L2-SF,Foster Foster Home,Available,L2,S,A0058648841,-
1659,1210481254866159,39,02 year(s) 02 month(s) 23 day(s),L2-SF,Foster Foster Home,Available,L2,S,A0058648841,-
1660,1210469685980820,58,02 year(s) 01 month(s) 13 day(s),L3-SD/A/BR,Foster Foster Home,Available,L3,S,A0058640735,+
1661,1210469819842209,64,04 year(s) 02 month(s) 25 day(s),L2 - SF/BR,Foster Foster Home,Available,L2,F,A0058635759,+
1662,1210469819842219,64,04 year(s) 02 month(s) 25 day(s),L2 - SF/BR,Foster Foster Home,Available,L2,F,A0058635759,+
1663,1210469614652934,60,01 year(s) 08 month(s) 15 day(s),L1,Foster Trial Adoption,Trial Adoption,L1,N,A0058636018,-
1664,1210469615193031,60,01 year(s) 08 month(s) 15 day(s),L1,Foster Trial Adoption,Trial Adoption,L1,N,A0058636018,-
1665,1210458686679162,36,00 year(s) 10 month(s) 26 day(s),STAFF ONLY,Receiving 129 K3,Pending Behavior Assessment,STAFF ONLY,S,A0058619294,-
1666,1210458690766784,36,00 year(s) 10 month(s) 26 day(s),STAFF ONLY,Receiving 129 K3,Pending Behavior Assessment,STAFF ONLY,S,A0058619294,-
1667,1210447461213764,64,03 year(s) 02 month(s) 26 day(s),L3-SF/BR,Foster Foster Home,Available,L3,N,A0058625088,-
1668,1210447459094320,51,01 year(s) 08 month(s) 26 day(s),L1,Foster Foster Home,Available,L1,S,A0058620616,-
1669,1210447460727078,51,01 year(s) 08 month(s) 26 day(s),L1,Foster Foster Home,Available,L1,S,A0058620616,-
1670,1210434303445959,49,03 year(s) 02 month(s) 27 day(s),L2-A,Foster Foster Home,Available,L2,S,A0058616717,-
1671,1210434303491200,49,03 year(s) 02 month(s) 27 day(s),L2-A,Foster Foster Home,Available,L2,S,A0058616717,-
1672,1210431234595527,43,04 year(s) 00 month(s) 06 day(s),L2-SD,Foster Foster Home,Available,L2,F,A0058613596,+
1673,1210431234595537,43,04 year(s) 00 month(s) 06 day(s),L2-SD,Foster Foster Home,Available,L2,F,A0058613596,+
1674,1210431149254930,51,03 year(s) 02 month(s) 28 day(s),L2-SF,Foster Trial Adoption,Trial Adoption,L2,M,A0058612311,-
1675,1210431149402320,51,03 year(s) 02 month(s) 28 day(s),L2-SF,Foster Trial Adoption,Trial Adoption,L2,M,A0058612311,-
1676,1210428761968777,43,01 year(s) 08 month(s) 28 day(s),L1 - EA,Foster Foster Home,Available,L1,N,A0058607804,-
1677,1210428761968787,43,01 year(s) 08 month(s) 28 day(s),L1 - EA,Foster Foster Home,Available,L1,N,A0058607804,-
1678,1210428761868066,63,02 year(s) 02 month(s) 29 day(s),L2 - SF,Foster Foster Home,Available,L2,M,A0058607230,-
1679,1210418608880025,41,10 year(s) 03 month(s) 00 day(s),L1,Foster Foster Home,Available,L1,S,A0058602321,-
1680,1210418608880035,41,10 year(s) 03 month(s) 00 day(s),L1,Foster Foster Home,Available,L1,S,A0058602321,-
1681,1210418679580215,47,03 year(s) 03 month(s) 00 day(s),L1,Foster Trial Adoption,Trial Adoption,L1,S,A0058592959,-
1682,1210418679580225,47,03 year(s) 03 month(s) 00 day(s),L1,Foster Trial Adoption,Trial Adoption,L1,S,A0058592959,-
1683,1210408063268171,38,03 year(s) 03 month(s) 00 day(s),L1,Foster Foster Home,Available,L1,N,A0058588407,-
1684,1210408065308296,38,03 year(s) 03 month(s) 00 day(s),L1,Foster Foster Home,Available,L1,N,A0058588407,-
1685,1210384405777445,55,02 year(s) 03 month(s) 02 day(s),L2-SF,Foster Foster Home,Available,L2,S,A0058575776,-
1686,1210384405777455,55,02 year(s) 03 month(s) 02 day(s),L2-SF,Foster Foster Home,Available,L2,S,A0058575776,-
1687,1210376573408226,50,02 year(s) 03 month(s) 04 day(s),L3-SF,Foster Foster Home,Available,L3,N,A0058574390,-
1688,1210376573433356,50,02 year(s) 03 month(s) 04 day(s),L3-SF,Foster Foster Home,Available,L3,N,A0058574390,-
1689,1210373489355316,56,02 year(s) 03 month(s) 04 day(s),L1,Foster Foster Home,Available,L1,N,A0058532519,-
1690,1210373489363479,56,02 year(s) 03 month(s) 04 day(s),L1,Foster Foster Home,Available,L1,N,A0058532519,-
1691,1210371111096407,37,02 year(s) 03 month(s) 06 day(s),L1,Foster Foster Home,Available,L1,N,A0058560639,+
1692,1210371111353026,37,02 year(s) 03 month(s) 06 day(s),L1,Foster Foster Home,Available,L1,N,A0058560639,+
1693,1210348872093230,53,02 year(s) 03 month(s) 07 day(s),L1,Foster Foster Home,Available,L1,N,A0058544482,-
1694,1210349093558609,58,04 year(s) 03 month(s) 08 day(s),L1,Foster Foster Home,Available,L1,S,A0058542594,-
1695,1210349098404385,58,04 year(s) 03 month(s) 08 day(s),L1,Foster Foster Home,Available,L1,S,A0058542594,-
1696,1210338022357463,52,02 year(s) 03 month(s) 09 day(s),L2-JM,Foster Foster Home,Available,L2,N,A0058535722,-
1697,1210338022357473,52,02 year(s) 03 month(s) 09 day(s),L2-JM,Foster Foster Home,Available,L2,N,A0058535722,-
1698,1210286000502421,52,08 year(s) 03 month(s) 10 day(s),L1,Foster Foster Home,Available,L1,M,A0058526024,+
1699,1210282817872743,52,04 year(s) 03 month(s) 11 day(s),L1,Foster Trial Adoption,Trial Adoption,L1,S,A0058523873,+
1700,1210282817887387,52,04 year(s) 03 month(s) 11 day(s),L1,Foster Trial Adoption,Trial Adoption,L1,S,A0058523873,+
1701,1210282670366095,58,05 year(s) 03 month(s) 12 day(s),L1,Foster Foster Home,Available,L1,N,A0058519911,+
1702,1210282670366105,58,05 year(s) 03 month(s) 12 day(s),L1,Foster Foster Home,Available,L1,N,A0058519911,+
1703,1210246758762101,48,01 year(s) 09 month(s) 16 day(s),L2-SF,Foster Trial Adoption,Trial Adoption,L2,S,A0058492824,-
1704,1210246758762111,48,01 year(s) 09 month(s) 16 day(s),L2-SF,Foster Trial Adoption,Trial Adoption,L2,S,A0058492824,-
1705,1210246644588427,53,03 year(s) 03 month(s) 14 day(s),L1,Foster Foster Home,Available,L1,S,A0058479830,-
1706,1210246644588437,53,03 year(s) 03 month(s) 14 day(s),L1,Foster Foster Home,Available,L1,S,A0058479830,-
1707,1210203855146953,50,02 year(s) 03 month(s) 20 day(s),L1,Foster Foster Home,Available,L1,S,A0058463804,-
1708,1210203854971981,53,01 year(s) 03 month(s) 20 day(s),L1,Foster Trial Adoption,Trial Adoption,L1,N,A0058463089,-
1709,1210203854971991,53,01 year(s) 03 month(s) 20 day(s),L1,Foster Trial Adoption,Trial Adoption,L1,N,A0058463089,-
1710,1210203854979727,57,03 year(s) 03 month(s) 20 day(s),L2-SF,Foster Foster Home,Available,L2,N,A0058463186,-
1711,1210203854979737,57,03 year(s) 03 month(s) 20 day(s),L2-SF,Foster Foster Home,Available,L2,N,A0058463186,-
1712,1210203703609328,40,03 year(s) 03 month(s) 22 day(s),L1,Foster Foster Home,Available,L1,S,A0058450905,+
1713,1210203704199085,40,03 year(s) 03 month(s) 22 day(s),L1,Foster Foster Home,Available,L1,S,A0058450905,+
1714,1210203704090811,63,02 year(s) 03 month(s) 22 day(s),L1,Foster Foster Home,Available,L1,N,A0058455126,-
1715,1210181856169372,42,01 year(s) 03 month(s) 23 day(s),L1,Foster Foster Home,Available,L1,N,A0058435739,-
1716,1210181856169382,42,01 year(s) 03 month(s) 23 day(s),L1,Foster Foster Home,Available,L1,N,A0058435739,-
1717,1210167865045178,50,07 year(s) 03 month(s) 23 day(s),L1,Foster Foster Home,Available,L1,N,A0058436120,-
1718,1210151453841216,31,02 year(s) 04 month(s) 04 day(s),L3-SF,Foster Foster Home,Available,L3,N,A0058373394,-
1719,1210151453841226,31,02 year(s) 04 month(s) 04 day(s),L3-SF,Foster Foster Home,Available,L3,N,A0058373394,-
1720,1210151410250623,57,04 year(s) 03 month(s) 27 day(s),L2-SF,Foster Foster Home,Available,L2,N,A0058416589,-
1721,1210151410250633,57,04 year(s) 03 month(s) 27 day(s),L2-SF,Foster Foster Home,Available,L2,N,A0058416589,-
1722,1210131563587352,47,07 year(s) 02 month(s) 04 day(s),L1-A857655,Foster Foster Home,Available,L1,N,A0053596658,+
1723,1210131563587362,47,07 year(s) 02 month(s) 04 day(s),L1-A857655,Foster Foster Home,Available,L1,N,A0053596658,+
1724,1210120259092613,50,01 year(s) 03 month(s) 30 day(s),L2-SF/BR,Foster Foster Home,Available,L2,S,A0058398208,-
1725,1210120259092623,50,01 year(s) 03 month(s) 30 day(s),L2-SF/BR,Foster Foster Home,Available,L2,S,A0058398208,-
1726,1210105951699362,35,01 year(s) 04 month(s) 01 day(s),L1,Foster Foster Home,Available,L1,N,A0058385779,-
1727,1210105951699372,35,01 year(s) 04 month(s) 01 day(s),L1,Foster Foster Home,Available,L1,N,A0058385779,-
1728,1210087128564382,41,02 year(s) 03 month(s) 28 day(s),L1,Foster Foster Home,Available,L1,N,A0058371891,-
1729,1210087128564392,41,02 year(s) 03 month(s) 28 day(s),L1,Foster Foster Home,Available,L1,N,A0058371891,-
1730,1210056990490564,56,03 year(s) 04 month(s) 06 day(s),L2-A,Foster Trial Adoption,Trial Adoption,L2,N,A0058349231,+
1731,1210056990490574,56,03 year(s) 04 month(s) 06 day(s),L2-A,Foster Trial Adoption,Trial Adoption,L2,N,A0058349231,+
1732,1210041268259366,53,02 year(s) 04 month(s) 07 day(s),L1,Foster Foster Home,Available,L1,M,A0058344455,-
1733,1210032488897578,55,03 year(s) 04 month(s) 08 day(s),L1-MG,Foster Foster Home,Available,L1,F,A0058340859,-
1734,1210032488897588,55,03 year(s) 04 month(s) 08 day(s),L1-MG,Foster Foster Home,Available,L1,F,A0058340859,-
1735,1210019002590219,53,03 year(s) 04 month(s) 11 day(s),L1,Foster Trial Adoption,Trial Adoption,L1,M,A0058327450,
1736,1210019003023347,53,03 year(s) 04 month(s) 11 day(s),L1,Foster Trial Adoption,Trial Adoption,L1,M,A0058327450,
1737,1210008879391707,28,01 year(s) 02 month(s) 13 day(s),L1,Foster Foster Home,Available,L1,S,A0058314640,-
1738,1210008879391717,28,01 year(s) 02 month(s) 13 day(s),L1,Foster Foster Home,Available,L1,S,A0058314640,-
1739,1209998082442938,41,01 year(s) 04 month(s) 13 day(s),L3-BH/DR,Foster Foster Home,Available,L3,S,A0058308340,-
1740,1209998082507135,41,01 year(s) 04 month(s) 13 day(s),L3-BH/DR,Foster Foster Home,Available,L3,S,A0058308340,-
1741,1209944311980931,0,03 year(s) 04 month(s) 06 day(s),L2- H/OD,Foster Foster Home,Available,L2,N,A0058272077,
1742,1209944312455818,0,03 year(s) 04 month(s) 06 day(s),L2- H/OD,Foster Foster Home,Available,L2,N,A0058272077,
1743,1209919104707028,47,02 year(s) 04 month(s) 21 day(s),L2-JM,Foster Trial Adoption,Trial Adoption,L2,N,A0058258051,-
1744,1209919104707038,47,02 year(s) 04 month(s) 21 day(s),L2-JM,Foster Trial Adoption,Trial Adoption,L2,N,A0058258051,-
1745,1209903688758000,44,01 year(s) 04 month(s) 24 day(s),L1,Foster Foster Home,Available,L1,S,A0058252924,+
1746,1209903688758010,44,01 year(s) 04 month(s) 24 day(s),L1,Foster Foster Home,Available,L1,S,A0058252924,+
1747,1209903688430259,41,04 year(s) 04 month(s) 26 day(s),L1,Foster Foster Home,Available,L1,S,A0058240878,+
1748,1209903688430269,41,04 year(s) 04 month(s) 26 day(s),L1,Foster Foster Home,Available,L1,S,A0058240878,+
1749,1209852276986802,36,01 year(s) 00 month(s) 28 day(s),L1,Foster Foster Home,Available,L1,S,A0058216663,-
1750,1209852276986812,36,01 year(s) 00 month(s) 28 day(s),L1,Foster Foster Home,Available,L1,S,A0058216663,-
1751,1209840362405847,46,02 year(s) 04 month(s) 29 day(s),L1,Foster Foster Home,Available,L1,N,A0058214995,+
1752,1209840362405857,46,02 year(s) 04 month(s) 29 day(s),L1,Foster Foster Home,Available,L1,N,A0058214995,+
1753,1209836005088508,63,03 year(s) 04 month(s) 30 day(s),L1,Foster Foster Home,Available,L1,S,A0058104749,-
1754,1209836005757452,63,03 year(s) 04 month(s) 30 day(s),L1,Foster Foster Home,Available,L1,S,A0058104749,-
1755,1209831939939138,55,07 year(s) 03 month(s) 20 day(s),L1,Foster Foster Home,Available,L1,S,A0058100843,-
1756,1209821553872563,48,07 year(s) 02 month(s) 15 day(s),L1   A861769,Foster Foster Home,Available,L1,N,A0053600299,-
1757,1209807163146943,51,07 year(s) 06 month(s) 18 day(s),L2-SF A852878,Foster Foster Home,Available,L2,N,A0053591163,+
1758,1209807163146953,51,07 year(s) 06 month(s) 18 day(s),L2-SF A852878,Foster Foster Home,Available,L2,N,A0053591163,+
1759,1209779496007844,56,04 year(s) 05 month(s) 02 day(s),L1,Foster Foster Home,Available,L1,N,A0058070653,-
1760,1209779496060200,56,04 year(s) 05 month(s) 02 day(s),L1,Foster Foster Home,Available,L1,N,A0058070653,-
1761,1209779404710699,50,03 year(s) 05 month(s) 04 day(s),L1,Foster Foster Home,Available,L1,S,A0058069967,+
1762,1209779405201327,50,03 year(s) 05 month(s) 04 day(s),L1,Foster Foster Home,Available,L1,S,A0058069967,+
1763,1209779495577576,73,03 year(s) 04 month(s) 28 day(s),L2-SF,Foster Foster Home,Available,L2,S,A0058069584,-
1764,1209735053057845,28,01 year(s) 02 month(s) 10 day(s),L3-BR/RG/BH,Foster Foster Home,Available,L3,N,A0058042308,
1765,1209735053568581,28,01 year(s) 02 month(s) 10 day(s),L3-BR/RG/BH,Foster Foster Home,Available,L3,N,A0058042308,
1766,1209720943389035,49,04 year(s) 05 month(s) 09 day(s),L1,Foster Foster Home,Available,L1,S,A0058038278,-
1767,1209720943389045,49,04 year(s) 05 month(s) 09 day(s),L1,Foster Foster Home,Available,L1,S,A0058038278,-
1768,1209720942900867,48,02 year(s) 05 month(s) 10 day(s),L1,Foster Foster Home,Available,L1,S,A0058036198,+
1769,1209720943392175,48,02 year(s) 05 month(s) 10 day(s),L1,Foster Foster Home,Available,L1,S,A0058036198,+
1770,1209709018454273,47,03 year(s) 05 month(s) 11 day(s),L1,Foster Foster Home,Available,L1,S,A0058031872,-
1771,1209709018664117,47,03 year(s) 05 month(s) 11 day(s),L1,Foster Foster Home,Available,L1,S,A0058031872,-
1772,1209675897440237,47,03 year(s) 05 month(s) 17 day(s),L1,Foster Foster Home,Available,L1,S,A0058006377,-
1773,1209675699662909,65,03 year(s) 05 month(s) 15 day(s),L1,Foster Foster Home,Available,L1,N,A0058006328,+
1774,1209675699662919,65,03 year(s) 05 month(s) 15 day(s),L1,Foster Foster Home,Available,L1,N,A0058006328,+
1775,1209664443841762,71,03 year(s) 05 month(s) 17 day(s),L2-OA/JM,Foster Foster Home,Available,L2,N,A0058000573,+
1776,1209649647307999,46,02 year(s) 05 month(s) 18 day(s),L2-BR,Foster Foster Home,Available,L2,S,A0057985936,-
1777,1209649647308009,46,02 year(s) 05 month(s) 18 day(s),L2-BR,Foster Foster Home,Available,L2,S,A0057985936,-
1778,1209548971840992,56,03 year(s) 05 month(s) 28 day(s),L1,Foster Foster Home,Available,L1,N,A0057938358,+
1779,1209532406213820,62,03 year(s) 06 month(s) 03 day(s),L2-A,Foster Foster Home,Available,L2,N,A0057918810,-
1780,1209532406213830,62,03 year(s) 06 month(s) 03 day(s),L2-A,Foster Foster Home,Available,L2,N,A0057918810,-
1781,1209520678038328,58,02 year(s) 06 month(s) 02 day(s),L1,Foster Foster Home,Owner Request,L1,N,A0057918582,-
1782,1209461606335310,52,03 year(s) 06 month(s) 08 day(s),L2- SF/BR,Foster Foster Home,Available,L2,S,A0057885171,+
1783,1209439645087213,43,04 year(s) 06 month(s) 10 day(s),L2-BR,Foster Foster Home,Available,L2,S,A0057867271,-
1784,1209373268298317,56,03 year(s) 03 month(s) 01 day(s),L1,Foster Foster Home,Available,L1,N,A0057821053,+
1785,1209356712086243,53,12 year(s) 06 month(s) 22 day(s),L1,Foster Foster Home,Available,L1,S,A0057809416,+
1786,1209356712086253,53,12 year(s) 06 month(s) 22 day(s),L1,Foster Foster Home,Available,L1,S,A0057809416,+
1787,1209315390020793,42,01 year(s) 05 month(s) 25 day(s),L1,Foster Foster Home,Available,L1,N,A0057782104,-
1788,1209315319524362,58,05 year(s) 06 month(s) 20 day(s),L1,Foster Trial Adoption,Trial Adoption,L1,N,A0057778590,-
1789,1209315319549920,58,05 year(s) 06 month(s) 20 day(s),L1,Foster Trial Adoption,Trial Adoption,L1,N,A0057778590,-
1790,1209301347478011,61,02 year(s) 06 month(s) 27 day(s),L2-SF,Foster Foster Home,Available,L2,N,A0057776766,+
1791,1209301347478021,61,02 year(s) 06 month(s) 27 day(s),L2-SF,Foster Foster Home,Available,L2,N,A0057776766,+
1792,1209298055978052,46,02 year(s) 06 month(s) 27 day(s),L1,Foster Foster Home,Available,L1,S,A0057774743,-
1793,1209175246310855,69,03 year(s) 07 month(s) 13 day(s),L1,Foster Foster Home,Available,L1,S,A0057663603,-
1794,1209175246310865,69,03 year(s) 07 month(s) 13 day(s),L1,Foster Foster Home,Available,L1,S,A0057663603,-
1795,1209175245697683,51,02 year(s) 07 month(s) 12 day(s),L3-JM,Foster Foster Home,Available,L3,S,A0057656410,-
1796,1209175245697693,51,02 year(s) 07 month(s) 12 day(s),L3-JM,Foster Foster Home,Available,L3,S,A0057656410,-
1797,1209156351110882,56,06 year(s) 07 month(s) 14 day(s),L1,Foster Foster Home,Available,L1,S,A0057639779,+
1798,1209156351110892,56,06 year(s) 07 month(s) 14 day(s),L1,Foster Foster Home,Available,L1,S,A0057639779,+
1799,1209156451100482,54,03 year(s) 07 month(s) 14 day(s),L2- LB,Foster Foster Home,Available,L2,S,A0057639835,+
1800,1209156451100492,54,03 year(s) 07 month(s) 14 day(s),L2- LB,Foster Foster Home,Available,L2,S,A0057639835,+
1801,1209122582382781,48,03 year(s) 07 month(s) 18 day(s),L1,Foster Foster Home,Available,L1,S,A0057614005,-
1802,1209122582382791,48,03 year(s) 07 month(s) 18 day(s),L1,Foster Foster Home,Available,L1,S,A0057614005,-
1803,1209122519817290,50,03 year(s) 07 month(s) 18 day(s),L1,Foster Foster Home,Available,L1,N,A0057609567,-
1804,1209080012814658,47,02 year(s) 07 month(s) 25 day(s),L2-OA,Foster Foster Home,Available,L2,S,A0057572441,-
1805,1209080012814668,47,02 year(s) 07 month(s) 25 day(s),L2-OA,Foster Foster Home,Available,L2,S,A0057572441,-
1806,1209027761439779,44,08 year(s) 07 month(s) 29 day(s),L1,Foster Foster Home,Available,L1,S,A0057500992,+
1807,1209027808166055,41,02 year(s) 02 month(s) 08 day(s),L2 RG/H,Foster Foster Home,Available,L2,S,A0057489230,-
1808,1209027808195662,41,02 year(s) 02 month(s) 08 day(s),L2 RG/H,Foster Foster Home,Available,L2,S,A0057489230,-
1809,1209027761345929,63,02 year(s) 08 month(s) 08 day(s),L2-SF/BR,Foster Foster Home,Available,L2,S,A0057500056,-
1810,1209004160941279,60,03 year(s) 08 month(s) 11 day(s),L1,Foster Foster Home,Available,L1,S,A0057478759,+
1811,1209004160941289,60,03 year(s) 08 month(s) 11 day(s),L1,Foster Foster Home,Available,L1,S,A0057478759,+
1812,1208980588147654,47,02 year(s) 08 month(s) 14 day(s),L1,Foster Foster Home,Available,L1,S,A0057455043,-
1813,1208972043377732,62,03 year(s) 08 month(s) 18 day(s),L2-BR,Foster Foster Home,Available,L2,N,A0057439713,-
1814,1208951706413288,48,03 year(s) 08 month(s) 18 day(s),L2-LB,Foster Foster Home,Available,L2,N,A0057425727,-
1815,1208951706413298,48,03 year(s) 08 month(s) 18 day(s),L2-LB,Foster Foster Home,Available,L2,N,A0057425727,-
1816,1208831519790718,50,04 year(s) 09 month(s) 06 day(s),L1,Foster Foster Home,Available,L1,S,A0057331299,-
1817,1208831519809711,50,04 year(s) 09 month(s) 06 day(s),L1,Foster Foster Home,Available,L1,S,A0057331299,-
1818,1208829891712172,58,06 year(s) 06 month(s) 27 day(s),L1,Foster Foster Home,Available,L1,S,A0057327449,-
1819,1208829891712182,58,06 year(s) 06 month(s) 27 day(s),L1,Foster Foster Home,Available,L1,S,A0057327449,-
1820,1208813852176286,52,02 year(s) 09 month(s) 05 day(s),L1,Foster Foster Home,Available,L1,N,A0057311730,-
1821,1208813852223408,52,02 year(s) 09 month(s) 05 day(s),L1,Foster Foster Home,Available,L1,N,A0057311730,-
1822,1208802678625950,45,02 year(s) 09 month(s) 09 day(s),L2-OA,Foster Foster Home,Available,L2,S,A0057303592,-
1823,1208802679133114,45,02 year(s) 09 month(s) 09 day(s),L2-OA,Foster Foster Home,Available,L2,S,A0057303592,-
1824,1208793734404556,54,04 year(s) 09 month(s) 09 day(s),Beh. Assessment,Foster Foster Home,Available,,S,A0057292992,+
1825,1208761782042432,40,01 year(s) 09 month(s) 17 day(s),L2 - SF,Foster Foster Home,Available,L2,S,A0057261805,-
1826,1208753107648203,43,04 year(s) 09 month(s) 16 day(s),L1,Foster Foster Home,Available,L1,S,A0057261594,-
1827,1208753107648213,43,04 year(s) 09 month(s) 16 day(s),L1,Foster Foster Home,Available,L1,S,A0057261594,-
1828,1208680978294842,51,02 year(s) 03 month(s) 24 day(s),L1,Foster Foster Home,Available,L1,N,A0057203236,-
1829,1208681284986250,51,02 year(s) 03 month(s) 24 day(s),L1,Foster Foster Home,Available,L1,N,A0057203236,-
1830,1208645841323897,53,02 year(s) 10 month(s) 00 day(s),L2 - OA/RG,Foster Foster Home,Available,L2,N,A0057165881,-
1831,1208645779710440,56,02 year(s) 03 month(s) 30 day(s),L1,Foster Foster Home,Available,L1,N,A0057165899,-
1832,1208636092365031,61,02 year(s) 10 month(s) 01 day(s),L1,Foster Foster Home,Available,L1,N,A0057161815,-
1833,1208635862069037,83,10 year(s) 08 month(s) 21 day(s),A480832 - L1,Dog ISO 156 K1,Court,L1,M,A0053293515,+
1834,1208636018186976,83,10 year(s) 08 month(s) 21 day(s),A480832 - L1,Dog ISO 156 K1,Court,L1,M,A0053293515,+
1835,1208624817480252,47,03 year(s) 10 month(s) 04 day(s),L1,Dog ISO 153 B5,Court,L1,F,A0057149974,-
1836,1208624705334125,47,03 year(s) 10 month(s) 04 day(s),L1,Dog ISO 153 B5,Court,L1,F,A0057149974,-
1837,1208605117073849,51,05 year(s) 05 month(s) 02 day(s),L2 - SF,Foster Foster Home,Available,L2,S,A0053618690,-
1838,1208596559375981,54,02 year(s) 04 month(s) 06 day(s),L1,Foster Foster Home,Available,L1,S,A0057120707,-
1839,1208564095901902,66,01 year(s) 03 month(s) 12 day(s),L2 JM/LB,Foster Foster Home,Available,L2,N,A0057072729,-
1840,1208564478578067,66,01 year(s) 03 month(s) 12 day(s),L2 JM/LB,Foster Foster Home,Available,L2,N,A0057072729,-
1841,1208555844454370,44,02 year(s) 10 month(s) 13 day(s),L2 - JM,Foster Foster Home,Available,L2,S,A0057081101,-
1842,1208534957186954,62,03 year(s) 10 month(s) 16 day(s),L1,Foster Foster Home,Available,L1,N,A0057066775,+
1843,1208534906165079,62,03 year(s) 10 month(s) 16 day(s),L1,Foster Foster Home,Available,L1,N,A0057066775,+
1844,1208526293679693,54,01 year(s) 09 month(s) 21 day(s),L1,Foster Foster Home,Available,L1,S,A0057051256,-
1845,1208526293679703,54,01 year(s) 09 month(s) 21 day(s),L1,Foster Foster Home,Available,L1,S,A0057051256,-
1846,1208487546203951,50,02 year(s) 10 month(s) 22 day(s),L1,Foster Foster Home,Available,L1,S,A0057025902,+
1847,1208473240471971,33,02 year(s) 10 month(s) 25 day(s),L2-OA/LB,Foster Foster Home,Available,L2,S,A0057005310,-
1848,1208453613584033,69,02 year(s) 10 month(s) 26 day(s),L2 - OA,Foster Foster Home,Available,L2,N,A0056996026,-
1849,1208443258303197,62,01 year(s) 10 month(s) 27 day(s),L1,Foster Foster Home,Available,L1,N,A0056989366,-
1850,1208395740646436,58,04 year(s) 11 month(s) 04 day(s),L1,Foster Foster Home,Available,L1,S,A0056944879,-
1851,1208371256654439,41,01 year(s) 10 month(s) 16 day(s),L2 - OA/LB,Foster Foster Home,Available,L2,N,A0056934062,-
1852,1208365994078280,27,05 year(s) 11 month(s) 08 day(s),L1,Foster Foster Home,Available,L1,S,A0056927704,-
1853,1208328418553718,52,04 year(s) 11 month(s) 12 day(s),L1,Foster Foster Home,Available,L1,S,A0056895909,-
1854,1208310601518727,46,03 year(s) 11 month(s) 15 day(s),L1,Foster Foster Home,Available,L1,S,A0056878500,-
1855,1208279960168938,53,03 year(s) 11 month(s) 18 day(s),L1,Foster Foster Home,Available,L1,S,A0056853475,-
1856,1208279961154432,53,03 year(s) 11 month(s) 18 day(s),L1,Foster Foster Home,Available,L1,S,A0056853475,-
1857,1208250857531972,44,05 year(s) 11 month(s) 24 day(s),L2-SF,Foster Foster Home,Available,L2,S,A0056689698,-
1858,1208250857531982,44,05 year(s) 11 month(s) 24 day(s),L2-SF,Foster Foster Home,Available,L2,S,A0056689698,-
1859,1208194949246212,60,04 year(s) 11 month(s) 29 day(s),L1,Foster Foster Home,Available,L1,N,A0056673936,-
1860,1208165351098540,55,04 year(s) 00 month(s) 01 day(s),L1,Foster Foster Home,Available,L1,N,A0056647661,-
1861,1208165350852292,55,04 year(s) 00 month(s) 01 day(s),L1,Foster Foster Home,Available,L1,N,A0056647661,-
1862,1208141014623329,42,04 year(s) 00 month(s) 05 day(s),L2-SF,Foster Foster Home,Available,L2,S,A0056629500,-
1863,1208140758919330,42,04 year(s) 00 month(s) 05 day(s),L2-SF,Foster Foster Home,Available,L2,S,A0056629500,-
1864,1207985889138413,48,07 year(s) 00 month(s) 24 day(s),L2-LR/BR,Foster Foster Home,Available,L2,S,A0056500648,+
1865,1207985891751529,93,06 year(s) 00 month(s) 23 day(s),L1,Foster Foster Home,Available,L1,N,A0056503718,+
1866,1207903349389667,56,02 year(s) 01 month(s) 03 day(s),L1,Foster Foster Home,Available,L1,N,A0056432711,-
1867,1207838465992751,43,10 year(s) 00 month(s) 14 day(s),L1,Foster Foster Home,Available,L1,S,A0056378001,-
1868,1207838406365131,43,10 year(s) 00 month(s) 14 day(s),L1,Foster Foster Home,Available,L1,S,A0056378001,-
1869,1207752938089272,50,02 year(s) 07 month(s) 20 day(s),STAFF ONLY,Dogs 203 4,Court,STAFF ONLY,M,A0056311146,-
1870,1207753032000020,50,02 year(s) 07 month(s) 20 day(s),STAFF ONLY,Dogs 203 4,Court,STAFF ONLY,M,A0056311146,-
1871,1207450857598082,81,05 year(s) 02 month(s) 29 day(s),L1,Dogs 303 B2,Available,L1,N,A0056025635,-
1872,1207378104988255,41,02 year(s) 09 month(s) 05 day(s),L1,Foster Foster Home,Available,L1,N,A0055971280,+
1873,1207367614573481,37,03 year(s) 03 month(s) 09 day(s),L2-SF,Foster Foster Home,Available,L2,S,A0055952142,-
1874,1207354660945877,46,04 year(s) 03 month(s) 09 day(s),L2-OA/H,Foster Foster Home,Available,L2,S,A0055954982,+
1875,1207352639514947,37,04 year(s) 03 month(s) 11 day(s),L1,Foster Foster Home,Available,L1,S,A0055941918,-
1876,1207352707744973,37,04 year(s) 03 month(s) 11 day(s),L1,Foster Foster Home,Available,L1,S,A0055941918,-
1877,1207328085517760,47,04 year(s) 03 month(s) 14 day(s),L1,Foster Foster Home,Available,L1,S,A0055923266,+
1878,1207327961833625,47,04 year(s) 03 month(s) 14 day(s),L1,Foster Foster Home,Available,L1,S,A0055923266,+
1879,1207311138964542,63,06 year(s) 03 month(s) 17 day(s),L1,Foster Foster Home,Available,L1,S,A0055894440,+
1880,1207059117348422,44,03 year(s) 05 month(s) 11 day(s),L1,Foster Foster Home,Available,L1,S,A0055697269,-
1881,1207058791877273,44,03 year(s) 05 month(s) 11 day(s),L1,Foster Foster Home,Available,L1,S,A0055697269,-
1882,1206959135478599,50,02 year(s) 05 month(s) 00 day(s),L2-BR,Foster Foster Home,Available,L2,S,A0055612570,-
1883,1206468266630024,24,05 year(s) 07 month(s) 02 day(s),L2 - BR,Foster Foster Home,Available,L2,S,A0055170623,-
1884,1206468266630032,24,05 year(s) 07 month(s) 02 day(s),L2 - BR,Foster Foster Home,Available,L2,S,A0055170623,-
1885,1206376819808508,48,02 year(s) 07 month(s) 12 day(s),L2-OA/LB,Foster Foster Home,Available,L2,S,A0055111834,-
1886,1206313456597248,58,07 year(s) 01 month(s) 04 day(s),A866250,Foster Foster Home,Available,,N,A0053604168,
1887,1206313456597255,58,07 year(s) 01 month(s) 04 day(s),A866250,Foster Foster Home,Available,,N,A0053604168,
1888,1206293324306617,67,09 year(s) 07 month(s) 03 day(s),L1,Foster Foster Home,Available,L1,S,A0055028046,-
1889,1206293675112054,44,04 year(s) 07 month(s) 20 day(s),L1-2024-000263,Foster Foster Home,Available,L1,S,A0055062948,+
1890,1205944372886806,70,03 year(s) 09 month(s) 18 day(s),L1,Foster Foster Home,Available,L1,N,A0054765121,-
1891,1205511209018174,41,,,Foster Foster Home,Available,,S,A0054159016,+
1892,1204896006773960,18,03 year(s) 02 month(s) 14 day(s),A899774,Foster Foster Home,Court,,F,A0053637026,-
1893,1204121327256115,57,04 year(s) 11 month(s) 26 day(s),Staff Only   A896900,Dogs 203 7,Court,STAFF ONLY,M,A0053634174,
1894,1203812684592623,64,08 year(s) 09 month(s) 27 day(s),L1    A877663,Foster Foster Home,Pending Behavior Assessment,L1,S,A0053615371,-
1895,1203812684562999,64,08 year(s) 09 month(s) 27 day(s),L1    A877663,Foster Foster Home,Pending Behavior Assessment,L1,S,A0053615371,-
1896,1206437491753040,53,09 year(s) 07 month(s) 12 day(s),L1,Foster Foster Home,Available,L1,S,A0055110303,+
1897,1210885655236449,22,00 year(s) 06 month(s) 04 day(s),L1- EA,Dogs 066 B4,Available,L1,F,A0058973635,
1898,1210807087357422,56,05 year(s) 01 month(s) 13 day(s),L1,Foster Trial Adoption,Trial Adoption,L1,S,A0058911318,-
1899,1210807018344472,43,02 year(s) 01 month(s) 14 day(s),L1,Foster Foster Home,Available,L1,F,A0058904828,-
1900,1210670157553340,72,05 year(s) 01 month(s) 30 day(s),L2-OA,Foster Trial Adoption,Trial Adoption,L2,N,A0058786176,-
1901,1210667272111878,52,02 year(s) 02 month(s) 00 day(s),L1,Dogs 506 A7,Priority,L1,N,A0058804090,-
1902,1210029935655657,36,00 year(s) 11 month(s) 10 day(s),L1,Foster Foster Home,Trial Adoption,L1,S,A0058331992,-
1903,1210009268843091,48,02 year(s) 04 month(s) 13 day(s),L2-M&G/JM,Foster Foster Home,Available,L2,F,A0058316435,-
1904,1209565189667840,65,05 year(s) 05 month(s) 26 day(s),L1,Foster Foster Home,Available,L1,N,A0057945065,+
1905,1209505568267157,60,02 year(s) 06 month(s) 03 day(s),L2-SF,Foster Foster Home,Available,L2,S,A0057910867,+
1906,1209301347563691,48,02 year(s) 09 month(s) 07 day(s),L1,Foster Trial Adoption,Trial Adoption,L1,N,A0057325800,-
1907,1209298055858665,37,05 year(s) 05 month(s) 23 day(s),L1,Foster Foster Home,Available,L1,S,A0053617955,-
1908,1209277746049988,44,01 year(s) 06 month(s) 30 day(s),L1,Foster Foster Home,Available,L1,N,A0057749805,-
1909,1210324302726915,58,02 year(s) 03 month(s) 09 day(s),L1,Foster Foster Home,Available,L1,S,A0058528237,-
1910,1209187759010671,45,01 year(s) 07 month(s) 10 day(s),L1,Foster Foster Home,Available,L1,S,A0057673945,-
1911,1209919036821748,40,02 year(s) 04 month(s) 21 day(s),L2 - SF/A,Foster Foster Home,Available,L2,S,A0058262254,-
1912,1209919036739098,47,00 year(s) 08 month(s) 22 day(s),L1,Foster Trial Adoption,Trial Adoption,L1,M,A0058261807,-
1913,1209696600867672,58,04 year(s) 05 month(s) 12 day(s),L1,Foster Foster Home,Available,L1,S,A0058025499,-
1914,1208972043641104,64,04 year(s) 08 month(s) 16 day(s),L2-OA/LB,Foster Foster Home,Available,L2,N,A0057442724,-
1915,1208732901943674,69,04 year(s) 09 month(s) 20 day(s),L1,Foster Foster Home,Available,L1,N,A0057243693,-
1916,1208713135276674,50,01 year(s) 09 month(s) 22 day(s),L1,Foster Trial Adoption,Trial Adoption,L1,S,A0057224582,-
1917,1208645927395154,46,01 year(s) 10 month(s) 01 day(s),L1,Foster Foster Home,Available,L1,S,A0057165859,-
1918,1210246644902552,50,06 year(s) 03 month(s) 16 day(s),L1,Foster Foster Home,Available,L1,S,A0058491085,-
1919,1210233124784798,51,03 year(s) 03 month(s) 16 day(s),L2-OA/JM,Foster Foster Home,Available,L2,S,A0058483232,-
1920,1208290428867191,58,04 year(s) 11 month(s) 16 day(s),L2-OA/JM/BR,Foster Foster Home,Available,L2,N,A0056868984,-
1921,1210140019977518,54,02 year(s) 03 month(s) 27 day(s),L2-SF,Foster Foster Home,Available,L2,S,A0058412684,+
1922,1210077675244196,68,03 year(s) 04 month(s) 05 day(s),L1,Foster Foster Home,Available,L1,N,A0058364488,-
1923,1209649391095922,52,04 year(s) 05 month(s) 17 day(s),L1,Foster Foster Home,Available,L1,S,A0057999103,-
1924,1209620457029486,60,05 year(s) 05 month(s) 22 day(s),L1,Dogs 088 A4,Available,L1,N,A0057973869,-
1925,1207773488276072,59,04 year(s) 01 month(s) 17 day(s),L2-BR,Foster Foster Home,Available,L2,N,A0056329160,
1926,1208118502844955,40,03 year(s) 00 month(s) 08 day(s),L1,Foster Foster Home,Available,L1,N,A0056598333,-
1927,1208062914201673,71,07 year(s) 00 month(s) 16 day(s),L1,Foster Foster Home,Available,L1,S,A0056545695,-
1928,1207059119579775,61,01 year(s) 04 month(s) 28 day(s),L1,Foster Foster Home,Available,L1,S,A0055697364,-
1929,1207003408618978,55,04 year(s) 04 month(s) 25 day(s),L3-SD/BR,Foster Foster Home,Available,L3,N,A0055649438,-
1930,1205931038479014,48,02 year(s) 09 month(s) 19 day(s),L2-SF,Foster Foster Home,Available,L2,S,A0054759790,-
1931,1205795309418648,48,04 year(s) 10 month(s) 05 day(s),L1,Foster Foster Home,Available,L1,S,A0054649638,-
