,gid,Level,Current Status,Location,IntakeDate,Level Reason,Special Intake Information,HW,Sex,Animal ID,Microchip ID,Rabies Revaccination Date,Weight,Hold,Age,Short URL,Foster Start Reason,Leash Skills,Dog Interaction,Cat Interaction,Kid Interaction,Crate Trained,Potty Skills,Cuddle Meter,Energy/Activity Level,DOB,Color & Breed,More about me,Play Style,Playgroup Notes,"""Dog Test"" Notes",Behavior Notes,Foster/Home Notes,completed,parent gid,parent completed
0,1211797983483958,L1,Available,Flex 84,,L1-EA,,-,N,A0059410538,,,59,,01 year(s) 00 month(s) 18 day(s),,,,,,,,,,,,,,,,,,,False,1211434871568619,False
1,1211892160045303,L1,Available,Flex 84,,L1-EA,,-,N,A0059410538,,,59,,01 year(s) 00 month(s) 18 day(s),,,,,,,,,,,,,,,,,,,False,1211434871568619,False
2,1211798098788102,L1,Available,Flex 84,,L1-EA,,-,N,A0059410515,,,57,,01 year(s) 00 month(s) 18 day(s),,,,,,,,,,,,,,,,,,,False,1211434916540633,False
3,1211892542675182,L2,Available,Flex 83,,L2 - A,,-,F,A0059668668,,,59,,02 year(s) 06 month(s) 15 day(s),,,,,,,,,,,,,,,,,,,False,1211746996803300,False
4,1211816052221192,L1,Available,Flex 83,,L1     A889611,,-,S,A0053627105,,,66,,04 year(s) 03 month(s) 23 day(s),,,,,,,,,,,,,,,,,,,False,1211747154756832,False
5,1211892756664817,L2,Cites,Flex 85,,L2-SF,,-,F,A0059675890,,,85,,13 year(s) 00 month(s) 15 day(s),,,,,,,,,,,,,,,,,,,False,1211752654734889,False
6,1211892680463933,L2,Cites,Flex 85,,L2-SF,,+,F,A0059675889,,,72,,10 year(s) 00 month(s) 15 day(s),,,,,,,,,,,,,,,,,,,False,1211752654734857,False
7,1211881503947166,L1,Available,Flex 82,,L1,,-,M,A0059106777,,,23,,00 year(s) 10 month(s) 25 day(s),,,,,,,,,,,,,,,,,,,False,1211061447053239,False
8,1211870038157612,L1,Available,Featured Dogs 58,,L1,,-,M,A0059445380,,,45,,01 year(s) 01 month(s) 13 day(s),,,,,,,,,,,,,,,,,,,False,1211486823578306,False
9,1211737310164948,L1,Available,Featured Dogs 55,,L1,,-,M,A0059650081,,,41,,01 year(s) 00 month(s) 19 day(s),,,,,,,,,,,,,,,,,,,False,1211713470352632,False
10,1211893026998486,L1,Available,Featured Dogs 52,,L1,,-,S,A0056931859,,,45,,03 year(s) 01 month(s) 19 day(s),,,,,,,,,,,,,,,,,,,False,1208368017143628,False
11,1211888805829940,L1,Available,Featured Dogs 54,,L1,,-,F,A0059320626,,,67,,03 year(s) 02 month(s) 01 day(s),,,,,,,,,,,,,,,,,,,False,1211298559400165,False
12,1211903339310906,L1,Available,Featured Dogs 57,,L1,,-,S,A0059688884,,,39,,05 year(s) 00 month(s) 12 day(s),,,,,,,,,,,,,,,,,,,False,1211779539499949,False
13,1211857537427563,L1,Available,Featured Dogs 59,,L1,,+,S,A0059600493,,,41,,05 year(s) 00 month(s) 26 day(s),,,,,,,,,,,,,,,,,,,False,1211645105302049,False
14,1211856091508528,L1,Priority,Featured Dogs 56,,L1,,-,N,A0059589128,,,55,,01 year(s) 00 month(s) 29 day(s),,,,,,,,,,,,,,,,,,,False,1211621023443593,False
15,1211816806004624,L1,Available,Featured Dogs 53,,L1,,+,N,A0058916951,,,63,,04 year(s) 03 month(s) 25 day(s),,,,,,,,,,,,,,,,,,,False,1210807087231838,False
16,1211838530471075,L3,,,,,,,,,,,,,,,,,,,,,,,,,,,,,,,,False,1211725830992864,False
17,1211842916477153,L3,,,,,,,,,,,,,,,,,,,,,,,,,,,,,,,,False,1211645085380630,False
18,1211869612512738,L2,,,,,,,,,,,,,,,,,,,,,,,,,,,,,,,,False,1211379972135056,False
19,1211812731120653,L1,Available,Dogs 088 B6,,L1,,-,F,A0059414016,,,36,,00 year(s) 10 month(s) 17 day(s),,,,,,,,,,,,,,,,,,,False,1211462628059286,False
20,1211888843043342,L1,Available,Dogs 068 B2,,L1,,-,S,A0059418705,,,43,,01 year(s) 01 month(s) 17 day(s),,,,,,,,,,,,,,,,,,,False,1211462710922473,False
21,1211889388427390,L1,Available,Dogs 079 B4,,L1,,-,F,A0059423131,,,42,,03 year(s) 01 month(s) 16 day(s),,,,,,,,,,,,,,,,,,,False,1211473907312632,False
22,1211892302269527,L2,Priority,Dogs 067 B5,,L2 - BH,,-,F,A0059304406,,,50,,01 year(s) 02 month(s) 05 day(s),,,,,,,,,,,,,,,,,,,False,1211484197789226,False
23,1211853481719329,L1,Available,Dogs 088 A3,,L1,,+,M,A0059448413,,,57,,02 year(s) 01 month(s) 12 day(s),,,,,,,,,,,,,,,,,,,False,1211490208472413,False
24,1211892898926287,L1,Priority,Dogs 064 B2,,L1,,-,F,A0059442981,,,47,,03 year(s) 01 month(s) 13 day(s),,,,,,,,,,,,,,,,,,,False,1211486532759228,False
25,1211851672673936,L1,Priority,Dogs 081 B7,,L1    A880690,,-,S,A0053617873,,,42,,06 year(s) 01 month(s) 09 day(s),,,,,,,,,,,,,,,,,,,False,1211517882135597,False
26,1211812403135310,L1,Available,Dogs 081 A3,,L1,,-,M,A0059533557,,,46,,01 year(s) 01 month(s) 07 day(s),,,Pulls some but manageable,,,,,,,,,,,,,,,,False,1211549935851387,False
27,1211892731116818,L1,Priority,Dogs 064 B1,,L1,,-,F,A0059273417,,,45,,03 year(s) 02 month(s) 09 day(s),,,,,,,,,,,,,,,,,,,False,1211193595515590,False
28,1211903498334248,L2,Priority,Dogs 068 A5,,L2-SF,,-,M,A0059458506,,,40,,01 year(s) 00 month(s) 09 day(s),,,,,,,,,,,,,,,,,,,False,1211528986952984,False
29,1211892700070314,L1,Available,Dogs 079 B2,,L1,,+,F,A0059542692,,,38,,02 year(s) 01 month(s) 05 day(s),,,,,,,,,,,,,,,,,,,False,1211552352824181,False
30,1211854841679514,L1,Priority,Dogs 066 A6,,L1,,+,M,A0059427660,,,64,,02 year(s) 01 month(s) 16 day(s),,,,,,,,,,,,,,,,,,,False,1211473907757779,False
31,1211816830866795,L1,Trial Adoption,Dogs 088 A5,,L1,,-,M,A0059545760,,,36,,00 year(s) 10 month(s) 04 day(s),,,,,,,,,,,,,,,,,,,False,1211556792504192,False
32,1211816993104860,L1,Available,Dogs 081 B4,,L1,,-,F,A0059549728,,,49,,00 year(s) 10 month(s) 18 day(s),,,,,,,,,,,,,,,,,,,False,1211572391225617,False
33,1211892033258834,L1,Available,Dogs 081 B2,,L1,,-,F,A0059557422,,,39,,01 year(s) 01 month(s) 02 day(s),,,,,,,,,,,,,,,,,,,False,1211583871507508,False
34,1211807115347217,L2,Priority,Dogs 066 B6,,L2-SF,,-,F,A0059559902,,,47,,03 year(s) 01 month(s) 02 day(s),,,,,,,,,,,,,,,,,,,False,1211583767312651,False
35,1211817036786917,L1,Available,Dogs 088 A7,,L1,,-,M,A0059561185,,,69,,02 year(s) 01 month(s) 02 day(s),,,,,,,,,,,,,,,,,,,False,1211583767524727,False
36,1211890529257644,L1,Available,Dogs 088 B1,,L1,,+,M,A0059570943,,,69,,02 year(s) 01 month(s) 00 day(s),,,,,,,,,,,,,,,,,,,False,1211605426150874,False
37,1211892651358818,L2,Priority,Dogs 081 A1,,L2-OA,,-,M,A0059572083,,,54,,01 year(s) 01 month(s) 00 day(s),,,,,,,,,,,,,,,,,,,False,1211605644284513,False
38,1211812034301975,L1,Available,Dogs 079 A5,,L1,,-,F,A0059563324,,,46,,01 year(s) 07 month(s) 00 day(s),,,,,,,,,,,,,,,,,,,False,1211605644117743,False
39,1211869055212814,L1,Available,Dogs 066 B4,,L1,,-,F,A0059583638,,,46,,01 year(s) 00 month(s) 30 day(s),,,,,,,,,,,,,,,,,,,False,1211615768729203,False
40,1211816528550833,L1,Available,Dogs 088 A6,,L1,,+,F,A0059546089,,,74,,03 year(s) 06 month(s) 29 day(s),,,,,,,,,,,,,,,,,,,False,1211615712959748,False
41,1211856637547126,L1,Available,Dogs 088 A2,,L1,,-,M,A0059600554,,,51,,07 year(s) 00 month(s) 15 day(s),,,,,,,,,,,,,,,,,,,False,1211645084111680,False
42,1211892466861162,L1,Available,Dogs 081 B9,,L1,,-,M,A0059433997,,,39,,00 year(s) 09 month(s) 15 day(s),,,,,,,,,,,,,,,,,,,False,1211484069555772,False
43,1211869172263814,L1,Priority,Dogs 081 A9,,L1,,-,F,A0059450574,,,60,,05 year(s) 01 month(s) 11 day(s),,,,,,,,,,,,,,,,,,,False,1211504330155390,False
44,1211892096289636,L1,Priority,Dogs 067 A1,,L1,,+,F,A0059604042,,,60,,09 year(s) 00 month(s) 26 day(s),,,,,,,,,,,,,,,,,,,False,1211645231184597,False
45,1211891995004330,L2,Available,Dogs 079 A2,,L2-SF,,+,N,A0059597000,,,61,,04 year(s) 00 month(s) 26 day(s),,,,,,,,,,,,,,,,,,,False,1211656258657030,False
46,1211797858125529,L2,Available,Dogs 081 A4,,L2 -BR/RG,,-,F,A0058872755,,,55,,02 year(s) 04 month(s) 00 day(s),,,,,,,,,,,,,,,,,,,False,1210758502923704,False
47,1211841566430227,L1,Available,Dogs 081 A2,,L1,,-,F,A0059619167,,,45,,03 year(s) 00 month(s) 24 day(s),,,,,,,,,,,,,,,,,,,False,1211678052018465,False
48,1211889243296655,L2,Available,Dogs 066 A5,,L2-SF,,-,N,A0059628286,,,44,,01 year(s) 00 month(s) 22 day(s),,,,,,,,,,,,,,,,,,,False,1211688244384000,False
49,1211903446467982,L1,Priority,Dogs 079 B6,,L1,,-,N,A0059628706,,,70,,02 year(s) 00 month(s) 22 day(s),,,,,,,,,,,,,,,,,,,False,1211688129937324,False
50,1211892643384011,L2,Priority,Dogs 079 B3,,L2-SF A853096,,-,N,A0053591188,,,58,,09 year(s) 06 month(s) 24 day(s),,,,,,,,,,,,,,,,,,,False,1211701877053828,False
51,1211881700279670,L1,Available,Dogs 068 B4,,L1,,-,M,A0059635840,,,43,,01 year(s) 00 month(s) 20 day(s),,,,,,,,,,,,,,,,,,,False,1211713226057190,False
52,1211893343677572,L1,Available,Dogs 067 B4,,L1,,-,F,A0059665510,,,39,,00 year(s) 11 month(s) 17 day(s),,,,,,,,,,,,,,,,,,,False,1211747155014791,False
53,1211892817539216,L1,Available,Dogs 081 A7,,L1,,-,S,A0059668887,,,37,,04 year(s) 00 month(s) 16 day(s),,,,,,,,,,,,,,,,,,,False,1211746760537086,False
54,1211893441944274,L2,Priority,Dogs 081 B6,,L2-BR,,-,S,A0058243272,,,54,,01 year(s) 02 month(s) 06 day(s),,,,,,,,,,,,,,,,,,,False,1209903614291140,False
55,1211842994855354,L2,Available,Dogs 066 B5,,L2 - BH,,-,F,A0059668396,,,34,,08 year(s) 00 month(s) 16 day(s),,,,,,,,,,,,,,,,,,,False,1211748962046384,False
56,1211892327159751,L1,Available,Dogs 064 A2,,L1,,-,M,A0059620845,,,80,,07 year(s) 00 month(s) 14 day(s),,,,,,,,,,,,,,,,,,,False,1211678143714071,False
57,1211892078867689,L2,Available,Dogs 064 A3,,L2-SF,,-,S,A0053627316,,,45,,05 year(s) 00 month(s) 06 day(s),,,,,,,,,,,,,,,,,,,False,1202253749044074,False
58,1211892095551266,L2,Available,Dogs 067 A4,,L2-SF,,-,M,A0059673340,,,35,,00 year(s) 10 month(s) 15 day(s),,,,,,,,,,,,,,,,,,,False,1211749444365937,False
59,1211842093986311,L1,Available,Dogs 068 B5,,L1,,-,N,A0059675191,,,38,,00 year(s) 10 month(s) 12 day(s),,,,,,,,,,,,,,,,,,,False,1211748962182110,False
60,1211893064589272,L1,Available,Dogs 067 A5,,L1,,-,N,A0059673908,,,39,,01 year(s) 00 month(s) 15 day(s),,,,,,,,,,,,,,,,,,,False,1211749444365491,False
61,1211892914961326,L3,Available,Dogs 068 A1,,L3 - SF,,-,N,A0059680066,,,32,,00 year(s) 11 month(s) 13 day(s),,,,,,,,,,,,,,,,,,,False,1211764840170781,False
62,1211892474971461,L2,Available,Dogs 088 A10,,L2-BR,,-,F,A0059375029,,,58,,03 year(s) 01 month(s) 25 day(s),,,,,,,,,,,,,,,,,,,False,1211391934598475,False
63,1211817235939413,L1,Priority,Dogs 088 B10,,L1,,-,S,A0058337943,,,79,,05 year(s) 06 month(s) 05 day(s),,,,,,,,,,,,,,,,,,,False,1210029782703289,False
64,1211893553470769,L1,Available,Dogs 068 B3,,L1,,-,S,A0059349510,,,32,,00 year(s) 09 month(s) 28 day(s),,,,,,,,,,,,,,,,,,,False,1211349544161994,False
65,1211852094477609,L2,Available,Dogs 079 A4,,L2-SF,,-,F,A0059692803,,,47,,02 year(s) 00 month(s) 12 day(s),,,,,,,,,,,,,,,,,,,False,1211779401565198,False
66,1211881591757860,L3,Adopted,Dogs 081 A5,,L3-SF,,-,S,A0059691524,,,44,,00 year(s) 10 month(s) 12 day(s),,,,,,,,,,,,,,,,,,,False,1211779618517136,False
67,1211870587266256,L1,Available,Dogs 067 C1,,L1,,-,F,A0059693287,,,34,,02 year(s) 00 month(s) 12 day(s),,,,,,,,,,,,,,,,,,,False,1211790442937358,False
68,1211889320797965,L2,Priority,Dogs 068 A3,,L2-SF,,-,M,A0059585503,,,52,,01 year(s) 00 month(s) 29 day(s),,,,,,,,,,,,,,,,,,,False,1211618121910019,False
69,1211790507496187,L1,Available,Dogs 081 A5,,L1,,-,F,A0059699721,,,30,,01 year(s) 06 month(s) 09 day(s),,,,,,,,,,,,,,,,,,,False,1211790507450648,False
70,1211842129450375,L1,Available,Dogs 064 A1,,L1,,+,M,A0059696765,,,58,,02 year(s) 00 month(s) 11 day(s),,,,,,,,,,,,,,,,,,,False,1211801412235374,False
71,1211814554103705,L1,Available,Dogs 066 B4,,L1,,-,F,A0059583638,,,46,,01 year(s) 00 month(s) 30 day(s),,,,,,,,,,,,,,,,,,,False,1211615768729203,False
72,1211892186852577,L2,Available,Dogs 079 A6,,L2 - SF,,-,S,A0059704873,,,55,,01 year(s) 00 month(s) 08 day(s),,,,,,,,,,,,,,,,,,,False,1211801537469323,False
73,1211892970033148,L1,Priority,Dogs 079 B1,,L1,,-,S,A0059321101,,,39,,08 year(s) 01 month(s) 13 day(s),,,,,,,,,,,,,,,,,,,False,1211298559400101,False
74,1211889243398292,L1,Available,Dogs 067 B2,,L1,,-,F,A0059711058,,,38,,00 year(s) 09 month(s) 09 day(s),,,,,,,,,,,,,,,,,,,False,1211810270002218,False
75,1211888908173738,L1,Available,Dogs 067 A2,,L1,,+,F,A0059711197,,,33,,01 year(s) 00 month(s) 09 day(s),,,,,,,,,,,,,,,,,,,False,1211810405726050,False
76,1211892023756255,L1,Available,Dogs 088 B4,,L1,,-,N,A0059711144,,,43,,01 year(s) 00 month(s) 09 day(s),,,,,,,,,,,,,,,,,,,False,1211810268693183,False
77,1211892350956533,L1,Available,Dogs 088 A9,,L1,,-,M,A0059716194,,,69,,03 year(s) 00 month(s) 08 day(s),,,,,,,,,,,,,,,,,,,False,1211814499965288,False
78,1211843775530793,L3,Available,Dogs 068 C1,,L3-BR/H/SD,,-,N,A0056241225,,,10,,07 year(s) 00 month(s) 24 day(s),,,,,,,,,,,,,,,,,,,False,1207663117567497,False
79,1211892638836187,L1,Available,Dogs 081 B10,,L1,,+,S,A0059691547,,,59,,02 year(s) 00 month(s) 07 day(s),,,,,,,,,,,,,,,,,,,False,1211779618993412,False
80,1211816121837475,L1,Available,Dogs 081 A10,,L1,,-,F,A0059354109,,,43,,01 year(s) 01 month(s) 27 day(s),,,,,,,,,,,,,,,,,,,False,1211351805840645,False
81,1211849587643275,L1,Available,Dogs 088 B7,,L1,,-,M,A0059684836,,,88,,01 year(s) 00 month(s) 10 day(s),,,,,,,,,,,,,,,,,,,False,1211801535523296,False
82,1211892532226376,L1,Available,Dogs 067 B3,,L1,,-,F,A0059712141,,,32,,00 year(s) 08 month(s) 09 day(s),,,,,,,,,,,,,,,,,,,False,1211810405837486,False
83,1211889819353972,L2,Available,Dogs 067 A3,,L2-OA,,-,S,A0059379214,,,38,,01 year(s) 00 month(s) 22 day(s),,,,,,,,,,,,,,,,,,,False,1211391935719643,False
84,1211818621877530,L1,Microchip,Dogs 067 B1,,L1,,-,M,A0059719385,,,49,,00 year(s) 08 month(s) 08 day(s),,,,,,,,,,,,,,,,,,,False,1211818485482683,False
85,1211867375433227,L2,Available,Dogs 068 C2,,L2-SF,,-,M,A0059718847,,,28,,01 year(s) 00 month(s) 07 day(s),,,,,,,,,,,,,,,,,,,False,1211818484669971,False
86,1211892338350167,L2,Available,Dogs 081 A6,,L2-A,,-,M,A0059720932,,,49,,01 year(s) 00 month(s) 07 day(s),,,,,,,,,,,,,,,,,,,False,1211832255745566,False
87,1211892410181417,L1,Available,Dogs 066 B1,,L1,,-,F,A0059106772,,,44,,04 year(s) 02 month(s) 26 day(s),,,,,,,,,,,,,,,,,,,False,1211061446950593,False
88,1211881362280689,L1,Available,Dogs 081 B3,,L1,,-,S,A0055464936,,,47,,03 year(s) 02 month(s) 06 day(s),,,,,,,,,,,,,,,,,,,False,1206761790590998,False
89,1211814555238534,L1,Available,Dogs 088 B3,,L1,,-,S,A0059004088,,,45,,00 year(s) 08 month(s) 07 day(s),,,,,,,,,,,,,,,,,,,False,1210923864770238,False
90,1211892514218850,L1,Available,Dogs 068 A2,,L1,,-,S,A0059060141,,,36,,00 year(s) 11 month(s) 03 day(s),,,,,,,,,,,,,,,,,,,False,1210994060188453,False
91,1211892625027268,L1,Available,Dogs 066 A4,,L1,,-,S,A0055806684,,,44,,04 year(s) 06 month(s) 12 day(s),,,,,,,,,,,,,,,,,,,False,1207197691041181,False
92,1211832330052701,L1,Adopted,Dogs 064 C1,,L1,,-,M,A0059725661,,,27,,02 year(s) 00 month(s) 06 day(s),,,,,,,,,,,,,,,,,,,False,1211832219240097,False
93,1211832328551480,L1,Available,Dogs 079 A3,,L1,,+,M,A0059722482,,,61,,05 year(s) 00 month(s) 06 day(s),,,,,,,,,,,,,,,,,,,False,1211832256631881,False
94,1211881605653957,L1,Adopted,Dogs 064 B3,,L1,,-,F,A0059727277,,,35,,00 year(s) 11 month(s) 06 day(s),,,,,,,,,,,,,,,,,,,False,1211844623549617,False
95,1211892248755723,L1,Available,Dogs 081 B8,,L1,,-,S,A0054825870,,,63,,06 year(s) 11 month(s) 19 day(s),,,,,,,,,,,,,,,,,,,False,1206013388222708,False
96,1211844860052408,L2,Available,Dogs 088 B5,,L2-SF,,-,N,A0059731785,,,28,,00 year(s) 10 month(s) 05 day(s),,,,,,,,,,,,,,,,,,,False,1211844859984930,False
97,1211892359324667,L2,Available,Dogs 081 B1,,L2 - SA,,-,M,A0059728129,,,54,,03 year(s) 00 month(s) 05 day(s),,,,,,,,,,,,,,,,,,,False,1211844626200623,False
98,1211886063151542,L1,Available,Dogs 064 A1,,L1,,+,M,A0059696765,,,58,,02 year(s) 00 month(s) 11 day(s),,,,,,,,,,,,,,,,,,,False,1211801412235374,False
99,1211893020090679,L1,Adopted,Dogs 068 A4,,L1,,-,F,A0059723347,,,37,,00 year(s) 09 month(s) 06 day(s),,,,,,,,,,,,,,,,,,,False,1211832258577623,False
100,1211892114557400,L2,Available,Dogs 088 A4,,L2-SF,,-,M,A0059738616,,,38,,06 year(s) 00 month(s) 04 day(s),,,,,,,,,,,,,,,,,,,False,1211857313849992,False
101,1211892376034776,L1,Available,Dogs 081 A8,,L1,,-,F,A0059738610,,,48,,05 year(s) 00 month(s) 05 day(s),,,,,,,,,,,,,,,,,,,False,1211857439959174,False
102,1211868108067656,L3,Priority,Dogs 088 B2,,L3-OA,,-,N,A0059646514,,,80,,05 year(s) 00 month(s) 15 day(s),,,,,,,,,,,,,,,,,,,False,1211749137795837,False
103,1211872160619453,L2,Identifying Info,Dogs 088 A8,,L2-SF,,+,M,A0059739359,,,60,,03 year(s) 00 month(s) 05 day(s),,,,,,,,,,,,,,,,,,,False,1211871616755997,False
104,1211888855207695,L1,Adopted,Dogs 067 C2,,L1,,-,F,A0059725684,,,23,,01 year(s) 00 month(s) 06 day(s),,,,,,,,,,,,,,,,,,,False,1211832330929595,False
105,1211889319358827,L1,Stray Wait,Dogs 066 A1,,L1,,-,M,A0059748554,,,41,,00 year(s) 09 month(s) 03 day(s),,,,,,,,,,,,,,,,,,,False,1211871756038828,False
106,1211892849486826,L1,Available,Dogs 081 B5,,L1,,-,N,A0059549390,,,38,,00 year(s) 10 month(s) 03 day(s),,,,,,,,,,,,,,,,,,,False,1211572645221137,False
107,1211893340613087,L1,Available,Dogs 066 B3,,L1,,-,N,A0059258383,,,55,,01 year(s) 01 month(s) 12 day(s),,,,,,,,,,,,,,,,,,,False,1211179519012045,False
108,1211889198535936,L1,Stray Wait,Dogs 066 A3,,L1,,-,F,A0059749381,,,34,,00 year(s) 07 month(s) 03 day(s),,,,,,,,,,,,,,,,,,,False,1211886364781485,False
109,1211889236709197,L1,Priority,Dogs 066 B2,,L1,,-,M,A0059253890,,,34,,00 year(s) 08 month(s) 13 day(s),,,,,,,,,,,,,,,,,,,False,1211179456537322,False
110,1211900229650611,L1,Stray Wait,Dogs 079 A1,,L1,,-,F,A0059737715,,,57,,10 year(s) 00 month(s) 04 day(s),,,,,,,,,,,,,,,,,,,False,1211857439729419,False
111,1211886061420253,L1,Pending Medical Assessment/Treatment,Dogs 064 B4,,L1,,-,M,A0059750220,,,43,,02 year(s) 00 month(s) 02 day(s),,,,,,,,,,,,,,,,,,,False,1211886363570727,False
112,1211886365196359,L1,Stray Wait,Dogs 088 B9,,L1,,-,M,A0059744474,,,60,,01 year(s) 00 month(s) 03 day(s),,,,,,,,,,,,,,,,,,,False,1211886060308527,False
113,1211886618698063,L1,Available,Dogs 066 A2,,L1,,-,F,A0059464841,,,41,,00 year(s) 11 month(s) 08 day(s),,,,,,,,,,,,,,,,,,,False,1211528918757059,False
114,1211904048721152,L1,Available,Dogs 068 B1,,L1,,+,S,A0058903285,,,44,,00 year(s) 11 month(s) 27 day(s),,,,,,,,,,,,,,,,,,,False,1210796436277702,False
115,1211892127087702,L1,,,,,,,,,,,,,,,,,,,,,,,,,,,,,,,,False,1210019003125744,False
116,1211889121881282,L3,,,,,,,,,,,,,,,,,,,,,,,,,,,,,,,,False,1211615711789076,False
117,1211809461392274,L2,,,,,,,,,,,,,,,,,,,,,,,,,,,,,,,,False,1211486823738336,False
118,1211870768930839,L2,Available,Dogs 603 A3,,L2-LR,,+,N,A0059367483,,,41,,01 year(s) 07 month(s) 22 day(s),,,,,,,,,,,,,,,,,,,False,1211380107403862,False
119,1211812215239442,L2,Available,Dogs 603 B6,,L2-LR,,-,S,A0059380817,,,71,,03 year(s) 01 month(s) 22 day(s),,,,,,,,,,,,,,,,,,,False,1211391933762451,False
120,1211750785701369,L1,Available,Dogs 603 B1,,L1,,-,M,A0059411344,,,61,,03 year(s) 01 month(s) 04 day(s),,,,,,,,,,,,,,,,,,,False,1211449300105055,False
121,1211888377385910,L2,Priority,Dogs 602 6,,L2-A,,+,M,A0059422620,,,48,,03 year(s) 01 month(s) 16 day(s),,,,,,,,,,,,,,,,,,,False,1211462776095496,False
122,1211892808814440,L1,Available,Dogs 603 B2,,L1,,-,F,A0059452543,,,41,,03 year(s) 01 month(s) 11 day(s),,,Walks politely on leash,,,,,,,1 - Low energy,,,,,,,,,False,1211517881770413,False
123,1211809640137121,L2,Priority,Dogs 606 A2,,L2-OA,,-,N,A0054163188,,,64,,02 year(s) 05 month(s) 25 day(s),,,,,,,,,,,,,,,,,,,False,1205511210979745,False
124,1211888449397072,L2,Priority,Dogs 602 1,,L2-SF,,-,M,A0059599608,,,62,,07 year(s) 00 month(s) 25 day(s),,,,,,,,,,,,,,,,,,,False,1211656414728480,False
125,1211812253075319,L1,Cruelty Exam,Dogs 602 4,,L1,,-,F,A0059640302,,,55,,03 year(s) 00 month(s) 20 day(s),,,,,,,,,,,,,,,,,,,False,1211713226720210,False
126,1211830608632093,L1,Priority,Dogs 606 B3,,L1,,-,F,A0059437600,,,52,,06 year(s) 01 month(s) 14 day(s),,,,,,,,,,,,,,,,,,,False,1211484069662238,False
127,1211809561028052,L2,Available,Dogs 601 2,,L2 BR/OA,,-,M,A0059452523,,,47,,05 year(s) 00 month(s) 28 day(s),,,,,,,,,,,,,,,,,,,False,1211518050767821,False
128,1211889244259993,L3,Priority,Dogs 606 A7,,L3-SF,,-,M,A0059658078,,,49,,01 year(s) 06 month(s) 17 day(s),,,,,,,,,,,,,,,,,,,False,1211737870301828,False
129,1211892379431345,L1,Available,Dogs 606 A3,,L1,,-,F,A0059657422,,,68,,06 year(s) 00 month(s) 18 day(s),,,,,,,,,,,,,,,,,,,False,1211737990451041,False
130,1211892876955448,L3,Priority,Dogs 606 B6,,L3-SF,,-,F,A0059661981,,,41,,01 year(s) 00 month(s) 17 day(s),,,,,,,,,,,,,,,,,,,False,1211737870455983,False
131,1211892338495865,L1,Available,Dogs 606 A6,,L1,,-,S,A0059546101,,,56,,07 year(s) 00 month(s) 08 day(s),,,,,,,,,,,,,,,,,,,False,1211615713450370,False
132,1211748104239078,L1,Available,Dogs 601 7,,L1,,-,M,A0059398528,,,39,,01 year(s) 07 month(s) 18 day(s),,,,,,,,,,,,,,,,,,,False,1211417859342253,False
133,1211892034417242,L1,Available,Dogs 602 3,,L1,,-,M,A0059604577,,,66,,02 year(s) 00 month(s) 26 day(s),,,,,,,,,,,,,,,,,,,False,1211645084349206,False
134,1211882211173739,L3,Available,Dogs 603 B1,,L3-SF,,-,F,A0059683353,,,70,,05 year(s) 00 month(s) 13 day(s),,,,,,,,,,,,,,,,,,,False,1211764962647415,False
135,1211799243938444,L3,Priority,Dogs 603 B3,,L3-BH,,-,M,A0059627212,,,60,,03 year(s) 10 month(s) 18 day(s),,,,,,,,,,,,,,,,,,,False,1211678143250706,False
136,1211893078258026,L1,Available,Dogs 606 A5,,L1,,-,M,A0059684286,,,75,,03 year(s) 00 month(s) 13 day(s),,,,,,,,,,,,,,,,,,,False,1211764842427772,False
137,1211892858514870,L1,Available,Dogs 603 A4,,L1,,+,F,A0059684070,,,52,,06 year(s) 00 month(s) 12 day(s),,,,,,,,,,,,,,,,,,,False,1211779619211774,False
138,1211892181102502,L1,Priority,Dogs 603 A1,,L1,,-,F,A0059696618,,,53,,02 year(s) 00 month(s) 11 day(s),,,,,,,,,,,,,,,,,,,False,1211790449643284,False
139,1211889071938635,L1,Available,Dogs 606 B4,,L1,,-,M,A0059696563,,,48,,01 year(s) 06 month(s) 09 day(s),,,,,,,,,,,,,,,,,,,False,1211790368111017,False
140,1211790370116561,L2,Available,Dogs 603 A2,,L2-SF,,-,F,A0059697104,,,60,,02 year(s) 00 month(s) 11 day(s),,,,,,,,,,,,,,,,,,,False,1211790432013634,False
141,1211888473261122,L1,Available,Dogs 602 C4,,L1,,-,F,A0059713874,,,33,,00 year(s) 08 month(s) 09 day(s),,,,,,,,,,,,,,,,,,,False,1211810406271285,False
142,1211843268400396,L1,Available,Dogs 606 B1,,L1,,-,M,A0059711167,,,42,,02 year(s) 00 month(s) 09 day(s),,,,,,,,,,,,,,,,,,,False,1211810323966883,False
143,1211888858590979,L1,Adopted,Dogs 602 C6,,L1-A874462,,-,N,A0053612292,,,5,,08 year(s) 04 month(s) 16 day(s),,,,,,,,,,,,,,,,,,,False,1211814622019055,False
144,1211816267692387,L1,Available,Dogs 602 5,,L1,,-,N,A0059665365,,,31,,00 year(s) 11 month(s) 17 day(s),,,,,,,,,,,,,,,,,,,False,1211737974694926,False
145,1211816945761020,L1,Available,Dogs 601 9,,L1,,-,M,A0059673276,,,44,,01 year(s) 00 month(s) 15 day(s),,,,,,,,,,,,,,,,,,,False,1211749137645411,False
146,1211892807911454,L1,Available,Dogs 603 B4,,L1,,-,F,A0059724014,,,36,,02 year(s) 00 month(s) 06 day(s),,,,,,,,,,,,,,,,,,,False,1211832218115443,False
147,1211888823226940,L1,Adopted,Dogs 602 C5,,L1,,-,M,A0059727337,,,13,,02 year(s) 00 month(s) 06 day(s),,,,,,,,,,,,,,,,,,,False,1211844858394832,False
148,1211844624687771,L1,Available,Dogs 606 B2,,L1,,+,M,A0059726356,,,39,,04 year(s) 00 month(s) 06 day(s),,,,,,,,,,,,,,,,,,,False,1211844624614177,False
149,1211844839464634,L1,Available,Dogs 606 B7,,L1,,-,S,A0059225099,,,38,,04 year(s) 01 month(s) 22 day(s),,,,,,,,,,,,,,,,,,,False,1211403665089509,False
150,1211832357524371,L1,Adopted,Dogs 601 8,,L1,,-,M,A0059724039,,,41,,04 year(s) 00 month(s) 06 day(s),,,,,,,,,,,,,,,,,,,False,1211832254663049,False
151,1211891939422268,L2,Priority,Dogs 601 6,,L2-OA,,-,M,A0059400937,,,49,,00 year(s) 11 month(s) 20 day(s),,,,,,,,,,,,,,,,,,,False,1211417952941754,False
152,1211853668173488,L1,Available,Dogs 601 5,,L1,,-,F,A0059458187,,,59,,01 year(s) 07 month(s) 08 day(s),,,,,,,,,,,,,,,,,,,False,1211518051135626,False
153,1211857444941126,L3,Stray Wait,Dogs 602 2,,L3-SF,,-,F,A0059739640,,,57,,03 year(s) 00 month(s) 04 day(s),,,,,,,,,,,,,,,,,,,False,1211857444834689,False
154,1211893142597479,L1,Available,Dogs 606 A4,,L1,,+,S,A0059322064,,,33,,04 year(s) 02 month(s) 01 day(s),,,,,,,,,,,,,,,,,,,False,1211310921928770,False
155,1211889503603792,L1,Available,Dogs 606 B7,,L1,,-,N,A0059077471,,,56,,02 year(s) 03 month(s) 00 day(s),,,,,,,,,,,,,,,,,,,False,1211014743908841,False
156,1211886262494218,L1,Cites,Dogs 603 B5,,L1,,-,F,A0059753285,,,29,,00 year(s) 10 month(s) 02 day(s),,,,,,,,,,,,,,,,,,,False,1211886062462976,False
157,1211886262367327,L1,Stray Wait,Dogs 603 B6,,L1,,+,M,A0059752938,,,53,,05 year(s) 00 month(s) 02 day(s),,,,,,,,,,,,,,,,,,,False,1211886261644523,False
158,1211886262374464,L1,Stray Wait,Dogs 602 C3,,L1,,-,M,A0059752918,,,14,,01 year(s) 00 month(s) 02 day(s),,,,,,,,,,,,,,,,,,,False,1211886061987345,False
159,1211886061493925,L2,Available,Dogs 603 A5,,L2-BR,,-,M,A0059750302,,,45,,01 year(s) 06 month(s) 00 day(s),,,,,,,,,,,,,,,,,,,False,1211886061376737,False
160,1211890564020804,L2,Available,Dogs 603 A6,,L2 - LB,,-,F,A0059229518,,,59,,04 year(s) 02 month(s) 17 day(s),,,,,,,,,,,,,,,,,,,False,1211134527801491,False
161,1211852074851965,L3,,,,,,,,,,,,,,,,,,,,,,,,,,,,,,,,False,1211355423116646,False
162,1211852471577499,L1,Priority,Dogs 503 A2,,L1,,+,M,A0059261979,,,61,,05 year(s) 02 month(s) 12 day(s),,,Pulls some but manageable,,,,,,,2-Medium energy,,,,,,,,,False,1211188093850960,False
163,1211892955166803,L1,Priority,Dogs 503 B1,,L1,,-,N,A0059343758,,,63,,01 year(s) 01 month(s) 29 day(s),,,,,,,,,,,,,,,,,,,False,1211339055401276,False
164,1211817002454010,L1,Priority,Dogs 506 B7,,L1,,+,N,A0059209398,,,41,,03 year(s) 02 month(s) 20 day(s),,,,,,,,,,,,,,,,,,,False,1211119631745364,False
165,1211892214456878,L1,Available,Dogs 506 B1,,L1,,-,M,A0059378340,,,54,,01 year(s) 01 month(s) 22 day(s),,,Walks politely on leash,,,,,,,2-Medium energy,,,,,,,,,False,1211391934977615,False
166,1211892599594604,L2,Priority,Dogs 501 3,,L2-SF,,-,M,A0059404921,,,83,,03 year(s) 01 month(s) 18 day(s),,,,,,,,,,,,,,,,,,,False,1211434867604630,False
167,1211892538936454,L1,Priority,Dogs 503 B3,,L1,,-,M,A0059390917,,,70,,02 year(s) 01 month(s) 22 day(s),,,,,,,,,,,,,,,,,,,False,1211415520175754,False
168,1211892387313200,L1,Priority,Dogs 506 B3,,L1,,-,M,A0059401825,,,60,,06 year(s) 01 month(s) 20 day(s),,,,,,,,,,,,,,,,,,,False,1211422745610946,False
169,1211750617740921,L2,Priority,Dogs 501 1,,L2 - SD,,-,M,A0059461711,,,61,,01 year(s) 07 month(s) 08 day(s),,,,,,,,,,,,,,,,,,,False,1211518007439087,False
170,1211710089498858,L2,Available,Dogs 502 1,,L2-OA/BR,,-,M,A0059532639,,,59,,01 year(s) 01 month(s) 07 day(s),,,,,,,,,,,,,,,,,,,False,1211541007405534,False
171,1211893108718692,L1,Available,Dogs 503 A4,,L1,,-,M,A0059530717,,,49,,04 year(s) 01 month(s) 07 day(s),,,,,,,,,,,,,,,,,,,False,1211541006127212,False
172,1211851340077886,L2,Priority,Dogs 501 2,,L2-SF,,-,M,A0059533461,,,52,,02 year(s) 01 month(s) 07 day(s),,,,,,,,,,,,,,,,,,,False,1211550026101925,False
173,1211700301753455,L2,Priority,Dogs 502 2,,L2-SF,,-,M,A0059467054,,,62,,02 year(s) 01 month(s) 07 day(s),,,,,,,,,,,,,,,,,,,False,1211550025950550,False
174,1211736647239583,L3,Priority,Dogs 502 6,,L3-OA,,+,M,A0059532875,,,53,,02 year(s) 01 month(s) 05 day(s),,,,,,,,,,,,,,,,,,,False,1211552352956969,False
175,1211888532249015,L1,Available,Dogs 506 A7,,L1,,-,N,A0059560214,,,52,,01 year(s) 07 month(s) 01 day(s),,,,,,,,,,,,,,,,,,,False,1211583767345127,False
176,1211889817706824,L1,Available,Dogs 506 B5,,L1-EA,,-,N,A0059579593,,,62,,02 year(s) 00 month(s) 30 day(s),,,,,,,,,,,,,,,,,,,False,1211615768387655,False
177,1211689568701074,L1,Available,Dogs 506 A5,,L1,,+,N,A0059529635 ,,,85,,06 year(s) 00 month(s) 13 day(s),,,,,,,,,,,,,,,,,,,False,1211540963866878,False
178,1211811958952156,L3,Priority,Dogs 501 9,,L3-LR/OA,,-,M,A0059390862,,,48,,02 year(s) 01 month(s) 22 day(s),,,,,,,,,,,,,,,,,,,False,1211415448707371,False
179,1211893148129646,L1,Priority,Dogs 506 A2,,L1,,+,S,A0059589867,,,38,,01 year(s) 11 month(s) 28 day(s),,,,,,,,,,,,,,,,,,,False,1211621021097248,False
180,1211892289888830,L1,Available,Dogs 506 A1,,L1,,-,N,A0059589121,,,45,,01 year(s) 00 month(s) 29 day(s),,,Pulls some but manageable,,,,,,Super cuddler,,,,,,,,,,False,1211621022364960,False
181,1211893074404605,L1,Available,Dogs 503 B2,,L1,,-,M,A0059618104,,,53,,01 year(s) 00 month(s) 24 day(s),,,,,,,,,,,,,,,,,,,False,1211668896913300,False
182,1211893061861702,L1,Available,Dogs 506 B4,,L1,,+,F,A0059616269,,,46,,02 year(s) 00 month(s) 24 day(s),,,,,,,,,,,,,,,,,,,False,1211668896953817,False
183,1211816607225286,L1,Available,Dogs 506 A6,,L1,,-,N,A0059327037,,,56,,01 year(s) 02 month(s) 00 day(s),,,,,,,,,,,,,,,,,,,False,1211310613711199,False
184,1211892154987427,L1,Available,Dogs 503 B6,,L1,,-,M,A0059620895,,,59,,05 year(s) 00 month(s) 23 day(s),,,,,,,,,,,,,,,,,,,False,1211687929550860,False
185,1211812348306546,L1,Cites,Dogs 502 C5,,L1,,-,F,A0059669715,,,26,,04 year(s) 00 month(s) 16 day(s),,,,,,,,,,,,,,,,,,,False,1211748961846804,False
186,1211776058720857,L1,Available,Dogs 503 B4,,L1,,-,S,A0057711236,,,87,,01 year(s) 09 month(s) 16 day(s),,,,,,,,,,,,,,,,,,,False,1209239747317886,False
187,1211812394244370,L1,Available,Dogs 503 B4,,L1,,-,S,A0057711236,,,87,,01 year(s) 09 month(s) 16 day(s),,,,,,,,,,,,,,,,,,,False,1209239747317886,False
188,1211889871719470,L1,Available,Dogs 503 A3,,L1,,+,M,A0059681788,,,69,,02 year(s) 00 month(s) 13 day(s),,,Walks politely on leash,,,,,,Super cuddler,2-Medium energy,,,,,,,,,False,1211764962646679,False
189,1211843229569031,L1,Available,Dogs 501 8,,L1,,-,F,A0059682692,,,43,,02 year(s) 00 month(s) 13 day(s),,,,,,,,,,,,,,,,,,,False,1211764962632396,False
190,1211892441744168,L1,Available,Dogs 501 4,,L1,,-,F,A0059687831,,,43,,01 year(s) 00 month(s) 12 day(s),,,,,,,,,,,,,,,,,,,False,1211779537591937,False
191,1211816199921026,L2,Available,Dogs 502 3,,L2-OA,,-,S,A0055680329,,,43,,02 year(s) 00 month(s) 00 day(s),,,,,,,,,,,,,,,,,,,False,1207039990651506,False
192,1211892366846355,L2,Available,Dogs 506 A3,,L2-SF,,-,S,A0059704867,,,67,,02 year(s) 00 month(s) 11 day(s),,,,,,,,,,,,,,,,,,,False,1211801537847720,False
193,1211892332937151,L1,Available,Dogs 506 B6,,L1,,-,F,A0059275363,,,53,,07 year(s) 02 month(s) 09 day(s),,,,,,,,,,,,,,,,,,,False,1211193596481339,False
194,1211890483618447,L1,Available,Dogs 503 A1,,L1,,+,F,A0059714732,,,38,,04 year(s) 00 month(s) 08 day(s),,,,,,,,,,,,,,,,,,,False,1211814618249754,False
195,1211814623128000,L1,Available,Dogs 506 A4,,L1,,-,N,A0059717386,,,36,,01 year(s) 06 month(s) 06 day(s),,,,,,,,,,,,,,,,,,,False,1211814554054951,False
196,1211818621799818,L1,Microchip,Dogs 502 C4,,L1,,-,N,A0059719121,,,30,,01 year(s) 00 month(s) 07 day(s),,,,,,,,,,,,,,,,,,,False,1211818485658595,False
197,1211832357661093,L1,Adopted,Dogs 502 C1,,L1,,-,M,A0059725522,,,10,,00 year(s) 10 month(s) 06 day(s),,,,,,,,,,,,,,,,,,,False,1211832220438527,False
198,1211812140676345,L1,Available,Dogs 501 7,,L1,,-,N,A0059590056,,,40,,00 year(s) 10 month(s) 28 day(s),,,,,,,,,,,,,,,,,,,False,1211633859285595,False
199,1211888588841835,L1,Available,Dogs 503 B5,,L1,,-,F,A0059707547,,,41,,01 year(s) 00 month(s) 10 day(s),,,,,,,,,,,,,,,,,,,False,1211810323487855,False
200,1211871883822152,L2,Stray Wait,Dogs 503 A5,,L2-SF,,-,F,A0059738384,,,60,,06 year(s) 00 month(s) 04 day(s),,,,,,,,,,,,,,,,,,,False,1211871883677713,False
201,1211888919349605,L2,Priority,Dogs 501 7,,L2-OA,,-,M,A0059666971,,,55,,01 year(s) 06 month(s) 14 day(s),,,,,,,,,,,,,,,,,,,False,1211747155019659,False
202,1211871755060098,L1,Available,Dogs 501 5,,L1,,-,S,A0059745306,,,60,,00 year(s) 11 month(s) 03 day(s),,,,,,,,,,,,,,,,,,,False,1211871884885500,False
203,1211871754906270,L1,Available,Dogs 503 A6,,L1,,-,F,A0059743957,,,43,,01 year(s) 00 month(s) 03 day(s),,,,,,,,,,,,,,,,,,,False,1211871754830417,False
204,1211891860631737,L3,Available,Dogs 502 4,,L3-SF,,+,M,A0059743965,,,62,,01 year(s) 00 month(s) 03 day(s),,,,,,,,,,,,,,,,,,,False,1211871618431545,False
205,1211886367251625,L1,Available,Dogs 502 C2,,L1,,-,F,A0059752246,,,8,,08 year(s) 00 month(s) 02 day(s),,,,,,,,,,,,,,,,,,,False,1211886262142002,False
206,1211889083957685,L1,Available,Dogs 506 B2,,L1,,-,M,A0059403140,,,47,,01 year(s) 01 month(s) 19 day(s),,,Pulls some but manageable,,,,,,,2-Medium energy,,,,,,,,,False,1211422669889899,False
207,1211812314806933,L1,Available,Dogs 501 6,,L1,,+,N,A0059257490,,,51,,04 year(s) 02 month(s) 13 day(s),,,,,,,,,,,,,,,,,,,False,1211179456546201,False
208,1211839124293412,L3,,,,,,,,,,,,,,,,,,,,,,,,,,,,,,,,False,1211615767454235,False
209,1211816330529246,L2,,,,,,,,,,,,,,,,,,,,,,,,,,,,,,,,False,1211462627598713,False
210,1211700866430070,L2,Priority,Dogs 402 1,,L2 - BR,,-,F,A0059224207,,,58,,03 year(s) 02 month(s) 18 day(s),,,,,,,,,,,,,,,,,,,False,1211128449567867,False
211,1211892713466745,L1,Priority,Dogs 406 B2,,L1,,+,F,A0059290504,,,51,,03 year(s) 02 month(s) 07 day(s),,,,,,,,,,,,,,,,,,,False,1211275602014962,False
212,1211868506018621,L1,Available,Dogs 403 B1,,L1,,-,F,A0059366639,,,48,,03 year(s) 01 month(s) 25 day(s),,,,,,,,,,,,,,,,,,,False,1211379972134957,False
213,1211841878642671,L1,Priority,Dogs 406  B1,,L1,,+,M,A0059397798,,,40,,05 year(s) 01 month(s) 21 day(s),,,,,,,,,,,,,,,,,,,False,1211417951643397,False
214,1211892223454194,L2,Priority,Dogs 403 B4,,L2-SF,,-,F,A0059408681,,,42,,03 year(s) 01 month(s) 19 day(s),,,,,,,,,,,,,,,,,,,False,1211434870396410,False
215,1211892471489294,L1,Available,Dogs 403 A5,,L1,,-,F,A0059307907,,,53,,02 year(s) 02 month(s) 04 day(s),,,Walks politely on leash,,,,,,,,,,,,,,,,False,1211275491983007,False
216,1211892461298782,L2,Priority,Dogs 401 5,,L2-SF/BR,,-,M,A0059460399,,,50,,03 year(s) 01 month(s) 09 day(s),,,,,,,,,,,,,,,,,,,False,1211518051289303,False
217,1211891802035117,L2,Priority,Dogs 403 B5,,L2-SF,,-,F,A0059533463,,,56,,02 year(s) 01 month(s) 07 day(s),,,,,,,,,,,,,,,,,,,False,1211549935742328,False
218,1211892181102491,L1,Available,Dogs 406 A4,,L1,,+,N,A0059412278,,,64,,05 year(s) 01 month(s) 15 day(s),,,,,,,,,,,,,,,,,,,False,1211449306844863,False
219,1211816230532355,L2,Available,Dogs 402 3,,L2-OA,,-,N,A0059366397,,,51,,01 year(s) 01 month(s) 25 day(s),,,,,,,,,,,,,,,,,,,False,1211368279958786,False
220,1211816525059620,L1,Available,Dogs 406 B5,,L1,,+,M,A0059583796,,,46,,03 year(s) 00 month(s) 30 day(s),,,,,,,,,,,,,,,,,,,False,1211615644385015,False
221,1211851800468188,L3,Priority,Dogs 401 4,,L3-OA,,-,N,A0059578566,,,72,,02 year(s) 05 month(s) 21 day(s),,,,,,,,,,,,,,,,,,,False,1211615767322664,False
222,1211690462011275,L2,Available,Dogs 401 1,,L2-LR,,-,N,A0059278395,,,66,,03 year(s) 02 month(s) 07 day(s),,,,,,,,,,,,,,,,,,,False,1211240664999214,False
223,1211850756954512,L1,Available,Dogs 403 A1,,L1,,-,F,A0059595018,,,57,,04 year(s) 00 month(s) 27 day(s),,,,,,,,,,,,,,,,,,,False,1211633856382480,False
224,1211892619248244,L1,Priority,Dogs 406 A7,,L1,,-,M,A0059390901,,,69,,01 year(s) 07 month(s) 20 day(s),,,,,,,,,,,,,,,,,,,False,1211415520447283,False
225,1211892600373471,L1,Priority,Dogs 406 A6,,L1-A876919,,-,S,A0053615127,,,57,,06 year(s) 01 month(s) 11 day(s),,,,,,,,,,,,,,,,,,,False,1211668895569348,False
226,1211881698226581,L1,Available,Dogs 403 A4,,L1,,-,F,A0059619151,,,33,,03 year(s) 00 month(s) 24 day(s),,,,,,,,,,,,,,,,,,,False,1211678141663675,False
227,1211778797058816,L2,Priority,Dogs 403 B6,,L2-BR,,-,M,A0059640030,,,60,,04 year(s) 00 month(s) 20 day(s),,,,,,,,,,,,,,,,,,,False,1211702150505878,False
228,1211816230568435,L1,Available,Dogs 406 B3,,L1,,-,N,A0058359709,,,67,,02 year(s) 06 month(s) 18 day(s),,,,,,,,,,,,,,,,,,,False,1210064009588236,False
229,1211706104021910,L2,Priority,Dogs 401 8,,L2-OA,,-,M,A0059560272,,,32,,00 year(s) 10 month(s) 02 day(s),,,,,,,,,,,,,,,,,,,False,1211594788054982,False
230,1211842512996679,L1,Available,Dogs 406 A2,,L1,,-,M,A0059673526,,,61,,03 year(s) 00 month(s) 15 day(s),,,,,,,,,,,,,,,,,,,False,1211749444300042,False
231,1211812888586980,L1,Priority,Dogs 406 B7,,L1,,-,F,A0059217133,,,53,,02 year(s) 08 month(s) 20 day(s),,,,,,,,,,,,,,,,,,,False,1211119511918136,False
232,1211812026914515,L1,Available,Dogs 403 B2,,L1-EA,,-,N,A0059707130,,,71,,01 year(s) 00 month(s) 10 day(s),,,,,,,,,,,,,,,,,,,False,1211801385255479,False
233,1211750958826611,L2,Priority,Dogs 403 A2,,L2-A,,-,M,A0059562499,,,45,,02 year(s) 01 month(s) 01 day(s),,,,,,,,,,,,,,,,,,,False,1211605643857252,False
234,1211881679948808,L2,Available,Dogs 403 A6,,L2-A,,-,M,A0059718279,,,70,,12 year(s) 00 month(s) 08 day(s),,,,,,,,,,,,,,,,,,,False,1211814499143655,False
235,1211807751860469,L2,Priority,Dogs 402 2,,L2-OA   A896139,,-,N,A0053633462,,,76,,02 year(s) 11 month(s) 24 day(s),,,,,,,,,,,,,,,,,,,False,1211583766657748,False
236,1211842570037926,L1,Priority,Dogs 406 A1,,L1,,-,N,A0059399658,,,61,,03 year(s) 01 month(s) 20 day(s),,,,,,,,,,,,,,,,,,,False,1211417859415572,False
237,1211750577270548,L2,Priority,Dogs 401 3,,L2-SF,,-,N,A0059212950,,,56,,06 year(s) 02 month(s) 01 day(s),,,,,,,,,,,,,,,,,,,False,1211298410085783,False
238,1211750288980130,L1,Available,Dogs 406 A3,,L1,,-,S,A0059601278,,,36,,04 year(s) 00 month(s) 26 day(s),,,,,,,,,,,,,,,,,,,False,1211645085750778,False
239,1211892619212292,L1,Available,Dogs 406 B4,,L1,,-,N,A0057990325,,,61,,03 year(s) 07 month(s) 30 day(s),,,,,,,,,,,,,,,,,,,False,1209649646586231,False
240,1211844927373893,L1,Available,Dogs 406 A3,,L1,,-,N,A0055931522,,,72,,04 year(s) 05 month(s) 24 day(s),,,,,,,,,,,,,,,,,,,False,1207338983495814,False
241,1211844856937431,L3,Identifying Info,Dogs 402 6,,L3-SF,,-,F,A0059724306,,,41,,03 year(s) 00 month(s) 07 day(s),,,,,,,,,,,,,,,,,,,False,1211844856788104,False
242,1211844922886123,L1,Available,Dogs 403 A3,,L1,,+,F,A0059726360,,,38,,04 year(s) 00 month(s) 06 day(s),,,,,,,,,,,,,,,,,,,False,1211844922790540,False
243,1211888945454899,L2,Available,Dogs 402 4,,L2-SF,,-,M,A0059648947,,,37,,00 year(s) 11 month(s) 19 day(s),,,,,,,,,,,,,,,,,,,False,1211713172188404,False
244,1211779538491949,L2,Rescue,Dogs 406 A5,,L2-SF,,-,N,A0059685189,,,33,,03 year(s) 00 month(s) 13 day(s),,,,,,,,,,,,,,,,,,,False,1211779619637051,False
245,1211892350048853,L1,Stray Wait,Dogs 406 B6,,L1,,-,M,A0059736169,,,46,,00 year(s) 07 month(s) 04 day(s),,,,,,,,,,,,,,,,,,,False,1211857442687187,False
246,1211871618519983,L2,Available,Dogs 401 6,,L2-BH,,-,M,A0059743960,,,42,,01 year(s) 00 month(s) 03 day(s),,,,,,,,,,,,,,,,,,,False,1211871617909236,False
247,1211812523167323,L1,Available,Dogs 401 7,,L1,,+,F,A0059674828,,,44,,02 year(s) 00 month(s) 15 day(s),,,,,,,,,,,,,,,,,,,False,1211749444423526,False
248,1211776456521911,L1,Priority,Dogs 401 9,,L1,,+,F,A0059619501,,,54,,06 year(s) 00 month(s) 24 day(s),,,,,,,,,,,,,,,,,,,False,1211678052667996,False
249,1211886061414374,L1,Microchip,Dogs 406 A1,,L1,,-,M,A0059749924,,,54,,02 year(s) 00 month(s) 02 day(s),,,,,,,,,,,,,,,,,,,False,1211886365798749,False
250,1211886366251870,L3,Stray Wait,Dogs 401 2,,L3-SF,,-,M,A0059751712,,,31,,00 year(s) 08 month(s) 02 day(s),,,,,,,,,,,,,,,,,,,False,1211886260686919,False
251,1211838502153572,L3,,,,,,,,,,,,,,,,,,,,,,,,,,,,,,,,False,1211737990473994,False
252,1211886061439850,STAFF ONLY,,,,,,,,,,,,,,,,,,,,,,,,,,,,,,,,False,1211886061363071,False
253,1211617982205851,L3,,,,,,,,,,,,,,,,,,,,,,,,,,,,,,,,False,1211618049224728,False
254,1211854909105021,L2,,,,,,,,,,,,,,,,,,,,,,,,,,,,,,,,False,1211490209256259,False
255,1211884820289919,L2,,,,,,,,,,,,,,,,,,,,,,,,,,,,,,,,False,1211462627951052,False
256,1211843468654072,L3,,,,,,,,,,,,,,,,,,,,,,,,,,,,,,,,False,1211484259548940,False
257,1211837792025637,L1,Priority,Dogs 303 B2,,L1,,-,M,A0059261659,,,45,,01 year(s) 08 month(s) 13 day(s),,,,,,,,,,,,,,,,,,,False,1211179383246094,False
258,1211748862752043,L1,Available,Dogs 306 B6,,L1,,-,M,A0059309162,,,55,,None,,,,,,,,,,,,,,,,,,,False,1211279571508041,False
259,1211748862279895,L1,Available,Dogs 306 B7,,L1,,-,F,A0059358175,,,44,,00 year(s) 11 month(s) 26 day(s),,,,,,,,,,,,,,,,,,,False,1211355423116934,False
260,1211852505293905,L1,Priority,Dogs 306 B3,,L1,,+,F,A0059402306,,,65,,06 year(s) 01 month(s) 19 day(s),,,,,,,,,,,,,,,,,,,False,1211434976310356,False
261,1211800463525724,L2,Priority,Dogs 303 B6,,L2-SF,,-,F,A0059390859,,,42,,02 year(s) 01 month(s) 22 day(s),,,,,,,,,,,,,,,,,,,False,1211415402713950,False
262,1211812468660412,L1,Court,Dogs 301 1,,L1,,-,M,A0059114209,,,23,,01 year(s) 02 month(s) 26 day(s),,,,,,,,,,,,,,,,,,,False,1211061447870611,False
263,1211816416860809,L1,Available,Dogs 302 3,,L1,,-,M,A0059434792,,,63,,03 year(s) 01 month(s) 15 day(s),,,,,,,,,,,,,,,,,,,False,1211484069292966,False
264,1211735888493526,L1,Available,Dogs 303 A6,,L1,,-,M,A0059455168,,,62,,02 year(s) 01 month(s) 11 day(s),,,,,,,,,,,,,,,,,,,False,1211504331412156,False
265,1211816486148801,L1,Court,Dogs 301 8,,L1,,-,F,A0059426629,,,48,,02 year(s) 01 month(s) 16 day(s),,,,,,,,,,,,,,,,,,,False,1211462776629483,False
266,1211854694266646,L1,Court,Dogs 301 5,,L1,,-,F,A0058256030,,,67,,05 year(s) 07 month(s) 03 day(s),,,,,,,,,,,,,,,,,,,False,1210549210074233,False
267,1211706043088538,L2,Available,Dogs 302 5,,L2-BH/OA,,-,N,A0059596892,,,52,,05 year(s) 00 month(s) 26 day(s),,,,,,,,,,,,,,,,,,,False,1211645107200784,False
268,1211711378552830,L2,Cites,Dogs 303 B1,,L2 - OA,,-,M,A0059603945,,,56,,01 year(s) 06 month(s) 25 day(s),,,,,,,,,,,,,,,,,,,False,1211645231279440,False
269,1211843560150130,L3,Priority,Dogs 303 A3,,L3-BH/H/OA,,-,F,A0059604531,,,46,,01 year(s) 00 month(s) 16 day(s),,,,,,,,,,,,,,,,,,,False,1211656260810745,False
270,1211854659241367,L1,Court,Dogs 301 2,,L1,,-,M,A0059615068,,,70,,01 year(s) 00 month(s) 24 day(s),,,,,,,,,,,,,,,,,,,False,1211678052662805,False
271,1211812219622938,L1,Available,Dogs 302 2,,L1,,-,N,A0059629060,,,48,,01 year(s) 00 month(s) 22 day(s),,,,,,,,,,,,,,,,,,,False,1211687929142197,False
272,1211856425026267,L2,Available,Dogs 303 A1,,L2-A,,-,M,A0059629554,,,36,,02 year(s) 00 month(s) 22 day(s),,,,,,,,,,,,,,,,,,,False,1211687929418340,False
273,1211691489800238,STAFF ONLY,Evaluate,Dogs 301 6,,STAFF ONLY,,-,M,A0059626975,,,0,,03 year(s) 00 month(s) 21 day(s),,,,,,,,,,,,,,,,,,,False,1211691489744917,False
274,1211702153172460,L1,Available,Dogs 306 A6,,L1,,-,S,A0059633652,,,44,,02 year(s) 00 month(s) 21 day(s),,,,,,,,,,,,,,,,,,,False,1211702279055357,False
275,1211884486239719,L1,Available,Dogs 306 A6,,L1,,-,S,A0059633652,,,44,,02 year(s) 00 month(s) 21 day(s),,,,,,,,,,,,,,,,,,,False,1211702279055357,False
276,1211701878089283,STAFF ONLY,Court,Dogs 301 9,,STAFF ONLY,,-,N,A0059638501,,,89,,04 year(s) 00 month(s) 20 day(s),,,,,,,,,,,,,,,,,,,False,1211701873778522,False
277,1211366477871394,STAFF ONLY,Court,Dogs 301 4,,STAFF ONLY,,-,F,A0058334939,,,46,,03 year(s) 06 month(s) 18 day(s),,,,,,,,,,,,,,,,,,,False,1210064332416269,False
278,1211816992644746,L2,Priority,Dogs 306 B5,,L2-SF/SD,,-,S,A0059402001,,,49,,01 year(s) 01 month(s) 19 day(s),,,,,,,,,,,,,,,,,,,False,1211434868828456,False
279,1211892227027989,L2,Priority,Dogs 306 A1,,L2-SF,,-,F,A0059562812,,,51,,05 year(s) 01 month(s) 01 day(s),,,,,,,,,,,,,,,,,,,False,1211605559360025,False
280,1211892994963953,L1,Available,Dogs 302 6,,L1,,-,F,A0059549476,,,64,,07 year(s) 00 month(s) 27 day(s),,,,,,,,,,,,,,,,,,,False,1211615768600410,False
281,1211779620862663,L2,Available,Dogs 302 6,,L2-A,,-,N,A0059549468,,,68,,06 year(s) 00 month(s) 27 day(s),,,,,,,,,,,,,,,,,,,False,1211615767961358,False
282,1211892306085970,L2,Available,Dogs 306 B4,,L2-SF,,-,M,A0059648951,,,40,,00 year(s) 11 month(s) 19 day(s),,,,,,,,,,,,,,,,,,,False,1211713221160629,False
283,1211818486275179,L2,Adopted,Dogs 306 A7,,L2-A,,-,M,A0059719201,,,73,,02 year(s) 00 month(s) 07 day(s),,,,,,,,,,,,,,,,,,,False,1211818486084733,False
284,1211893440173844,L1,Available,Dogs 302 4,,L1,,-,S,A0059526706,,,52,,01 year(s) 07 month(s) 06 day(s),,,,,,,,,,,,,,,,,,,False,1211541005367888,False
285,1211816667182242,L1,Available,Dogs 303 B3,,L1,,+,F,A0059589861,,,65,,03 year(s) 00 month(s) 28 day(s),,,,,,,,,,,,,,,,,,,False,1211620955470556,False
286,1211818519974518,L1,Court,Dogs 301 7,,L1,,+,F,A0059719472,,,83,,02 year(s) 00 month(s) 07 day(s),,,,,,,,,,,,,,,,,,,False,1211818519895094,False
287,1211832543730356,L1,Available,Dogs 306 B2,,L1,,-,M,A0059269284,,,45,,01 year(s) 01 month(s) 05 day(s),,,,,,,,,,,,,,,,,,,False,1211255309772694,False
288,1211871616918852,L1,Microchip,Dogs 306 A2,,L1,,-,M,A0056509163,,,59,,01 year(s) 00 month(s) 03 day(s),,,,,,,,,,,,,,,,,,,False,1211871751897826,False
289,1211886315251470,L1,Available,Dogs 306 A5,,L1,,+,N,A0059632320,,,49,,03 year(s) 00 month(s) 21 day(s),,,,,,,,,,,,,,,,,,,False,1211691287900235,False
290,1211892679597648,L2,Available,Dogs 306 A3,,L2 - A,,-,F,A0059662078,,,63,,02 year(s) 00 month(s) 16 day(s),,,,,,,,,,,,,,,,,,,False,1211747154743413,False
291,1211750903080834,L1,Available,Dogs 303 B4,,L1,,-,F,A0059434428,,,46,,02 year(s) 01 month(s) 15 day(s),,,,,,,,,,,,,,,,,,,False,1211484197615861,False
292,1211890535016998,L2,Available,Dogs 306 B1,,L2-OA,,+,M,A0059758821,,,58,,01 year(s) 00 month(s) 01 day(s),,,,,,,,,,,,,,,,,,,False,1211890399204074,False
293,1211890399149903,L1,Available,Dogs 303 A2,,L1,,-,F,A0059750243,,,47,,00 year(s) 11 month(s) 02 day(s),,,,,,,,,,,,,,,,,,,False,1211890486286049,False
294,1211884603191603,L1,,,,,,,,,,,,,,,,,,,,,,,,,,,,,,,,False,1211462627877897,False
295,1211811935302277,L2,,,,,,,,,,,,,,,,,,,,,,,,,,,,,,,,False,1210408062517375,False
296,1211884342279982,L1,Court,Dog ISO 156 K1,,A480832 - L1,,+,M,A0053293515,,,83,,10 year(s) 11 month(s) 02 day(s),,,,,,,,,,,,,,,,,,,False,1208635856247196,False
297,1211888194790912,L1,Court,Dog ISO 155 A2,,L1,,-,M,A0056311122,,,65,,04 year(s) 04 month(s) 01 day(s),,,,,,,,,,,,,,,,,,,False,1207752894958005,False
298,1211682149139798,L1,Court,Dog ISO 153 A1,,L1,,-,F,A0058578550,,,21,,01 year(s) 02 month(s) 14 day(s),,,,,,,,,,,,,,,,,,,False,1210407997728744,False
299,1211745950965879,L1,Court,Dog ISO 153 A3,,L1,,-,F,A0058578487,,,18,,01 year(s) 02 month(s) 14 day(s),,,,,,,,,,,,,,,,,,,False,1210408098908541,False
300,1211687423313857,L1,Court,Dog ISO 153 B1,,L1,,-,F,A0058578397,,,17,,01 year(s) 02 month(s) 14 day(s),,,,,,,,,,,,,,,,,,,False,1210408097098154,False
301,1211682047318279,L1,Court,Dog ISO 153 A1,,L1,,-,F,A0058578454,,,18,,01 year(s) 02 month(s) 14 day(s),,,,,,,,,,,,,,,,,,,False,1210408063456193,False
302,1211687423935887,L1,Court,Dog ISO 153 B5,,L1,,-,F,A0058578208,,,24,,02 year(s) 05 month(s) 14 day(s),,,,,,,,,,,,,,,,,,,False,1210408096428092,False
303,1211745782718823,L1,Court,Dog ISO 153 A7,,L1,,-,M,A0058578305,,,24,,03 year(s) 05 month(s) 14 day(s),,,,,,,,,,,,,,,,,,,False,1210408058874220,False
304,1211682392422382,L1,Court,Dog ISO 153 B4,,L1,,-,F,A0058577947,,,19,,06 year(s) 05 month(s) 14 day(s),,,,,,,,,,,,,,,,,,,False,1210408098442858,False
305,1211746108908331,L1,Court,Dog ISO 153 A4,,L1,,-,F,A0058577981,,,24,,02 year(s) 05 month(s) 14 day(s),,,,,,,,,,,,,,,,,,,False,1210407997467930,False
306,1211750861937089,L2,Court,Dog ISO 153 A2,,L2 - OA,,-,M,A0058578010,,,29,,04 year(s) 05 month(s) 14 day(s),,,Pulls some but manageable,,,,,,,,,,,,,,,,False,1210407998007606,False
307,1211750896545075,L1,Court,Dog ISO 153 A5,,L1,,-,F,A0058577894,,,26,,01 year(s) 11 month(s) 14 day(s),,,,,,,,,,,,,,,,,,,False,1210408097911466,False
308,1211892601992357,L1,Court,Dog ISO 153 B7,,L1,,-,M,A0058577807,,,22,,05 year(s) 05 month(s) 14 day(s),,,,,,,,,,,,,,,,,,,False,1210408063230499,False
309,1211750869156397,L2,Court,Dog ISO 153 A7,,L2 - SF,,-,M,A0058578335,,,30,,04 year(s) 05 month(s) 14 day(s),,,,,,,,,,,,,,,,,,,False,1210407997259085,False
310,1211889523900060,L1,Court,Dog ISO 155 B1,,L1-H,,-,M,A0056311153,,,52,,01 year(s) 10 month(s) 00 day(s),,,,,,,,,,,,,,,,,,,False,1207752896303737,False
311,1211701032552146,L1,Court,Dog ISO 153 B3,,L1,,-,F,A0058578124,,,28,,04 year(s) 05 month(s) 14 day(s),,,,,,,,,,,,,,,,,,,False,1210408095843471,False
312,1211889587737856,L1,Court,Dog ISO 155 A4,,L1,,-,M,A0059114218,,,55,,01 year(s) 02 month(s) 26 day(s),,,,,,,,,,,,,,,,,,,False,1211061447793165,False
313,1211889647552587,L1,Court,Dog ISO 155 A3,,L1,,-,F,A0059114213,,,32,,01 year(s) 02 month(s) 26 day(s),,,,,,,,,,,,,,,,,,,False,1211061578735933,False
314,1211746050567299,L1,Court,Dog ISO 153 A6,,L1,,-,F,A0058578273,,,22,,02 year(s) 05 month(s) 14 day(s),,,Walks politely on leash,,,,,,Let's get to know each other before cuddling,1 - Low energy,,,,,,,,,False,1210407997640505,False
315,1211682495974569,L1,Court,Dog ISO 153 B6,,L1,,-,F,A0058577837,,,23,,03 year(s) 05 month(s) 13 day(s),,,,,,,,,,,,,,,,,,,False,1210408063756614,False
316,1211748016555783,L1,Court,Dog ISO 153 B2,,L1,,-,M,A0058578173,,,28,,02 year(s) 05 month(s) 14 day(s),,,,,,,,,,,,,,,,,,,False,1210408095232031,False
317,1211816481449021,L2,Court,Dog ISO 155 B4,,L2-OA,,-,M,A0058902637,,,59,,01 year(s) 03 month(s) 26 day(s),,,,,,,,,,,,,,,,,,,False,1210796315985344,False
318,1211889349463737,L1,Court,Dog ISO 155 B2,,L1,,-,F,A0056311140,,,49,,05 year(s) 04 month(s) 04 day(s),,,,,,,,,,,,,,,,,,,False,1207752936374646,False
319,1211812060581617,L2,Court,Dog ISO 156 C3,,L2-SF,,-,F,A0059612627,,,12,,02 year(s) 00 month(s) 25 day(s),,,,,,,,,,,,,,,,,,,False,1211668767663144,False
320,1211884776394079,L3,Court,Dog Quarantine A5,,L3-BH/OA/H,,-,S,A0056298384,,,58,,03 year(s) 04 month(s) 03 day(s),,,,,,,,,,,,,,,,,,,False,1207748409539108,False
321,1211816538921619,L1,Court,Dog Quarantine A6,,L1,,-,F,A0057149974,,,47,,04 year(s) 00 month(s) 16 day(s),,,,,,,,,,,,,,,,,,,False,1208624816198315,False
322,1211816524329409,L2,Owner Request,Dog Quarantine A4,,L2-H/SF,,-,F,A0056890782,,,40,,05 year(s) 01 month(s) 23 day(s),,,,,,,,,,,,,,,,,,,False,1208327769975042,False
323,1211816511739466,L1,Court,Dog Quarantine A2,,L1,,-,F,A0056311130,,,63,,05 year(s) 04 month(s) 00 day(s),,,,,,,,,,,,,,,,,,,False,1207752935358036,False
324,1211888254563849,L2,Court,Dog Quarantine B6,,L2-OA,,-,M,A0058754218,,,36,,02 year(s) 04 month(s) 20 day(s),,,,,,,,,,,,,,,,,,,False,1210605981649959,False
325,1211816793563469,L1,Court,Dog Quarantine B8,,L1,,+,M,A0058256042,,,67,,04 year(s) 07 month(s) 04 day(s),,,,,,,,,,,,,,,,,,,False,1209906948116633,False
326,1211817308955006,L1,Court,Dog Quarantine A8,,L1,,-,M,A0059114222,,,55,,02 year(s) 02 month(s) 26 day(s),,,,,,,,,,,,,,,,,,,False,1211061538038676,False
327,1211816861467399,STAFF ONLY,Evaluate,Dog Quarantine B7,,STAFF ONLY,,-,F,A0058846611,,,45,,03 year(s) 04 month(s) 04 day(s),,,,,,,,,,,,,,,,,,,False,1210721775212024,False
328,1211816929055835,L2,Court,Dog Quarantine B3,,L2-A,,-,F,A0059114202,,,47,,03 year(s) 02 month(s) 25 day(s),,,,,,,,,,,,,,,,,,,False,1211061538341393,False
329,1211816955207658,L1,Court,Dog Quarantine B4,,L1,,-,M,A0059426640,,,60,,03 year(s) 01 month(s) 16 day(s),,,,,,,,,,,,,,,,,,,False,1211462712898441,False
330,1211816595781832,L1,Court,Dog Quarantine A7,,L1,,-,F,A0059426630,,,51,,02 year(s) 01 month(s) 16 day(s),,,,,,,,,,,,,,,,,,,False,1211462712091706,False
331,1211808905811155,L3,Court,Dog Quarantine B1,,L3-BH/SF/A,,-,M,A0059612625,,,63,,02 year(s) 00 month(s) 25 day(s),,,,,,,,,,,,,,,,,,,False,1211668895597100,False
332,1211812316357618,L1,,,,,,,,,,,,,,,,,,,,,,,,,,,,,,,,False,1211473858260248,False
333,1211750143037628,L1,Court,Salon C3,,L1,,-,S,A0058577922,,,21,,02 year(s) 05 month(s) 14 day(s),,,,,,,,,,,,,,,,,,,False,1210408199901085,False
334,1211808751320153,L1,Available,Puppy 47 1,,L1,,+,S,A0055895518,,,49,,03 year(s) 01 month(s) 03 day(s),,,,,,,,,,,,,,,,,,,False,1211572390949621,False
335,1211808723462778,L1,Available,Puppy 47 1,,L1,,+,N,A0053630045,,,50,,03 year(s) 07 month(s) 01 day(s),,,,,,,,,,,,,,,,,,,False,1211572701983156,False
336,1211790509493359,L1,Pending Medical Assessment/Treatment,Clinic Clinic,,L1,,-,M,A0059594771,,,6,,13 year(s) 00 month(s) 17 day(s),,,,,,,,,,,,,,,,,,,False,1211633878998930,False
337,1211854900291424,L1,Available,Dog Visiting 060 C5,,L1,,-,S,A0059691242,,,31,,01 year(s) 00 month(s) 12 day(s),,,,,,,,,,,,,,,,,,,False,1211779621468157,False
338,1211809799375972,L2,Available,Puppy 47 2,,L2-BR,,-,F,A0059687088,,,85,,01 year(s) 00 month(s) 12 day(s),,,,,,,,,,,,,,,,,,,False,1211779538364054,False
339,1211809718680562,L2,Available,Puppy 47 2,,L2-BR,,-,F,A0059687088,,,85,,01 year(s) 00 month(s) 12 day(s),,,,,,,,,,,,,,,,,,,False,1211779538364054,False
340,1211790433683118,L1,Available,Small Animals C2,,L1,,-,N,A0059698740,,,16,,00 year(s) 06 month(s) 11 day(s),,,,,,,,,,,,,,,,,,,False,1211790429170243,False
341,1211790432716018,L3,Available,Small Animals C1,,L3-SF,,-,F,A0059697098,,,37,,01 year(s) 06 month(s) 09 day(s),,,,,,,,,,,,,,,,,,,False,1211790430476519,False
342,1211790431648980,L2,Rescue,Mutternity 1,,L2-SF,,-,F,A0059693638,,,30,,03 year(s) 00 month(s) 12 day(s),,,,,,,,,,,,,,,,,,,False,1211790431018972,False
343,1211892698952168,L1,Available,Puppy 48 3,,L1,,-,F,A0059710876,,,61,,03 year(s) 00 month(s) 09 day(s),,,,,,,,,,,,,,,,,,,False,1211810270004564,False
344,1211810269187959,L1,Available,Puppy 48 1,,L1,,+,S,A0059708099,,,29,,04 year(s) 00 month(s) 10 day(s),,,,,,,,,,,,,,,,,,,False,1211810323708036,False
345,1211810269129324,L1,Available,Puppy 48 1,,L1,,+,N,A0059708097,,,47,,06 year(s) 00 month(s) 10 day(s),,,,,,,,,,,,,,,,,,,False,1211810323707009,False
346,1211892842026148,L1,Available,Puppy 48 2,,L1-A         A881667,,-,N,A0053619168,,,71,,05 year(s) 01 month(s) 24 day(s),,,,,,,,,,,,,,,,,,,False,1211518006609358,False
347,1211851818510537,L1,Available,Small Animals 6,,L1,,-,M,A0059718057,,,16,,05 year(s) 00 month(s) 08 day(s),,,,,,,,,,,,,,,,,,,False,1211814552680444,False
348,1211843802810067,L1,Available,Small Animals 2,,L1,,-,F,A0059705598,,,11,,08 year(s) 00 month(s) 08 day(s),,,,,,,,,,,,,,,,,,,False,1211801414260859,False
349,1211814651021690,L2,Available,Dog Visiting 060 C3,,L2-OA/SD,,-,S,A0059610084,,,25,,04 year(s) 00 month(s) 25 day(s),,,,,,,,,,,,,,,,,,,False,1211656153873220,False
350,1211795898587067,STAFF ONLY,Bite Quarantine,Salon C2,,STAFF ONLY,,-,F,A0059684526,,,19,,00 year(s) 06 month(s) 13 day(s),,,,,,,,,,,,,,,,,,,False,1211764915542725,False
351,1211851484170235,L1,Available,Puppy 47 3,,L1,,+,M,A0059455100,,,45,,03 year(s) 07 month(s) 06 day(s),,,,,,,,,,,,,,,,,,,False,1211518050714175,False
352,1211830376360153,L2,Priority,Clinic Clinic,,L2-OA,,-,S,A0059571800,,,40,,04 year(s) 01 month(s) 00 day(s),,,,,,,,,,,,,,,,,,,False,1211615645315099,False
353,1211892897002947,L1,Available,Dog Visiting 060 C1,,L1,,-,F,A0059722455,,,20,,00 year(s) 06 month(s) 06 day(s),,,,,,,,,,,,,,,,,,,False,1211832326999403,False
354,1211857449560903,L1,Adopted,Clinic Clinic,,L1,,-,N,A0059624211,,,18,,08 year(s) 00 month(s) 23 day(s),,,,,,,,,,,,,,,,,,,False,1211687929148766,False
355,1211844925838436,STAFF ONLY,Microchip,Dog Intake 128.02,,STAFF ONLY,,-,N,A0059731260,,,8,,01 year(s) 00 month(s) 06 day(s),,,,,,,,,,,,,,,,,,,False,1211844627713036,False
356,1211892732547100,L1,Stray Wait,Dog Visiting 060 C4,,L1,,-,F,A0059741655,,,23,,00 year(s) 06 month(s) 04 day(s),,,,,,,,,,,,,,,,,,,False,1211857311959373,False
357,1211857443100168,L1,Identifying Info,Small Animals 4,,L1,,-,M,A0059731610,,,7,,00 year(s) 07 month(s) 05 day(s),,,,,,,,,,,,,,,,,,,False,1211857315339972,False
358,1211857443106011,L2,Identifying Info,Salon C1,,L2-SF/BR,,-,F,A0059731576,,,7,,02 year(s) 00 month(s) 05 day(s),,,,,,,,,,,,,,,,,,,False,1211857383767271,False
359,1211886368204212,STAFF ONLY,Pending Behavior Assessment,Receiving 130 7,,STAFF ONLY,,-,M,A0059006004,,,50,,04 year(s) 02 month(s) 02 day(s),,,,,,,,,,,,,,,,,,,False,1210923618654245,False
360,1211871885501133,L2,Available,Receiving 130 19,,L2-SF/A,,-,F,A0059743953,,,39,,01 year(s) 00 month(s) 03 day(s),,,,,,,,,,,,,,,,,,,False,1211871618431513,False
361,1211871753413970,L2,Stray Wait,Small Animals 7,,L2-SF,,-,F,A0059742484,,,17,,02 year(s) 00 month(s) 03 day(s),,,,,,,,,,,,,,,,,,,False,1211871750944896,False
362,1211871885473434,L1,Stray Wait,Small Animals 5,,L1,,-,M,A0059742879,,,6,,03 year(s) 00 month(s) 03 day(s),,,,,,,,,,,,,,,,,,,False,1211871754710412,False
363,1211871883770216,L1,Stray Wait,Dog Pre/Post Op 135 4,,L1,,-,F,A0059742523,,,18,,03 year(s) 00 month(s) 03 day(s),,,,,,,,,,,,,,,,,,,False,1211871882814493,False
364,1211814500502663,STAFF ONLY,Pending Medical Assessment/Treatment,Clinic Clinic,,STAFF ONLY,,-,N,A0059716611,,,18,,13 year(s) 00 month(s) 09 day(s),,,,,,,,,,,,,,,,,,,False,1211814553358430,False
365,1211890488276109,L1,Rescue,Receiving 130 8,,L1,,-,N,A0056481603,,,14,,07 year(s) 02 month(s) 26 day(s),,,,,,,,,,,,,,,,,,,False,1208062834204404,False
366,1211890532508808,L2,Available,Receiving 130 3,,L2 - A,,-,N,A0059090426,,,111,,01 year(s) 08 month(s) 27 day(s),,,,,,,,,,,,,,,,,,,False,1211041348858748,False
367,1211886262373978,L1,Stray Wait,Receiving 129 Crate,,L1,,+,N,A0059752599,,,45,,00 year(s) 10 month(s) 02 day(s),,,,,,,,,,,,,,,,,,,False,1211886367048283,False
368,1211871756458897,L1,Court,Dog Pre/Post Op 135 5,,L1,,-,M,A0059745481,,,9,,01 year(s) 06 month(s) 04 day(s),,,,,,,,,,,,,,,,,,,False,1211871886466951,False
369,1211886619881808,STAFF ONLY,Pending Behavior Assessment,Receiving 130 Crate,I'm ZZZ ,STAFF ONLY,,-,S,A0053824318,,,44,,05 year(s) 03 month(s) 15 day(s),,,,,,,,,,,,,,,,,,,False,1211484259100219,False
370,1211892210554752,L1,Available,Puppy 47 1,,L1,,-,S,A0059453846,,,40,,01 year(s) 01 month(s) 11 day(s),,,,,,,,,,,,,,,,,,,False,1211504529645017,False
371,1211894757981874,L1,Available,Small Animals C2,,L1,,-,N,A0059698740,,,16,,00 year(s) 06 month(s) 11 day(s),,,,,,,,,,,,,,,,,,,False,1211790429170243,False
372,1211903670064384,L1,Available,Receiving 130 12,,L1,,-,S,A0059378304,,,23,,00 year(s) 11 month(s) 23 day(s),,,,,,,,,,,,,,,,,,,False,1211403558249655,False
373,1211894849826624,L1,Available,Receiving 130 Crate,,L1,,-,N,A0058589758,,,40,,01 year(s) 05 month(s) 12 day(s),,,,,,,,,,,,,,,,,,,False,1210408201337885,False
374,1211894759793248,L1,Microchip,Receiving 129 K7,,L1,,-,N,A0058998237,,,79,,04 year(s) 03 month(s) 07 day(s),,,,,,,,,,,,,,,,,,,False,1210912340223458,False
375,1211894847415705,STAFF ONLY,Rescue,Receiving 130 Crate,,STAFF ONLY,,-,N,A0059563155,,,23,,02 year(s) 01 month(s) 02 day(s),,,,,,,,,,,,,,,,,,,False,1211594883763975,False
376,1211890534964606,L2,Stray Wait,Receiving 130 20,,L2-SF,,-,M,A0059757833,,,62,,01 year(s) 05 month(s) 30 day(s),,,,,,,,,,,,,,,,,,,False,1211890400201803,False
377,1211890399800726,L2,Stray Wait,Receiving 130 8,,L2-SF,,-,M,A0059757272,,,10,,03 year(s) 00 month(s) 01 day(s),,,,,,,,,,,,,,,,,,,False,1211890486075642,False
378,1211890534966570,L2,Cites,Receiving 129 K1,,L2-SF,,+,F,A0059758023,,,50,,05 year(s) 00 month(s) 01 day(s),,,,,,,,,,,,,,,,,,,False,1211890488039629,False
379,1211890399805101,L1,Stray Wait,Receiving 130 9,,L1,,-,F,A0059757661,,,15,,00 year(s) 10 month(s) 01 day(s),,,,,,,,,,,,,,,,,,,False,1211890487675669,False
380,1211890487892842,L1,Available,Dog Pre/Post Op 135 6,,L1,,+,N,A0059756919,,,61,,06 year(s) 00 month(s) 01 day(s),,,,,,,,,,,,,,,,,,,False,1211890533680387,False
381,1211890533620056,L1,Available,Dog Pre/Post Op 135 4,,L1,,-,N,A0053613227,,,7,,10 year(s) 02 month(s) 23 day(s),,,,,,,,,,,,,,,,,,,False,1211890485958675,False
382,1211890487235227,L1,Available,Dog Pre/Post Op 135 8,,L1,,-,M,A0056234321,,,52,,05 year(s) 00 month(s) 01 day(s),,,,,,,,,,,,,,,,,,,False,1211890399124575,False
383,1211890533615934,L1,Stray Wait,Receiving 130 13,,L1,,-,S,A0059756478,,,6,,08 year(s) 00 month(s) 01 day(s),,,,,,,,,,,,,,,,,,,False,1211890486464612,False
384,1211890514642913,L1,Rescue,Receiving 130 13,,L1,,-,N,A0059432853,,,14,,00 year(s) 11 month(s) 15 day(s),,,,,,,,,,,,,,,,,,,False,1211473859166961,False
385,1211890428568209,L2,Priority,Dog Pre/Post Op 135 7,,L2 - SF,,-,N,A0059552374,,,55,,01 year(s) 01 month(s) 03 day(s),,,,,,,,,,,,,,,,,,,False,1211583766882508,False
386,1211890512067398,L1,Available,Receiving 130 11,,L1,,-,S,A0059580601,,,47,,01 year(s) 01 month(s) 00 day(s),,,,,,,,,,,,,,,,,,,False,1211615768783186,False
387,1211814499972582,STAFF ONLY,,,,,,,,,,,,,,,,,,,,,,,,,,,,,,,,False,1211814497873497,False
388,1211747155178990,STAFF ONLY,,,,,,,,,,,,,,,,,,,,,,,,,,,,,,,,False,1211747154496710,False
389,1211857315806879,STAFF ONLY,,,,,,,,,,,,,,,,,,,,,,,,,,,,,,,,False,1211857385288822,False
390,1211725726866138,STAFF ONLY,,,,,,,,,,,,,,,,,,,,,,,,,,,,,,,,False,1211725723882224,False
391,1211810406008303,STAFF ONLY,,,,,,,,,,,,,,,,,,,,,,,,,,,,,,,,False,1211810405987525,False
392,1211779402690134,STAFF ONLY,,,,,,,,,,,,,,,,,,,,,,,,,,,,,,,,False,1211779402407069,False
393,1211843846323555,STAFF ONLY,,,,,,,,,,,,,,,,,,,,,,,,,,,,,,,,False,1211691287770939,False
394,1211748962115110,L3,,,,,,,,,,,,,,,,,,,,,,,,,,,,,,,,False,1211749444361858,False
395,1211689763568232,STAFF ONLY,,,,,,,,,,,,,,,,,,,,,,,,,,,,,,,,False,1211368281602990,False
396,1211087560076967,STAFF ONLY,,,,,,,,,,,,,,,,,,,,,,,,,,,,,,,,False,1211087559993604,False
397,1211179456831007,STAFF ONLY,Court,Dogs 203 8,,STAFF ONLY2025001753,,-,F,A0059259378,,,77,,05 year(s) 08 month(s) 30 day(s),,,,,,,,,,,,,,,,,,,False,1211179381346928,False
398,1211179456360085,STAFF ONLY,Court,Dogs 203 6,,STAFF ONLY2025001753,,-,M,A0057829055,,,105,,05 year(s) 08 month(s) 30 day(s),,,,,,,,,,,,,,,,,,,False,1211179516132435,False
399,1211179383345988,STAFF ONLY,Court,Dogs 203 3,,STAFF ONLY2025001753,,-,M,A0059259369,,,77,,05 year(s) 08 month(s) 30 day(s),,,,,,,,,,,,,,,,,,,False,1211179521057219,False
400,1211888953984134,L3,,,,,,,,,,,,,,,,,,,,,,,,,,,,,,,,False,1210408063939142,False
401,1211889447992704,L2,,,,,,,,,,,,,,,,,,,,,,,,,,,,,,,,False,1210407998002020,False
402,1211889322378930,L3,,,,,,,,,,,,,,,,,,,,,,,,,,,,,,,,False,1210408095553179,False
403,1209784033571541,STAFF ONLY,Court,Dogs 202 6,,STAFF ONLY,,-,M,A0056039115,,,0,,03 year(s) 11 month(s) 14 day(s),,,,,,,,,,,,,,,,,,,False,1207461737201281,False
404,1208839364119331,STAFF ONLY,Court,Q 17,,,,-,M,A0053634174,,,0,,3y 3m 1d,,,,,,,,,,,,,,,,,,,False,1204121320200161,False
405,1211814377108893,L2,Court,Dogs 201 5,,L2 - RG,,-,N,A0056262476,,,50,,02 year(s) 09 month(s) 09 day(s),,,,,,,,,,,,,,,,,,,False,1207691009973345,False
406,1211202591959342,L2,Court,Dogs 203 9,,L2 - SD/OA,,-,F,A0056311125,,,57,,04 year(s) 04 month(s) 00 day(s),,,,,,,,,,,,,,,,,,,False,1207752935343317,False
407,1211812086923714,STAFF ONLY,Court,Dogs 201 3,,STAFF ONLY,,-,M,A0056311133,,,33,,02 year(s) 00 month(s) 00 day(s),,,,,,,,,,,,,,,,,,,False,1207752936367562,False
408,1210493917397308,STAFF ONLY,Court,Dogs 203 4,,STAFF ONLY,,-,M,A0056311146,,,50,,02 year(s) 10 month(s) 01 day(s),,,,,,,,,,,,,,,,,,,False,1207752982550260,False
409,1211555201451735,STAFF ONLY,Evaluate,Dogs 204 2,,STAFF ONLY,,-,M,A0058846624,,,47,,02 year(s) 04 month(s) 04 day(s),,,,,,,,,,,,,,,,,,,False,1210721860124741,False
410,1211852053263659,STAFF ONLY,Pending Behavior Assessment,Dogs 202 5,,STAFF ONLY,,-,M,A0059470366,,,64,,05 year(s) 01 month(s) 08 day(s),,,,,,,,,,,,,,,,,,,False,1211529091830151,False
411,1211832571185151,STAFF ONLY,Bite Quarantine - Not Visible,Dogs 201 6,,STAFF ONLY,,-,M,A0059419456,,,60,,02 year(s) 01 month(s) 17 day(s),,,,,,,,,,,,,,,,,,,False,1211462627893243,False
412,1211818487458791,STAFF ONLY,Caution-Not Visable,Dogs 201 2,,STAFF ONLY,,-,M,A0059719458,,,100,,06 year(s) 00 month(s) 07 day(s),,,,,,,,,,,,,,,,,,,False,1211818622890996,False
413,1211612559165183,L2,,,,,,,,,,,,,,,,,,,,,,,,,,,,,,,,False,1211339145749552,False
414,1211462776551008,,,,,,,,,,,,,,,,,,,,,,,,,,,,,,,,,False,1211462654110288,False
415,1211462654460153,,,,,,,,,,,,,,,,,,,,,,,,,,,,,,,,,False,1211462712197273,False
416,1211578572285546,L1,,,,,,,,,,,,,,,,,,,,,,,,,,,,,,,,False,1211310891372132,False
417,1211764094628564,L1,,,,,,,,,,,,,,,,,,,,,,,,,,,,,,,,False,1211368461802413,False
418,1211351204146325,L2,,,,,,,,,,,,,,,,,,,,,,,,,,,,,,,,False,1211030268442931,False
419,1211187748395223,L1,,,,,,,,,,,,,,,,,,,,,,,,,,,,,,,,False,1210769773296965,False
420,1211895046969320,L3,Available,Foster Foster Home,,L3 - SF,,-,N,A0059098443,,,49,,04 year(s) 02 month(s) 28 day(s),,,,,,,,,,,,,,,,,,,False,1211041339852186,False
421,1211133236933855,L1,,,,,,,,,,,,,,,,,,,,,,,,,,,,,,,,False,1210912354796990,False
422,1211117151235582,L1,,,,,,,,,,,,,,,,,,,,,,,,,,,,,,,,False,1210923748522033,False
423,1211015222525501,L1,,,,,,,,,,,,,,,,,,,,,,,,,,,,,,,,False,1210373424969540,False
424,1211894914742788,L2,Available,Foster Foster Home,,L2-BH,,+,N,A0058666623,,,56,,05 year(s) 05 month(s) 01 day(s),,,,,,,,,,,,,,,,,,,False,1210495458650043,False
425,1211894822786220,L2,Available,Foster Foster Home,,L2 - SF,,-,N,A0058607230,,,63,,02 year(s) 05 month(s) 10 day(s),,,,,,,,,,,,,,,,,,,False,1210428705511466,False
426,1210491673565543,L1,,,,,,,,,,,,,,,,,,,,,,,,,,,,,,,,False,1210268786669352,False
427,1211895042801703,L1,Available,Foster Foster Home,,L1,,-,N,A0058504121,,,58,,00 year(s) 08 month(s) 26 day(s),,,,,,,,,,,,,,,,,,,False,1210268789053810,False
428,1210609013613025,L2,,,,,,,,,,,,,,,,,,,,,,,,,,,,,,,,False,1209356552805568,False
429,1211894959109235,L1,Available,Foster Foster Home,,L1,,-,N,A0058658572,,,34,,00 year(s) 10 month(s) 03 day(s),,,,,,,,,,,,,,,,,,,False,1210490160134666,False
430,1210373350916555,L3,,,,,,,,,,,,,,,,,,,,,,,,,,,,,,,,False,1209735127221236,False
431,1211895049081838,L2,Available,Foster Foster Home,,L2-SF,,-,S,A0058069584,,,73,,03 year(s) 07 month(s) 09 day(s),,,,,,,,,,,,,,,,,,,False,1209779403593763,False
432,1211894914794541,L1,Available,Foster Foster Home,,L1,,+,N,A0056408698,,,74,,05 year(s) 03 month(s) 19 day(s),,,,,,,,,,,,,,,,,,,False,1207884213404520,False
433,1211895046584590,L2,Available,Foster Foster Home,,L2 - OA/RG,,-,N,A0057165881,,,53,,03 year(s) 00 month(s) 12 day(s),,,,,,,,,,,,,,,,,,,False,1208645775840851,False
434,1206313229897285,,,,,,,,,,,,,,,,,,,,,,,,,,,,,,,,,False,1206313227995843,False
435,1206398747883088,,,,,,,,,,,,,,,,,,,,,,,,,,,,,,,,,False,1206386867201919,False
436,1211894914822495,L1,Available,Foster Foster Home,,L1,,-,S,A0059055438,,,40,,00 year(s) 10 month(s) 04 day(s),,,,,,,,,,,,,,,,,,,False,1210994059641122,False
437,1211894759631544,,,,,,,,,,,,,,,,,,,,,,,,,,,,,,,,,False,1211894759549764,False
438,1211894758348707,,,,,,,,,,,,,,,,,,,,,,,,,,,,,,,,,False,1211894716176411,False
439,1211894758176458,,,,,,,,,,,,,,,,,,,,,,,,,,,,,,,,,False,1211894846400150,False
440,1211894758186156,,,,,,,,,,,,,,,,,,,,,,,,,,,,,,,,,False,1211894848962048,False
441,1211894716273916,,,,,,,,,,,,,,,,,,,,,,,,,,,,,,,,,False,1211894715900249,False
442,1211894758175888,,,,,,,,,,,,,,,,,,,,,,,,,,,,,,,,,False,1211894848962112,False
443,1211894758196048,,,,,,,,,,,,,,,,,,,,,,,,,,,,,,,,,False,1211894846575195,False
444,1211890534966357,,,,,,,,,,,,,,,,,,,,,,,,,,,,,,,,,False,1211890534930392,False
445,1211894959336669,L1,Stray Wait,Foster Friendly Finder,,L1,,-,S,A0059758007,,,6,,10 year(s) 00 month(s) 02 day(s),,,,,,,,,,,,,,,,,,,False,1211890534398972,False
446,1211890400468213,,,,,,,,,,,,,,,,,,,,,,,,,,,,,,,,,False,1211890534931898,False
447,1211890399801382,,,,,,,,,,,,,,,,,,,,,,,,,,,,,,,,,False,1211890533739418,False
448,1211890487891299,,,,,,,,,,,,,,,,,,,,,,,,,,,,,,,,,False,1211890487712351,False
449,1211890399232445,,,,,,,,,,,,,,,,,,,,,,,,,,,,,,,,,False,1211890399124735,False
450,1211890399149518,,,,,,,,,,,,,,,,,,,,,,,,,,,,,,,,,False,1211890487001553,False
451,1211894914825288,L2,Pending Behavior Assessment,Foster Friendly Finder,,L2-OA/BR/LB,,-,M,A0058252089,,,57,,01 year(s) 06 month(s) 04 day(s),,,,,,,,,,,,,,,,,,,False,1209903688251769,False
452,1211886368270079,,,,,,,,,,,,,,,,,,,,,,,,,,,,,,,,,False,1211886263374817,False
453,1211886063625403,,,,,,,,,,,,,,,,,,,,,,,,,,,,,,,,,False,1211886367917136,False
454,1211886063621327,,,,,,,,,,,,,,,,,,,,,,,,,,,,,,,,,False,1211886367494392,False
455,1211894914729452,L1,Stray Wait,Foster Friendly Finder,,L1,,-,S,A0059753002,,,48,,04 year(s) 00 month(s) 03 day(s),,,,,,,,,,,,,,,,,,,False,1211886262330479,False
456,1211894823184697,L1,Stray Wait,Foster Friendly Finder,,L1,,-,F,A0059751195,,,12,,01 year(s) 00 month(s) 03 day(s),,,,,,,,,,,,,,,,,,,False,1211886261283005,False
457,1211886060454165,,,,,,,,,,,,,,,,,,,,,,,,,,,,,,,,,False,1211886259780948,False
458,1211886060360877,,,,,,,,,,,,,,,,,,,,,,,,,,,,,,,,,False,1211886260193476,False
459,1211886060362122,,,,,,,,,,,,,,,,,,,,,,,,,,,,,,,,,False,1211886364642578,False
460,1211886260259087,,,,,,,,,,,,,,,,,,,,,,,,,,,,,,,,,False,1211886259287214,False
461,1211871757136882,,,,,,,,,,,,,,,,,,,,,,,,,,,,,,,,,False,1211871888551804,False
462,1211871757167349,,,,,,,,,,,,,,,,,,,,,,,,,,,,,,,,,False,1211871892098191,False
463,1211871888922277,,,,,,,,,,,,,,,,,,,,,,,,,,,,,,,,,False,1211871888829938,False
464,1211871892313604,,,,,,,,,,,,,,,,,,,,,,,,,,,,,,,,,False,1211871888832381,False
465,1211871892314923,,,,,,,,,,,,,,,,,,,,,,,,,,,,,,,,,False,1211871757057192,False
466,1211871891222249,,,,,,,,,,,,,,,,,,,,,,,,,,,,,,,,,False,1211871620630002,False
467,1211871620656437,,,,,,,,,,,,,,,,,,,,,,,,,,,,,,,,,False,1211871891015908,False
468,1211889073222976,,,,,,,,,,,,,,,,,,,,,,,,,,,,,,,,,False,1211871755264125,False
469,1211871890997670,,,,,,,,,,,,,,,,,,,,,,,,,,,,,,,,,False,1211871886685283,False
470,1211871890977163,,,,,,,,,,,,,,,,,,,,,,,,,,,,,,,,,False,1211871755380312,False
471,1211871887428543,,,,,,,,,,,,,,,,,,,,,,,,,,,,,,,,,False,1211871885776713,False
472,1211871890809665,,,,,,,,,,,,,,,,,,,,,,,,,,,,,,,,,False,1211871756501274,False
473,1211894959584452,L2,Stray Wait,Foster Friendly Finder,,L2-A,,-,M,A0059746342,,,69,,03 year(s) 00 month(s) 04 day(s),,,,,,,,,,,,,,,,,,,False,1211871756319293,False
474,1211871887179256,,,,,,,,,,,,,,,,,,,,,,,,,,,,,,,,,False,1211871887092707,False
475,1211871616935154,,,,,,,,,,,,,,,,,,,,,,,,,,,,,,,,,False,1211871883674223,False
476,1211857445025216,,,,,,,,,,,,,,,,,,,,,,,,,,,,,,,,,False,1211857385151241,False
477,1211857443100390,,,,,,,,,,,,,,,,,,,,,,,,,,,,,,,,,False,1211857439064183,False
478,1211844860078064,,,,,,,,,,,,,,,,,,,,,,,,,,,,,,,,,False,1211844925798921,False
479,1211844627781754,,,,,,,,,,,,,,,,,,,,,,,,,,,,,,,,,False,1211844627712300,False
480,1211844858477243,,,,,,,,,,,,,,,,,,,,,,,,,,,,,,,,,False,1211844922638359,False
481,1211844858469473,,,,,,,,,,,,,,,,,,,,,,,,,,,,,,,,,False,1211844924263866,False
482,1211844858449345,,,,,,,,,,,,,,,,,,,,,,,,,,,,,,,,,False,1211844625739252,False
483,1211844626281686,,,,,,,,,,,,,,,,,,,,,,,,,,,,,,,,,False,1211844858341251,False
484,1211894909215968,L2,Urgent,Foster Foster Home,,L2-SF,,-,S,A0059276909,,,41,,02 year(s) 02 month(s) 09 day(s),,,,,,,,,,,,,,,,,,,False,1211203919519535,False
485,1211894915276525,L1,Available,Foster Foster Home,,L1,,-,F,A0059716440,,,55,,00 year(s) 11 month(s) 09 day(s),,,,,,,,,,,,,,,,,,,False,1211814498891662,False
486,1211814622064724,,,,,,,,,,,,,,,,,,,,,,,,,,,,,,,,,False,1211814499780034,False
487,1211814499968987,,,,,,,,,,,,,,,,,,,,,,,,,,,,,,,,,False,1211814499107777,False
488,1211810406388821,,,,,,,,,,,,,,,,,,,,,,,,,,,,,,,,,False,1211810269957772,False
489,1211810324865578,,,,,,,,,,,,,,,,,,,,,,,,,,,,,,,,,False,1211810323751561,False
490,1211810270251981,,,,,,,,,,,,,,,,,,,,,,,,,,,,,,,,,False,1211810270022897,False
491,1211810269926495,,,,,,,,,,,,,,,,,,,,,,,,,,,,,,,,,False,1211810267190069,False
492,1211810324396784,,,,,,,,,,,,,,,,,,,,,,,,,,,,,,,,,False,1211810269795592,False
493,1211892810426468,,,,,,,,,,,,,,,,,,,,,,,,,,,,,,,,,False,1211810324234243,False
494,1211810405843437,,,,,,,,,,,,,,,,,,,,,,,,,,,,,,,,,False,1211810267915517,False
495,1211810324261365,,,,,,,,,,,,,,,,,,,,,,,,,,,,,,,,,False,1211810324242645,False
496,1211801385427596,,,,,,,,,,,,,,,,,,,,,,,,,,,,,,,,,False,1211801538027357,False
497,1211801384581239,,,,,,,,,,,,,,,,,,,,,,,,,,,,,,,,,False,1211801412881103,False
498,1211893009349393,,,,,,,,,,,,,,,,,,,,,,,,,,,,,,,,,False,1211801536935938,False
499,1211801383595929,,,,,,,,,,,,,,,,,,,,,,,,,,,,,,,,,False,1211801413814591,False
500,1211895049670641,L1,Adopted,Foster Trial Adoption,,L1,,-,F,A0059691645,,,12,,04 year(s) 00 month(s) 13 day(s),,,,,,,,,,,,,,,,,,,False,1211779618993426,False
501,1211764841363278,,,,,,,,,,,,,,,,,,,,,,,,,,,,,,,,,False,1211764914061749,False
502,1211752318469573,,,,,,,,,,,,,,,,,,,,,,,,,,,,,,,,,False,1211752654735082,False
503,1211749444323570,,,,,,,,,,,,,,,,,,,,,,,,,,,,,,,,,False,1211749444297408,False
504,1211746997353369,,,,,,,,,,,,,,,,,,,,,,,,,,,,,,,,,False,1211747154777114,False
505,1211746760957703,,,,,,,,,,,,,,,,,,,,,,,,,,,,,,,,,False,1211746760945917,False
506,1211746997234508,,,,,,,,,,,,,,,,,,,,,,,,,,,,,,,,,False,1211747152295919,False
507,1211746760909722,,,,,,,,,,,,,,,,,,,,,,,,,,,,,,,,,False,1211746760874381,False
508,1211737990917105,,,,,,,,,,,,,,,,,,,,,,,,,,,,,,,,,False,1211737870601461,False
509,1211737990807419,,,,,,,,,,,,,,,,,,,,,,,,,,,,,,,,,False,1211737990014871,False
510,1211737990557392,,,,,,,,,,,,,,,,,,,,,,,,,,,,,,,,,False,1211737990473893,False
511,1211894822177354,L1,Available,Foster Foster Home,,L1,,-,N,A0058544482,,,53,,02 year(s) 05 month(s) 19 day(s),,,,,,,,,,,,,,,,,,,False,1210349007311575,False
512,1211894914753544,L1,Adopted,Foster Trial Adoption,,L1,,-,N,A0059594495,,,5,,00 year(s) 06 month(s) 28 day(s),,,,,,,,,,,,,,,,,,,False,1211633752260293,False
513,1211713172412420,,,,,,,,,,,,,,,,,,,,,,,,,,,,,,,,,False,1211713222911494,False
514,1211691338369343,,,,,,,,,,,,,,,,,,,,,,,,,,,,,,,,,False,1211691337632701,False
515,1211894915446236,L1,Available,Foster Friendly Finder,,L1,,-,F,A0059632054,,,66,,03 year(s) 00 month(s) 22 day(s),,,,,,,,,,,,,,,,,,,False,1211691337424014,False
516,1211691338228984,,,,,,,,,,,,,,,,,,,,,,,,,,,,,,,,,False,1211691287770875,False
517,1211688245229997,,,,,,,,,,,,,,,,,,,,,,,,,,,,,,,,,False,1211687930016566,False
518,1211688244730255,,,,,,,,,,,,,,,,,,,,,,,,,,,,,,,,,False,1211687928937798,False
519,1211688130682143,,,,,,,,,,,,,,,,,,,,,,,,,,,,,,,,,False,1211688130578613,False
520,1211688130689128,,,,,,,,,,,,,,,,,,,,,,,,,,,,,,,,,False,1211687929487376,False
521,1211678186280525,,,,,,,,,,,,,,,,,,,,,,,,,,,,,,,,,False,1211678052662869,False
522,1211669054431381,,,,,,,,,,,,,,,,,,,,,,,,,,,,,,,,,False,1211669054389635,False
523,1211894958976012,L1,Trial Adoption,Foster Foster Home,,L1,,-,F,A0059615739,,,5,,03 year(s) 00 month(s) 25 day(s),,,,,,,,,,,,,,,,,,,False,1211669052082171,False
524,1211668897943604,,,,,,,,,,,,,,,,,,,,,,,,,,,,,,,,,False,1211668770796131,False
525,1211656261838226,,,,,,,,,,,,,,,,,,,,,,,,,,,,,,,,,False,1211656152185905,False
526,1211656417881090,,,,,,,,,,,,,,,,,,,,,,,,,,,,,,,,,False,1211656261512769,False
527,1211656417658625,,,,,,,,,,,,,,,,,,,,,,,,,,,,,,,,,False,1211656415765458,False
528,1211656154104543,,,,,,,,,,,,,,,,,,,,,,,,,,,,,,,,,False,1211656414112341,False
529,1211656417528351,,,,,,,,,,,,,,,,,,,,,,,,,,,,,,,,,False,1211656417479978,False
530,1211656154057789,,,,,,,,,,,,,,,,,,,,,,,,,,,,,,,,,False,1211656417483057,False
531,1211656417525299,,,,,,,,,,,,,,,,,,,,,,,,,,,,,,,,,False,1211656153988929,False
532,1211656261408786,,,,,,,,,,,,,,,,,,,,,,,,,,,,,,,,,False,1211656261048186,False
533,1211656154048929,,,,,,,,,,,,,,,,,,,,,,,,,,,,,,,,,False,1211656152975915,False
534,1211656153935918,,,,,,,,,,,,,,,,,,,,,,,,,,,,,,,,,False,1211656261048251,False
535,1211656261296539,,,,,,,,,,,,,,,,,,,,,,,,,,,,,,,,,False,1211656150197598,False
536,1211656261304384,,,,,,,,,,,,,,,,,,,,,,,,,,,,,,,,,False,1211656414369437,False
537,1211656417407718,,,,,,,,,,,,,,,,,,,,,,,,,,,,,,,,,False,1211656416263826,False
538,1211895046712673,L1,Trial Adoption,Foster Trial Adoption,,L1,,-,M,A0059599395,,,8,,01 year(s) 00 month(s) 27 day(s),,,,,,,,,,,,,,,,,,,False,1211645085589883,False
539,1211894915610599,L1,Available,Foster Foster Home,,L1,,-,N,A0059045109,,,25,,00 year(s) 10 month(s) 05 day(s),,,,,,,,,,,,,,,,,,,False,1211583766219425,False
540,1211895049928193,L1,Trial Adoption,Foster Trial Adoption,,L1,,-,S,A0059593150,,,23,,00 year(s) 06 month(s) 28 day(s),,,,,,,,,,,,,,,,,,,False,1211633857183012,False
541,1211764111011620,,,,,,,,,,,,,,,,,,,,,,,,,,,,,,,,,False,1211618122045055,False
542,1211615645627612,,,,,,,,,,,,,,,,,,,,,,,,,,,,,,,,,False,1211615767196235,False
543,1211615768882197,,,,,,,,,,,,,,,,,,,,,,,,,,,,,,,,,False,1211615768852412,False
544,1211619295349783,,,,,,,,,,,,,,,,,,,,,,,,,,,,,,,,,False,1211615644748598,False
545,1211594862443511,,,,,,,,,,,,,,,,,,,,,,,,,,,,,,,,,False,1208793769525876,False
546,1211594884945488,,,,,,,,,,,,,,,,,,,,,,,,,,,,,,,,,False,1211594884871898,False
547,1211594788935991,,,,,,,,,,,,,,,,,,,,,,,,,,,,,,,,,False,1211594884684417,False
548,1211594859560825,,,,,,,,,,,,,,,,,,,,,,,,,,,,,,,,,False,1211594788259958,False
549,1211894915682952,L2,Available,Foster Foster Home,,L2- BR/OA,,-,M,A0059028091,,,67,,02 year(s) 03 month(s) 09 day(s),,,,,,,,,,,,,,,,,,,False,1211583871401618,False
550,1211895049989107,L1,Available,Foster Foster Home,,L1,,-,M,A0058706791,,,58,,02 year(s) 04 month(s) 27 day(s),,,,,,,,,,,,,,,,,,,False,1211583932726842,False
551,1211894959030551,L1,Available,Foster Foster Home,,L1,,-,N,A0058847356,,,55,,02 year(s) 04 month(s) 04 day(s),,,,,,,,,,,,,,,,,,,False,1211583766444178,False
552,1211572391148540,,,,,,,,,,,,,,,,,,,,,,,,,,,,,,,,,False,1211572391034101,False
553,1211572391136147,,,,,,,,,,,,,,,,,,,,,,,,,,,,,,,,,False,1211572701983220,False
554,1211894959584461,L1,Available,Foster Foster Home,,L1,,-,S,A0058592959,,,47,,03 year(s) 05 month(s) 12 day(s),,,,,,,,,,,,,,,,,,,False,1210418607733654,False
555,1211894819885016,L2,Available,Foster Foster Home,,L2-SF,,-,F,A0059225645,,,35,,02 year(s) 02 month(s) 17 day(s),,,,,,,,,,,,,,,,,,,False,1211131133396790,False
556,1211895049528664,L1,Available,Foster Foster Home,,L1,,-,N,A0059527362,,,44,,00 year(s) 09 month(s) 08 day(s),,,,,,,,,,,,,,,,,,,False,1211540960318013,False
557,1211894819885025,L1,Available,Foster Foster Home,,L1,,-,S,A0059224364,,,32,,01 year(s) 08 month(s) 18 day(s),,,,,,,,,,,,,,,,,,,False,1211541006890618,False
558,1211894915487831,L2,Available,Foster Foster Home,,L2-OA,,-,N,A0059026165,,,47,,00 year(s) 11 month(s) 07 day(s),,,,,,,,,,,,,,,,,,,False,1210959870284648,False
559,1211528989514541,,,,,,,,,,,,,,,,,,,,,,,,,,,,,,,,,False,1211528919108396,False
560,1211894915688284,L1,Trial Adoption,Foster Trial Adoption,,L1,,-,S,A0059110884,,,31,,01 year(s) 08 month(s) 27 day(s),,,,,,,,,,,,,,,,,,,False,1211061537993089,False
561,1211504529502984,,,,,,,,,,,,,,,,,,,,,,,,,,,,,,,,,False,1211504449285722,False
562,1211486533912738,,,,,,,,,,,,,,,,,,,,,,,,,,,,,,,,,False,1211486713391178,False
563,1211484259861359,,,,,,,,,,,,,,,,,,,,,,,,,,,,,,,,,False,1211484333420867,False
564,1211473907471471,,,,,,,,,,,,,,,,,,,,,,,,,,,,,,,,,False,1211473858369333,False
565,1211473674197366,,,,,,,,,,,,,,,,,,,,,,,,,,,,,,,,,False,1211473858317657,False
566,1211473858639183,,,,,,,,,,,,,,,,,,,,,,,,,,,,,,,,,False,1211473673914926,False
567,1211473674006030,,,,,,,,,,,,,,,,,,,,,,,,,,,,,,,,,False,1211473673914958,False
568,1211462712785513,,,,,,,,,,,,,,,,,,,,,,,,,,,,,,,,,False,1211462776430675,False
569,1211462654108710,,,,,,,,,,,,,,,,,,,,,,,,,,,,,,,,,False,1211462776193866,False
570,1211894960275341,L1,Available,Foster Foster Home,,L1,,-,S,A0057774743,,,44,,02 year(s) 09 month(s) 08 day(s),,,,,,,,,,,,,,,,,,,False,1209297945587449,False
571,1211434916719824,,,,,,,,,,,,,,,,,,,,,,,,,,,,,,,,,False,1211434871139702,False
572,1211434871172555,,,,,,,,,,,,,,,,,,,,,,,,,,,,,,,,,False,1211434976667264,False
573,1211434979314196,,,,,,,,,,,,,,,,,,,,,,,,,,,,,,,,,False,1211434916040794,False
574,1211894915923002,L2,Available,Foster Foster Home,,L2-BR,,-,N,A0058991756,,,58,,03 year(s) 03 month(s) 11 day(s),,,,,,,,,,,,,,,,,,,False,1210934277628637,False
575,1211894960185521,L1,Available,Foster Foster Home,,L1,,-,S,A0059379590,,,39,,02 year(s) 01 month(s) 24 day(s),,,,,,,,,,,,,,,,,,,False,1211391456382213,False
576,1211894960238152,L1,Available,Foster Foster Home,,L1,,-,F,A0059368995,,,42,,00 year(s) 08 month(s) 25 day(s),,,,,,,,,,,,,,,,,,,False,1211380009002823,False
577,1211379972556319,,,,,,,,,,,,,,,,,,,,,,,,,,,,,,,,,False,1211380105562858,False
578,1211894915952778,L1,Available,Foster Foster Home,,L1,,-,N,A0059361697,,,60,,02 year(s) 07 month(s) 15 day(s),,,,,,,,,,,,,,,,,,,False,1211368371694459,False
579,1211355592680254,,,,,,,,,,,,,,,,,,,,,,,,,,,,,,,,,False,1211355424409320,False
580,1211355505128773,,,,,,,,,,,,,,,,,,,,,,,,,,,,,,,,,False,1211355591488440,False
581,1211355423447140,,,,,,,,,,,,,,,,,,,,,,,,,,,,,,,,,False,1211355423373362,False
582,1211894960402151,L1,Available,Foster Foster Home,,L1,,-,S,A0058970456,,,51,,02 year(s) 03 month(s) 17 day(s),,,,,,,,,,,,,,,,,,,False,1211310892936625,False
583,1211894910871398,L1,Available,Foster Foster Home,,L1,,-,N,A0059295258,,,85,,03 year(s) 02 month(s) 05 day(s),,,,,,,,,,,,,,,,,,,False,1211255096471929,False
584,1211895050329750,L2,Available,Foster Foster Home,,L2-SF,,-,S,A0059270614,,,30,,00 year(s) 11 month(s) 11 day(s),,,,,,,,,,,,,,,,,,,False,1211190447384043,False
585,1211894916044761,L2,Available,Foster Foster Home,,L2-OA/JM,,-,N,A0058215215,,,60,,03 year(s) 07 month(s) 10 day(s),,,,,,,,,,,,,,,,,,,False,1209840320658103,False
586,1211894915398704,L1,Available,Foster Foster Home,,L1,,-,N,A0059220107,,,74,,03 year(s) 02 month(s) 16 day(s),,,,,,,,,,,,,,,,,,,False,1211128175221612,False
587,1211894915141391,L2,Available,Foster Foster Home,,L2-SF,,-,N,A0057177276,,,34,,04 year(s) 00 month(s) 11 day(s),,,,,,,,,,,,,,,,,,,False,1208654334748030,False
588,1211894914923183,L1,Available,Foster Foster Home,,L1,,-,N,A0059004782,,,50,,04 year(s) 03 month(s) 12 day(s),,,,,,,,,,,,,,,,,,,False,1210923618666724,False
589,1211894914755580,L1,Trial Adoption,Foster Trial Adoption,,L1,,-,S,A0058994579,,,53,,01 year(s) 03 month(s) 13 day(s),,,,,,,,,,,,,,,,,,,False,1210912477011786,False
590,1210807145804983,,,,,,,,,,,,,,,,,,,,,,,,,,,,,,,,,False,1210807141659200,False
591,1211895049864055,L1,Available,Foster Foster Home,,L1,,-,S,A0058897336,,,33,,00 year(s) 09 month(s) 28 day(s),,,,,,,,,,,,,,,,,,,False,1210780960149530,False
592,1210577923521809,,,,,,,,,,,,,,,,,,,,,,,,,,,,,,,,,False,1210577821542477,False
593,1210577953669640,,,,,,,,,,,,,,,,,,,,,,,,,,,,,,,,,False,1210577921772377,False
594,1210577953622649,,,,,,,,,,,,,,,,,,,,,,,,,,,,,,,,,False,1210577819472322,False
595,1210577820903789,,,,,,,,,,,,,,,,,,,,,,,,,,,,,,,,,False,1210577921096062,False
596,1210566089233177,,,,,,,,,,,,,,,,,,,,,,,,,,,,,,,,,False,1210566047414845,False
597,1210549120686821,,,,,,,,,,,,,,,,,,,,,,,,,,,,,,,,,False,1210549210127131,False
598,1210549129604776,,,,,,,,,,,,,,,,,,,,,,,,,,,,,,,,,False,1210549208872911,False
599,1210549120662313,,,,,,,,,,,,,,,,,,,,,,,,,,,,,,,,,False,1210549118891032,False
600,1210549120637698,,,,,,,,,,,,,,,,,,,,,,,,,,,,,,,,,False,1210549120255890,False
601,1210549129542817,,,,,,,,,,,,,,,,,,,,,,,,,,,,,,,,,False,1210549120597139,False
602,1211895050224568,L2,Available,Foster Foster Home,,L2-SF,,-,N,A0058638515,,,45,,05 year(s) 05 month(s) 06 day(s),,,,,,,,,,,,,,,,,,,False,1210469613783840,False
603,1210408099941269,,,,,,,,,,,,,,,,,,,,,,,,,,,,,,,,,False,1210408096634613,False
604,1211895050495662,L1,Available,Foster Foster Home,,L1,,-,S,A0058520937,,,56,,01 year(s) 05 month(s) 23 day(s),,,,,,,,,,,,,,,,,,,False,1210282670385975,False
605,1211894915606501,L2,Available,Foster Foster Home,,L2 - SF,,-,S,A0058515382,,,39,,01 year(s) 03 month(s) 25 day(s),,,,,,,,,,,,,,,,,,,False,1210280171985945,False
606,1211894960492850,L1,Available,Foster Foster Home,,L1,,+,S,A0056354164,,,58,,06 year(s) 03 month(s) 27 day(s),,,,,,,,,,,,,,,,,,,False,1207805695918318,False
607,1211894959976786,L2,Microchip,Foster Friendly Finder,,L2-SF,,-,F,A0059726502,,,16,,01 year(s) 00 month(s) 07 day(s),,,,,,,,,,,,,,,,,,,False,1211832331564956,False
608,1211894959950966,L1,Available,Foster Foster Home,,L1,,-,S,A0057663603,,,69,,03 year(s) 09 month(s) 25 day(s),,,,,,,,,,,,,,,,,,,False,1209175245383652,False
609,1211895050622125,L2,Available,Foster Foster Home,,L2-SF,,-,S,A0055675268,,,42,,04 year(s) 07 month(s) 02 day(s),,,,,,,,,,,,,,,,,,,False,1207029515795744,False
610,1211894960509067,L1,Available,Foster Foster Home,,L1,,+,S,A0057054603,,,45,,03 year(s) 00 month(s) 30 day(s),,,,,,,,,,,,,,,,,,,False,1209239869662781,False
611,1208546898803264,,,,,,,,,,,,,,,,,,,,,,,,,,,,,,,,,False,1208546690283569,False
612,1211894960369361,L1,Available,Foster Foster Home,,L1,,-,S,A0057051256,,,54,,02 year(s) 00 month(s) 02 day(s),,,,,,,,,,,,,,,,,,,False,1208526217014165,False
613,1207450809984234,,,,,,,,,,,,,,,,,,,,,,,,,,,,,,,,,False,1207450857707034,False
614,1211894915849826,L1,Available,Foster Foster Home,,L1,,-,S,A0055697269,,,44,,03 year(s) 07 month(s) 23 day(s),,,,,,,,,,,,,,,,,,,False,1207058787633762,False
615,1211895050710061,L2,Available,Foster Foster Home,,L2-SF,,-,S,A0054667066,,,52,,02 year(s) 07 month(s) 12 day(s),,,,,,,,,,,,,,,,,,,False,1205813313357785,False
616,1211894960856513,L1,Available,Foster Foster Home,,L1-2024-000263,,+,S,A0055062948,,,44,,04 year(s) 10 month(s) 01 day(s),,,,,,,,,,,,,,,,,,,False,1206293674881509,False
617,1211165576878737,L1,Available,A10,,,,,F,A0053636779,,,37,Court Mandate,3y 2m 24d,,,,,,,,,,,,,,,,,,,False,1204896331674593,False
618,1205511115692639,,,,,,,,,,,,,,,,,,,,,,,,,,,,,,,,,False,1205511187368438,False
619,1205458289483307,,,,,,,,,,,,,,,,,,,,,,,,,,,,,,,,,False,1205458316884146,False
620,1204597009650252,L1,,Foster,,,,,S,A883569,,,,Court Mandate,5 years 9 months,,,,,,,,,,,,,,,,,,,False,1201131265214840,False
621,1204848853917729,L2,,Foster,,-BR,,,N,A898038,,,,Court Mandate,1 years 8 months,,,,,,,,,,,,,,,,,,,False,1204462876298812,False
622,1211894916459092,L2,Available,Foster Foster Home,,A889029  L2-BR/A,,-,N,A0053626387,,,54,,04 year(s) 07 month(s) 20 day(s),,,,,,,,,,,,,,,,,,,False,1202008836789657,False
623,1211894960085750,L1,Available,Foster Foster Home,,L1,,-,S,A0055028046,,,67,,09 year(s) 09 month(s) 15 day(s),,,,,,,,,,,,,,,,,,,False,1206293324030231,False
624,1211894822873737,L2,Court,Foster Foster Home,,L2-OA,,-,S,A0054884374,,,36,,02 year(s) 10 month(s) 29 day(s),,,,,,,,,,,,,,,,,,,False,1206096620573920,False
625,1211894912821008,L1,Available,Foster Foster Home,,L1,,-,S,A0055941918,,,37,,04 year(s) 05 month(s) 23 day(s),,,,,,,,,,,,,,,,,,,False,1207352707550568,False
626,1211894960929933,L2,Available,Foster Foster Home,,L2-OA/H,,+,S,A0055954982,,,46,,04 year(s) 05 month(s) 21 day(s),,,,,,,,,,,,,,,,,,,False,1207354675796740,False
627,1211894960726445,L2,Available,Foster Foster Home,,L2-OA/H,,+,S,A0055954982,,,46,,04 year(s) 05 month(s) 21 day(s),,,,,,,,,,,,,,,,,,,False,1207354675796740,False
628,1211894913738000,L3,Available,Foster Foster Home,,L3 - BR,,+,N,A0056507497,,,38,,04 year(s) 03 month(s) 03 day(s),,,,,,,,,,,,,,,,,,,False,1208015861743652,False
629,1211894916049336,L2,Available,Foster Foster Home,,L2-LB,,-,S,A0053603468,,,42,,09 year(s) 07 month(s) 02 day(s),,,,,,,,,,,,,,,,,,,False,1206933571387725,False
630,1211894916580269,L2,Available,Foster Foster Home,,L2-SF,,-,S,A0055785509,,,58,,03 year(s) 06 month(s) 16 day(s),,,,,,,,,,,,,,,,,,,False,1207174957338740,False
631,1211895050222895,L1,Available,Foster Foster Home,,L1,,-,S,A0056378001,,,43,,10 year(s) 02 month(s) 26 day(s),,,,,,,,,,,,,,,,,,,False,1207838466278475,False
632,1211894960515959,L1,Available,Foster Foster Home,,L1,,-,N,A0056598333,,,40,,02 year(s) 07 month(s) 03 day(s),,,,,,,,,,,,,,,,,,,False,1208118503594196,False
633,1211894959619493,L1,Available,Foster Foster Home,,L1,,-,S,A0055857982,,,37,,02 year(s) 06 month(s) 04 day(s),,,Walks politely on leash,,,,,,Super cuddler,2-Medium energy,,,,,,,,,False,1207260621249140,False
634,1211894960099252,L2,Available,Foster Foster Home,,L2-SF,,-,S,A0056629500,,,42,,04 year(s) 02 month(s) 17 day(s),,,,,,,,,,,,,,,,,,,False,1208140761246278,False
635,1211894960185532,L1,Available,Foster Foster Home,,L1,,-,S,A0054649638,,,48,,05 year(s) 00 month(s) 17 day(s),,,,,,,,,,,,,,,,,,,False,1205795307921135,False
636,1211894960011827,L1,Available,Foster Foster Home,,A899764- L1,,-,N,A0053637006,,,43,,02 year(s) 06 month(s) 26 day(s),,,,,,,,,,,,,,,,,,,False,1207793408344604,False
637,1211894916171322,L1,Available,Foster Foster Home,,L1,,-,N,A0056647661,,,55,,04 year(s) 02 month(s) 13 day(s),,,,,,,,,,,,,,,,,,,False,1208164975919439,False
638,1211894916296825,L1,Available,Foster Foster Home,,L1,,-,S,A0056853475,,,53,,04 year(s) 01 month(s) 30 day(s),,,,,,,,,,,,,,,,,,,False,1208279960450710,False
639,1211895048582948,L1,Available,Foster Foster Home,,L1,,+,N,A0055971280,,,41,,02 year(s) 11 month(s) 17 day(s),,,,,,,,,,,,,,,,,,,False,1207378143273338,False
640,1211894916118421,L2,Available,Foster Foster Home,,L2-SF,,-,S,A0056689698,,,44,,06 year(s) 02 month(s) 05 day(s),,,,,,,,,,,,,,,,,,,False,1208250971087119,False
641,1211894960901780,L1,Available,Foster Foster Home,,L1,,-,N,A0053632065,,,60,Court Mandate,11 year(s) 11 month(s) 29 day(s),,,,,,,,,,,,,,,,,,,False,1203364262448583,False
642,1211894915726155,L1,Available,Foster Foster Home,,L1,,-,N,A0057053942,,,44,,03 year(s) 00 month(s) 30 day(s),,,,,,,,,,,,,,,,,,,False,1208526220406834,False
643,1211895050280275,L1,Available,Foster Foster Home,,L1,,-,N,A0056989366,,,62,,02 year(s) 01 month(s) 08 day(s),,,,,,,,,,,,,,,,,,,False,1208443258739161,False
644,1211895051196348,L1,Available,Foster Foster Home,,L1,,-,N,A0056673936,,,60,,05 year(s) 02 month(s) 10 day(s),,,,,,,,,,,,,,,,,,,False,1208195045655479,False
645,1211894961370589,L1,Available,Foster Foster Home,,L1,,+,S,A0056932246,,,66,,05 year(s) 01 month(s) 19 day(s),,,,,,,,,,,,,,,,,,,False,1208368017010431,False
646,1211894959503829,L1,Available,Foster Foster Home,,L1,,+,N,A0056503718,,,93,,06 year(s) 03 month(s) 04 day(s),,,,,,,,,,,,,,,,,,,False,1207985847331840,False
647,1211894916953060,L2,Available,Foster Foster Home,,L2 - OA,,-,N,A0056996026,,,69,,03 year(s) 01 month(s) 07 day(s),,,,,,,,,,,,,,,,,,,False,1208453410433790,False
648,1211894913778970,L2,Available,Foster Foster Home,,L2 - SF,,-,S,A0053618690,,,66,,05 year(s) 07 month(s) 14 day(s),,,,,,,,,,,,,,,,,,,False,1208605811658411,False
649,1211894959828078,L1,Available,Foster Foster Home,,L1,,-,N,A0056223206,,,54,,04 year(s) 04 month(s) 16 day(s),,,,,,,,,,,,,,,,,,,False,1207642114747730,False
650,1211894915888423,L3,Available,Foster Foster Home,,L3-LB/OA/RG,,-,N,A0055905913,,,54,,03 year(s) 05 month(s) 28 day(s),,,,,,,,,,,,,,,,,,,False,1207317781035108,False
651,1211894916374317,L2,Available,Foster Foster Home,,L2-LR/BR,,-,S,A0056500648,,,48,,07 year(s) 03 month(s) 05 day(s),,,,,,,,,,,,,,,,,,,False,1207985754471290,False
652,1211894961538364,L1,Available,Foster Foster Home,,L1,,-,N,A0057243693,,,69,,05 year(s) 00 month(s) 01 day(s),,,,,,,,,,,,,,,,,,,False,1208732901418137,False
653,1211895049743500,L2,Available,Foster Foster Home,,L2 - JM,,-,S,A0057081101,,,44,,03 year(s) 00 month(s) 25 day(s),,,,,,,,,,,,,,,,,,,False,1208555841715724,False
654,1211894917075803,L1,Available,Foster Foster Home,,L1,,-,S,A0056927704,,,27,,06 year(s) 01 month(s) 20 day(s),,,,,,,,,,,,,,,,,,,False,1208365994110851,False
655,1211894821777008,L1,Available,Foster Foster Home,,L1,,-,S,A0057321831,,,42,,02 year(s) 11 month(s) 19 day(s),,,,,,,,,,,,,,,,,,,False,1208829981210030,False
656,1211895050458690,L1,Available,Foster Foster Home,,L1,,-,N,A0056432711,,,56,,02 year(s) 03 month(s) 15 day(s),,,,,,,,,,,,,,,,,,,False,1207903348356703,False
657,1211894917156019,L1,Available,Foster Foster Home,,L1,,+,S,A0057025902,,,50,,03 year(s) 01 month(s) 03 day(s),,,,,,,,,,,,,,,,,,,False,1208486785354860,False
658,1211894961626583,L1,Available,Foster Foster Home,,L1,,-,S,A0056944879,,,58,,05 year(s) 01 month(s) 16 day(s),,,,,,,,,,,,,,,,,,,False,1208395566629876,False
659,1211894916671700,L2,Available,Foster Foster Home,,L2 - SF,,-,S,A0057261805,,,40,,01 year(s) 11 month(s) 29 day(s),,,,,,,,,,,,,,,,,,,False,1208761746993664,False
660,1211894917184500,L2,Available,Foster Foster Home,,L2 - OA/LB,,-,N,A0056934062,,,41,,02 year(s) 00 month(s) 28 day(s),,,,,,,,,,,,,,,,,,,False,1208371360884522,False
661,1211894961663464,L1,Available,Foster Foster Home,,L1,,-,N,A0057165899,,,56,,02 year(s) 06 month(s) 11 day(s),,,,,,,,,,,,,,,,,,,False,1208645776917420,False
662,1211895049589492,L1,Available,Foster Foster Home,,L1,,-,S,A0057261594,,,43,,04 year(s) 11 month(s) 28 day(s),,,,,,,,,,,,,,,,,,,False,1208753021265347,False
663,1211895051582328,L2,Available,Foster Foster Home,,L2-OA,,-,N,A0056676632,,,41,,04 year(s) 02 month(s) 08 day(s),,,,,,,,,,,,,,,,,,,False,1208232327077481,False
664,1209219464845611,L1,Available,Foster Foster Home,,L1,,+,S,A0057054603,,,42,,02 year(s) 03 month(s) 12 day(s),,,,,,,,,,,,,,,,,,,False,1208526219232571,False
665,1211894961315299,L1,Available,Foster Foster Home,,L1,,-,S,A0056520035,,,62,,03 year(s) 03 month(s) 02 day(s),,,,,,,,,,,,,,,,,,,False,1208005505146888,False
666,1211894916627370,L1,Available,Foster Foster Home,,L1,,-,S,A0057614005,,,48,,03 year(s) 09 month(s) 30 day(s),,,,,,,,,,,,,,,,,,,False,1209122581568160,False
667,1211895051614618,L1,Available,Foster Foster Home,,L1,,+,S,A0057500992,,,44,,08 year(s) 10 month(s) 10 day(s),,,,,,,,,,,,,,,,,,,False,1209027761405506,False
668,1211895050734610,L3,Available,Foster Foster Home,,L3- BH,,-,N,A0057510470,,,57,,02 year(s) 10 month(s) 15 day(s),,,,,,,,,,,,,,,,,,,False,1209040786355007,False
669,1211894915475564,L1,Available,Foster Foster Home,,L1,,-,N,A0057609567,,,50,,03 year(s) 09 month(s) 30 day(s),,,,,,,,,,,,,,,,,,,False,1209122581735609,False
670,1211895051687009,L2,Available,Foster Foster Home,,L2 RG/H,,-,S,A0057489230,,,41,,02 year(s) 04 month(s) 20 day(s),,,,,,,,,,,,,,,,,,,False,1209027808015852,False
671,1211895049879435,L1,Available,Foster Foster Home,,L1,,+,N,A0057256931,,,77,,03 year(s) 11 month(s) 29 day(s),,,,,,,,,,,,,,,,,,,False,1208753020779569,False
672,1211895051702236,L1,Available,Foster Foster Home,,L1,,-,S,A0053848363,,,65,,06 year(s) 10 month(s) 28 day(s),,,,,,,,,,,,,,,,,,,False,1209044151301220,False
673,1211894961216692,L1,Court,Foster Foster Home,,L1,,-,F,A0056311137,,,67,,08 year(s) 04 month(s) 00 day(s),,,,,,,,,,,,,,,,,,,False,1207752936367626,False
674,1211894960927698,L1,Available,Foster Foster Home,,L1,,-,N,A0057782104,,,42,,01 year(s) 08 month(s) 06 day(s),,,,,,,,,,,,,,,,,,,False,1209315419882527,False
675,1211894917116362,L1,Available,Foster Foster Home,,L1,,-,N,A0057161815,,,61,,03 year(s) 00 month(s) 13 day(s),,,,,,,,,,,,,,,,,,,False,1208636018081576,False
676,1211894959958680,L1,Available,Foster Foster Home,,L1,,+,S,A0057809416,,,53,,12 year(s) 09 month(s) 03 day(s),,,,,,,,,,,,,,,,,,,False,1209356661635151,False
677,1211895051805896,L2,Available,Foster Foster Home,,L2- BR/M&G,,-,N,A0057512818,,,55,,03 year(s) 10 month(s) 17 day(s),,,,,,,,,,,,,,,,,,,False,1209040786261918,False
678,1211894917490001,L1,Available,Foster Foster Home,,L1,,-,S,A0057252718,,,46,,03 year(s) 11 month(s) 30 day(s),,,,,,,,,,,,,,,,,,,False,1208753107331024,False
679,1211895051807091,L2,Available,Foster Foster Home,,L2-BR,,-,S,A0057867271,,,43,,04 year(s) 08 month(s) 22 day(s),,,,,,,,,,,,,,,,,,,False,1209439673917180,False
680,1211894917561445,L3,Available,Foster Foster Home,,L3-JM,,-,S,A0057656410,,,51,,02 year(s) 09 month(s) 24 day(s),,,,,,,,,,,,,,,,,,,False,1209175291430004,False
681,1211894917075813,L1,Available,Foster Foster Home,,L1,,+,S,A0057478759,,,60,,03 year(s) 10 month(s) 23 day(s),,,,,,,,,,,,,,,,,,,False,1209004160233895,False
682,1211894915475555,L1,Available,Foster Foster Home,,L1,,-,S,A0057663603,,,69,,03 year(s) 09 month(s) 25 day(s),,,,,,,,,,,,,,,,,,,False,1209175245383652,False
683,1211894917289782,L2,Available,Foster Foster Home,,L2 JM/LB,,-,N,A0057072729,,,66,,01 year(s) 05 month(s) 24 day(s),,,,,,,,,,,,,,,,,,,False,1208564478477483,False
684,1211895051376329,L1,Available,Foster Foster Home,,L1,,-,S,A0056545695,,,71,,07 year(s) 02 month(s) 28 day(s),,,,,,,,,,,,,,,,,,,False,1208062847000129,False
685,1211894913796708,L2,Available,Foster Foster Home,,L2-OA,,-,N,A0056096120,,,50,,02 year(s) 05 month(s) 00 day(s),,,,,,,,,,,,,,,,,,,False,1207536070398246,False
686,1211894917455324,L1,Available,Foster Foster Home,,L1,,+,S,A0055025441,,,61,,07 year(s) 10 month(s) 08 day(s),,,,,,,,,,,,,,,,,,,False,1206267249418704,False
687,1211894917179990,L1,Available,Foster Foster Home,,L1,,-,S,A0057999103,,,52,,04 year(s) 07 month(s) 29 day(s),,,,,,,,,,,,,,,,,,,False,1209649514199590,False
688,1211894917314717,L2,Available,Foster Foster Home,,L2-JM/SF,,-,S,A0057747654,,,46,,01 year(s) 09 month(s) 10 day(s),,,,,,,,,,,,,,,,,,,False,1209295930078564,False
689,1211895049979445,L2,Available,Foster Foster Home,,L2-BR,,-,S,A0057985936,,,46,,02 year(s) 07 month(s) 30 day(s),,,,,,,,,,,,,,,,,,,False,1209649513598545,False
690,1211895052017939,L1,Available,Foster Foster Home,,L1,,-,S,A0058006377,,,47,,03 year(s) 07 month(s) 29 day(s),,,,,,,,,,,,,,,,,,,False,1209675929209920,False
691,1211895051091783,L1,Available,Foster Foster Home,,L1,,-,N,A0058070653,,,56,,04 year(s) 07 month(s) 14 day(s),,,,,,,,,,,,,,,,,,,False,1209779494931526,False
692,1211894909234662,L2,Available,Foster Foster Home,,L2 - SF,,+,N,A0058279327,,,50,,05 year(s) 06 month(s) 29 day(s),,,,,,,,,,,,,,,,,,,False,1209957776969979,False
693,1211894962191412,L2,Trial Adoption,Foster Trial Adoption,,L2-OA,,-,S,A0057820720,,,47,,02 year(s) 09 month(s) 00 day(s),,,,,,,,,,,,,,,,,,,False,1209373195883012,False
694,1211895051173089,L1,Available,Foster Foster Home,,L1,,-,N,A0057257626,,,46,,02 year(s) 11 month(s) 28 day(s),,,,,,,,,,,,,,,,,,,False,1208753106111186,False
695,1211894962273456,L1,Court,Foster Foster Home,,L1,,-,S,A0057949341,,,13,,12 year(s) 08 month(s) 06 day(s),,,,,,,,,,,,,,,,,,,False,1209565225272868,False
696,1211894962005193,L1,Available,Foster Foster Home,,L1,,-,N,A0057749805,,,44,,01 year(s) 09 month(s) 11 day(s),,,,,,,,,,,,,,,,,,,False,1209277805888227,False
697,1211894917737763,L2,Available,Foster Foster Home,,L2-SF,,-,S,A0058360897,,,51,,02 year(s) 06 month(s) 17 day(s),,,,,,,,,,,,,,,,,,,False,1210064014588841,False
698,1211895052134527,L2,Court,Foster Foster Home,,L2-SF,,-,N,A0057949359,,,16,,03 year(s) 08 month(s) 06 day(s),,,,,,,,,,,,,,,,,,,False,1209565189015177,False
699,1211894916435762,L1,Court,Foster Foster Home,,L1,,-,N,A0057949290,,,10,,03 year(s) 08 month(s) 06 day(s),,,,,,,,,,,,,,,,,,,False,1209565188307207,False
700,1211894960480989,L2,Available,Foster Foster Home,,L2-OA,,-,S,A0057303592,,,45,,02 year(s) 11 month(s) 21 day(s),,,,,,,,,,,,,,,,,,,False,1208802676612663,False
701,1211894914923198,L2,Available,Foster Foster Home,,L2-OA,,-,S,A0057572441,,,47,,02 year(s) 10 month(s) 06 day(s),,,,,,,,,,,,,,,,,,,False,1209080058558990,False
702,1211895050671781,L1,Available,Foster Foster Home,,L1,,+,S,A0058240878,,,38,,04 year(s) 07 month(s) 07 day(s),,,,,,,,,,,,,,,,,,,False,1209903448927912,False
703,1211894917184510,L2,Available,Foster Foster Home,,L2-LB,,-,N,A0057425727,,,48,,03 year(s) 10 month(s) 30 day(s),,,,,,,,,,,,,,,,,,,False,1208951800762075,False
704,1211895051643739,L1,Available,Foster Foster Home,,L1-A857655,,+,N,A0053596658,,,47,,07 year(s) 04 month(s) 16 day(s),,,,,,,,,,,,,,,,,,,False,1210131649526777,False
705,1211894916026499,L2,Available,Foster Foster Home,,L2- LB,,+,S,A0057639835,,,54,,03 year(s) 09 month(s) 26 day(s),,,,,,,,,,,,,,,,,,,False,1209156449076991,False
706,1211894960002775,L2,Available,Foster Foster Home,,L2- LB,,+,S,A0057639835,,,54,,03 year(s) 09 month(s) 26 day(s),,,,,,,,,,,,,,,,,,,False,1209156449076991,False
707,1211894915471827,L2,Available,Foster Foster Home,,L2 - SF,,-,F,A0058313508,,,51,,04 year(s) 06 month(s) 25 day(s),,,,,,,,,,,,,,,,,,,False,1210008898002833,False
708,1211894916026508,L2,Available,Foster Foster Home,,L2-A,,-,N,A0057918810,,,62,,03 year(s) 08 month(s) 15 day(s),,,,,,,,,,,,,,,,,,,False,1209532163857572,False
709,1211895051173098,L2,Available,Foster Foster Home,,L2 - SF,,-,F,A0058313508,,,51,,04 year(s) 06 month(s) 25 day(s),,,,,,,,,,,,,,,,,,,False,1210008898002833,False
710,1211894916173215,L1,Court,Foster Foster Home,,L1,,-,N,A0057949305,,,11,,06 year(s) 06 month(s) 01 day(s),,,,,,,,,,,,,,,,,,,False,1209565188282449,False
711,1211895052061968,L2,Available,Foster Foster Home,,L2 - SF,,+,S,A0057471755,,,44,,02 year(s) 10 month(s) 23 day(s),,,,,,,,,,,,,,,,,,,False,1209004055254945,False
712,1211895050663069,L1,Available,Foster Foster Home,,L1,,-,S,A0058338338,,,52,,03 year(s) 06 month(s) 21 day(s),,,,,,,,,,,,,,,,,,,False,1210029935635719,False
713,1211895050668797,L2,Available,Foster Foster Home,,L2-SF,,-,N,A0058463186,,,57,,03 year(s) 06 month(s) 01 day(s),,,,,,,,,,,,,,,,,,,False,1210203704414457,False
714,1211894961187225,L2,Court,Foster Foster Home,,L2-SF,,-,M,A0057949368,,,12,,04 year(s) 08 month(s) 06 day(s),,,,,,,,,,,,,,,,,,,False,1209565226075590,False
715,1211894961744548,L2,Available,Foster Foster Home,,L2-SF,,-,N,A0058416589,,,57,,04 year(s) 06 month(s) 08 day(s),,,,,,,,,,,,,,,,,,,False,1210151409644062,False
716,1211894917632278,L1,Available,Foster Foster Home,,L1,,+,N,A0057938358,,,54,,03 year(s) 08 month(s) 09 day(s),,,,,,,,,,,,,,,,,,,False,1209548920531517,False
717,1211894918129420,L1,Available,Foster Foster Home,,L1,,+,N,A0058006328,,,65,,03 year(s) 07 month(s) 27 day(s),,,,,,,,,,,,,,,,,,,False,1209675699588073,False
718,1211894916696978,L2,Available,Foster Foster Home,,L2-SF,,-,S,A0058575776,,,55,,02 year(s) 05 month(s) 14 day(s),,,,,,,,,,,,,,,,,,,False,1210384555854679,False
719,1211894916625979,L1,Available,Foster Foster Home,,L1,,-,S,A0058602321,,,41,,10 year(s) 05 month(s) 12 day(s),,,,,,,,,,,,,,,,,,,False,1210418605393408,False
720,1211894960717946,L2,Available,Foster Foster Home,,L2-SF,,+,S,A0057910867,,,60,,02 year(s) 08 month(s) 15 day(s),,,,,,,,,,,,,,,,,,,False,1209505486190863,False
721,1211894914551547,L1,Available,Foster Foster Home,,L1,,+,N,A0058214995,,,46,,02 year(s) 07 month(s) 10 day(s),,,,,,,,,,,,,,,,,,,False,1209840362330620,False
722,1211895051807100,L1,Available,Foster Foster Home,,L1,,-,M,A0058344455,,,53,,02 year(s) 06 month(s) 19 day(s),,,,,,,,,,,,,,,,,,,False,1210041039867765,False
723,1211895049982238,L2,Available,Foster Foster Home,,L2-OA/JM,,-,S,A0058483232,,,51,,03 year(s) 05 month(s) 28 day(s),,,,,,,,,,,,,,,,,,,False,1210232986356299,False
724,1211895050317658,L2,Available,Foster Foster Home,,L2-M&G/JM,,-,F,A0058316435,,,48,,02 year(s) 06 month(s) 25 day(s),,,,,,,,,,,,,,,,,,,False,1210009266805498,False
725,1211894917363756,L1,Available,Foster Foster Home,,L1,,-,S,A0057165859,,,46,,02 year(s) 00 month(s) 13 day(s),,,,,,,,,,,,,,,,,,,False,1208645779612286,False
726,1211894917677875,L1,Available,Foster Foster Home,,L1,,-,S,A0058104749,,,63,,03 year(s) 07 month(s) 11 day(s),,,,,,,,,,,,,,,,,,,False,1209835883505030,False
727,1211894962443148,L3,Available,Foster Foster Home,,L3-SD/BR,,-,N,A0055649438,,,55,,04 year(s) 07 month(s) 06 day(s),,,,,,,,,,,,,,,,,,,False,1207003441831005,False
728,1211894916254852,L1,Available,Foster Foster Home,,L1,,-,N,A0057985953,,,49,,02 year(s) 07 month(s) 30 day(s),,,,,,,,,,,,,,,,,,,False,1209649646564862,False
729,1211894962896221,L3,Available,Foster Foster Home,,L3-SF/BR,,-,N,A0058625088,,,64,,03 year(s) 05 month(s) 07 day(s),,,,,,,,,,,,,,,,,,,False,1210447246176361,False
730,1211894962888593,L3,Available,Foster Foster Home,,L3-OA/BR,,-,F,A0058609148,,,51,,06 year(s) 05 month(s) 10 day(s),,,,,,,,,,,,,,,,,,,False,1210428621325775,False
731,1211894960078435,L1,Available,Foster Foster Home,,L1,,+,N,A0058762439,,,45,,11 year(s) 05 month(s) 07 day(s),,,,,,,,,,,,,,,,,,,False,1210623092517378,False
732,1211894918411111,L1,Available,Foster Foster Home,,L1,,+,S,A0058252924,,,44,,01 year(s) 07 month(s) 05 day(s),,,,,,,,,,,,,,,,,,,False,1209903614582639,False
733,1211894961950608,L1,Available,Foster Foster Home,,L1,,+,S,A0058844546,,,51,,03 year(s) 04 month(s) 05 day(s),,,,,,,,,,,,,,,,,,,False,1210721775146834,False
734,1211895049982247,L2,Available,Foster Foster Home,,L2-SF A852878,,+,N,A0053591163,,,58,,07 year(s) 08 month(s) 30 day(s),,,Walks politely on leash,,,,,,Super cuddler,1 - Low energy,,,,,,,,,False,1209807163039023,False
735,1211894962819878,L1,Available,Foster Foster Home,,L1,,-,S,A0058100843,,,55,,07 year(s) 06 month(s) 01 day(s),,,,,,,,,,,,,,,,,,,False,1209831993915464,False
736,1211894961126345,L1,Available,Foster Foster Home,,L1,,-,N,A0058455126,,,63,,02 year(s) 06 month(s) 03 day(s),,,,,,,,,,,,,,,,,,,False,1210203703924759,False
737,1211895050191956,L3,Available,Foster Foster Home,,L3-BH/DR,,-,S,A0058308340,,,41,,01 year(s) 06 month(s) 25 day(s),,,,,,,,,,,,,,,,,,,False,1209998037092053,False
738,1211895052413023,L1,Available,Foster Foster Home,,L1   A861769,,-,N,A0053600299,,,48,,07 year(s) 04 month(s) 27 day(s),,,,,,,,,,,,,,,,,,,False,1209821553546931,False
739,1211895049596922,L1,Available,Foster Foster Home,,L1,,-,S,A0058766779,,,31,,01 year(s) 01 month(s) 17 day(s),,,,,,,,,,,,,,,,,,,False,1210623089863907,False
740,1211894959958691,L2,Available,Foster Foster Home,,L2-SF,,+,M,A0058820168,,,47,,01 year(s) 01 month(s) 25 day(s),,,,,,,,,,,,,,,,,,,False,1210692598709401,False
741,1211894916846952,L1,Available,Foster Foster Home,,L1,,-,N,A0058364488,,,68,,03 year(s) 06 month(s) 17 day(s),,,,,,,,,,,,,,,,,,,False,1210077651451709,False
742,1211894962979875,L2,Available,Foster Foster Home,,L2-JM,,-,S,A0058673772,,,50,,00 year(s) 11 month(s) 01 day(s),,,,,,,,,,,,,,,,,,,False,1210506754649983,False
743,1211572593696467,L1,Available,Foster Foster Home,,L1,,-,M,A0058706791,,,58,,02 year(s) 03 month(s) 23 day(s),,,,,,,,,,,,,,,,,,,False,1210549128984149,False
744,1211894962111172,L1,Available,Foster Foster Home,,L1-MG,,-,S,A0058340859,,,55,,03 year(s) 06 month(s) 20 day(s),,,,,,,,,,,,,,,,,,,False,1210032486063365,False
745,1211572779661783,L2,Available,Foster Foster Home,,L2-SF,,-,F,A0058679072,,,47,,02 year(s) 03 month(s) 26 day(s),,,,,,,,,,,,,,,,,,,False,1210517763522912,False
746,1211894823967906,L2,Available,Foster Foster Home,,L2 - OA,,-,N,A0058858235,,,46,,04 year(s) 04 month(s) 02 day(s),,,,,,,,,,,,,,,,,,,False,1210737060620246,False
747,1211894918631089,L1,Available,Foster Foster Home,,L1,,-,N,A0058385779,,,35,,01 year(s) 06 month(s) 13 day(s),,,,,,,,,,,,,,,,,,,False,1210105948332293,False
748,1211894917950729,L2,Available,Foster Foster Home,,L2 - SF,,-,N,A0058855489,,,67,,03 year(s) 04 month(s) 02 day(s),,,Walks politely on leash,,,,,,,,,,,,,,,,False,1210736934206601,False
749,1211894917075824,L1,Available,Foster Foster Home,,L1,,+,S,A0058943403,,,46,,02 year(s) 02 month(s) 19 day(s),,,,,,,,,,,,,,,,,,,False,1210838981265427,False
750,1211894914332849,L1,Available,Foster Foster Home,,L1,,-,S,A0053623474,,,57,,07 year(s) 01 month(s) 22 day(s),,,,,,,,,,,,,,,,,,,False,1201131237319019,False
751,1211894963032237,L2,Available,Foster Foster Home,,L2 - SF,,-,S,A0058795391,,,33,,01 year(s) 04 month(s) 13 day(s),,,,,,,,,,,,,,,,,,,False,1210665023248395,False
752,1211894959878389,L1,Available,Foster Foster Home,,L1,,-,N,A0058870423,,,50,,06 year(s) 04 month(s) 01 day(s),,,,,,,,,,,,,,,,,,,False,1210758735175843,False
753,1211895052994722,L1,Available,Foster Foster Home,,L1,,-,N,A0057311730,,,52,,02 year(s) 11 month(s) 17 day(s),,,,,,,,,,,,,,,,,,,False,1208813872339126,False
754,1211895052876220,L1,Available,Foster Foster Home,,L1,,-,S,A0058491085,,,50,,06 year(s) 05 month(s) 28 day(s),,,,,,,,,,,,,,,,,,,False,1210246758094452,False
755,1211894916563341,L1,Available,Foster Foster Home,,L1 - EA,,-,N,A0058607804,,,43,,01 year(s) 11 month(s) 09 day(s),,,Pulls some but manageable,,,,,,"Play first, then snuggle time",4-High energy,,,,,,,"He knows basic commands like “sit,” and greeting other dogs is always his first priority. He might need some time to learn how to walk properly on a leash.",,False,1210428761501920,False
756,1211572899496212,L2,Available,Foster Foster Home,,L2 - BR/OA,,-,F,A0058850516,,,54,,02 year(s) 03 month(s) 01 day(s),,,,,,,,,,,,,,,,,,,False,1210721775186498,False
757,1211895051582343,L2,Available,Foster Foster Home,,L2-SF,,-,S,A0058648841,,,39,,02 year(s) 05 month(s) 04 day(s),,,,,,,,,,,,,,,,,,,False,1210481323115617,False
758,1211894961928191,L2,Available,Foster Foster Home,,L2 - SF/BR,,+,S,A0058635759,,,57,,04 year(s) 05 month(s) 06 day(s),,,,,,,,,,,,,,,,,,,False,1210469819664062,False
759,1211894962421532,L2,Trial Adoption,Foster Foster Home,,L2-SF,,-,S,A0058492824,,,48,,01 year(s) 11 month(s) 28 day(s),,,,,,,,,,,,,,,,,,,False,1210246754215120,False
760,1211894917139832,L3,Available,Foster Foster Home,,L3-SF,,-,S,A0058870368,,,52,,00 year(s) 11 month(s) 01 day(s),,,,,,,,,,,,,,,,,,,False,1210758736218202,False
761,1211895050710080,L1,Available,Foster Foster Home,,L1,,-,S,A0058728393,,,53,,02 year(s) 04 month(s) 23 day(s),,,,,,,,,,,,,,,,,,,False,1210577821236885,False
762,1211895052881909,L1,Available,Foster Foster Home,,L1,,+,S,A0058069967,,,50,,03 year(s) 07 month(s) 16 day(s),,,,,,,,,,,,,,,,,,,False,1209779444152475,False
763,1211895048937416,L1,Available,Foster Foster Home,,L1,,-,S,A0053623485,,,46,,04 year(s) 05 month(s) 16 day(s),,,,,,,,,,,,,,,,,,,False,1209903613247570,False
764,1211894915309124,L1,Available,Foster Foster Home,,L1,,+,N,A0058734729,,,65,,01 year(s) 04 month(s) 22 day(s),,,,,,,,,,,,,,,,,,,False,1210588578687073,False
765,1211894917866619,L1,Available,Foster Foster Home,,L1,,-,N,A0053911720,,,53,,08 year(s) 07 month(s) 23 day(s),,,,,,,,,,,,,,,,,,,False,1205235994637522,False
766,1211895053037764,L1,Available,Foster Foster Home,,L1,,-,S,A0058920051,,,71,,05 year(s) 03 month(s) 24 day(s),,,,,,,,,,,,,,,,,,,False,1210818230822750,False
767,1211895053316643,STAFF ONLY,Available,Foster Foster Home,,STAFF ONLY,,-,N,A0057301164,,,36,,01 year(s) 10 month(s) 21 day(s),,,,,,,,,,,,,,,,,,,False,1208813851681656,False
768,1211894963195314,L2,Available,Foster Foster Home,,L2-SF,,+,N,A0058943849,,,50,,04 year(s) 03 month(s) 21 day(s),,,,,,,,,,,,,,,,,,,False,1210838770636512,False
769,1211895053340474,L1,Available,Foster Foster Home,,L1,,+,S,A0058822047,,,63,,06 year(s) 04 month(s) 08 day(s),,,,,,,,,,,,,,,,,,,False,1210692600449623,False
770,1211895052445007,L1,Available,Foster Foster Home,,L1- A880593,,-,N,A0053618691,,,74,,07 year(s) 07 month(s) 14 day(s),,,,,,,,,,,,,,,,,,,False,1207629026700766,False
771,1211894917561455,L1,Available,Foster Foster Home,,L1,,-,S,A0058831101,,,60,,05 year(s) 04 month(s) 07 day(s),,,,,,,,,,,,,,,,,,,False,1210702992558586,False
772,1211895051898921,L1,Available,Foster Foster Home,,L1,,-,S,A0058831101,,,60,,05 year(s) 04 month(s) 07 day(s),,,,,,,,,,,,,,,,,,,False,1210702992558586,False
773,1211895052532477,L3,Available,Foster Foster Home,,L3-SF,,-,S,A0058870352,,,51,,00 year(s) 11 month(s) 01 day(s),,,,,,,,,,,,,,,,,,,False,1210758436789330,False
774,1211895051376343,L1,Trial Adoption,Foster Trial Adoption,,L1,,-,S,A0058879483,,,43,,03 year(s) 03 month(s) 30 day(s),,,,,,,,,,,,,,,,,,,False,1210769774447624,False
775,1211894960609692,L1,Available,Foster Foster Home,,L1,,-,N,A0059006751,,,41,,02 year(s) 03 month(s) 11 day(s),,,,,,,,,,,,,,,,,,,False,1210923618833270,False
776,1211895053121862,L1,Available,Foster Foster Home,,L1,,-,S,A0058638071,,,74,,08 year(s) 05 month(s) 05 day(s),,,,,,,,,,,,,,,,,,,False,1210469685569097,False
777,1211895052445016,L1,Available,Foster Foster Home,,L1      A863043,,+,N,A0053601345,,,57,,08 year(s) 11 month(s) 26 day(s),,,,,,,,,,,,,,,,,,,False,1210853561563159,False
778,1211894960916253,L1,Available,Foster Foster Home,,L1 A486212,,-,N,A0053300757,,,63,,09 year(s) 08 month(s) 18 day(s),,,,,,,,,,,,,,,,,,,False,1206952553822131,False
779,1211894919240354,L2,Available,Foster Foster Home,,L2-SF,,-,N,A0058735374,,,57,,04 year(s) 04 month(s) 22 day(s),,,,,,,,,,,,,,,,,,,False,1210588782194794,False
780,1211894962111183,L2,Available,Foster Foster Home,,L2-RG,,+,N,A0058763780,,,60,,03 year(s) 04 month(s) 17 day(s),,,,,,,,,,,,,,,,,,,False,1210634721466533,False
781,1211894916139428,L1,Available,Foster Foster Home,,L1,,-,S,A0053626727,,,51,,06 year(s) 07 month(s) 17 day(s),,,,,,,,,,,,,,,,,,,False,1210623094773974,False
782,1211894918976701,L2,Available,Foster Foster Home,,L2-SF,,-,S,A0058809387,,,61,,05 year(s) 04 month(s) 11 day(s),,,,,,,,,,,,,,,,,,,False,1210670479452154,False
783,1211894914603112,L1,Available,Foster Foster Home,,L1,,-,S,A0058652764,,,48,,02 year(s) 05 month(s) 04 day(s),,,,,,,,,,,,,,,,,,,False,1210490057026751,False
784,1211895053610973,L1,Available,Foster Foster Home,,L1,,+,N,A0058579871,,,55,,05 year(s) 05 month(s) 13 day(s),,,,,,,,,,,,,,,,,,,False,1210408062367731,False
785,1211894962764654,L1,Available,Foster Foster Home,,L1,,-,S,A0058659823,,,57,,02 year(s) 05 month(s) 03 day(s),,,,,,,,,,,,,,,,,,,False,1210490056545466,False
786,1211894962533829,L1,Available,Foster Foster Home,,L1,,-,S,A0058659823,,,57,,02 year(s) 05 month(s) 03 day(s),,,,,,,,,,,,,,,,,,,False,1210490056545466,False
787,1211894962880619,L1,Available,Foster Foster Home,,L1,,+,S,A0058762135,,,40,,04 year(s) 04 month(s) 18 day(s),,,,,,,,,,,,,,,,,,,False,1210623094774344,False
788,1211894917766405,L1,Available,Foster Foster Home,,L1,,-,N,A0058923804,,,76,,05 year(s) 03 month(s) 22 day(s),,,,,,,,,,,,,,,,,,,False,1210836875117691,False
789,1211895052852903,L1,Available,Foster Foster Home,,L1,,+,S,A0059044513,,,54,,04 year(s) 03 month(s) 05 day(s),,,,,,,,,,,,,,,,,,,False,1210993989711391,False
790,1211572595971329,L1,Trial Adoption,Foster Trial Adoption,,L1,,-,N,A0059045109,,,25,,00 year(s) 09 month(s) 02 day(s),,,,,,,,,,,,,,,,,,,False,1210994054325794,False
791,1211895052953339,L1,Court,Foster Foster Home,,L1,,-,F,A0057949256,,,9,,01 year(s) 04 month(s) 06 day(s),,,,,,,,,,,,,,,,,,,False,1209565225603524,False
792,1211894962681691,L2,Court,Foster Foster Home,,L2-SF,,-,F,A0057949234,,,11,,03 year(s) 08 month(s) 06 day(s),,,,,,,,,,,,,,,,,,,False,1209565129980117,False
793,1211894962795407,L3,Available,Foster Foster Home,,L3- SF/ BR,,-,M,A0059030332,,,66,,None,,,,,,,,,,,,,,,,,,,False,1210954501859413,False
794,1211895053392883,L2,Available,Foster Foster Home,,L2- H/JM,,-,N,A0058820818,,,56,,02 year(s) 04 month(s) 08 day(s),,,,,,,,,,,,,,,,,,,False,1210692718226274,False
795,1211894963359433,L2,Available,Foster Foster Home,,L2- H/JM,,-,N,A0058820818,,,56,,02 year(s) 04 month(s) 08 day(s),,,,,,,,,,,,,,,,,,,False,1210692718226274,False
796,1211894915817486,L1,Available,Foster Foster Home,,L1,,+,S,A0059098998,,,45,,01 year(s) 00 month(s) 28 day(s),,,,,,,,,,,,,,,,,,,False,1211051746132643,False
797,1211894917757163,L1,Available,Foster Foster Home,,L1,,-,M,A0058782548,,,39,,02 year(s) 04 month(s) 15 day(s),,,,,,,,,,,,,,,,,,,False,1210655435934170,False
798,1211895053043640,L1,Available,Foster Foster Home,,L1,,-,N,A0058532519,,,56,,02 year(s) 05 month(s) 16 day(s),,,,,,,,,,,,,,,,,,,False,1210373389496517,False
799,1211894917180006,L2,Available,Foster Foster Home,,L2-SD,,+,S,A0058613596,,,46,,04 year(s) 02 month(s) 18 day(s),,,,,,,,,,,,,,,,,,,False,1210431234574907,False
800,1211894963512476,L2,Available,Foster Foster Home,,L2 - BR/LB,,-,N,A0058996759,,,44,,03 year(s) 03 month(s) 12 day(s),,,,,,,,,,,,,,,,,,,False,1210912476919398,False
801,1211894962421542,L1,Available,Foster Foster Home,,L1,,-,S,A0058853857,,,28,,01 year(s) 00 month(s) 03 day(s),,,,,,,,,,,,,,,,,,,False,1210737059476311,False
802,1211895051913660,L1,Available,Foster Foster Home,,L1,,+,N,A0058972613,,,55,,05 year(s) 03 month(s) 16 day(s),,,,,,,,,,,,,,,,,,,False,1210885552774924,False
803,1211895051643760,L1,Available,Foster Foster Home,,L1,,-,F,A0059072898,,,32,,01 year(s) 03 month(s) 01 day(s),,,,,,,,,,,,,,,,,,,False,1211012548213287,False
804,1211894917259845,L2,Available,Foster Foster Home,,L2-SF,,-,S,A0058428732,,,74,,01 year(s) 01 month(s) 07 day(s),,,,,,,,,,,,,,,,,,,False,1210154225167789,False
805,1211572779296242,L1,Available,Foster Foster Home,,L1,,-,N,A0058847356,,,55,,02 year(s) 03 month(s) 01 day(s),,,,,,,,,,,,,,,,,,,False,1210721860202189,False
806,1211894962966053,L1,Available,Foster Foster Home,,L1,,+,N,A0058778619,,,57,,05 year(s) 04 month(s) 16 day(s),,,,,,,,,,,,,,,,,,,False,1210645214389008,False
807,1211894962763247,L1,Available,Foster Foster Home,,L1,,-,N,A0059114457,,,35,,01 year(s) 08 month(s) 25 day(s),,,,,,,,,,,,,,,,,,,False,1211061578508269,False
808,1211894963106794,L1,Available,Foster Foster Home,,L1,,-,S,A0057353143,,,49,,01 year(s) 06 month(s) 14 day(s),,,,,,,,,,,,,,,,,,,False,1208863109222974,False
809,1211894962655733,L2,Available,Foster Foster Home,,L2-H/BR,,-,S,A0056628457,,,60,,03 year(s) 02 month(s) 16 day(s),,,,,,,,,,,,,,,,,,,False,1208138909537611,False
810,1211894961954487,L2,Available,Foster Foster Home,,L2-OA,,-,M,A0059101670,,,65,,05 year(s) 02 month(s) 26 day(s),,,,,,,,,,,,,,,,,,,False,1211051636275587,False
811,1211894919772573,L3,Available,Foster Foster Home,,L3-SD/RG/OD,,-,S,A0056388664,,,42,,03 year(s) 09 month(s) 21 day(s),,,,,,,,,,,,,,,,,,,False,1207863634112044,False
812,1211894963195324,L2,Available,Foster Foster Home,,L2-SF,,-,N,A0058936565,,,53,,03 year(s) 03 month(s) 22 day(s),,,,,,,,,,,,,,,,,,,False,1210836873870210,False
813,1211894964251258,L2,Available,Foster Foster Home,,L2 - OA,,-,N,A0058937435,,,65,,04 year(s) 03 month(s) 20 day(s),,,,,,,,,,,,,,,,,,,False,1210842304467953,False
814,1211894917204018,L1,Available,Foster Foster Home,,L1,,+,N,A0058841665,,,68,,02 year(s) 04 month(s) 06 day(s),,,,,,,,,,,,,,,,,,,False,1210713627390287,False
815,1211895050275311,L1,Available,Foster Foster Home,,L1,,-,S,A0058948812,,,42,,03 year(s) 03 month(s) 19 day(s),,,,,,,,,,,,,,,,,,,False,1210853212800183,False
816,1211529177838122,L2,Trial Adoption,Foster Trial Adoption,,L2 - LB,,-,S,A0058446236,,,38,,01 year(s) 04 month(s) 24 day(s),,,,,,,,,,,,,,,,,,,False,1210181928103588,False
817,1211894919313226,L2,Available,Foster Foster Home,,L2-OA,,-,S,A0059106400,,,28,,00 year(s) 09 month(s) 26 day(s),,,,,,,,,,,,,,,,,,,False,1211070094666213,False
818,1211894964063945,L2,Available,Foster Foster Home,,L2-OD/H,,-,N,A0059089132,,,47,,04 year(s) 02 month(s) 27 day(s),,,,,,,,,,,,,,,,,,,False,1211030182374402,False
819,1211894919138969,L3,Trial Adoption,Foster Trial Adoption,,L3-SF,,-,N,A0059061882,,,49,,02 year(s) 02 month(s) 26 day(s),,,,,,,,,,,,,,,,,,,False,1211012672434772,False
820,1211894964371335,L1,Available,Foster Foster Home,,L1 - EA,,-,S,A0058900098,,,50,,02 year(s) 03 month(s) 28 day(s),,,,,,,,,,,,,,,,,,,False,1210784192612663,False
821,1211894963138779,L3,Available,Foster Foster Home,,L3-SF/SA,,-,N,A0059113748,,,53,,03 year(s) 02 month(s) 07 day(s),,,,,,,,,,,,,,,,,,,False,1211061538249326,False
822,1211895052828642,L2,Available,Foster Foster Home,,L2-OA,,-,S,A0058896193,,,44,,02 year(s) 03 month(s) 28 day(s),,,,,,,,,,,,,,,,,,,False,1210780959794613,False
823,1211894823967917,L1,Available,Foster Foster Home,,L1,,-,S,A0059005850,,,56,,04 year(s) 03 month(s) 11 day(s),,,,,,,,,,,,,,,,,,,False,1210923618648647,False
824,1211894918654682,L1,Available,Foster Foster Home,,L1,,-,S,A0058629547,,,39,,03 year(s) 05 month(s) 06 day(s),,,,,,,,,,,,,,,,,,,False,1210458689130875,False
825,1211894917259854,L2,Available,Foster Foster Home,,A892389 L2-LB,,-,N,A0053630131,,,63,,03 year(s) 04 month(s) 30 day(s),,,,,,,,,,,,,,,,,,,False,1211119510580588,False
826,1211894962979889,L3,Available,Foster Foster Home,,L3-OA,,-,S,A0058619294,,,36,,01 year(s) 01 month(s) 07 day(s),,,,,,,,,,,,,,,,,,,False,1210458688568503,False
827,1211894963385518,L1,Available,Foster Foster Home,,L1,,-,N,A0059125495,,,57,,01 year(s) 02 month(s) 24 day(s),,,,,,,,,,,,,,,,,,,False,1211075138829422,False
828,1211894919312615,L1,Available,Foster Foster Home,,L1,,-,S,A0059123893,,,28,,03 year(s) 02 month(s) 24 day(s),,,,,,,,,,,,,,,,,,,False,1211072249376986,False
829,1211895054385447,L2,Available,Foster Foster Home,,L2-BR,,-,N,A0056025635,,,81,,05 year(s) 05 month(s) 10 day(s),,,,,,,,,,,,,,,,,,,False,1207450858820421,False
830,1211894964063955,L1,Available,Foster Foster Home,,L1,,+,N,A0058978189,,,33,,03 year(s) 03 month(s) 16 day(s),,,,,,,,,,,,,,,,,,,False,1210894341513228,False
831,1211894918067136,L1,Available,Foster Foster Home,,L1,,+,N,A0058978189,,,33,,03 year(s) 03 month(s) 16 day(s),,,,,,,,,,,,,,,,,,,False,1210894341513228,False
832,1211895050172778,L1,Trial Adoption,Foster Trial Adoption,,L1,,-,S,A0059101770,,,33,,00 year(s) 08 month(s) 26 day(s),,,,,,,,,,,,,,,,,,,False,1211051785165069,False
833,1211894964587022,L1,Available,Foster Foster Home,,L1,,+,S,A0058882547,,,64,,06 year(s) 03 month(s) 29 day(s),,,,,,,,,,,,,,,,,,,False,1210769910371812,False
834,1211894917180015,L1,Available,Foster Foster Home,,L1,,-,N,A0059223256,,,49,,02 year(s) 02 month(s) 18 day(s),,,,,,,,,,,,,,,,,,,False,1211128280759488,False
835,1211895052828651,L3,Available,Foster Foster Home,,L3-SF,,+,S,A0059223851,,,40,,02 year(s) 02 month(s) 18 day(s),,,,,,,,,,,,,,,,,,,False,1211128175357570,False
836,1211894915141417,L1,Available,Foster Foster Home,,L1,,+,S,A0059069137,,,49,,12 year(s) 03 month(s) 02 day(s),,,,,,,,,,,,,,,,,I just took her out to pee and poop in the yard. ,,False,1211004244660580,False
837,1211894918665578,L2,Available,Foster Foster Home,,L2-RG,,-,S,A0058978092,,,48,,03 year(s) 03 month(s) 16 day(s),,,,,,,,,,,,,,,,,,,False,1210885546677145,False
838,1211894963802212,L2,Available,Foster Foster Home,,L2 - A,,-,N,A0059100213,,,59,,10 year(s) 02 month(s) 27 day(s),,,,,,,,,,,,,,,,,,,False,1211051748161361,False
839,1211895053950089,L1,Available,Foster Foster Home,,L1,,+,N,A0059068907,,,67,,10 year(s) 03 month(s) 02 day(s),,,,,,,,,,,,,,,,,,,False,1211012548213275,False
840,1211894917842385,L1,Available,Foster Foster Home,,L1- OD,,-,S,A0058231619,,,56,,08 year(s) 07 month(s) 07 day(s),,,,,,,,,,,,,,,,,,,False,1209903687936626,False
841,1211894961216709,L2,Available,Foster Foster Home,,L2-H/OA/OD,,+,S,A0058875618,,,54,,04 year(s) 03 month(s) 30 day(s),,,,,,,,,,,,,,,,,,,False,1210778572261171,False
842,1211895051667794,L1,Available,Foster Foster Home,,L1,,-,N,A0057801258,,,44,,00 year(s) 10 month(s) 29 day(s),,,,,,,,,,,,,,,,,,,False,1209337724495151,False
843,1211894919878626,L1,Trial Adoption,Foster Trial Adoption,,L1,,-,S,A0059250440,,,41,,02 year(s) 01 month(s) 25 day(s),,,,,,,,,,,,,,,,,,,False,1211168044822566,False
844,1211894961950627,L1,Available,Foster Foster Home,,L1,,+,N,A0058867555,,,90,,04 year(s) 04 month(s) 01 day(s),,,,,,,,,,,,,,,,,,,False,1210748242984157,False
845,1211895054364459,L2,Available,Foster Foster Home,,L2-BR,,-,F,A0059193088,,,42,,05 year(s) 02 month(s) 22 day(s),,,,,,,,,,,,,,,,,,,False,1211087560321440,False
846,1211894962655742,L1,Available,Foster Foster Home,,L1,,-,F,A0059114517,,,55,,01 year(s) 02 month(s) 25 day(s),,,,,,,,,,,,,,,,,,,False,1211061538258136,False
847,1211894918724691,L2,Available,Foster Foster Home,,L2-OA,,+,M,A0059209562,,,54,,02 year(s) 02 month(s) 19 day(s),,,,,,,,,,,,,,,,,,,False,1211128280623168,False
848,1211895054587527,L3,Available,Foster Foster Home,,L3- SF,,-,N,A0059281698,,,56,,03 year(s) 02 month(s) 07 day(s),,,,,,,,,,,,,,,,,,,False,1211240929422588,False
849,1211895054111282,L1,Available,Foster Foster Home,,L1,,-,S,A0059265573,,,44,,05 year(s) 02 month(s) 12 day(s),,,,,,,,,,,,,,,,,,,False,1211188137883354,False
850,1211894919406585,L2,Available,Foster Foster Home,,L2-SF,,+,S,A0059275084,,,57,,03 year(s) 02 month(s) 09 day(s),,,,,,,,,,,,,,,,,,,False,1211193488390569,False
851,1211895051393744,L1,Available,Foster Foster Home,,L1,,-,S,A0059270667,,,52,,00 year(s) 09 month(s) 10 day(s),,,,,,,,,,,,,,,,,,,False,1211190543130929,False
852,1211894917204031,L1,Available,Foster Foster Home,,L1,,-,S,A0059305155,,,27,,07 year(s) 02 month(s) 04 day(s),,,,,,,,,,,,,,,,,,,False,1211275491903101,False
853,1211894961663485,L1,Court,Foster Foster Home,,L1- OD,,-,F,A0057949322,,,9,,01 year(s) 08 month(s) 06 day(s),,,Walks politely on leash,,,,,,I'm affectionate with friends,,,,,,,,,,False,1209565222401113,False
854,1211895053920600,L1,Available,Foster Foster Home,,L1,,-,N,A0058978213,,,53,,02 year(s) 03 month(s) 16 day(s),,,,,,,,,,,,,,,,,,,False,1210894316328107,False
855,1211894963272183,STAFF ONLY,Available,Foster Foster Home,,STAFF ONLY,,-,S,A0057455043,,,52,,02 year(s) 10 month(s) 26 day(s),,,,,,,,,,,,,,,,,,,False,1208980587482092,False
856,1211894919116912,L1,Available,Foster Foster Home,,L1,,-,S,A0059300947,,,38,,00 year(s) 09 month(s) 05 day(s),,,,,,,,,,,,,,,,,,,False,1211255008420001,False
857,1211894963138791,L2,Available,Foster Foster Home,,L2 - OA/LB,,-,S,A0058941410,,,38,,01 year(s) 01 month(s) 21 day(s),,,,,,,,,,,,,,,,,,,False,1210842373547441,False
858,1211894962888609,L2,Available,Foster Foster Home,,L2-SF,,-,S,A0059259739,,,48,,04 year(s) 02 month(s) 05 day(s),,,,,,,,,,,,,,,,,,,False,1211255312161828,False
859,1211894918500613,L2,Available,Foster Foster Home,,L2-BR,,-,N,A0058988613,,,52,,03 year(s) 03 month(s) 14 day(s),,,,,,,,,,,,,,,,,,,False,1210897288631773,False
860,1211894919433390,L1,Available,Foster Foster Home,,L1,,-,N,A0059106761,,,57,,01 year(s) 02 month(s) 26 day(s),,,,,,,,,,,,,,,,,,,False,1211070039766495,False
861,1211894917757178,L2,Available,Foster Foster Home,,L2-EA,,+,N,A0058900557,,,36,,03 year(s) 03 month(s) 27 day(s),,,,,,,,,,,,,,,,,,,False,1210796437217686,False
862,1211895052532507,L2,Trial Adoption,Foster Trial Adoption,,L2-BR,,-,N,A0059226845,,,55,,03 year(s) 02 month(s) 17 day(s),,,,,,,,,,,,,,,,,,,False,1211131133351129,False
863,1211895047566243,L2,Available,Foster Foster Home,,L2-BR,,-,N,A0058991756,,,58,,03 year(s) 03 month(s) 11 day(s),,,,,,,,,,,,,,,,,,,False,1210934277628637,False
864,1211894917866634,L1,Available,Foster Foster Home,,L1,,-,S,A0059187897,,,36,,01 year(s) 08 month(s) 23 day(s),,,,,,,,,,,,,,,,,,,False,1211098024016204,False
865,1211894919517578,L2,Available,Foster Foster Home,,L2-A,,-,N,A0058901520,,,69,,05 year(s) 03 month(s) 27 day(s),,,,,,,,,,,,,,,,,,,False,1210796437217764,False
866,1211894920252262,L1,Priority,Foster Foster Home,,L1-A896995,,-,S,A0053633954,,,41,,03 year(s) 08 month(s) 01 day(s),,,,,,,,,,,,,,,,,,,False,1204148658746210,False
867,1211894919614394,L1,Available,Foster Foster Home,,L1,,-,S,A0059269457,,,37,,05 year(s) 02 month(s) 06 day(s),,,,,,,,,,,,,,,,,,,False,1211255008929829,False
868,1211894960481017,L1,Available,Foster Foster Home,,L1,,-,N,A0059102424,,,60,,03 year(s) 02 month(s) 17 day(s),,,,,,,,,,,,,,,,,,,False,1211051785262803,False
869,1211529177005539,L1,Adopted,Foster Trial Adoption,,L1,,-,S,A0059224364,,,32,,01 year(s) 07 month(s) 09 day(s),,,,,,,,,,,,,,,,,,,False,1211131133643484,False
870,1211894963165958,L2,Available,Foster Foster Home,,L2-SF,,+,N,A0058576129,,,58,,03 year(s) 05 month(s) 14 day(s),,,,,,,,,,,,,,,,,,,False,1210408060904498,False
871,1211572903918590,L2,Trial Adoption,Foster Trial Adoption,,L2- BR/OA,,-,M,A0059028091,,,67,,02 year(s) 02 month(s) 06 day(s),,,,,,,,,,,,,,,,,,,False,1210954253257382,False
872,1211894965201580,L1,Urgent,Foster Foster Home,,L1,,+,N,A0058932264,,,57,,03 year(s) 03 month(s) 23 day(s),,,,,,,,,,,,,,,,,,,False,1210836874867915,False
873,1211894962681703,L2,Available,Foster Foster Home,,L2-BR,,-,S,A0059096476,,,43,,04 year(s) 02 month(s) 28 day(s),,,,,,,,,,,,,,,,,,,False,1211041339941564,False
874,1211895054182524,L2,Available,Foster Foster Home,,L2-SF/BH/H,,-,S,A0059265558,,,56,,06 year(s) 02 month(s) 12 day(s),,,,,,,,,,,,,,,,,,,False,1211188137854402,False
875,1211895055166477,L2,Urgent,Foster Foster Home,,L2- RG,,-,M,A0058978654,,,56,,03 year(s) 03 month(s) 15 day(s),,,,,,,,,,,,,,,,,,,False,1210894316372729,False
876,1211895051533360,L2,Available,Foster Foster Home,,L2-A,,-,M,A0059293093,,,69,,03 year(s) 02 month(s) 06 day(s),,,,,,,,,,,,,,,,,,,False,1211240930007528,False
877,1211895054542700,L2,Trial Adoption,Foster Trial Adoption,,L2-A,,+,N,A0059395692,,,56,,08 year(s) 01 month(s) 21 day(s),,,,,,,,,,,,,,,,,,,False,1211415404904587,False
878,1211894965167742,L2,Adopted,Foster Trial Adoption,,L2-A/EA,,-,S,A0059101291,,,34,,05 year(s) 02 month(s) 27 day(s),,,,,,,,,,,,,,,,,,,False,1211051748673118,False
879,1211894918411138,L2,Trial Adoption,Foster Trial Adoption,,L2-SF,,+,N,A0057776766,,,61,,02 year(s) 09 month(s) 08 day(s),,,,,,,,,,,,,,,,,,,False,1209301345925690,False
880,1211894963109796,L3,Available,Foster Foster Home,,L3-SF,,+,F,A0059420470,,,31,,12 year(s) 01 month(s) 15 day(s),,,,,,,,,,,,,,,,,,,False,1211484259459934,False
881,1211894920918263,L1,Available,Foster Foster Home,,L1,,-,S,A0053630143,,,37,,06 year(s) 02 month(s) 30 day(s),,,,,,,,,,,,,,,,,,,False,1211061578141923,False
882,1211894962443159,L1,Priority,Foster Foster Home,,L1,,+,S,A0058031872,,,48,,03 year(s) 07 month(s) 23 day(s),,,,,,,,,,,,,,,,,,,False,1209708765705975,False
883,1211894918902391,L1,Available,Foster Foster Home,,L1,,-,S,A0057327449,,,71,,06 year(s) 09 month(s) 08 day(s),,,,,,,,,,,,,,,,,,,False,1208829981209967,False
884,1211529033718291,L2,Trial Adoption,Foster Trial Adoption,,L2 - SF,,-,S,A0059076505,,,48,,01 year(s) 07 month(s) 23 day(s),,,,,,,,,,,,,,,,,,,False,1211014670929617,False
885,1211529169547470,L1,Adopted,Foster Trial Adoption,,L1,,-,F,A0059191607,,,37,,00 year(s) 10 month(s) 13 day(s),,,Pulls some but manageable,,,,,,"Play first, then snuggle time",3-Regular walking/running partner,,,"Loves fetch, Loves toys, Knows basic commands",,,,Tiffany is a fun loving puppy. She loves to chase balls and play with toys. She has high energy at first but once she has run around a little bit she is happy to lay down near you and chew on a toy. She was great with both me and my 13 year old daughter. She also would sit for a treat and enjoys belly rubs !,,False,1211087559749667,False
886,1211529275177962,L2,Trial Adoption,Foster Trial Adoption,,L2-SF,,-,F,A0059057788,,,37,,01 year(s) 01 month(s) 25 day(s),,,,,,,,,,,,,,,,,,,False,1211003986184777,False
887,1211895052852927,L1,Available,Foster Foster Home,,L1,,-,S,A0058682196,,,50,,01 year(s) 10 month(s) 29 day(s),,,,,,,,,,,,,,,,,,,False,1210517847884887,False
888,1211894963334308,L2,Available,Foster Foster Home,,L2-SF,,-,S,A0059255827,,,64,,06 year(s) 02 month(s) 12 day(s),,,,,,,,,,,,,,,,,,,False,1211187995276002,False
889,1211894964855428,L2,Available,Foster Foster Home,,L2-OA/LB,,-,N,A0057442724,,,73,,04 year(s) 10 month(s) 28 day(s),,,,,,,,,,,,,,,,,,,False,1208972043472178,False
890,1211894919409567,L1,Available,Foster Foster Home,,L1,,-,F,A0059280210,,,49,,01 year(s) 00 month(s) 07 day(s),,,,,,,,,,,,,,,,,,,False,1211216670687311,False
891,1211894962533842,L1,Available,Foster Foster Home,,L1,,-,S,A0059090299,,,26,,00 year(s) 10 month(s) 29 day(s),,,,,,,,,,,,,,,,,,,False,1211030048871094,False
892,1211894921072016,L1,Urgent,Foster Foster Home,,L1,,+,S,A0058964897,,,53,,05 year(s) 03 month(s) 17 day(s),,,,,,,,,,,,,,,,,,,False,1210875676962837,False
893,1211894964892584,L1,Available,Foster Foster Home,,L1,,-,N,A0058952168,,,65,,03 year(s) 03 month(s) 20 day(s),,,,,,,,,,,,,,,,,,,False,1210863967173904,False
894,1211894919743000,L2,Available,Foster Foster Home,,L2- BR,,-,N,A0059187326,,,34,,01 year(s) 00 month(s) 22 day(s),,,,,,,,,,,,,,,,,,,False,1211098024873374,False
895,1211894964207953,L1,Available,Foster Foster Home,,L1,,-,S,A0059201841,,,40,,00 year(s) 11 month(s) 21 day(s),,,Walks politely on leash,,,,,,Super cuddler,2-Medium energy,,,,,,,"Pepper is very sweet, calm and gentle. Also very loving. She leaned against me as if to give me a hug.  She was great with both me and my 13 year old daughter .  And she was very polite on the leash.  A total sweetheart ",,False,1211109320015100,False
896,1211894921155697,L2,Available,Foster Foster Home,,L2-A,,-,N,A0059275098,,,53,,08 year(s) 02 month(s) 09 day(s),,,,,,,,,,,,,,,,,,,False,1211193488676859,False
897,1211894919031910,L1,Available,Foster Foster Home,,L1,,-,N,A0059246410,,,57,,01 year(s) 00 month(s) 14 day(s),,,,,,,,,,,,,,,,,,,False,1211168044424016,False
898,1211895050668814,L3,Trial Adoption,Foster Trial Adoption,,L3-SF,,-,S,A0059372411,,,41,,03 year(s) 01 month(s) 25 day(s),,,,,,,,,,,,,,,,,,,False,1211391457642682,False
899,1211894917490035,L1,Available,Foster Foster Home,,L1,,-,S,A0058970953,,,54,,04 year(s) 03 month(s) 16 day(s),,,,,,,,,,,,,,,,,,,False,1210885654270641,False
900,1211894965470706,L1,Available,Foster Foster Home,,L1,,-,M,A0059240909,,,42,,02 year(s) 02 month(s) 14 day(s),,,,,,,,,,,,,,,,,,,False,1211168110600352,False
901,1211572787293939,L2,Adopted,Foster Trial Adoption,,L2-JM,,-,N,A0058535722,,,50,,02 year(s) 04 month(s) 17 day(s),,,,,,,,,,,,,,,,,,,False,1210337932974974,False
902,1211894965379494,L2,Urgent,Foster Foster Home,,L2 LB,,-,M,A0059023440,,,40,,01 year(s) 03 month(s) 09 day(s),,,,,,,,,,,,,,,,,,,False,1210954252815061,False
903,1211895055620740,L1,Urgent,Foster Foster Home,,L1,,+,M,A0058985496,,,63,,04 year(s) 03 month(s) 14 day(s),,,,,,,,,,,,,,,,,,,False,1210897482544808,False
904,1211894963618634,L2,Trial Adoption,Foster Trial Adoption,,L2-SF,,-,S,A0059211166,,,80,,02 year(s) 02 month(s) 17 day(s),,,,,,,,,,,,,,,,,,,False,1211131256368598,False
905,1211894963138801,L2,Available,Foster Foster Home,,L2 - SF,,-,N,A0059095840,,,73,,08 year(s) 02 month(s) 28 day(s),,,,,,,,,,,,,,,,,,,False,1211041339282436,False
906,1211894918448895,L2,Trial Adoption,Foster Foster Home,,L2-OA/OD/JM,,-,S,A0059217071,,,42,,01 year(s) 02 month(s) 18 day(s),,,,,,,,,,,,,,,,,,,False,1211131133519655,False
907,1211895052421096,L1,Urgent,Foster Foster Home,,L1 RN,,-,M,A0059105728,,,56,,08 year(s) 02 month(s) 26 day(s),,,,,,,,,,,,,,,,,,,False,1211051785355467,False
908,1211894921394488,L3,Available,Foster Foster Home,,L3-OA/JM,,+,M,A0059223836,,,51,,01 year(s) 02 month(s) 18 day(s),,,,,,,,,,,,,,,,,,,False,1211128449200454,False
909,1211894921391925,L1,Available,Foster Foster Home,,L1,,-,N,A0057949153,,,56,,00 year(s) 11 month(s) 05 day(s),,,,,,,,,,,,,,,,,,,False,1209565224328585,False
910,1211894919409577,L1,Available,Foster Foster Home,,L1,,-,S,A0059265066,,,32,,01 year(s) 01 month(s) 11 day(s),,,,,,,,,,,,,,,,,,,False,1211188137881909,False
911,1211895053219865,L1,Available,Foster Foster Home,,L1,,-,S,A0057820399,,,33,,00 year(s) 10 month(s) 28 day(s),,,,,,,,,,,,,,,,,,,False,1209404436820046,False
912,1211894965805874,L3,Available,Foster Foster Home,,L3-SF,,-,S,A0059258400,,,62,,03 year(s) 02 month(s) 11 day(s),,,,,,,,,,,,,,,,,,,False,1211179456656354,False
913,1211894962807193,L1,Available,Foster Foster Home,,L1,,-,S,A0059116037,,,32,,01 year(s) 00 month(s) 25 day(s),,,,,,,,,,,,,,,,,,,False,1211070094913864,False
914,1211894961928212,L1,Available,Foster Foster Home,,L1,,-,S,A0059338894,,,43,,03 year(s) 01 month(s) 30 day(s),,,,,,,,,,,,,,,,,,,False,1211339144719381,False
915,1211894963018085,L1,Trial Adoption,Foster Trial Adoption,,L1,,-,S,A0059395592,,,42,,01 year(s) 01 month(s) 21 day(s),,,,,,,,,,,,,,,,,,,False,1211415520776269,False
916,1211895053337398,L1,Trial Adoption,Foster Trial Adoption,,L1,,-,S,A0059395598,,,45,,01 year(s) 01 month(s) 21 day(s),,,,,,,,,,,,,,,,,,,False,1211415520107076,False
917,1211894963555865,L1,Trial Adoption,Foster Trial Adoption,,L1,,-,S,A0059104668,,,47,,05 year(s) 02 month(s) 26 day(s),,,,,,,,,,,,,,,,,,,False,1211051636833825,False
918,1211894962956050,L1,Trial Adoption,Foster Trial Adoption,,L1,,-,S,A0059463351,,,37,,01 year(s) 01 month(s) 09 day(s),,,,,,,,,,,,,,,,,,,False,1211518048521663,False
919,1211895051747592,L1,Trial Adoption,Foster Foster Home,,L1,,-,N,A0059448575,,,16,,02 year(s) 01 month(s) 12 day(s),,,,,,,,,,,,,,,,,,,False,1211504330754702,False
920,1211894920323354,L1,Trial Adoption,Foster Trial Adoption,,L1,,-,N,A0059427012,,,46,,01 year(s) 01 month(s) 16 day(s),,,,,,,,,,,,,,,,,,,False,1211473674302083,False
921,1211894918902400,L1,Available,Foster Foster Home,,L1,,+,M,A0059464986,,,46,,05 year(s) 01 month(s) 08 day(s),,,,,,,,,,,,,,,,,,,False,1211529089520564,False
922,1211894918682665,L1,Available,Foster Foster Home,,L1,,-,N,A0059117737,,,50,,07 year(s) 02 month(s) 21 day(s),,,,,,,,,,,,,,,,,,,False,1211075264570862,False
923,1211894961746755,L2,Trial Adoption,Foster Trial Adoption,,L2-SF,,-,S,A0059532462,,,7,,01 year(s) 00 month(s) 07 day(s),,,,,,,,,,,,,,,,,,,False,1211540964678875,False
924,1211894961954500,L3,Priority,Foster Foster Home,,L3-SF,,-,S,A0059411229,,,30,,01 year(s) 01 month(s) 18 day(s),,,,,,,,,,,,,,,,,,,False,1211449346400925,False
925,1211894919168796,L2,Trial Adoption,Foster Trial Adoption,,L2-OA,,+,F,A0059307815,,,43,,01 year(s) 02 month(s) 04 day(s),,,,,,,,,,,,,,,,,,,False,1211275733895391,False
926,1211895052421105,L1,Adopted,Foster Trial Adoption,,L1,,-,N,A0059448805,,,10,,04 year(s) 01 month(s) 12 day(s),,,,,,,,,,,,,,,,,,,False,1211504330754631,False
927,1211894916804988,L2,Trial Adoption,Foster Trial Adoption,,L2-SF,,-,N,A0059529347,,,9,,01 year(s) 00 month(s) 07 day(s),,,,,,,,,,,,,,,,,,,False,1211541007110408,False
928,1211894965069130,L1,Trial Adoption,Foster Trial Adoption,,L1,,-,N,A0059188328,,,38,,00 year(s) 10 month(s) 22 day(s),,,,,,,,,,,,,,,,,,,False,1211087559102265,False
929,1211894921772275,L1,Available,Foster Foster Home,,L1,,+,S,A0057806990,,,47,,04 year(s) 09 month(s) 03 day(s),,,,,,,,,,,,,,,,,,,False,1209347708401821,False
930,1211894918830492,L1,Available,Foster Foster Home,,L1,,-,S,A0059121452,,,58,,02 year(s) 02 month(s) 24 day(s),,,Walks politely on leash,,,,,,,,,,,,,,,,False,1211075266516896,False
931,1211895054587692,L1,Available,Foster Foster Home,,L1,,-,S,A0059459391,,,29,,00 year(s) 09 month(s) 09 day(s),,,,,,,,,,,,,,,,,,,False,1211518049076782,False
932,1211895052562533,L1,Adopted,Foster Trial Adoption,,L1-RN,,-,S,A0059460584,,,25,,05 year(s) 01 month(s) 09 day(s),,,,,,,,,,,,,,,,,,,False,1211518051289559,False
933,1211895053219875,L1,Available,Foster Foster Home,,L1,,+,S,A0059536665,,,40,,06 year(s) 01 month(s) 00 day(s),,,,,,,,,,,,,,,,,,,False,1211549935874365,False
934,1211895056168367,L1,Priority,Foster Foster Home,,L1,,+,M,A0058879473,,,59,,02 year(s) 03 month(s) 30 day(s),,,,,,,,,,,,,,,,,,,False,1210769909517851,False
935,1211895055268772,L1,Trial Adoption,Foster Trial Adoption,,L1,,-,F,A0059337825,,,52,,03 year(s) 01 month(s) 30 day(s),,,,,,,,,,,,,,,,,,,False,1211322007816912,False
936,1211895055600019,L1,Available,Foster Foster Home,,L1,,-,M,A0059463563,,,43,,00 year(s) 08 month(s) 09 day(s),,,,,,,,,,,,,,,,,,,False,1211518084885239,False
937,1211894962956060,L1,Priority,Foster Foster Home,,L1,,-,S,A0058627915,,,35,,01 year(s) 05 month(s) 06 day(s),,,,,,,,,,,,,,,,,,,False,1210469685332298,False
938,1211894962421480,L1,Available,Foster Foster Home,,L1,,-,M,A0059456723,,,66,,03 year(s) 01 month(s) 09 day(s),,,,,,,,,,,,,,,,,,,False,1211528988699409,False
939,1211894917950705,L3,Available,Foster Foster Home,,L3-SF,,-,F,A0059375376,,,33,,01 year(s) 00 month(s) 24 day(s),,,,,,,,,,,,,,,,,,,False,1211391935566689,False
940,1211894921849531,L3,Available,Foster Foster Home,,L3-SF,,-,F,A0059375374,,,41,,01 year(s) 00 month(s) 24 day(s),,,,,,,,,,,,,,,,,,,False,1211391458333496,False
941,1211894963086195,L2,Priority,Foster Foster Home,,L2-BR/H,,+,S,A0056551335,,,40,,06 year(s) 02 month(s) 28 day(s),,,,,,,,,,,,,,,,,,,False,1208062917414841,False
942,1211894962956069,L1,Trial Adoption,Foster Foster Home,,L1,,-,S,A0053616847,,,45,,06 year(s) 10 month(s) 04 day(s),,,,,,,,,,,,,,,,,,,False,1211615713450306,False
943,1211894963385536,L2,Available,Foster Foster Home,,L2-A,,-,S,A0059055459,,,55,,05 year(s) 03 month(s) 04 day(s),,,,,,,,,,,,,,,,,,,False,1210994058587317,False
944,1211895052145243,L2,Trial Adoption,Foster Trial Adoption,,L2-SF,,-,S,A0059567154,,,11,,03 year(s) 01 month(s) 01 day(s),,,,,,,,,,,,,,,,,,,False,1211594788230168,False
945,1211894966419832,L1,Trial Adoption,Foster Trial Adoption,,L1,,-,S,A0059567196,,,35,,07 year(s) 01 month(s) 01 day(s),,,,,,,,,,,,,,,,,,,False,1211594789044691,False
946,1211894966432229,L1,Trial Adoption,Foster Trial Adoption,,L1,,-,N,A0059428714,,,65,,02 year(s) 01 month(s) 15 day(s),,,,,,,,,,,,,,,,,,,False,1211473858338271,False
947,1211895054156017,L1,Trial Adoption,Foster Trial Adoption,,L1,,-,S,A0059455160,,,29,,00 year(s) 08 month(s) 08 day(s),,,,,,,,,,,,,,,,,,,False,1211518050022735,False
948,1211894964892597,L1,Available,Foster Foster Home,,L1,,+,S,A0059375372,,,37,,05 year(s) 01 month(s) 24 day(s),,,,,,,,,,,,,,,,,,,False,1211391458485254,False
949,1211895056446774,L1,Urgent,Foster Foster Home,,L1,,-,S,A0059314264,,,42,,03 year(s) 02 month(s) 02 day(s),,,,,,,,,,,,,,,,,,,False,1211286652634006,False
950,1211894922120817,L1,Available,Foster Foster Home,,L1,,-,F,A0059462524,,,25,,10 year(s) 01 month(s) 09 day(s),,,,,,,,,,,,,,,,,,,False,1211518007065981,False
951,1211894921244654,L2,Trial Adoption,Foster Trial Adoption,,L2-SF,,-,F,A0059584246,,,34,,01 year(s) 00 month(s) 29 day(s),,,,,,,,,,,,,,,,,,,False,1211618122033959,False
952,1211894921824007,L1,Trial Adoption,Foster Trial Adoption,,L1,,-,N,A0056513366,,,58,,01 year(s) 09 month(s) 03 day(s),,,,,,,,,,,,,,,,,,,False,1207995641361801,False
953,1211894963203499,L2,Trial Adoption,Foster Trial Adoption,,L2 - SF/A,,+,F,A0059381905,,,69,,04 year(s) 01 month(s) 21 day(s),,,,,,,,,,,,,,,,,,,False,1211415518919265,False
954,1211894916139445,L1,Urgent,Foster Foster Home,,L1,,-,M,A0059265664,,,36,,03 year(s) 02 month(s) 12 day(s),,,,,,,,,,,,,,,,,,,False,1211187996205886,False
955,1211894922187287,L2,Urgent,Foster Foster Home,,L2 - OA/LB,,-,N,A0058952549,,,52,,03 year(s) 03 month(s) 19 day(s),,,,,,,,,,,,,,,,,,,False,1210863993394518,False
956,1211894922125282,L2,Available,Foster Foster Home,,L2-A/BR,,-,M,A0059346587,,,45,,01 year(s) 07 month(s) 27 day(s),,,,,,,,,,,,,,,,,,,False,1211349519373913,False
957,1211894963272196,L2,Available,Foster Foster Home,,L2 - LB,,-,N,A0059275577,,,71,,07 year(s) 02 month(s) 09 day(s),,,,,,,,,,,,,,,,,,,False,1211193348604375,False
958,1211894921847690,L2,Available,Foster Foster Home,,L2-A,,-,S,A0059470390,,,79,,03 year(s) 01 month(s) 08 day(s),,,,,,,,,,,,,,,,,,,False,1211528989096314,False
959,1211894962935963,L1,Trial Adoption,Foster Trial Adoption,,L1,,-,S,A0059357256,,,29,,00 year(s) 09 month(s) 27 day(s),,,,,,,,,,,,,,,,,,,False,1211355591256712,False
960,1211895052955207,L2,Adopted,Foster Trial Adoption,,L2-OA,,-,S,A0058795005,,,40,,01 year(s) 00 month(s) 13 day(s),,,,,,,,,,,,,,,,,,,False,1210665299319485,False
961,1211894922298819,L1,Available,Foster Foster Home,,L1-A888095,,-,N,A0053626623,,,92,,04 year(s) 09 month(s) 08 day(s),,,,,,,,,,,,,,,,,,,False,1211518050715423,False
962,1211895051101019,L2,Available,Foster Foster Home,,L2-A,,-,S,A0059542356,,,50,,04 year(s) 01 month(s) 05 day(s),,,,,,,,,,,,,,,,,,,False,1211552062716930,False
963,1211894922293788,L1,Trial Adoption,Foster Trial Adoption,,L1,,-,N,A0058436120,,,50,,07 year(s) 06 month(s) 04 day(s),,,,,,,,,,,,,,,,,,,False,1210167864897920,False
964,1211895056710135,L2,Trial Adoption,Foster Trial Adoption,,L2-SF,,+,N,A0059458488,,,47,,01 year(s) 00 month(s) 09 day(s),,,,,,,,,,,,,,,,,,,False,1211528910889001,False
965,1211894963471858,L2,Trial Adoption,Foster Trial Adoption,,L2-SF,,-,S,A0059569134,,,34,,04 year(s) 01 month(s) 01 day(s),,,,,,,,,,,,,,,,,,,False,1211605423982273,False
966,1211895056742758,L1,Available,Foster Foster Home,,L1,,-,S,A0059404161,,,23,,00 year(s) 08 month(s) 19 day(s),,,,,,,,,,,,,,,,,,,False,1211422670120691,False
967,1211894920121094,L2,Available,Foster Foster Home,,L2-H,,-,N,A0059555898,,,78,,05 year(s) 01 month(s) 02 day(s),,,,,,,,,,,,,,,,,,,False,1211583767104687,False
968,1211895051950792,L3,Available,Foster Foster Home,,L3-SF,,-,N,A0059532420,,,30,,03 year(s) 01 month(s) 07 day(s),,,,,,,,,,,,,,,,,,,False,1211540966469072,False
969,1211895052638394,L3,Trial Adoption,Foster Trial Adoption,,L3-SF,,-,F,A0054514246,,,17,,09 year(s) 01 month(s) 08 day(s),,,,,,,,,,,,,,,,,,,False,1211620895019426,False
970,1211895056830147,L3,Available,Foster Foster Home,,L3-SF,,-,N,A0059595703,,,34,,00 year(s) 08 month(s) 27 day(s),,,,,,,,,,,,,,,,,,,False,1211633857301096,False
971,1211894919517591,L1,Available,Foster Foster Home,,L1,,-,S,A0059422717,,,55,,05 year(s) 01 month(s) 16 day(s),,,Pulls some but manageable,,,,,,Super cuddler,2-Medium energy,,,,,,,,,False,1211462712385214,False
972,1211894965993303,L2,Trial Adoption,Foster Trial Adoption,,L2-SF,,-,N,A0059360117,,,58,,02 year(s) 01 month(s) 08 day(s),,,,,,,,,,,,,,,,,,,False,1211368460843638,False
973,1211894962966070,L1,Trial Adoption,Foster Trial Adoption,,L1,,-,S,A0058912660,,,27,,00 year(s) 06 month(s) 26 day(s),,,,,,,,,,,,,,,,,,,False,1210807017120104,False
974,1211894962807204,L2,Trial Adoption,Foster Trial Adoption,,L2-SF,,-,N,A0059408671,,,21,,01 year(s) 01 month(s) 19 day(s),,,,,,,,,,,,,,,,,,,False,1211434914791188,False
975,1211894916139454,L1,Available,Foster Foster Home,,L1,,-,S,A0057877022,,,49,,02 year(s) 02 month(s) 20 day(s),,,,,,,,,,,,,,,,,,,False,1209449673792410,False
976,1211895056894847,L1,Available,Foster Foster Home,,L1,,+,N,A0059322059,,,44,,02 year(s) 02 month(s) 01 day(s),,,,,,,,,,,,,,,,,,,False,1211310922888411,False
977,1211894920264830,L1,Stray Wait- Rescue,Foster Foster Home,,L1,,-,N,A0059637099,,,74,,12 year(s) 00 month(s) 05 day(s),,,,,,,,,,,,,,,,,,,False,1211702152513865,False
978,1211895052421117,L1,Trial Adoption,Foster Trial Adoption,,L1,,-,S,A0059364035,,,42,,02 year(s) 01 month(s) 25 day(s),,,,,,,,,,,,,,,,,,,False,1211368464568540,False
979,1211894922007172,L1,Available,Foster Foster Home,,L1,,-,S,A0058528237,,,44,,02 year(s) 05 month(s) 21 day(s),,,,,,,,,,,,,,,,,,,False,1210324246710368,False
980,1211894966556333,L1,Trial Adoption,Foster Trial Adoption,,L1,,-,S,A0059399650,,,38,,04 year(s) 01 month(s) 20 day(s),,,,,,,,,,,,,,,,,,,False,1211417952258758,False
981,1211894966991153,L1,Available,Foster Foster Home,,L1,,+,S,A0059452021,,,50,,04 year(s) 01 month(s) 11 day(s),,,,,,,,,,,,,,,,,,,False,1211518006433761,False
982,1211894966793442,L1,Trial Adoption,Foster Trial Adoption,,L1,,-,S,A0059619615,,,39,,01 year(s) 06 month(s) 22 day(s),,,,,,,,,,,,,,,,,,,False,1211678185429330,False
983,1211894962378895,L1,Trial Adoption,Foster Trial Adoption,,L1,,-,N,A0059634154,,,45,,00 year(s) 10 month(s) 21 day(s),,,,,,,,,,,,,,,,,,,False,1211701877048778,False
984,1211894964251276,L1,Trial Adoption,Foster Trial Adoption,,L1,,-,S,A0059583495,,,27,,00 year(s) 09 month(s) 30 day(s),,,,,,,,,,,,,,,,,,,False,1211615768574396,False
985,1211895055611207,L2,Adopted,Foster Trial Adoption,,L2-SF,,+,S,A0059458513,,,36,,01 year(s) 00 month(s) 09 day(s),,,,,,,,,,,,,,,,,,,False,1211529090747166,False
986,1211895057030218,L1,Trial Adoption,Foster Trial Adoption,,L1,,-,N,A0059312751,,,53,,03 year(s) 02 month(s) 03 day(s),,,Pulls some but manageable,,,,,,Super cuddler,2-Medium energy,,,,,,,,,False,1211286652754166,False
987,1211895054191484,L1,Trial Adoption,Foster Trial Adoption,,L1,,-,N,A0053636733,,,45,,03 year(s) 07 month(s) 09 day(s),,,,,,,,,,,,,,,,,,,False,1211518008027031,False
988,1211894922107045,L1,Trial Adoption,Foster Trial Adoption,,L1,,-,N,A0053636733,,,45,,03 year(s) 07 month(s) 09 day(s),,,,,,,,,,,,,,,,,,,False,1211518008027031,False
989,1211895056830157,L1,Trial Adoption,Foster Trial Adoption,,L1,,-,S,A0059645076,,,30,,00 year(s) 11 month(s) 19 day(s),,,,,,,,,,,,,,,,,,,False,1211713227035153,False
990,1211895056759570,L1,Trial Adoption,Foster Trial Adoption,,L1,,-,N,A0059659570,,,66,,01 year(s) 06 month(s) 16 day(s),,,,,,,,,,,,,,,,,,,False,1211737870422683,False
991,1211894922314989,L3,Trial Adoption,Foster Trial Adoption,,L3-SF/SD,,+,N,A0059568503,,,80,,02 year(s) 01 month(s) 01 day(s),,,,,,,,,,,,,,,,,,,False,1211594860106398,False
992,1211894962313240,L3,Trial Adoption,Foster Trial Adoption,,L3-H/SD/SF,,-,N,A0059116423,,,23,,00 year(s) 08 month(s) 03 day(s),,,,,,,,,,,,,,,,,,,False,1211070094913896,False
993,1211894920868250,L1,Trial Adoption,Foster Trial Adoption,,L1,,-,F,A0059596565,,,31,,00 year(s) 07 month(s) 27 day(s),,,,,,,,,,,,,,,,,,,False,1211633879221020,False
994,1211894917632292,L1,Trial Adoption,Foster Trial Adoption,,L1,,-,N,A0059647807,,,13,,03 year(s) 00 month(s) 19 day(s),,,,,,,,,,,,,,,,,,,False,1211713225020875,False
995,1211895055600029,L1,Available,Foster Foster Home,,L1,,+,S,A0059446971,,,43,,03 year(s) 01 month(s) 12 day(s),,,,,,,,,,,,,,,,,,,False,1211490092760728,False
996,1211895056999676,L1,Trial Adoption,Foster Trial Adoption,,L1,,-,S,A0059387378,,,34,,01 year(s) 01 month(s) 22 day(s),,,,,,,,,,,,,,,,,,,False,1211403871519397,False
997,1211895057079835,L3,Trial Adoption,Foster Trial Adoption,,L3-SF,,-,S,A0059658009,,,27,,01 year(s) 00 month(s) 18 day(s),,,,,,,,,,,,,,,,,,,False,1211737990609880,False
998,1211894963109821,L2,Trial Adoption,Foster Trial Adoption,,L2-H,,-,S,A0059402617,,,43,,01 year(s) 01 month(s) 19 day(s),,,,,,,,,,,,,,,,,,,False,1211434869940488,False
999,1211894922555394,L1,Available,Foster Foster Home,,L1,,-,S,A0053635126,,,51,,05 year(s) 07 month(s) 14 day(s),,,,,,,,,,,,,,,,,,,False,1204284007684868,False
1000,1211894922298828,L3,Trial Adoption,Foster Trial Adoption,,L3 - OA/BR,,-,N,A0053630701,,,89,,08 year(s) 01 month(s) 09 day(s),,,,,,,,,,,,,,,,,,,False,1211484069458169,False
1001,1211894966963790,L2,Trial Adoption,Foster Trial Adoption,,L2-SF,,-,S,A0059411817,,,36,,01 year(s) 00 month(s) 17 day(s),,,,,,,,,,,,,,,,,,,False,1211462627500577,False
1002,1211894967089470,L1,Trial Adoption,Foster Trial Adoption,,L1,,+,S,A0059585483,,,41,,01 year(s) 06 month(s) 28 day(s),,,,,,,,,,,,,,,,,,,False,1211617982111284,False
1003,1211895055571760,L3,Available,Foster Foster Home,,L3-OA,,-,M,A0059560945,,,62,,01 year(s) 01 month(s) 02 day(s),,,,,,,,,,,,,,,,,,,False,1211583933826504,False
1004,1211894918902410,L2,Trial Adoption,Foster Trial Adoption,,L2 SF,,-,N,A0059658007,,,36,,02 year(s) 00 month(s) 18 day(s),,,,,,,,,,,,,,,,,,,False,1211737870300388,False
1005,1211895057364472,L1,Trial Adoption,Foster Trial Adoption,,L1,,+,N,A0059643726,,,125,,10 year(s) 00 month(s) 19 day(s),,,,,,,,,,,,,,,,,,,False,1211713171357097,False
1006,1211895056704693,L2,Priority,Foster Foster Home,,L2-SF,,-,S,A0059455149,,,36,,00 year(s) 09 month(s) 11 day(s),,,,,,,,,,,,,,,,,,,False,1211504450180555,False
1007,1211894919439193,L1,Available,Foster Foster Home,,L1,,+,M,A0059556621,,,42,,03 year(s) 01 month(s) 02 day(s),,,,,,,,,,,,,,,,,,,False,1211583767033055,False
1008,1211895056571559,L1,Adopted,Foster Trial Adoption,,L1,,-,N,A0059638112,,,22,,03 year(s) 00 month(s) 20 day(s),,,,,,,,,,,,,,,,,,,False,1211701878027231,False
1009,1211895053802936,L1,Rescue,Foster Foster Home,,L1,,-,S,A0059363072,,,36,,02 year(s) 01 month(s) 25 day(s),,,,,,,,,,,,,,,,,,,False,1211368368849458,False
1010,1211895057456050,L1,Adopted,Foster Foster Home,,L1,,-,S,A0059437563,,,51,,03 year(s) 01 month(s) 14 day(s),,,,,,,,,,,,,,,,,,,False,1211484197359486,False
1011,1211894922721022,L1,Available,Foster Foster Home,,L1,,-,N,A0059193435,,,52,,05 year(s) 02 month(s) 22 day(s),,,,,,,,,,,,,,,,,,,False,1211098023281299,False
1012,1211894965379505,L1,Available,Foster Foster Home,,L1,,-,N,A0059640015,,,67,,12 year(s) 00 month(s) 20 day(s),,,,,,,,,,,,,,,,,,,False,1211701877173354,False
1013,1211895056878350,L2,Available,Foster Foster Home,,L2-A/BH,,-,S,A0053615474,,,45,,08 year(s) 01 month(s) 07 day(s),,,,,,,,,,,,,,,,,,,False,1211484197687345,False
1014,1211894917585208,L1,Rescue,Foster Foster Home,,L1,,-,N,A0055406871,,,58,,01 year(s) 11 month(s) 17 day(s),,,,,,,,,,,,,,,,,,,False,1206683105629225,False
1015,1211894967528543,L1,Available,Foster Foster Home,,L1  A895247,,-,N,A0053632745,,,56,,07 year(s) 10 month(s) 27 day(s),,,,,,,,,,,,,,,,,,,False,1211615712137021,False
1016,1211895055678571,L1,Trial Adoption,Foster Trial Adoption,,L1,,-,S,A0058930011,,,32,,01 year(s) 00 month(s) 23 day(s),,,,,,,,,,,,,,,,,,,False,1210828358264034,False
1017,1211894923166240,L3,Available,Foster Trial Adoption,,L3 - SF/A,,-,N,A0059669776,,,51,,01 year(s) 00 month(s) 16 day(s),,,,,,,,,,,,,,,,,,,False,1211746760946429,False
1018,1211894964825014,L1,Available,Foster Foster Home,,L1,,-,S,A0059317990,,,31,,00 year(s) 10 month(s) 01 day(s),,,,,,,,,,,,,,,,,,,False,1211310923210114,False
1019,1211894963018107,L1,Trial Adoption,Foster Trial Adoption,,L1,,-,S,A0059526101,,,38,,00 year(s) 08 month(s) 25 day(s),,,,,,,,,,,,,,,,,,,False,1211540965758982,False
1020,1211895056663971,L1,Trial Adoption,Foster Trial Adoption,,L1,,-,S,A0059589127,,,24,,04 year(s) 00 month(s) 29 day(s),,,,,,,,,,,,,,,,,,,False,1211621020397196,False
1021,1211894917276786,L1,Available,Foster Foster Home,,L1,,-,S,A0057793806,,,90,,03 year(s) 09 month(s) 05 day(s),,,,,,,,,,,,,,,,,,,False,1209325240044157,False
1022,1211894966594698,L1,Trial Adoption,Foster Trial Adoption,,L1,,+,N,A0059691489,,,63,,02 year(s) 00 month(s) 12 day(s),,,,,,,,,,,,,,,,,,,False,1211779539923874,False
1023,1211895057666509,L2,Available,Foster Foster Home,,L2-SF/A,,-,S,A0059459188,,,32,,01 year(s) 01 month(s) 09 day(s),,,,,,,,,,,,,,,,,,,False,1211518008410592,False
1024,1211894960311584,L2,Available,Foster Foster Home,,L2-SF/A,,-,S,A0059459188,,,32,,01 year(s) 01 month(s) 09 day(s),,,,,,,,,,,,,,,,,,,False,1211518008410592,False
1025,1211895055678580,L1,Available,Foster Foster Home,,L1,,-,F,A0059611609,,,56,,03 year(s) 00 month(s) 26 day(s),,,,,,,,,,,,,,,,,,,False,1211656260106706,False
1026,1211894923320321,L2,Available,Foster Foster Home,,L2-A,,-,S,A0059525711,,,70,,02 year(s) 01 month(s) 03 day(s),,,,,,,,,,,,,,,,,,,False,1211541074904191,False
1027,1211895056441881,L1,Trial Adoption,Foster Trial Adoption,,L1,,-,N,A0059689681,,,50,,01 year(s) 00 month(s) 12 day(s),,,,,,,,,,,,,,,,,,,False,1211790369048517,False
1028,1211894921686759,L1,Pending Medical Assessment/Treatment,Foster Foster Home,,L1,,-,F,A0059637847,,,49,,03 year(s) 00 month(s) 18 day(s),,,,,,,,,,,,,,,,,,,False,1211702279286626,False
1029,1211895057787031,L1,Available,Foster Foster Home,,L1,,-,S,A0059457779,,,45,,06 year(s) 01 month(s) 09 day(s),,,,,,,,,,,,,,,,,,,False,1211518050571495,False
1030,1211894922728386,L1,Trial Adoption,Foster Trial Adoption,,L1,,-,S,A0059267031,,,68,,02 year(s) 02 month(s) 11 day(s),,,,,,,,,,,,,,,,,,,False,1211187996181093,False
1031,1211894962536328,L1,Adopted,Foster Trial Adoption,,L1,,-,S,A0059677700,,,48,,01 year(s) 00 month(s) 14 day(s),,,,,,,,,,,,,,,,,,,False,1211764913332838,False
1032,1211895057818436,L2,Available,Foster Foster Home,,L2-A,,+,F,A0059716525,,,46,,06 year(s) 00 month(s) 08 day(s),,,,,,,,,,,,,,,,,,,False,1211814622556644,False
1033,1211894967844442,L2,Trial Adoption,Foster Trial Adoption,,L2-SF,,-,N,A0059717284,,,37,,00 year(s) 08 month(s) 09 day(s),,,,,,,,,,,,,,,,,,,False,1211814554296328,False
1034,1211894923124365,L1,Adopted,Foster Trial Adoption,,L1,,-,N,A0059683628,,,43,,00 year(s) 10 month(s) 13 day(s),,,,,,,,,,,,,,,,,,,False,1211764915313168,False
1035,1211895057388439,L2,Trial Adoption,Foster Trial Adoption,,L2-SF,,+,S,A0059239705,,,45,,04 year(s) 02 month(s) 15 day(s),,,,,,,,,,,,,,,,,,,False,1211157617750527,False
1036,1211894961229952,L2,Urgent,Foster Foster Home,,L2-RG/BR,,-,F,A0059257262,,,30,,02 year(s) 02 month(s) 12 day(s),,,,,,,,,,,,,,,,,,,False,1211179455668677,False
1037,1211894967659723,L2,Adopted,Foster Foster Home,,L2-SF,,-,M,A0059574276,,,28,,00 year(s) 11 month(s) 00 day(s),,,,,,,,,,,,,,,,,,,False,1211605644475357,False
1038,1211894923515506,L2,Available,Foster Foster Home,,L2-BR,,-,F,A0059450806,,,41,,02 year(s) 01 month(s) 11 day(s),,,,,,,,,,,,,,,,,,,False,1211504328216584,False
1039,1211894916322236,L1,Trial Adoption,Foster Trial Adoption,,L1,,-,N,A0059704885,,,50,,01 year(s) 00 month(s) 10 day(s),,,,,,,,,,,,,,,,,,,False,1211801537849069,False
1040,1211894923580624,L1,Available,Foster Foster Home,,L1,,-,N,A0059312621,,,33,,01 year(s) 02 month(s) 03 day(s),,,,,,,,,,,,,,,,,,,False,1211285561565016,False
1041,1211895055170235,L2,Urgent,Foster Foster Home,,L2-OA,,-,F,A0059121809,,,50,,03 year(s) 02 month(s) 20 day(s),,,,,,,,,,,,,,,,,,,False,1211072316407108,False
1042,1211895053920227,L3,Trial Adoption,Foster Trial Adoption,,L3-OA,,-,M,A0059302714,,,60,,03 year(s) 02 month(s) 05 day(s),,,,,,,,,,,,,,,,,,,False,1211275602125127,False
1043,1211894965993314,L3,Urgent,Foster Foster Home,,L3-OA/H,,-,M,A0058962398,,,20,,00 year(s) 10 month(s) 19 day(s),,,,,,,,,,,,,,,,,,,False,1210875674673976,False
1044,1211895058081183,L2,Available,Foster Foster Home,,L2-LR,,-,M,A0059387271,,,72,,05 year(s) 01 month(s) 22 day(s),,,,,,,,,,,,,,,,,,,False,1211403559434440,False
1045,1211894966540985,L1,Urgent,Foster Foster Home,,L1,,-,F,A0059348553,,,50,,03 year(s) 01 month(s) 23 day(s),,,,,,,,,,,,,,,,,,,False,1211391678991251,False
1046,1211894966658454,L1,Available,Foster Foster Home,,L1,,-,M,A0059722500,,,34,,10 year(s) 00 month(s) 07 day(s),,,,,,,,,,,,,,,,,,,False,1211832257140060,False
1047,1211895057480934,L1,Available,Foster Foster Home,,L1,,-,S,A0059045111,,,32,,00 year(s) 09 month(s) 05 day(s),,,,,,,,,,,,,,,,,,,False,1210994055970856,False
1048,1211895057388448,L1,Available,Foster Foster Home,,L1,,-,M,A0059543487,,,42,,06 year(s) 01 month(s) 05 day(s),,,,,,,,,,,,,,,,,,,False,1211552353093421,False
1049,1211894967374919,L1,Available,Foster Foster Home,,L1,,-,M,A0059280782,,,39,,02 year(s) 02 month(s) 07 day(s),,,,,,,,,,,,,,,,,,,False,1211216596036234,False
1050,1211894923637895,L1,Available,Foster Foster Home,,L1,,-,N,A0059616274,,,34,,00 year(s) 07 month(s) 24 day(s),,,,,,,,,,,,,,,,,,,False,1211668897903401,False
1051,1211894967099023,L2,Adopted,Foster Foster Home,,L2-A,,-,M,A0059422669,,,35,,05 year(s) 01 month(s) 16 day(s),,,,,,,,,,,,,,,,,,,False,1211462653280580,False
1052,1211894963272210,L3,Urgent,Foster Foster Home,,L3-OA,,-,M,A0059365101,,,62,,03 year(s) 00 month(s) 04 day(s),,,,,,,,,,,,,,,,,,,False,1211368463643098,False
1053,1211895058215768,L1,Trial Adoption,Foster Foster Home,,L1,,-,S,A0056886611,,,52,,01 year(s) 04 month(s) 17 day(s),,,,,,,,,,,,,,,,,,,False,1208310967632793,False
1054,1211895058284110,L2,Available,Foster Foster Home,,L2-LB,,-,S,A0058844492,,,43,,01 year(s) 04 month(s) 05 day(s),,,,,,,,,,,,,,,,,,,False,1210721775031292,False
1055,1211894962764688,L1,Adopted,Foster Trial Adoption,,L1,,-,N,A0058756423,,,13,,01 year(s) 04 month(s) 20 day(s),,,,,,,,,,,,,,,,,,,False,1210607897534337,False
1056,1211894962807214,L1,Trial Adoption,Foster Trial Adoption,,L1,,-,S,A0059220223,,,30,,00 year(s) 10 month(s) 18 day(s),,,,,,,,,,,,,,,,,,,False,1211131133180426,False
1057,1211895052474685,L1,Trial Adoption,Foster Trial Adoption,,L1,,-,S,A0057865444,,,43,,02 year(s) 08 month(s) 23 day(s),,,,,,,,,,,,,,,,,,,False,1209429163352317,False
1058,1211894919240371,L2,Available,Foster Foster Home,,L2-LB,,-,N,A0059577975,,,56,,06 year(s) 00 month(s) 30 day(s),,,,,,,,,,,,,,,,,,,False,1211615767655900,False
1059,1211894918005776,L1,Trial Adoption,Foster Trial Adoption,,L1,,+,N,A0059663050,,,100,,02 year(s) 06 month(s) 16 day(s),,,,,,,,,,,,,,,,,,,False,1211737974463676,False
1060,1211894820940490,L2,Available,Foster Foster Home,,L2-SF,,-,N,A0059640037,,,38,,03 year(s) 00 month(s) 20 day(s),,,,,,,,,,,,,,,,,,,False,1211702279522760,False
1061,1211894912201605,L1,Available,Foster Foster Home,,L1,,-,S,A0059309369,,,67,,01 year(s) 07 month(s) 29 day(s),,,,,,,,,,,,,,,,,,,False,1211279571210266,False
1062,1211894912501044,L1,Trial Adoption,Foster Trial Adoption,,L1,,-,S,A0059701854,,,25,,00 year(s) 07 month(s) 10 day(s),,,,,,,,,,,,,,,,,,,False,1211801536009704,False
1063,1211895044306585,L3,Available,Foster Foster Home,,L3-SF,,-,N,A0058574390,,,50,,02 year(s) 05 month(s) 16 day(s),,,,,,,,,,,,,,,,,,,False,1210376573170076,False
1064,1211894913370167,L2,Available,Foster Foster Home,,L2-SF,,-,N,A0059287820,,,39,,01 year(s) 02 month(s) 06 day(s),,,,,,,,,,,,,,,,,,,False,1211240664365695,False
1065,1211894822536457,L2,Available,Foster Foster Home,,L2-SF,,-,N,A0059287820,,,39,,01 year(s) 02 month(s) 06 day(s),,,,,,,,,,,,,,,,,,,False,1211240664365695,False
1066,1211894823275265,L1,Trial Adoption,Foster Foster Home,,L1,,-,S,A0059527449,,,50,,03 year(s) 01 month(s) 07 day(s),,,,,,,,,,,,,,,,,,,False,1211541074904208,False
1067,1211894912646833,L1,Identifying Info,Foster Foster Home,,L1,,-,N,A0059734994,,,31,,05 year(s) 06 month(s) 03 day(s),,,,,,,,,,,,,,,,,,,False,1211857375531631,False
1068,1211895047384929,L1,Nursing Mom,Foster Foster Home,,L1,,+,F,A0059746729,,,56,,01 year(s) 06 month(s) 01 day(s),,,,,,,,,,,,,,,,,,,False,1211871887112755,False
